time,dc_power,ac_power,daily_yield,inverter_count,plant_id,ac_dc_efficiency,next_interval_hours,interval_valid_for_energy,ac_energy_kwh_est,dc_energy_kwh_est,sensor_temperature,module_temperature,sensor_irradiation,sensor_weather_interpolated,openmeteo_temperature,humidity,cloud,cloud_low,cloud_mid,cloud_high,rain,ghi,direct_radiation,dhi,dni,wind_speed_10m
2020-05-15 00:00:00,0.0,0.0,0.0,21,4135001,,0.25,True,0.0,0.0,25.184316133333333,22.8575074,0.0,False,29.9,65,13,0,12,1,0.0,0.0,0.0,0.0,0.0,14.3
2020-05-15 00:15:00,0.0,0.0,0.0,21,4135001,,0.25,True,0.0,0.0,25.08458866666667,22.761667866666663,0.0,False,29.9,65,13,0,12,1,0.0,0.0,0.0,0.0,0.0,14.3
2020-05-15 00:30:00,0.0,0.0,0.0,21,4135001,,0.25,True,0.0,0.0,24.935752600000004,22.59230553333333,0.0,False,29.9,65,13,0,12,1,0.0,0.0,0.0,0.0,0.0,14.3
2020-05-15 00:45:00,0.0,0.0,0.0,21,4135001,,0.25,True,0.0,0.0,24.8461304,22.36085213333333,0.0,False,29.9,65,13,0,12,1,0.0,0.0,0.0,0.0,0.0,14.3
2020-05-15 01:00:00,0.0,0.0,0.0,22,4135001,,0.25,True,0.0,0.0,24.621525357142858,22.165422642857145,0.0,False,29.0,69,8,0,8,0,0.0,0.0,0.0,0.0,0.0,12.1
2020-05-15 01:15:00,0.0,0.0,0.0,21,4135001,,0.25,True,0.0,0.0,24.5360922,21.968570866666667,0.0,False,29.0,69,8,0,8,0,0.0,0.0,0.0,0.0,0.0,12.1
2020-05-15 01:30:00,0.0,0.0,0.0,21,4135001,,0.25,True,0.0,0.0,24.638673866666664,22.352925666666668,0.0,False,29.0,69,8,0,8,0,0.0,0.0,0.0,0.0,0.0,12.1
2020-05-15 01:45:00,0.0,0.0,0.0,22,4135001,,0.25,True,0.0,0.0,24.87302233333333,23.1609192,0.0,False,29.0,69,8,0,8,0,0.0,0.0,0.0,0.0,0.0,12.1
2020-05-15 02:00:00,0.0,0.0,0.0,21,4135001,,0.25,True,0.0,0.0,24.936930466666663,23.026113,0.0,False,28.3,72,9,0,6,2,0.0,0.0,0.0,0.0,0.0,9.3
2020-05-15 02:15:00,0.0,0.0,0.0,21,4135001,,0.25,True,0.0,0.0,25.0122476,23.343229266666665,0.0,False,28.3,72,9,0,6,2,0.0,0.0,0.0,0.0,0.0,9.3
2020-05-15 02:30:00,0.0,0.0,0.0,21,4135001,,0.25,True,0.0,0.0,25.005149333333332,23.639459266666663,0.0,False,28.3,72,9,0,6,2,0.0,0.0,0.0,0.0,0.0,9.3
2020-05-15 02:45:00,0.0,0.0,0.0,21,4135001,,0.25,True,0.0,0.0,24.993019533333328,24.0394858,0.0,False,28.3,72,9,0,6,2,0.0,0.0,0.0,0.0,0.0,9.3
2020-05-15 03:00:00,0.0,0.0,0.0,21,4135001,,0.25,True,0.0,0.0,25.016309428571425,24.384135571428573,0.0,False,27.8,75,42,0,7,40,0.0,0.0,0.0,0.0,0.0,6.8
2020-05-15 03:15:00,0.0,0.0,0.0,21,4135001,,0.25,True,0.0,0.0,24.985215266666664,24.35150773333333,0.0,False,27.8,75,42,0,7,40,0.0,0.0,0.0,0.0,0.0,6.8
2020-05-15 03:30:00,0.0,0.0,0.0,21,4135001,,0.25,True,0.0,0.0,24.93773193333333,24.060296533333336,0.0,False,27.8,75,42,0,7,40,0.0,0.0,0.0,0.0,0.0,6.8
2020-05-15 03:45:00,0.0,0.0,0.0,21,4135001,,0.25,True,0.0,0.0,24.87909953333333,23.709794133333336,0.0,False,27.8,75,42,0,7,40,0.0,0.0,0.0,0.0,0.0,6.8
2020-05-15 04:00:00,0.0,0.0,0.0,21,4135001,,0.25,True,0.0,0.0,24.6789022,22.58994153333333,0.0,False,27.2,78,39,0,7,35,0.0,0.0,0.0,0.0,0.0,6.1
2020-05-15 04:15:00,0.0,0.0,0.0,22,4135001,,0.25,True,0.0,0.0,24.3519308,21.78364253333333,0.0,False,27.2,78,39,0,7,35,0.0,0.0,0.0,0.0,0.0,6.1
2020-05-15 04:30:00,0.0,0.0,0.0,22,4135001,,0.25,True,0.0,0.0,24.0626222,21.85252493333333,0.0,False,27.2,78,39,0,7,35,0.0,0.0,0.0,0.0,0.0,6.1
2020-05-15 04:45:00,0.0,0.0,0.0,22,4135001,,0.25,True,0.0,0.0,24.013224200000003,22.306315,0.0,False,27.2,78,39,0,7,35,0.0,0.0,0.0,0.0,0.0,6.1
2020-05-15 05:00:00,0.0,0.0,0.0,22,4135001,,0.25,True,0.0,0.0,24.1771058,22.551908466666664,0.0,False,26.4,83,57,0,3,89,0.0,0.0,0.0,0.0,0.0,3.4
2020-05-15 05:15:00,0.0,0.0,0.0,21,4135001,,0.25,True,0.0,0.0,24.304888,22.979492071428577,0.0,False,26.4,83,57,0,3,89,0.0,0.0,0.0,0.0,0.0,3.4
2020-05-15 05:30:00,0.0,0.0,0.0,21,4135001,,0.25,True,0.0,0.0,24.328727266666665,23.452380466666668,0.0,False,26.4,83,57,0,3,89,0.0,0.0,0.0,0.0,0.0,3.4
2020-05-15 05:45:00,0.0,0.0,0.0,21,4135001,,0.25,True,0.0,0.0,24.28921113333333,23.09669193333333,0.0008627212413333,False,26.4,83,57,0,3,89,0.0,0.0,0.0,0.0,0.0,3.4
2020-05-15 06:00:00,942.14880953,90.929166668,0.0,21,4135001,0.09651253151119607,0.25,True,22.732291667,235.5372023825,24.088446066666663,22.2067566,0.0058869571866666,False,27.1,80,85,2,1,85,0.0,20.0,5.0,15.0,51.0,4.3
2020-05-15 06:15:00,6142.1011903,593.33869048,61.261904762,21,4135001,0.09660190740866309,0.25,True,148.33467262,1535.525297575,24.01163526666667,22.35345866666667,0.0222816074666666,False,27.1,80,85,2,1,85,0.0,20.0,5.0,15.0,51.0,4.3
2020-05-15 06:30:00,15271.1547618,1480.19464286,324.529761903,22,4135001,0.09692748622799828,0.25,True,370.048660715,3817.78869045,23.976731266666665,22.893282,0.0494097238666666,False,27.1,80,85,2,1,85,0.0,20.0,5.0,15.0,51.0,4.3
2020-05-15 06:45:00,28626.589287,2790.4482143,819.5059523699999,22,4135001,0.09747749500731502,0.25,True,697.612053575,7156.64732175,24.21899,24.442443933333333,0.0953944536,False,27.1,80,85,2,1,85,0.0,20.0,5.0,15.0,51.0,4.3
2020-05-15 07:00:00,41345.914287,4052.6621428999997,1717.74999999,22,4135001,0.09801844300185761,0.25,True,1013.1655357249999,10336.47857175,24.5373984,27.185652866666665,0.1419404433333333,False,28.3,73,57,0,0,57,0.0,168.0,86.0,82.0,323.1,4.6
2020-05-15 07:15:00,44564.20833,4368.7226191,2751.9761904,22,4135001,0.09803209308127744,0.25,True,1092.180654775,11141.0520825,24.8159595,28.888477857142853,0.1547126757142856,False,28.3,73,57,0,0,57,0.0,168.0,86.0,82.0,323.1,4.6
2020-05-15 07:30:00,43619.291666,4275.935119,3850.3750001,22,4135001,0.09802853177308632,0.25,True,1068.98377975,10904.8229165,24.988789866666668,29.6056438,0.1487991533333333,False,28.3,73,57,0,0,57,0.0,168.0,86.0,82.0,323.1,4.6
2020-05-15 07:45:00,44395.892857,4352.0946427,4888.4285715,22,4135001,0.09802921762871575,0.25,True,1088.023660675,11098.97321425,25.21618033333333,29.547110933333336,0.1447934189333333,False,28.3,73,57,0,0,57,0.0,168.0,86.0,82.0,323.1,4.6
2020-05-15 08:00:00,64834.803572,6365.6089285,6160.8214287,22,4135001,0.09818197291877191,0.25,True,1591.402232125,16208.700893,25.41951306666667,31.412544733333327,0.2016386213333333,False,30.1,63,15,0,0,15,0.0,389.0,265.0,124.0,539.6,5.4
2020-05-15 08:15:00,101937.157142,10002.0646429,8229.2071429,22,4135001,0.09811990959260296,0.25,True,2500.516160725,25484.2892855,25.95908213333333,35.5287108,0.3457076533333333,False,30.1,63,15,0,0,15,0.0,389.0,265.0,124.0,539.6,5.4
2020-05-15 08:30:00,112129.565473,10995.602976099999,10969.9880953,22,4135001,0.09806158553916507,0.25,True,2748.9007440249998,28032.39136825,26.430782066666666,40.3180586,0.4053485726666666,False,30.1,63,15,0,0,15,0.0,389.0,265.0,124.0,539.6,5.4
2020-05-15 08:45:00,92505.464285,9080.0678571,13269.5178572,22,4135001,0.09815709728373698,0.25,True,2270.016964275,23126.36607125,26.8318298,39.08195373333332,0.3124267953333332,False,30.1,63,15,0,0,15,0.0,389.0,265.0,124.0,539.6,5.4
2020-05-15 09:00:00,165598.892858,16211.35,16593.1785714,22,4135001,0.09789528009647462,0.25,True,4052.8375,41399.7232145,27.6209698,45.0092326,0.6231526486666666,False,32.5,48,30,0,0,30,0.0,609.0,466.0,143.0,677.1,6.2
2020-05-15 09:15:00,98826.017857,9692.832143,19980.9821428,22,4135001,0.09807976030184082,0.25,True,2423.20803575,24706.50446425,27.988362071428572,46.6177065,0.3448840357142857,False,32.5,48,30,0,0,30,0.0,609.0,466.0,143.0,677.1,6.2
2020-05-15 09:30:00,76522.24999899999,7511.4000001,21888.8928567,22,4135001,0.09815968558423414,0.25,True,1877.850000025,19130.562499749998,27.516727866666667,39.136326,0.2492484,False,32.5,48,30,0,0,30,0.0,609.0,466.0,143.0,677.1,6.2
2020-05-15 09:45:00,161370.035715,15793.1124999,24533.3809524,22,4135001,0.09786892857725238,0.25,True,3948.278124975,40342.50892875,27.450107666666668,40.93057693333333,0.5412059773333334,False,32.5,48,30,0,0,30,0.0,609.0,466.0,143.0,677.1,6.2
2020-05-15 10:00:00,183026.214283,17896.7982142,29346.7321444,22,4135001,0.09778270443012875,0.25,True,4474.19955355,45756.55357075,28.632191866666663,52.5477356,0.670675372,False,34.8,36,54,0,0,54,0.0,788.0,629.0,159.0,745.1,8.1
2020-05-15 10:15:00,158716.553571,15531.95,32973.535714,22,4135001,0.09785967279746888,0.25,True,3882.9875,39679.13839275,28.768912733333337,47.633738,0.5722834766666666,False,34.8,36,54,0,0,54,0.0,788.0,629.0,159.0,745.1,8.1
2020-05-15 10:30:00,129103.635715,12648.5917859,36823.174999,22,4135001,0.09797239028823426,0.25,True,3162.147946475,32275.90892875,29.35144260000001,49.249723266666656,0.4551483833333333,False,34.8,36,54,0,0,54,0.0,788.0,629.0,159.0,745.1,8.1
2020-05-15 10:45:00,113123.142857,11091.6289285,39799.292857,22,4135001,0.09804915818614614,0.25,True,2772.907232125,28280.78571425,28.854707866666665,44.048325600000005,0.3619616539999999,False,34.8,36,54,0,0,54,0.0,788.0,629.0,159.0,745.1,8.1
2020-05-15 11:00:00,193768.035707,18936.5592845,43389.953574,22,4135001,0.09772798292249965,0.25,True,4734.139821125,48442.00892675,29.410819333333336,47.68545339999999,0.6365608813333332,False,36.7,29,88,0,0,88,0.0,910.0,741.0,169.0,781.6,9.1
2020-05-15 11:15:00,160301.22619000002,15683.7136904,47752.761904,22,4135001,0.09783901260874066,0.25,True,3920.9284226,40075.306547500004,30.21606228571428,50.006988571428565,0.5857872135714286,False,36.7,29,88,0,0,88,0.0,910.0,741.0,169.0,781.6,9.1
2020-05-15 11:30:00,155409.160714,15207.2839286,51726.053571,22,4135001,0.09785320156632218,0.25,True,3801.82098215,38852.2901785,30.2870728,49.8413636,0.5570693833333333,False,36.7,29,88,0,0,88,0.0,910.0,741.0,169.0,781.6,9.1
2020-05-15 11:45:00,167668.196427,16401.5892857,55271.107142,22,4135001,0.09782170760595606,0.25,True,4100.397321425,41917.04910675,30.811049333333333,47.8363832,0.4679868693333333,False,36.7,29,88,0,0,88,0.0,910.0,741.0,169.0,781.6,9.1
2020-05-15 12:00:00,155821.696428,15250.8083332,59620.946429,22,4135001,0.09787345846441153,0.25,True,3812.7020833,38955.424107,31.305375066666663,49.183583533333326,0.5149625866666667,False,38.2,24,92,0,0,92,0.0,964.0,790.0,174.0,795.5,9.0
2020-05-15 12:15:00,209569.398819,20477.0178565,63932.303572,22,4135001,0.09770996133927694,0.25,True,5119.254464125,52392.34970475,31.50729773333333,49.84449266666666,0.7878660286666666,False,38.2,24,92,0,0,92,0.0,964.0,790.0,174.0,795.5,9.0
2020-05-15 12:30:00,197884.50001,19341.707142,69163.071429,22,4135001,0.09774240600462682,0.25,True,4835.4267855,49471.1250025,32.147684733333335,52.35325513333333,0.6492476293333334,False,38.2,24,92,0,0,92,0.0,964.0,790.0,174.0,795.5,9.0
2020-05-15 12:45:00,209419.238093,20470.8976196,73879.196429,22,4135001,0.0977507979019061,0.25,True,5117.7244049,52354.80952325,32.39142040000001,50.631239933333326,0.761243312,False,38.2,24,92,0,0,92,0.0,964.0,790.0,174.0,795.5,9.0
2020-05-15 13:00:00,129842.357143,12721.8767857,77961.321428,22,4135001,0.0979794041453587,0.25,True,3180.469196425,32460.58928575,32.622796071428574,49.610767714285714,0.4160351014285714,False,39.1,22,87,0,1,87,0.0,946.0,775.0,171.0,794.0,9.4
2020-05-15 13:15:00,149740.553574,14665.9857143,81491.803572,22,4135001,0.097942643888065,0.25,True,3666.496428575,37435.1383935,32.49706446666666,47.01116133333333,0.489243946,False,39.1,22,87,0,1,87,0.0,946.0,775.0,171.0,794.0,9.4
2020-05-15 13:30:00,175573.464286,17185.6589285,85448.928572,22,4135001,0.09788300867895082,0.25,True,4296.414732125,43893.3660715,32.52462140000001,46.66986293333333,0.574561224,False,39.1,22,87,0,1,87,0.0,946.0,775.0,171.0,794.0,9.4
2020-05-15 13:45:00,170970.589284,16736.7428575,89618.464288,22,4135001,0.09789252600456634,0.25,True,4184.185714375,42742.647321,32.67847086666667,47.516884133333335,0.560985624,False,39.1,22,87,0,1,87,0.0,946.0,775.0,171.0,794.0,9.4
2020-05-15 14:00:00,222438.714294,21747.0660709,94351.839285,22,4135001,0.09776655174403065,0.25,True,5436.766517725,55609.6785735,33.763185400000005,49.80390433333333,0.7350834633333333,False,39.7,22,29,0,3,26,0.0,858.0,695.0,163.0,773.7,8.7
2020-05-15 14:15:00,259813.28571999999,25352.546429,100265.464287,22,4135001,0.0975798691692863,0.25,True,6338.13660725,64953.321429999996,34.13076993333335,55.030613,0.8936614913333333,False,39.7,22,29,0,3,26,0.0,858.0,695.0,163.0,773.7,8.7
2020-05-15 14:30:00,142901.932142,13989.1960714,105649.507142,22,4135001,0.09789368038424488,0.25,True,3497.29901785,35725.4830355,34.08138426666667,54.51913673333334,0.466788824,False,39.7,22,29,0,3,26,0.0,858.0,695.0,163.0,773.7,8.7
2020-05-15 14:45:00,160715.529762,15723.0553573,108951.89881,22,4135001,0.09783158715641183,0.25,True,3930.763839325,40178.8824405,33.69572221428571,47.618194642857134,0.5421384957142857,False,39.7,22,29,0,3,26,0.0,858.0,695.0,163.0,773.7,8.7
2020-05-15 15:00:00,128604.375,12603.7660715,112657.625,22,4135001,0.09800417809658497,0.25,True,3150.941517875,32151.09375,33.89057606666666,46.02908119999999,0.3988885433333333,False,40.0,21,30,0,3,29,0.0,691.0,541.0,150.0,707.3,8.8
2020-05-15 15:15:00,143255.142856,14031.0267857,115985.999999,22,4135001,0.09794431464009626,0.25,True,3507.756696425,35813.785714,34.043744000000004,44.28609193333333,0.4472921486666666,False,40.0,21,30,0,3,29,0.0,691.0,541.0,150.0,707.3,8.8
2020-05-15 15:30:00,166946.32143,16342.9196427,119794.52381,22,4135001,0.09789325995752789,0.25,True,4085.729910675,41736.5803575,34.40285233333333,46.7442812,0.5651963973333332,False,40.0,21,30,0,3,29,0.0,691.0,541.0,150.0,707.3,8.8
2020-05-15 15:45:00,107547.160714,10543.7660713,122858.380952,22,4135001,0.09803853492087088,0.25,True,2635.941517825,26886.7901785,34.430942666666674,43.9206158,0.3462306933333333,False,40.0,21,30,0,3,29,0.0,691.0,541.0,150.0,707.3,8.8
2020-05-15 16:00:00,109120.678571,10704.0232143,125887.767858,22,4135001,0.0980934443817206,0.25,True,2676.005803575,27280.16964275,34.38115033333334,43.332853333333325,0.3581823699999999,False,39.8,21,6,0,5,1,0.0,468.0,336.0,132.0,574.3,9.4
2020-05-15 16:15:00,99493.017857,9763.4464286,128208.535714,22,4135001,0.09813197588028612,0.25,True,2440.86160715,24873.25446425,34.12625693333333,41.007431933333336,0.3288961193333332,False,39.8,21,6,0,5,1,0.0,468.0,336.0,132.0,574.3,9.4
2020-05-15 16:30:00,104079.607143,10210.6642856,130816.017856,22,4135001,0.09810436997106527,0.25,True,2552.6660714,26019.90178575,34.35660993333333,41.28059066666666,0.344954196,False,39.8,21,6,0,5,1,0.0,468.0,336.0,132.0,574.3,9.4
2020-05-15 16:45:00,77777.196429,7643.7595239,133059.166667,22,4135001,0.09827764273912486,0.25,True,1910.939880975,19444.29910725,33.86159653333333,39.419075933333325,0.260346758,False,39.8,21,6,0,5,1,0.0,468.0,336.0,132.0,574.3,9.4
2020-05-15 17:00:00,49913.767857,4894.9928571,134620.839284,22,4135001,0.09806899112733516,0.25,True,1223.748214275,12478.44196425,33.443313571428575,36.82670364285714,0.1668127414285714,False,39.4,22,12,0,47,1,0.0,257.0,160.0,97.0,431.2,11.8
2020-05-15 17:15:00,49718.660716,4875.0053572,135859.303572,22,4135001,0.09805182374172784,0.25,True,1218.7513393,12429.665179,33.30025473333334,35.852207400000005,0.1738986373333333,False,39.4,22,12,0,47,1,0.0,257.0,160.0,97.0,431.2,11.8
2020-05-15 17:30:00,26248.833333,2558.0166667,136646.75,22,4135001,0.09745258519677005,0.25,True,639.504166675,6562.20833325,33.03212220000001,34.3384004,0.08716189,False,39.4,22,12,0,47,1,0.0,257.0,160.0,97.0,431.2,11.8
2020-05-15 17:45:00,11391.25,1102.00535715,137121.857143,22,4135001,0.09674138985185998,0.25,True,275.5013392875,2847.8125,32.311871133333334,31.54853933333333,0.0384030336,False,39.4,22,12,0,47,1,0.0,257.0,160.0,97.0,431.2,11.8
2020-05-15 18:00:00,6505.0,628.37678572,137350.446429,22,4135001,0.09659904469177556,0.25,True,157.09419643,1626.25,31.13241364285714,30.225331,0.0225449364285714,False,37.6,26,52,0,38,23,0.0,64.0,25.0,39.0,164.1,17.4
2020-05-15 18:15:00,2199.21785711,212.151785715,137449.607144,22,4135001,0.09646692574322283,0.25,True,53.03794642875,549.8044642775,29.243110933333337,28.6825074,0.00914994484,False,37.6,26,52,0,38,23,0.0,64.0,25.0,39.0,164.1,17.4
2020-05-15 18:30:00,0.0,0.0,137473.0,22,4135001,,0.25,True,0.0,0.0,28.495518,27.285992266666668,0.001841024544,False,37.6,26,52,0,38,23,0.0,64.0,25.0,39.0,164.1,17.4
2020-05-15 18:45:00,0.0,0.0,137473.0,22,4135001,,0.25,True,0.0,0.0,27.8840638,25.96194653333333,0.0,False,37.6,26,52,0,38,23,0.0,64.0,25.0,39.0,164.1,17.4
2020-05-15 19:00:00,0.0,0.0,87463.0,14,4135001,,0.25,True,0.0,0.0,27.455975400000003,25.38531306666667,0.0,False,36.7,29,76,0,26,68,0.0,0.0,0.0,0.0,0.0,17.3
2020-05-15 19:15:00,0.0,0.0,87463.0,14,4135001,,0.25,True,0.0,0.0,27.0975484,25.200846400000003,0.0,False,36.7,29,76,0,26,68,0.0,0.0,0.0,0.0,0.0,17.3
2020-05-15 19:30:00,0.0,0.0,87463.0,14,4135001,,0.25,True,0.0,0.0,27.01870113333333,25.745267733333336,0.00012538276,False,36.7,29,76,0,26,68,0.0,0.0,0.0,0.0,0.0,17.3
2020-05-15 19:45:00,0.0,0.0,87463.0,14,4135001,,0.25,True,0.0,0.0,23.787237466666667,22.5114056,0.000100219904,False,36.7,29,76,0,26,68,0.0,0.0,0.0,0.0,0.0,17.3
2020-05-15 20:00:00,0.0,0.0,87463.0,14,4135001,,0.25,True,0.0,0.0,22.66317964285714,20.290725714285717,0.0,False,35.8,31,66,0,27,54,0.0,0.0,0.0,0.0,0.0,20.0
2020-05-15 20:15:00,0.0,0.0,87463.0,14,4135001,,0.25,True,0.0,0.0,23.412097066666668,20.736596666666667,0.0,False,35.8,31,66,0,27,54,0.0,0.0,0.0,0.0,0.0,20.0
2020-05-15 20:30:00,0.0,0.0,87463.0,14,4135001,,0.25,True,0.0,0.0,22.30098866666667,20.375416933333337,0.0,False,35.8,31,66,0,27,54,0.0,0.0,0.0,0.0,0.0,20.0
2020-05-15 20:45:00,0.0,0.0,87463.0,14,4135001,,0.25,True,0.0,0.0,22.0374816,20.312805133333327,0.0,False,35.8,31,66,0,27,54,0.0,0.0,0.0,0.0,0.0,20.0
2020-05-15 21:00:00,0.0,0.0,87463.0,14,4135001,,0.25,True,0.0,0.0,22.168518066666667,20.6512674,0.0,False,34.2,35,38,0,21,23,0.0,0.0,0.0,0.0,0.0,18.7
2020-05-15 21:15:00,0.0,0.0,87463.0,22,4135001,,0.25,True,0.0,0.0,22.1193604,20.632086200000003,0.0,False,34.2,35,38,0,21,23,0.0,0.0,0.0,0.0,0.0,18.7
2020-05-15 21:30:00,0.0,0.0,87463.0,22,4135001,,0.25,True,0.0,0.0,22.221250333333334,20.75869966666667,0.0,False,34.2,35,38,0,21,23,0.0,0.0,0.0,0.0,0.0,18.7
2020-05-15 21:45:00,0.0,0.0,87463.0,22,4135001,,0.25,True,0.0,0.0,22.236828466666665,20.914416666666668,0.0,False,34.2,35,38,0,21,23,0.0,0.0,0.0,0.0,0.0,18.7
2020-05-15 22:00:00,0.0,0.0,87463.0,22,4135001,,0.25,True,0.0,0.0,22.22185842857143,20.895703928571425,0.0,False,33.2,38,19,0,19,1,0.0,0.0,0.0,0.0,0.0,17.1
2020-05-15 22:15:00,0.0,0.0,87463.0,22,4135001,,0.25,True,0.0,0.0,22.149312533333333,20.732185866666665,0.0,False,33.2,38,19,0,19,1,0.0,0.0,0.0,0.0,0.0,17.1
2020-05-15 22:30:00,0.0,0.0,87463.0,22,4135001,,0.25,True,0.0,0.0,22.104713866666668,20.82985206666667,0.0,False,33.2,38,19,0,19,1,0.0,0.0,0.0,0.0,0.0,17.1
2020-05-15 22:45:00,0.0,0.0,87463.0,22,4135001,,0.25,True,0.0,0.0,22.057079933333338,21.072275666666663,0.0,False,33.2,38,19,0,19,1,0.0,0.0,0.0,0.0,0.0,17.1
2020-05-15 23:00:00,0.0,0.0,87463.0,22,4135001,,3.0,False,,,22.23601830769231,21.241316538461536,0.0,False,32.3,44,28,0,16,15,0.0,0.0,0.0,0.0,0.0,13.4
2020-05-16 02:00:00,0.0,0.0,0.0,20,4135001,,0.25,True,0.0,0.0,21.68216,20.072144,0.0,False,30.2,54,13,0,6,7,0.0,0.0,0.0,0.0,0.0,8.1
2020-05-16 02:15:00,0.0,0.0,0.0,22,4135001,,0.25,True,0.0,0.0,21.6884114,19.9192038,0.0,False,30.2,54,13,0,6,7,0.0,0.0,0.0,0.0,0.0,8.1
2020-05-16 02:30:00,0.0,0.0,0.0,22,4135001,,0.25,True,0.0,0.0,21.510408533333337,19.59269193333333,0.0,False,30.2,54,13,0,6,7,0.0,0.0,0.0,0.0,0.0,8.1
2020-05-16 02:45:00,0.0,0.0,0.0,22,4135001,,0.25,True,0.0,0.0,21.496287,19.6248698,0.0,False,30.2,54,13,0,6,7,0.0,0.0,0.0,0.0,0.0,8.1
2020-05-16 03:00:00,0.0,0.0,0.0,22,4135001,,0.25,True,0.0,0.0,21.6459126,20.065205933333328,0.0,False,29.6,56,35,0,6,32,0.0,0.0,0.0,0.0,0.0,8.1
2020-05-16 03:15:00,0.0,0.0,0.0,22,4135001,,0.25,True,0.0,0.0,21.674314200000005,20.11216013333333,0.0,False,29.6,56,35,0,6,32,0.0,0.0,0.0,0.0,0.0,8.1
2020-05-16 03:30:00,0.0,0.0,0.0,22,4135001,,0.25,True,0.0,0.0,21.73142093333333,20.351884,0.0,False,29.6,56,35,0,6,32,0.0,0.0,0.0,0.0,0.0,8.1
2020-05-16 03:45:00,0.0,0.0,0.0,22,4135001,,0.25,True,0.0,0.0,21.78016573333333,20.50589406666667,0.0,False,29.6,56,35,0,6,32,0.0,0.0,0.0,0.0,0.0,8.1
2020-05-16 04:00:00,0.0,0.0,0.0,22,4135001,,0.25,True,0.0,0.0,21.85855535714285,20.81391042857143,0.0,False,29.1,59,12,0,6,7,0.0,0.0,0.0,0.0,0.0,7.9
2020-05-16 04:15:00,0.0,0.0,0.0,22,4135001,,0.25,True,0.0,0.0,21.89991073333333,20.712640333333333,0.0,False,29.1,59,12,0,6,7,0.0,0.0,0.0,0.0,0.0,7.9
2020-05-16 04:30:00,0.0,0.0,0.0,22,4135001,,0.25,True,0.0,0.0,21.92704853333333,20.726037733333335,0.0,False,29.1,59,12,0,6,7,0.0,0.0,0.0,0.0,0.0,7.9
2020-05-16 04:45:00,0.0,0.0,0.0,22,4135001,,0.25,True,0.0,0.0,22.028684400000003,20.796402866666664,0.0,False,29.1,59,12,0,6,7,0.0,0.0,0.0,0.0,0.0,7.9
2020-05-16 05:00:00,0.0,0.0,0.0,22,4135001,,0.25,True,0.0,0.0,21.93278,20.6822592,0.0,False,28.8,61,12,0,41,94,0.0,0.0,0.0,0.0,0.0,1.9
2020-05-16 05:15:00,0.0,0.0,0.0,22,4135001,,0.25,True,0.0,0.0,21.866251666666663,20.472369333333333,0.0,False,28.8,61,12,0,41,94,0.0,0.0,0.0,0.0,0.0,1.9
2020-05-16 05:30:00,0.0,0.0,0.0,22,4135001,,0.25,True,0.0,0.0,21.876585066666664,20.760192866666667,0.0,False,28.8,61,12,0,41,94,0.0,0.0,0.0,0.0,0.0,1.9
2020-05-16 05:45:00,0.0,0.0,0.0,22,4135001,,0.25,True,0.0,0.0,21.959989266666664,20.5434348,0.0001471694642,False,28.8,61,12,0,41,94,0.0,0.0,0.0,0.0,0.0,1.9
2020-05-16 06:00:00,1131.05357143,109.162500001,1.5714285719999999,22,4135001,0.09651399611689922,0.25,True,27.29062500025,282.7633928575,21.9232375,20.25681407142857,0.0062059593785714,False,29.5,59,97,0,9,97,0.0,17.0,3.0,14.0,30.5,3.0
2020-05-16 06:15:00,7475.3392856,722.4499999999999,90.732142856,22,4135001,0.09664444280029937,0.25,True,180.61249999999998,1868.8348214,21.860400400000003,20.4303872,0.0236337368666666,False,29.5,59,97,0,9,97,0.0,17.0,3.0,14.0,30.5,3.0
2020-05-16 06:30:00,15531.4285715,1505.28571429,364.42857145,22,4135001,0.09691869021322241,0.25,True,376.3214285725,3882.857142875,21.985833666666664,21.195638,0.0495149681333333,False,29.5,59,97,0,9,97,0.0,17.0,3.0,14.0,30.5,3.0
2020-05-16 06:45:00,24837.357141,2414.7017856,844.14285715,22,4135001,0.0972205606213214,0.25,True,603.6754464,6209.33928525,22.13967073333333,22.189410333333328,0.0792696434666666,False,29.5,59,97,0,9,97,0.0,17.0,3.0,14.0,30.5,3.0
2020-05-16 07:00:00,34152.964285,3337.7285714,1554.51785715,22,4135001,0.09772881040565876,0.25,True,834.43214285,8538.24107125,22.45271393333333,23.1112346,0.1090379683333333,False,30.8,52,98,0,1,98,0.0,154.0,63.0,91.0,236.1,4.5
2020-05-16 07:15:00,43348.053572,4249.375,2492.4642857,22,4135001,0.0980291996950197,0.25,True,1062.34375,10837.013393,22.6524518,24.241701266666663,0.1381154516666666,False,30.8,52,98,0,1,98,0.0,154.0,63.0,91.0,236.1,4.5
2020-05-16 07:30:00,54443.982143,5338.8321429,3675.8035714,22,4135001,0.09806101487722324,0.25,True,1334.708035725,13610.99553575,22.97513853333333,25.668487533333334,0.1741175246666666,False,30.8,52,98,0,1,98,0.0,154.0,63.0,91.0,236.1,4.5
2020-05-16 07:45:00,75347.571428,7404.7499999,5239.1964287,22,4135001,0.0982745675748258,0.25,True,1851.187499975,18836.892857,23.38855407142857,27.937476071428577,0.2436428057142857,False,30.8,52,98,0,1,98,0.0,154.0,63.0,91.0,236.1,4.5
2020-05-16 08:00:00,92338.64285799999,9070.4714286,7313.9285714,22,4135001,0.09823050402147163,0.25,True,2267.61785715,23084.660714499998,23.8905234,30.79129613333333,0.2980529893333333,False,32.6,44,97,0,1,98,0.0,342.0,175.0,167.0,356.1,4.2
2020-05-16 08:15:00,105235.303573,10321.0410714,9738.4285713,22,4135001,0.0980758426210123,0.25,True,2580.26026785,26308.82589325,24.42785433333333,33.0092104,0.3386504113333334,False,32.6,44,97,0,1,98,0.0,342.0,175.0,167.0,356.1,4.2
2020-05-16 08:30:00,130559.589285,12793.2142858,12581.1607143,22,4135001,0.09798755002111373,0.25,True,3198.30357145,32639.89732125,25.166898466666662,36.606188800000005,0.4275489526666667,False,32.6,44,97,0,1,98,0.0,342.0,175.0,167.0,356.1,4.2
2020-05-16 08:45:00,142487.017858,13958.0767856,15980.7857143,22,4135001,0.09796034049579427,0.25,True,3489.5191964,35621.7544645,25.757175666666665,38.892010733333336,0.4700814853333333,False,32.6,44,97,0,1,98,0.0,342.0,175.0,167.0,356.1,4.2
2020-05-16 09:00:00,140956.303572,13808.6267858,19501.7499999,22,4135001,0.09796388267763137,0.25,True,3452.15669645,35239.075893,25.999422266666667,38.70590013333334,0.4611857686666666,False,34.4,38,96,0,1,96,0.0,568.0,377.0,191.0,547.7,4.6
2020-05-16 09:15:00,127605.142857,12505.0464286,22719.8571434,22,4135001,0.09799798149682502,0.25,True,3126.26160715,31901.28571425,26.297007333333337,39.343784466666655,0.41958991,False,34.4,38,96,0,1,96,0.0,568.0,377.0,191.0,547.7,4.6
2020-05-16 09:30:00,129779.410713,12717.1303571,25885.821429,22,4135001,0.09799035368732897,0.25,True,3179.282589275,32444.85267825,26.59366866666667,39.879952333333335,0.420493884,False,34.4,38,96,0,1,96,0.0,568.0,377.0,191.0,547.7,4.6
2020-05-16 09:45:00,161148.232142,15778.1428572,29357.875001,22,4135001,0.09791074123169205,0.25,True,3944.5357143,40287.0580355,27.030969466666665,41.825665333333326,0.5405936786666665,False,34.4,38,96,0,1,96,0.0,568.0,377.0,191.0,547.7,4.6
2020-05-16 10:00:00,161620.160715,15823.0624999,33606.303571,22,4135001,0.09790277667030842,0.25,True,3955.765624975,40405.04017875,27.611354533333337,46.072651933333326,0.491453022,False,36.1,35,99,0,6,99,0.0,752.0,560.0,192.0,663.5,6.4
2020-05-16 10:15:00,156988.035715,15370.617857199999,37151.339286,22,4135001,0.09790948582288272,0.25,True,3842.6544642999997,39247.00892875,27.93121328571429,44.468571,0.4697288307142857,False,36.1,35,99,0,6,99,0.0,752.0,560.0,192.0,663.5,6.4
2020-05-16 10:30:00,206873.089291,20231.7249999,41729.910714,22,4135001,0.0977977612711185,0.25,True,5057.931249975,51718.27232275,28.2829874,48.962665,0.654436842,False,36.1,35,99,0,6,99,0.0,752.0,560.0,192.0,663.5,6.4
2020-05-16 10:45:00,183095.428571,17914.6571428,46531.178572,22,4135001,0.09784327922667456,0.25,True,4478.6642857,45773.85714275,28.78232633333333,50.154118,0.5955213746666665,False,36.1,35,99,0,6,99,0.0,752.0,560.0,192.0,663.5,6.4
2020-05-16 11:00:00,177344.375001,17355.6821429,50857.839286,22,4135001,0.09786429449934421,0.25,True,4338.920535725,44336.09375025,29.1554974,49.15606886666666,0.5752638966666666,False,37.6,32,84,0,5,84,0.0,863.0,658.0,205.0,694.2,7.4
2020-05-16 11:15:00,167348.357146,16382.2249999,55151.375,22,4135001,0.09789295383167478,0.25,True,4095.556249975,41837.0892865,29.3643758,48.12385466666667,0.5423748746666666,False,37.6,32,84,0,5,84,0.0,863.0,658.0,205.0,694.2,7.4
2020-05-16 11:30:00,157634.875001,15434.8267857,59174.821428999996,22,4135001,0.09791505075004553,0.25,True,3858.706696425,39408.71875025,29.6892496,46.51825533333333,0.4934305533333333,False,37.6,32,84,0,5,84,0.0,863.0,658.0,205.0,694.2,7.4
2020-05-16 11:45:00,194969.017857,19073.228571300002,63265.732143,22,4135001,0.09782697159242634,0.25,True,4768.3071428250005,48742.25446425,29.8473918,47.0438902,0.62278731,False,37.6,32,84,0,5,84,0.0,863.0,658.0,205.0,694.2,7.4
2020-05-16 12:00:00,198417.839286,19409.3839285,68117.660715,22,4135001,0.09782076046359552,0.25,True,4852.345982125,49604.4598215,30.089862066666665,50.091819333333326,0.6620043019999999,False,38.9,29,12,0,5,9,0.0,936.0,755.0,181.0,760.5,8.2
2020-05-16 12:15:00,164938.357143,16146.9214285,72740.00000100001,22,4135001,0.09789670339993002,0.25,True,4036.730357125,41234.58928575,30.376898714285712,48.67528185714285,0.5404251285714285,False,38.9,29,12,0,5,9,0.0,936.0,755.0,181.0,760.5,8.2
2020-05-16 12:30:00,228677.553569,22351.071427900002,77410.214288,22,4135001,0.09774055686298876,0.25,True,5587.7678569750005,57169.38839225,30.8864686,50.44957046666666,0.76711941,False,38.9,29,12,0,5,9,0.0,936.0,755.0,181.0,760.5,8.2
2020-05-16 12:45:00,245404.19643,23955.614285,83231.750002,22,4135001,0.09761697083217233,0.25,True,5988.90357125,61351.0491075,31.2210448,54.23274553333334,0.8122406413333334,False,38.9,29,12,0,5,9,0.0,936.0,755.0,181.0,760.5,8.2
2020-05-16 13:00:00,191385.517857,18721.417857200002,88657.196429,22,4135001,0.09782045196955982,0.25,True,4680.3544643000005,47846.37946425,31.31397713333333,52.8518024,0.636164586,False,40.0,27,22,0,21,2,0.0,880.0,689.0,191.0,706.0,9.4
2020-05-16 13:15:00,233783.17858,22843.682144,93901.625,22,4135001,0.09771311299107412,0.25,True,5710.920536,58445.794645,31.66299653333333,52.0534832,0.7332435986666667,False,40.0,27,22,0,21,2,0.0,880.0,689.0,191.0,706.0,9.4
2020-05-16 13:30:00,185596.839283,18158.7285714,99005.142857,22,4135001,0.09783964339883708,0.25,True,4539.68214285,46399.20982075,31.617256666666663,49.747872,0.5838647386666667,False,40.0,27,22,0,21,2,0.0,880.0,689.0,191.0,706.0,9.4
2020-05-16 13:45:00,155359.857143,15212.2035714,103092.767857,22,4135001,0.0979159214686843,0.25,True,3803.05089285,38839.96428575,31.3661072,47.2997298,0.5023924839999999,False,40.0,27,22,0,21,2,0.0,880.0,689.0,191.0,706.0,9.4
2020-05-16 14:00:00,138304.017858,13548.9964284,106775.339286,22,4135001,0.09796531321534761,0.25,True,3387.2491071,34576.0044645,31.423628733333334,46.57489593333333,0.435684946,False,40.2,26,47,0,33,28,0.0,701.0,478.0,223.0,532.2,6.8
2020-05-16 14:15:00,187844.482144,18380.15,110655.267857,22,4135001,0.09784769714933618,0.25,True,4595.0375,46961.120536,31.98976833333333,47.82889013333333,0.5959771373333332,False,40.2,26,47,0,33,28,0.0,701.0,478.0,223.0,532.2,6.8
2020-05-16 14:30:00,163898.142858,16046.5160714,115194.250002,22,4135001,0.09790541730117447,0.25,True,4011.62901785,40974.5357145,32.24326421428572,48.35548621428571,0.5345009864285714,False,40.2,26,47,0,33,28,0.0,701.0,478.0,223.0,532.2,6.8
2020-05-16 14:45:00,160488.732143,15714.4446429,119100.142857,22,4135001,0.09791618659494415,0.25,True,3928.611160725,40122.18303575,32.3501976,46.20359726666666,0.5149644066666667,False,40.2,26,47,0,33,28,0.0,701.0,478.0,223.0,532.2,6.8
2020-05-16 15:00:00,157761.053571,15448.5982142,122927.607143,22,4135001,0.09792403045310162,0.25,True,3862.14955355,39440.26339275,32.436879733333335,45.77020906666667,0.5036263826666665,False,40.1,26,88,0,88,4,0.0,595.0,424.0,171.0,554.3,6.1
2020-05-16 15:15:00,130584.214286,12795.3446429,126558.160714,22,4135001,0.09798538600443832,0.25,True,3198.836160725,32646.0535715,32.52414946666667,45.840537533333325,0.419735824,False,40.1,26,88,0,88,4,0.0,595.0,424.0,171.0,554.3,6.1
2020-05-16 15:30:00,111366.892859,10918.8928573,129491.642857,22,4135001,0.0980443341552525,0.25,True,2729.723214325,27841.72321475,32.328025399999994,43.170092666666655,0.349962358,False,40.1,26,88,0,88,4,0.0,595.0,424.0,171.0,554.3,6.1
2020-05-16 15:45:00,84875.464285,8340.4500001,131875.910714,22,4135001,0.09826691459494029,0.25,True,2085.112500025,21218.86607125,32.103391466666665,39.814438866666656,0.261408532,False,40.1,26,88,0,88,4,0.0,595.0,424.0,171.0,554.3,6.1
2020-05-16 16:00:00,74288.82143,7303.142857,133816.767858,22,4135001,0.09830742656055622,0.25,True,1825.78571425,18572.2053575,32.029101733333334,37.712012,0.2276812526666666,False,35.2,38,100,0,5,100,0.1,350.0,219.0,131.0,374.1,14.3
2020-05-16 16:15:00,62692.464284,6150.5053572,135491.982143,22,4135001,0.09810597537429543,0.25,True,1537.6263393,15673.116071,31.9597596,36.301157466666666,0.191869824,False,35.2,38,100,0,5,100,0.1,350.0,219.0,131.0,374.1,14.3
2020-05-16 16:30:00,57192.375001,5608.7553573,136983.553572,22,4135001,0.09806823649484624,0.25,True,1402.188839325,14298.09375025,31.90710457142857,35.77269607142857,0.1755969835714285,False,35.2,38,100,0,5,100,0.1,350.0,219.0,131.0,374.1,14.3
2020-05-16 16:45:00,48707.750001,4775.5607142,138270.839283,22,4135001,0.09804519227642325,0.25,True,1193.89017855,12176.93750025,31.88745533333333,34.781236066666665,0.150128168,False,35.2,38,100,0,5,100,0.1,350.0,219.0,131.0,374.1,14.3
2020-05-16 17:00:00,43256.571428,4240.2982144,139414.285714,22,4135001,0.0980266829852181,0.25,True,1060.0745536,10814.142857,31.747082466666665,33.73915806666666,0.1337432077333333,False,36.9,32,100,0,40,100,0.0,195.0,82.0,113.0,220.6,20.7
2020-05-16 17:15:00,35250.160716,3448.0714285,140379.071428,22,4135001,0.09781718319754852,0.25,True,862.017857125,8812.540179,31.540801866666666,32.74589640000001,0.109053603,False,36.9,32,100,0,40,100,0.0,195.0,82.0,113.0,220.6,20.7
2020-05-16 17:30:00,25881.785715,2516.7553571,141132.160715,22,4135001,0.09724040623832975,0.25,True,629.188839275,6470.44642875,31.300166866666668,31.599767866666667,0.0795873111333333,False,36.9,32,100,0,40,100,0.0,195.0,82.0,113.0,220.6,20.7
2020-05-16 17:45:00,16533.9107144,1603.10178571,141650.196429,22,4135001,0.09695841554979481,0.25,True,400.7754464275,4133.4776786,31.0485982,30.124161733333327,0.0504507636666666,False,36.9,32,100,0,40,100,0.0,195.0,82.0,113.0,220.6,20.7
2020-05-16 18:00:00,8626.3392856,833.82857144,141954.464285,22,4135001,0.09666076696425738,0.25,True,208.45714286,2156.5848214,30.311684133333333,28.36227433333333,0.0262128633333333,False,36.7,30,100,0,34,100,0.0,55.0,14.0,41.0,91.7,13.1
2020-05-16 18:15:00,2770.2678569,267.32500001,142092.642855,22,4135001,0.09649788894751263,0.25,True,66.8312500025,692.566964225,29.54822573333333,26.94033806666667,0.0088122812133333,False,36.7,30,100,0,34,100,0.0,55.0,14.0,41.0,91.7,13.1
2020-05-16 18:30:00,0.0,0.0,142114.0,22,4135001,,0.25,True,0.0,0.0,28.97306333333333,25.9079486,0.00035944967324,False,36.7,30,100,0,34,100,0.0,55.0,14.0,41.0,91.7,13.1
2020-05-16 18:45:00,0.0,0.0,142114.0,22,4135001,,0.25,True,0.0,0.0,28.6859842,25.503218533333328,0.0,False,36.7,30,100,0,34,100,0.0,55.0,14.0,41.0,91.7,13.1
2020-05-16 19:00:00,0.0,0.0,142114.0,22,4135001,,0.25,True,0.0,0.0,28.310195785714285,25.379072142857144,0.0,False,36.3,31,100,0,31,100,0.0,0.0,0.0,0.0,0.0,12.0
2020-05-16 19:15:00,0.0,0.0,142114.0,22,4135001,,0.25,True,0.0,0.0,27.9578898,25.1996236,0.0,False,36.3,31,100,0,31,100,0.0,0.0,0.0,0.0,0.0,12.0
2020-05-16 19:30:00,0.0,0.0,142114.0,22,4135001,,0.25,True,0.0,0.0,27.57085773333333,25.1651774,0.0,False,36.3,31,100,0,31,100,0.0,0.0,0.0,0.0,0.0,12.0
2020-05-16 19:45:00,0.0,0.0,142114.0,22,4135001,,0.25,True,0.0,0.0,27.256431,24.9509702,0.0,False,36.3,31,100,0,31,100,0.0,0.0,0.0,0.0,0.0,12.0
2020-05-16 20:00:00,0.0,0.0,142114.0,22,4135001,,0.25,True,0.0,0.0,26.941198600000003,24.4972452,0.0,False,34.6,37,100,0,70,99,0.0,0.0,0.0,0.0,0.0,16.9
2020-05-16 20:15:00,0.0,0.0,142114.0,22,4135001,,0.25,True,0.0,0.0,26.701993733333328,24.079714066666664,0.0,False,34.6,37,100,0,70,99,0.0,0.0,0.0,0.0,0.0,16.9
2020-05-16 20:30:00,0.0,0.0,142114.0,22,4135001,,0.25,True,0.0,0.0,26.483793,23.827305133333336,0.0,False,34.6,37,100,0,70,99,0.0,0.0,0.0,0.0,0.0,16.9
2020-05-16 20:45:00,0.0,0.0,142114.0,22,4135001,,0.25,True,0.0,0.0,26.312024857142855,23.62220114285714,0.0,False,34.6,37,100,0,70,99,0.0,0.0,0.0,0.0,0.0,16.9
2020-05-16 21:00:00,0.0,0.0,142114.0,22,4135001,,0.25,True,0.0,0.0,26.0082478,23.321525066666663,0.0,False,33.9,40,100,0,14,100,0.0,0.0,0.0,0.0,0.0,9.0
2020-05-16 21:15:00,0.0,0.0,142114.0,22,4135001,,0.25,True,0.0,0.0,25.61655473333333,22.952588,0.0,False,33.9,40,100,0,14,100,0.0,0.0,0.0,0.0,0.0,9.0
2020-05-16 21:30:00,0.0,0.0,142114.0,22,4135001,,0.25,True,0.0,0.0,25.28644193333333,22.64899693333333,0.0,False,33.9,40,100,0,14,100,0.0,0.0,0.0,0.0,0.0,9.0
2020-05-16 21:45:00,0.0,0.0,142114.0,22,4135001,,0.25,True,0.0,0.0,25.1239094,22.43270273333333,0.0,False,33.9,40,100,0,14,100,0.0,0.0,0.0,0.0,0.0,9.0
2020-05-16 22:00:00,0.0,0.0,142114.0,22,4135001,,0.25,True,0.0,0.0,25.0534728,22.2860412,0.0,False,33.0,42,100,0,12,100,0.0,0.0,0.0,0.0,0.0,2.9
2020-05-16 22:15:00,0.0,0.0,142114.0,22,4135001,,0.25,True,0.0,0.0,24.8400106,22.0829142,0.0,False,33.0,42,100,0,12,100,0.0,0.0,0.0,0.0,0.0,2.9
2020-05-16 22:30:00,0.0,0.0,142114.0,22,4135001,,0.25,True,0.0,0.0,24.612066533333333,21.97715853333333,0.0,False,33.0,42,100,0,12,100,0.0,0.0,0.0,0.0,0.0,2.9
2020-05-16 22:45:00,0.0,0.0,142114.0,22,4135001,,0.25,True,0.0,0.0,24.492980857142857,22.052697285714284,0.0,False,33.0,42,100,0,12,100,0.0,0.0,0.0,0.0,0.0,2.9
2020-05-16 23:00:00,0.0,0.0,142114.0,22,4135001,,0.25,True,0.0,0.0,24.461625066666663,22.18635246666667,0.0,False,33.3,42,100,5,11,100,0.0,0.0,0.0,0.0,0.0,3.1
2020-05-16 23:15:00,0.0,0.0,142114.0,22,4135001,,0.25,True,0.0,0.0,24.39256806666667,22.2029236,0.0,False,33.3,42,100,5,11,100,0.0,0.0,0.0,0.0,0.0,3.1
2020-05-16 23:30:00,0.0,0.0,142114.0,22,4135001,,0.25,True,0.0,0.0,24.3780212,22.112622066666667,0.0,False,33.3,42,100,5,11,100,0.0,0.0,0.0,0.0,0.0,3.1
2020-05-16 23:45:00,0.0,0.0,130779.0,22,4135001,,0.25,True,0.0,0.0,24.2493468,21.814211066666665,0.0,False,33.3,42,100,5,11,100,0.0,0.0,0.0,0.0,0.0,3.1
2020-05-17 00:00:00,0.0,0.0,4908.0,22,4135001,,0.25,True,0.0,0.0,24.170165933333333,21.63149,0.0,False,31.6,49,100,8,14,100,0.1,0.0,0.0,0.0,0.0,3.9
2020-05-17 00:15:00,0.0,0.0,0.0,22,4135001,,0.25,True,0.0,0.0,24.011531466666668,21.6482788,0.0,False,31.6,49,100,8,14,100,0.1,0.0,0.0,0.0,0.0,3.9
2020-05-17 00:30:00,0.0,0.0,0.0,22,4135001,,0.25,True,0.0,0.0,23.8949484,21.48822633333333,0.0,False,31.6,49,100,8,14,100,0.1,0.0,0.0,0.0,0.0,3.9
2020-05-17 00:45:00,0.0,0.0,0.0,22,4135001,,0.25,True,0.0,0.0,23.936809,21.515644642857144,0.0,False,31.6,49,100,8,14,100,0.1,0.0,0.0,0.0,0.0,3.9
2020-05-17 01:00:00,0.0,0.0,0.0,22,4135001,,0.25,True,0.0,0.0,23.879315066666667,21.539557066666667,0.0,False,31.0,53,100,5,9,100,0.0,0.0,0.0,0.0,0.0,7.2
2020-05-17 01:15:00,0.0,0.0,0.0,22,4135001,,0.25,True,0.0,0.0,23.75795086666667,21.39526566666667,0.0,False,31.0,53,100,5,9,100,0.0,0.0,0.0,0.0,0.0,7.2
2020-05-17 01:30:00,0.0,0.0,0.0,22,4135001,,0.25,True,0.0,0.0,23.732131937500004,21.8714694375,0.0,False,31.0,53,100,5,9,100,0.0,0.0,0.0,0.0,0.0,7.2
2020-05-17 01:45:00,0.0,0.0,0.0,22,4135001,,0.25,True,0.0,0.0,23.726536066666668,21.646289066666665,0.0,False,31.0,53,100,5,9,100,0.0,0.0,0.0,0.0,0.0,7.2
2020-05-17 02:00:00,0.0,0.0,0.0,22,4135001,,0.25,True,0.0,0.0,23.5248778,21.337225266666668,0.0,False,30.4,55,100,4,8,100,0.0,0.0,0.0,0.0,0.0,7.3
2020-05-17 02:15:00,0.0,0.0,0.0,22,4135001,,0.25,True,0.0,0.0,23.45815413333333,21.357688333333336,0.0,False,30.4,55,100,4,8,100,0.0,0.0,0.0,0.0,0.0,7.3
2020-05-17 02:30:00,0.0,0.0,0.0,22,4135001,,0.25,True,0.0,0.0,23.3887412,21.382649866666668,0.0,False,30.4,55,100,4,8,100,0.0,0.0,0.0,0.0,0.0,7.3
2020-05-17 02:45:00,0.0,0.0,0.0,22,4135001,,0.25,True,0.0,0.0,23.265284928571425,21.255172642857147,0.0,False,30.4,55,100,4,8,100,0.0,0.0,0.0,0.0,0.0,7.3
2020-05-17 03:00:00,0.0,0.0,0.0,22,4135001,,0.25,True,0.0,0.0,23.317295400000003,21.500791266666663,0.0,False,30.0,56,100,1,5,100,0.0,0.0,0.0,0.0,0.0,5.5
2020-05-17 03:15:00,0.0,0.0,0.0,22,4135001,,0.25,True,0.0,0.0,23.213891600000004,21.4639018,0.0,False,30.0,56,100,1,5,100,0.0,0.0,0.0,0.0,0.0,5.5
2020-05-17 03:30:00,0.0,0.0,0.0,22,4135001,,0.25,True,0.0,0.0,22.9518738,20.877089466666664,0.0,False,30.0,56,100,1,5,100,0.0,0.0,0.0,0.0,0.0,5.5
2020-05-17 03:45:00,0.0,0.0,0.0,22,4135001,,0.25,True,0.0,0.0,22.941931,20.8091066,0.0,False,30.0,56,100,1,5,100,0.0,0.0,0.0,0.0,0.0,5.5
2020-05-17 04:00:00,0.0,0.0,0.0,22,4135001,,0.25,True,0.0,0.0,22.86391193333333,20.755200200000004,0.0,False,29.4,57,99,0,3,99,0.0,0.0,0.0,0.0,0.0,3.6
2020-05-17 04:15:00,0.0,0.0,0.0,22,4135001,,0.25,True,0.0,0.0,22.822157866666668,20.885530466666665,0.0,False,29.4,57,99,0,3,99,0.0,0.0,0.0,0.0,0.0,3.6
2020-05-17 04:30:00,0.0,0.0,0.0,22,4135001,,0.25,True,0.0,0.0,22.8671814,21.154836066666668,0.0,False,29.4,57,99,0,3,99,0.0,0.0,0.0,0.0,0.0,3.6
2020-05-17 04:45:00,0.0,0.0,0.0,22,4135001,,0.25,True,0.0,0.0,22.746960466666668,21.0750916,0.0,False,29.4,57,99,0,3,99,0.0,0.0,0.0,0.0,0.0,3.6
2020-05-17 05:00:00,0.0,0.0,0.0,22,4135001,,0.25,True,0.0,0.0,22.567999266666664,20.847640066666667,0.0,False,29.9,57,76,0,8,100,0.0,0.0,0.0,0.0,0.0,1.1
2020-05-17 05:15:00,0.0,0.0,0.0,22,4135001,,0.25,True,0.0,0.0,22.572514071428568,20.91312521428572,0.0,False,29.9,57,76,0,8,100,0.0,0.0,0.0,0.0,0.0,1.1
2020-05-17 05:30:00,0.0,0.0,0.0,22,4135001,,0.25,True,0.0,0.0,22.549147400000003,21.070228933333333,0.0,False,29.9,57,76,0,8,100,0.0,0.0,0.0,0.0,0.0,1.1
2020-05-17 05:45:00,0.0,0.0,0.0,22,4135001,,0.25,True,0.0,0.0,22.5879394,21.22639153333333,0.000333454882,False,29.9,57,76,0,8,100,0.0,0.0,0.0,0.0,0.0,1.1
2020-05-17 06:00:00,33.875,3.2625,0.125,22,4135001,0.096309963099631,0.25,True,0.815625,8.46875,22.69311313333333,21.416339066666666,0.00478462602,False,30.0,58,100,0,14,100,0.0,19.0,2.0,17.0,20.3,4.4
2020-05-17 06:15:00,2686.3214286,259.15714286,24.142857144,22,4135001,0.09647287182422619,0.25,True,64.789285715,671.58035715,22.79481626666667,21.689546733333334,0.0123497075333333,False,30.0,58,100,0,14,100,0.0,19.0,2.0,17.0,20.3,4.4
2020-05-17 06:30:00,9962.3571428,963.41428573,165.892857141,22,4135001,0.09670545553832903,0.25,True,240.8535714325,2490.5892857,22.685673066666663,21.89033826666667,0.0341808814,False,30.0,58,100,0,14,100,0.0,19.0,2.0,17.0,20.3,4.4
2020-05-17 06:45:00,19398.2142856,1883.04464287,504.10714285,22,4135001,0.0970730921488919,0.25,True,470.7611607175,4849.5535714,22.94856573333333,22.59763193333333,0.0679046076,False,30.0,58,100,0,14,100,0.0,19.0,2.0,17.0,20.3,4.4
2020-05-17 07:00:00,31089.035716,3034.2642858,1116.85714286,22,4135001,0.09759917655594616,0.25,True,758.56607145,7772.258929,23.29249893333333,23.8324564,0.1069960559333333,False,30.9,56,100,0,8,100,0.0,148.0,56.0,92.0,209.4,4.8
2020-05-17 07:15:00,54007.767857,5296.4375,2154.24999996,22,4135001,0.09806806891230413,0.25,True,1324.109375,13501.94196425,23.61099233333333,25.83404733333333,0.1964333966666666,False,30.9,56,100,0,8,100,0.0,148.0,56.0,92.0,209.4,4.8
2020-05-17 07:30:00,62683.946427999996,6154.7196431,3483.3392857,22,4135001,0.09818653728462089,0.25,True,1538.679910775,15670.986606999999,23.908458142857143,27.4991695,0.2219224921428571,False,30.9,56,100,0,8,100,0.0,148.0,56.0,92.0,209.4,4.8
2020-05-17 07:45:00,94392.714285,9265.5714285,5414.4821427,22,4135001,0.0981598156031879,0.25,True,2316.392857125,23598.17857125,24.331876666666663,30.97835493333333,0.3224647546666666,False,30.9,56,100,0,8,100,0.0,148.0,56.0,92.0,209.4,4.8
2020-05-17 08:00:00,111470.267857,10929.7982145,8076.8214285,22,4135001,0.09805124204528985,0.25,True,2732.449553625,27867.56696425,25.0617614,34.63271466666667,0.3787024119999999,False,32.4,52,100,0,7,100,0.0,351.0,206.0,145.0,418.9,4.8
2020-05-17 08:15:00,113588.17857,11135.2946429,10794.6607142,22,4135001,0.09803216129606082,0.25,True,2783.823660725,28397.0446425,25.646803733333336,37.81797673333334,0.3835502693333333,False,32.4,52,100,0,7,100,0.0,351.0,206.0,145.0,418.9,4.8
2020-05-17 08:30:00,123013.892857,12057.8107142,13581.0535714,22,4135001,0.09801991006184031,0.25,True,3014.45267855,30753.47321425,26.14622593333333,40.326182133333326,0.4169753466666666,False,32.4,52,100,0,7,100,0.0,351.0,206.0,145.0,418.9,4.8
2020-05-17 08:45:00,164801.160715,16134.9196428,17065.3035716,22,4135001,0.09790537622913367,0.25,True,4033.7299107,41200.29017875,27.030932600000003,44.45619293333334,0.561811632,False,32.4,52,100,0,7,100,0.0,351.0,206.0,145.0,418.9,4.8
2020-05-17 09:00:00,169528.375,16595.9624999,21327.767857,22,4135001,0.09789489517551266,0.25,True,4148.990624975,42382.09375,27.683191,48.176432,0.5760844593333334,False,34.1,48,100,1,12,100,0.0,543.0,366.0,177.0,531.7,7.1
2020-05-17 09:15:00,142848.482143,13991.1553571,24857.035713999998,22,4135001,0.09794402535613927,0.25,True,3497.788839275,35712.12053575,27.985940285714285,45.11740971428571,0.4417064292857143,False,34.1,48,100,1,12,100,0.0,543.0,366.0,177.0,531.7,7.1
2020-05-17 09:30:00,183590.821428,17965.3107143,29155.642857,22,4135001,0.09785516821899276,0.25,True,4491.327678575,45897.705357,28.59910273333333,46.90497853333333,0.626964662,False,34.1,48,100,1,12,100,0.0,543.0,366.0,177.0,531.7,7.1
2020-05-17 09:45:00,227299.58929,22218.2303581,34038.017856,22,4135001,0.09774866038034451,0.25,True,5554.557589525,56824.8973225,29.23562,49.9406148,0.7723580713333332,False,34.1,48,100,1,12,100,0.0,543.0,366.0,177.0,531.7,7.1
2020-05-17 10:00:00,216354.160702,21149.9892858,39706.446428,22,4135001,0.09775633256682031,0.25,True,5287.49732145,54088.5401755,30.091312666666663,52.08946933333333,0.7535374446666667,False,35.6,43,99,1,6,99,0.0,703.0,468.0,235.0,554.6,7.4
2020-05-17 10:15:00,213328.357147,20861.5571429,44739.875,22,4135001,0.09779083016387151,0.25,True,5215.389285725,53332.08928675,30.02618813333333,48.932501133333325,0.7175451686666666,False,35.6,43,99,1,6,99,0.0,703.0,468.0,235.0,554.6,7.4
2020-05-17 10:30:00,225160.44644,21990.9107148,50157.589286,22,4135001,0.09766773455328027,0.25,True,5497.7276787,56290.11161,30.158901066666665,50.718400200000005,0.685881602,False,35.6,43,99,1,6,99,0.0,703.0,468.0,235.0,554.6,7.4
2020-05-17 10:45:00,252507.32143,24634.428573,56142.678572,22,4135001,0.09755926455316326,0.25,True,6158.60714325,63126.8303575,31.06742553333333,55.4462772,0.8551090753333334,False,35.6,43,99,1,6,99,0.0,703.0,468.0,235.0,554.6,7.4
2020-05-17 11:00:00,243104.78571,23719.482142,61854.625,22,4135001,0.09756896423378107,0.25,True,5929.8705355,60776.1964275,31.16485806666667,55.28936173333333,0.8123890526666666,False,36.9,38,99,0,3,99,0.0,747.0,500.0,247.0,527.7,8.4
2020-05-17 11:15:00,277243.94643,27034.6321414,68351.964285,22,4135001,0.09751207371528973,0.25,True,6758.65803535,69310.9866075,31.53113,60.208569533333325,0.997903636,False,36.9,38,99,0,3,99,0.0,747.0,500.0,247.0,527.7,8.4
2020-05-17 11:30:00,268838.82143,26224.062501,75207.964286,22,4135001,0.0975456682986099,0.25,True,6556.01562525,67209.7053575,32.317808071428566,63.145581571428565,0.97745754,False,36.9,38,99,0,3,99,0.0,747.0,500.0,247.0,527.7,8.4
2020-05-17 11:45:00,236420.660706,23074.4815471,81300.02976,22,4135001,0.09759926005703107,0.25,True,5768.620386775,59105.1651765,32.5278644,61.80199160000001,0.869908956,False,36.9,38,99,0,3,99,0.0,747.0,500.0,247.0,527.7,8.4
2020-05-17 12:00:00,179601.339283,17569.6803573,86055.964287,22,4135001,0.09782599855569697,0.25,True,4392.420089325,44900.33482075,32.495967666666665,56.101076266666674,0.635450962,False,38.5,33,100,0,23,100,0.0,865.0,570.0,295.0,574.3,10.0
2020-05-17 12:15:00,232526.089289,22708.0482142,91072.142857,22,4135001,0.09765806617070319,0.25,True,5677.01205355,58131.52232225,32.98554906666667,55.0942282,0.7835893886666667,False,38.5,33,100,0,23,100,0.0,865.0,570.0,295.0,574.3,10.0
2020-05-17 12:30:00,183652.232143,17951.9339283,96224.946429,22,4135001,0.09774960924145919,0.25,True,4487.983482075,45913.05803575,33.10833713333334,56.4158632,0.6696705126666667,False,38.5,33,100,0,23,100,0.0,865.0,570.0,295.0,574.3,10.0
2020-05-17 12:45:00,230469.857144,22497.8178564,101040.589286,22,4135001,0.09761718141884006,0.25,True,5624.4544641,57617.464286,33.64918780000001,56.556677533333335,0.8371243526666667,False,38.5,33,100,0,23,100,0.0,865.0,570.0,295.0,574.3,10.0
2020-05-17 13:00:00,129220.892857,12658.4035713,106043.5,22,4135001,0.09795941887902133,0.25,True,3164.600892825,32305.22321425,33.88692626666666,53.80755813333333,0.4224988753333333,False,38.9,31,100,0,47,100,0.0,656.0,291.0,365.0,298.3,10.8
2020-05-17 13:15:00,141976.303573,13890.5089286,108532.285716,22,4135001,0.09783681205263885,0.25,True,3472.62723215,35494.07589325,33.053440333333334,43.3909484,0.4517712339999999,False,38.9,31,100,0,47,100,0.0,656.0,291.0,365.0,298.3,10.8
2020-05-17 13:30:00,225256.089284,21993.3232134,113827.071428,22,4135001,0.09763697524585495,0.25,True,5498.33080335,56314.022321,33.727413,54.2896504,0.7428897426666667,False,38.9,31,100,0,47,100,0.0,656.0,291.0,365.0,298.3,10.8
2020-05-17 13:45:00,186896.553571,18266.875,118395.124999,22,4135001,0.0977378911006008,0.25,True,4566.71875,46724.13839275,34.05229864285714,52.027917142857135,0.6250849942857142,False,38.9,31,100,0,47,100,0.0,656.0,291.0,365.0,298.3,10.8
2020-05-17 14:00:00,195425.267851,19093.9589284,123746.142857,22,4135001,0.09770465783860659,0.25,True,4773.4897321,48856.31696275,34.48483913333333,55.32990506666666,0.6977725753333333,False,38.6,30,100,0,53,100,0.0,503.0,219.0,284.0,243.9,11.4
2020-05-17 14:15:00,127088.571429,12450.1464286,127161.410715,22,4135001,0.09796432746555395,0.25,True,3112.53660715,31772.14285725,34.304164533333335,47.853904533333335,0.4311784306666666,False,38.6,30,100,0,53,100,0.0,503.0,219.0,284.0,243.9,11.4
2020-05-17 14:30:00,87466.928572,8580.1267855,129928.267858,22,4135001,0.09809566799224134,0.25,True,2145.031696375,21866.732143,34.02411533333334,44.905969266666666,0.3150899026666667,False,38.6,30,100,0,53,100,0.0,503.0,219.0,284.0,243.9,11.4
2020-05-17 14:45:00,209780.767856,20508.2392859,133314.035715,22,4135001,0.0977603404520737,0.25,True,5127.059821475,52445.191964,34.147082733333335,47.63582766666666,0.6598271179999999,False,38.6,30,100,0,53,100,0.0,503.0,219.0,284.0,243.9,11.4
2020-05-17 15:00:00,203799.660711,19932.6107144,138772.0,22,4135001,0.09780492590056676,0.25,True,4983.1526786,50949.91517775,35.109771733333325,54.05481966666666,0.6836362013333332,False,38.5,30,100,0,33,100,0.0,471.0,174.0,297.0,227.4,12.4
2020-05-17 15:15:00,157427.55357,15414.2660713,143098.803571,22,4135001,0.09791339395010076,0.25,True,3853.566517825,39356.8883925,35.25248613333334,49.98867166666666,0.5102416726666666,False,38.5,30,100,0,33,100,0.0,471.0,174.0,297.0,227.4,12.4
2020-05-17 15:30:00,174269.928572,17053.4535714,147282.589284,22,4135001,0.09785654766223381,0.25,True,4263.36339285,43567.482143,34.98165257142857,49.41860521428572,0.5909004857142856,False,38.5,30,100,0,33,100,0.0,471.0,174.0,297.0,227.4,12.4
2020-05-17 15:45:00,92518.624999,9080.1107143,150319.964283,22,4135001,0.0981435977285454,0.25,True,2270.027678575,23129.65624975,34.6127872,43.38971593333332,0.289312882,False,38.5,30,100,0,33,100,0.0,471.0,174.0,297.0,227.4,12.4
2020-05-17 16:00:00,140131.178571,13724.5607143,153352.696429,22,4135001,0.09794080699425647,0.25,True,3431.140178575,35032.79464275,34.73750799999999,44.045326466666666,0.4533658826666666,False,37.9,31,100,0,48,100,0.0,272.0,84.0,188.0,143.4,11.7
2020-05-17 16:15:00,102908.54762,10094.6898811,156142.577382,22,4135001,0.09809379409741202,0.25,True,2523.672470275,25727.136905,31.03193885714285,39.526938357142846,0.3384331157142856,False,37.9,31,100,0,48,100,0.0,272.0,84.0,188.0,143.4,11.7
2020-05-17 16:30:00,93120.178572,9136.1446428,158513.749999,22,4135001,0.09811133078676372,0.25,True,2284.0361607,23280.044643,29.56562293333333,36.276623400000005,0.2913128866666666,False,37.9,31,100,0,48,100,0.0,272.0,84.0,188.0,143.4,11.7
2020-05-17 16:45:00,81902.267858,8045.3589286,160702.178571,22,4135001,0.0982312106735412,0.25,True,2011.33973215,20475.5669645,29.363769533333336,35.604502399999994,0.257869254,False,37.9,31,100,0,48,100,0.0,272.0,84.0,188.0,143.4,11.7
2020-05-17 17:00:00,44835.803573,4395.6089285,162235.892856,22,4135001,0.09803792010425846,0.25,True,1098.902232125,11208.95089325,28.750748666666663,32.94330453333333,0.1410015502666666,False,36.5,35,100,0,28,100,0.0,124.0,18.0,106.0,48.3,14.0
2020-05-17 17:15:00,36720.339286,3597.6303569,163210.642856,22,4135001,0.09797377766255098,0.25,True,899.407589225,9180.0848215,28.2966472,30.6336732,0.1170341706666666,False,36.5,35,100,0,28,100,0.0,124.0,18.0,106.0,48.3,14.0
2020-05-17 17:30:00,30144.785715,2934.0232143,164033.767858,22,4135001,0.0973310356901968,0.25,True,733.505803575,7536.19642875,27.601739071428568,29.47836742857143,0.0945128417142857,False,36.5,35,100,0,28,100,0.0,124.0,18.0,106.0,48.3,14.0
2020-05-17 17:45:00,19238.3214285,1867.34285714,164656.30357,22,4135001,0.09706371026599464,0.25,True,466.835714285,4809.580357125,26.728900000000003,27.917517000000004,0.0617229363333333,False,36.5,35,100,0,28,100,0.0,124.0,18.0,106.0,48.3,14.0
2020-05-17 18:00:00,6983.2678571,674.78035714,164965.053571,22,4135001,0.096628164771589,0.25,True,168.695089285,1745.816964275,26.354187066666668,26.4137554,0.0236255477666666,False,35.1,38,100,0,30,100,0.0,42.0,4.0,38.0,26.1,7.9
2020-05-17 18:15:00,2879.6964287,277.84821429,165077.624999,22,4135001,0.09648524459761573,0.25,True,69.4620535725,719.924107175,26.136122600000004,25.373767200000003,0.0103677880266666,False,35.1,38,100,0,30,100,0.0,42.0,4.0,38.0,26.1,7.9
2020-05-17 18:30:00,0.0,0.0,165106.0,22,4135001,,0.25,True,0.0,0.0,26.141086733333328,25.04768066666667,0.0008371204092466,False,35.1,38,100,0,30,100,0.0,42.0,4.0,38.0,26.1,7.9
2020-05-17 18:45:00,0.0,0.0,165106.0,22,4135001,,0.25,True,0.0,0.0,25.99661440000001,24.617095866666663,0.0,False,35.1,38,100,0,30,100,0.0,42.0,4.0,38.0,26.1,7.9
2020-05-17 19:00:00,0.0,0.0,165106.0,22,4135001,,0.25,True,0.0,0.0,25.8602378,24.0412028,0.0,False,34.4,39,100,0,48,100,0.0,0.0,0.0,0.0,0.0,5.7
2020-05-17 19:15:00,0.0,0.0,165106.0,22,4135001,,0.25,True,0.0,0.0,25.983874333333333,24.02473346666667,0.0,False,34.4,39,100,0,48,100,0.0,0.0,0.0,0.0,0.0,5.7
2020-05-17 19:30:00,0.0,0.0,165106.0,22,4135001,,0.25,True,0.0,0.0,25.908121666666663,24.077667266666676,0.0,False,34.4,39,100,0,48,100,0.0,0.0,0.0,0.0,0.0,5.7
2020-05-17 19:45:00,0.0,0.0,165106.0,22,4135001,,0.25,True,0.0,0.0,25.816386571428573,24.16028707142857,0.0,False,34.4,39,100,0,48,100,0.0,0.0,0.0,0.0,0.0,5.7
2020-05-17 20:00:00,0.0,0.0,165106.0,22,4135001,,0.25,True,0.0,0.0,25.671177266666668,24.322601266666663,0.0,False,34.1,41,100,0,11,100,0.0,0.0,0.0,0.0,0.0,2.2
2020-05-17 20:15:00,0.0,0.0,165106.0,22,4135001,,0.25,True,0.0,0.0,25.501432266666665,23.832798466666663,0.0,False,34.1,41,100,0,11,100,0.0,0.0,0.0,0.0,0.0,2.2
2020-05-17 20:30:00,0.0,0.0,165106.0,22,4135001,,0.25,True,0.0,0.0,25.29024046666667,23.789335066666663,0.0,False,34.1,41,100,0,11,100,0.0,0.0,0.0,0.0,0.0,2.2
2020-05-17 20:45:00,0.0,0.0,165106.0,22,4135001,,0.25,True,0.0,0.0,25.28608,24.130078200000003,0.0,False,34.1,41,100,0,11,100,0.0,0.0,0.0,0.0,0.0,2.2
2020-05-17 21:00:00,0.0,0.0,165106.0,22,4135001,,0.25,True,0.0,0.0,25.382098400000004,24.566923,0.0,False,33.3,44,100,0,3,100,0.0,0.0,0.0,0.0,0.0,8.0
2020-05-17 21:15:00,0.0,0.0,165106.0,22,4135001,,0.25,True,0.0,0.0,22.50401006666667,21.093290266666667,0.0,False,33.3,44,100,0,3,100,0.0,0.0,0.0,0.0,0.0,8.0
2020-05-17 21:30:00,0.0,0.0,165106.0,22,4135001,,0.25,True,0.0,0.0,21.507785933333327,20.427958,0.0,False,33.3,44,100,0,3,100,0.0,0.0,0.0,0.0,0.0,8.0
2020-05-17 21:45:00,0.0,0.0,165106.0,22,4135001,,0.25,True,0.0,0.0,21.294806357142853,20.37712092857143,0.0,False,33.3,44,100,0,3,100,0.0,0.0,0.0,0.0,0.0,8.0
2020-05-17 22:00:00,0.0,0.0,165106.0,22,4135001,,0.25,True,0.0,0.0,21.237546733333332,20.449766,0.0,False,32.7,46,100,0,7,100,0.0,0.0,0.0,0.0,0.0,7.6
2020-05-17 22:15:00,0.0,0.0,165106.0,22,4135001,,0.25,True,0.0,0.0,21.260813466666665,20.511558,0.0,False,32.7,46,100,0,7,100,0.0,0.0,0.0,0.0,0.0,7.6
2020-05-17 22:30:00,0.0,0.0,165106.0,22,4135001,,0.25,True,0.0,0.0,21.314433,20.633658733333327,0.0,False,32.7,46,100,0,7,100,0.0,0.0,0.0,0.0,0.0,7.6
2020-05-17 22:45:00,0.0,0.0,165106.0,22,4135001,,0.25,True,0.0,0.0,21.31589153333333,20.690883266666667,0.0,False,32.7,46,100,0,7,100,0.0,0.0,0.0,0.0,0.0,7.6
2020-05-17 23:00:00,0.0,0.0,165106.0,22,4135001,,0.25,True,0.0,0.0,21.2205322,20.590588399999994,0.0,False,30.7,55,100,7,46,100,0.3,0.0,0.0,0.0,0.0,7.6
2020-05-17 23:15:00,0.0,0.0,165106.0,22,4135001,,0.25,True,0.0,0.0,21.216575066666667,20.6353922,0.0,False,30.7,55,100,7,46,100,0.3,0.0,0.0,0.0,0.0,7.6
2020-05-17 23:30:00,0.0,0.0,165106.0,22,4135001,,0.25,True,0.0,0.0,21.273112,20.632493266666668,0.0,False,30.7,55,100,7,46,100,0.3,0.0,0.0,0.0,0.0,7.6
2020-05-17 23:45:00,0.0,0.0,155005.285714,22,4135001,,0.25,True,0.0,0.0,21.209418285714285,20.563114714285717,0.0,False,30.7,55,100,7,46,100,0.3,0.0,0.0,0.0,0.0,7.6
2020-05-18 00:00:00,0.0,0.0,5682.25,22,4135001,,0.25,True,0.0,0.0,21.1556906,20.599399733333332,0.0,False,27.7,73,100,0,22,100,0.8,0.0,0.0,0.0,0.0,10.8
2020-05-18 00:15:00,0.0,0.0,0.0,22,4135001,,0.25,True,0.0,0.0,21.0414368,20.475962266666667,0.0,False,27.7,73,100,0,22,100,0.8,0.0,0.0,0.0,0.0,10.8
2020-05-18 00:30:00,0.0,0.0,0.0,22,4135001,,0.25,True,0.0,0.0,21.14206753333333,20.531305,0.0,False,27.7,73,100,0,22,100,0.8,0.0,0.0,0.0,0.0,10.8
2020-05-18 00:45:00,0.0,0.0,0.0,22,4135001,,0.25,True,0.0,0.0,21.13725773333333,20.533317066666665,0.0,False,27.7,73,100,0,22,100,0.8,0.0,0.0,0.0,0.0,10.8
2020-05-18 01:00:00,0.0,0.0,0.0,22,4135001,,0.25,True,0.0,0.0,21.070792666666662,20.480647866666665,0.0,False,28.0,69,100,2,25,100,0.0,0.0,0.0,0.0,0.0,6.7
2020-05-18 01:15:00,0.0,0.0,0.0,22,4135001,,0.25,True,0.0,0.0,20.989664666666663,20.38562406666667,0.0,False,28.0,69,100,2,25,100,0.0,0.0,0.0,0.0,0.0,6.7
2020-05-18 01:30:00,0.0,0.0,0.0,22,4135001,,0.25,True,0.0,0.0,20.983842,20.376831,0.0,False,28.0,69,100,2,25,100,0.0,0.0,0.0,0.0,0.0,6.7
2020-05-18 01:45:00,0.0,0.0,0.0,22,4135001,,0.25,True,0.0,0.0,21.027005866666663,20.393176200000003,0.0,False,28.0,69,100,2,25,100,0.0,0.0,0.0,0.0,0.0,6.7
2020-05-18 02:00:00,0.0,0.0,0.0,22,4135001,,0.25,True,0.0,0.0,20.969343142857145,20.333884,0.0,False,28.1,68,100,0,25,100,0.0,0.0,0.0,0.0,0.0,7.7
2020-05-18 02:15:00,0.0,0.0,0.0,22,4135001,,0.25,True,0.0,0.0,21.007230733333337,20.224764,0.0,False,28.1,68,100,0,25,100,0.0,0.0,0.0,0.0,0.0,7.7
2020-05-18 02:30:00,0.0,0.0,0.0,22,4135001,,0.25,True,0.0,0.0,21.13065793333333,20.224632,0.0,False,28.1,68,100,0,25,100,0.0,0.0,0.0,0.0,0.0,7.7
2020-05-18 02:45:00,0.0,0.0,0.0,22,4135001,,0.25,True,0.0,0.0,21.211199999999995,20.258032333333333,0.0,False,28.1,68,100,0,25,100,0.0,0.0,0.0,0.0,0.0,7.7
2020-05-18 03:00:00,0.0,0.0,0.0,22,4135001,,0.25,True,0.0,0.0,21.25834353333333,20.346830266666668,0.0,False,28.3,64,100,1,23,100,0.0,0.0,0.0,0.0,0.0,11.9
2020-05-18 03:15:00,0.0,0.0,0.0,22,4135001,,0.25,True,0.0,0.0,21.351094533333328,20.8456686,0.0,False,28.3,64,100,1,23,100,0.0,0.0,0.0,0.0,0.0,11.9
2020-05-18 03:30:00,0.0,0.0,0.0,22,4135001,,0.25,True,0.0,0.0,21.370375666666664,21.00739133333333,0.0,False,28.3,64,100,1,23,100,0.0,0.0,0.0,0.0,0.0,11.9
2020-05-18 03:45:00,0.0,0.0,0.0,22,4135001,,0.25,True,0.0,0.0,21.3891804,20.86159873333333,0.0,False,28.3,64,100,1,23,100,0.0,0.0,0.0,0.0,0.0,11.9
2020-05-18 04:00:00,0.0,0.0,0.0,22,4135001,,0.25,True,0.0,0.0,21.4589906,20.88282673333333,0.0,False,28.2,63,100,3,22,100,0.0,0.0,0.0,0.0,0.0,11.6
2020-05-18 04:15:00,0.0,0.0,0.0,22,4135001,,0.25,True,0.0,0.0,21.187731933333332,20.365230333333333,0.0,False,28.2,63,100,3,22,100,0.0,0.0,0.0,0.0,0.0,11.6
2020-05-18 04:30:00,0.0,0.0,0.0,22,4135001,,0.25,True,0.0,0.0,21.036965428571428,19.75568707142857,0.0,False,28.2,63,100,3,22,100,0.0,0.0,0.0,0.0,0.0,11.6
2020-05-18 04:45:00,0.0,0.0,0.0,22,4135001,,0.25,True,0.0,0.0,20.961525466666664,19.47753106666667,0.0,False,28.2,63,100,3,22,100,0.0,0.0,0.0,0.0,0.0,11.6
2020-05-18 05:00:00,0.0,0.0,0.0,22,4135001,,0.25,True,0.0,0.0,21.00024833333333,19.778517666666666,0.0,False,28.5,68,99,0,14,88,0.0,0.0,0.0,0.0,0.0,15.3
2020-05-18 05:15:00,0.0,0.0,0.0,22,4135001,,0.25,True,0.0,0.0,21.127661266666664,20.065865,0.0,False,28.5,68,99,0,14,88,0.0,0.0,0.0,0.0,0.0,15.3
2020-05-18 05:30:00,0.0,0.0,0.0,22,4135001,,0.25,True,0.0,0.0,21.194393066666667,20.01042266666667,0.0,False,28.5,68,99,0,14,88,0.0,0.0,0.0,0.0,0.0,15.3
2020-05-18 05:45:00,0.0,0.0,0.0,22,4135001,,0.25,True,0.0,0.0,21.265387133333327,19.97623313333333,0.0005199656633333,False,28.5,68,99,0,14,88,0.0,0.0,0.0,0.0,0.0,15.3
2020-05-18 06:00:00,1591.4107142999999,153.528571429,7.339285716,22,4135001,0.09647325486088065,0.25,True,38.38214285725,397.85267857499997,21.30836173333333,20.28832386666667,0.00859414896,False,28.8,67,84,0,18,81,0.0,18.0,4.0,14.0,40.4,14.5
2020-05-18 06:15:00,8430.1964286,814.88035716,121.321428572,22,4135001,0.09666208421852003,0.25,True,203.72008929,2107.54910715,21.431498266666665,20.859558,0.0283668289333333,False,28.8,67,84,0,18,81,0.0,18.0,4.0,14.0,40.4,14.5
2020-05-18 06:30:00,16432.3035713,1593.39999999,414.73214286,22,4135001,0.09696753672278599,0.25,True,398.3499999975,4108.075892825,21.610323285714287,21.56044657142857,0.0539561357142857,False,28.8,67,84,0,18,81,0.0,18.0,4.0,14.0,40.4,14.5
2020-05-18 06:45:00,25202.517858,2450.3089287,928.03571428,22,4135001,0.09722476708501575,0.25,True,612.577232175,6300.6294645,21.672629800000003,22.11884373333333,0.0805502275333333,False,28.8,67,84,0,18,81,0.0,18.0,4.0,14.0,40.4,14.5
2020-05-18 07:00:00,37087.482142,3629.3196429,1662.14285715,22,4135001,0.09785834554645999,0.25,True,907.329910725,9271.8705355,21.834507400000003,23.14069626666667,0.1175455726666666,False,30.3,63,52,0,20,41,0.0,140.0,64.0,76.0,238.9,14.8
2020-05-18 07:15:00,58659.571429,5754.5964286,2825.1785713,22,4135001,0.09810157640795605,0.25,True,1438.64910715,14664.89285725,22.19873053333333,25.319020466666665,0.187030046,False,30.3,63,52,0,20,41,0.0,140.0,64.0,76.0,238.9,14.8
2020-05-18 07:30:00,75916.124999,7457.6535716,4567.0892857,22,4135001,0.09823543511603411,0.25,True,1864.4133929,18979.03124975,22.696124266666665,28.3609558,0.2446230293333333,False,30.3,63,52,0,20,41,0.0,140.0,64.0,76.0,238.9,14.8
2020-05-18 07:45:00,39010.089286,3818.7375,5961.6785714,22,4135001,0.09789102178165161,0.25,True,954.684375,9752.5223215,23.109639466666664,29.0602518,0.119259876,False,30.3,63,52,0,20,41,0.0,140.0,64.0,76.0,238.9,14.8
2020-05-18 08:00:00,27942.714286000002,2718.2392857,6745.5357143,22,4135001,0.09727899937988149,0.25,True,679.559821425,6985.6785715000005,23.232289466666664,26.9630168,0.0829558039333333,False,32.2,57,100,0,23,100,0.0,330.0,214.0,116.0,435.0,16.5
2020-05-18 08:15:00,30378.553571,2958.9553572,7431.8928572,22,4135001,0.09740277298866133,0.25,True,739.7388393,7594.63839275,23.337219066666663,26.20634773333333,0.0897481783333333,False,32.2,57,100,0,23,100,0.0,330.0,214.0,116.0,435.0,16.5
2020-05-18 08:30:00,40084.678570000004,3928.7928572,8296.5178572,22,4135001,0.09801233282534963,0.25,True,982.1982143,10021.169642500001,23.50864866666667,26.8290996,0.1180922946666666,False,32.2,57,100,0,23,100,0.0,330.0,214.0,116.0,435.0,16.5
2020-05-18 08:45:00,42335.142856,4149.9160714,9309.9285712,22,4135001,0.09802532344146438,0.25,True,1037.47901785,10583.785714,23.5459355,27.599182000000003,0.1246440646428571,False,32.2,57,100,0,23,100,0.0,330.0,214.0,116.0,435.0,16.5
2020-05-18 09:00:00,38993.053572,3821.5053571,10340.0714286,22,4135001,0.09800477282559204,0.25,True,955.376339275,9748.263393,23.7412598,27.860758533333332,0.1154349828,False,34.3,49,100,0,12,100,0.0,518.0,348.0,170.0,505.6,19.2
2020-05-18 09:15:00,37807.107143,3705.2410715,11258.0178569,22,4135001,0.09800382392351399,0.25,True,926.310267875,9451.77678575,23.763322,27.507177666666667,0.1104082978666666,False,34.3,49,100,0,12,100,0.0,518.0,348.0,170.0,505.6,19.2
2020-05-18 09:30:00,32844.732142,3203.3714285,12132.7857143,22,4135001,0.09753075210510571,0.25,True,800.842857125,8211.1830355,23.76201373333333,27.197131266666663,0.0963806904,False,34.3,49,100,0,12,100,0.0,518.0,348.0,170.0,505.6,19.2
2020-05-18 09:45:00,33617.946427,3284.105357,12910.2321429,22,4135001,0.09768905320053682,0.25,True,821.02633925,8404.48660675,23.76213573333333,26.630550000000003,0.0992951618,False,34.3,49,100,0,12,100,0.0,518.0,348.0,170.0,505.6,19.2
2020-05-18 10:00:00,38515.714285,3775.05,13802.6428572,22,4135001,0.09801324135043235,0.25,True,943.7625,9628.92857125,23.8746256,26.81340946666667,0.112813087,False,36.4,40,100,1,14,100,0.0,717.0,523.0,194.0,620.0,19.4
2020-05-18 10:15:00,48692.642857,4774.0821429,14833.357143,22,4135001,0.09804524590954058,0.25,True,1193.520535725,12173.16071425,23.838385,27.240083733333336,0.1422467350666666,False,36.4,40,100,1,14,100,0.0,717.0,523.0,194.0,620.0,19.4
2020-05-18 10:30:00,70514.946428,6927.0553572,16273.9285715,22,4135001,0.0982352778821571,0.25,True,1731.7638393,17628.736607,24.006947666666665,28.83434853333333,0.20888875,False,36.4,40,100,1,14,100,0.0,717.0,523.0,194.0,620.0,19.4
2020-05-18 10:45:00,124139.857143,12167.5482142,18590.8392858,22,4135001,0.09801483982846765,0.25,True,3041.88705355,31034.96428575,24.324541357142856,32.964675928571424,0.374390925,False,36.4,40,100,1,14,100,0.0,717.0,523.0,194.0,620.0,19.4
2020-05-18 11:00:00,141221.107143,13834.6339287,21978.9999989,22,4135001,0.09796434972493946,0.25,True,3458.658482175,35305.27678575,24.86980793333333,37.53728039999999,0.4349046853333333,False,37.7,36,100,8,14,100,0.0,785.0,551.0,234.0,581.7,19.9
2020-05-18 11:15:00,156460.589286,15321.2107143,25559.053573,22,4135001,0.09792376971234462,0.25,True,3830.302678575,39115.1473215,25.1295838,39.552423133333335,0.4847505873333333,False,37.7,36,100,8,14,100,0.0,785.0,551.0,234.0,581.7,19.9
2020-05-18 11:30:00,114715.142857,11245.5267856,28933.196428,22,4135001,0.0980300116055148,0.25,True,2811.3816964,28678.78571425,25.289666666666665,38.92812506666666,0.3514650546666666,False,37.7,36,100,8,14,100,0.0,785.0,551.0,234.0,581.7,19.9
2020-05-18 11:45:00,136059.321432,13330.3035716,31911.571428,22,4135001,0.0979742029528072,0.25,True,3332.5758929,34014.830358,25.215167266666665,37.6112162,0.4148831933333333,False,37.7,36,100,8,14,100,0.0,785.0,551.0,234.0,581.7,19.9
2020-05-18 12:00:00,179929.214286,17608.1660714,35695.571429999996,22,4135001,0.09786162931502371,0.25,True,4402.04151785,44982.3035715,25.70663053333333,41.3690166,0.5623129906666666,False,38.6,33,100,0,47,100,0.0,798.0,531.0,267.0,535.2,20.8
2020-05-18 12:15:00,188915.75,18485.182142999998,40393.285713,22,4135001,0.09784881431537602,0.25,True,4621.2955357499995,47228.9375,26.310502066666665,46.148805933333335,0.6032151686666668,False,38.6,33,100,0,47,100,0.0,798.0,531.0,267.0,535.2,20.8
2020-05-18 12:30:00,186530.017856,18252.9999999,44868.625001,22,4135001,0.09785556346212973,0.25,True,4563.249999975,46632.504464,26.840596666666663,45.97044666666666,0.5932437233333331,False,38.6,33,100,0,47,100,0.0,798.0,531.0,267.0,535.2,20.8
2020-05-18 12:45:00,174851.910715,17113.6928571,49152.267858,22,4135001,0.09787535513406241,0.25,True,4278.423214275,43712.97767875,26.93235466666667,44.0610454,0.5511298453333334,False,38.6,33,100,0,47,100,0.0,798.0,531.0,267.0,535.2,20.8
2020-05-18 13:00:00,177364.875,17358.6875,53766.767857,22,4135001,0.09786992774076603,0.25,True,4339.671875,44341.21875,27.019004333333328,45.002500266666665,0.5673698246666667,False,31.8,62,100,3,61,100,2.1,677.0,400.0,277.0,410.1,30.4
2020-05-18 13:15:00,216198.017862,21126.5089285,58131.357143,22,4135001,0.09771832849080572,0.25,True,5281.627232125,54049.5044655,27.123125214285714,43.86432764285714,0.7228268242857143,False,31.8,62,100,3,61,100,2.1,677.0,400.0,277.0,410.1,30.4
2020-05-18 13:30:00,249168.625,24320.0875,64046.482142,22,4135001,0.09760493521204767,0.25,True,6080.021875,62292.15625,27.371872999999997,49.5876018,0.8068469279999999,False,31.8,62,100,3,61,100,2.1,677.0,400.0,277.0,410.1,30.4
2020-05-18 13:45:00,283058.5,27601.919643,70692.428572,22,4135001,0.09751312765029138,0.25,True,6900.47991075,70764.625,27.86127913333333,52.84501126666667,0.97148052,False,31.8,62,100,3,61,100,2.1,677.0,400.0,277.0,410.1,30.4
2020-05-18 14:00:00,211026.249994,20617.3910709,77105.910715,22,4135001,0.0977005991979017,0.25,True,5154.347767725,52756.5624985,28.367100066666666,53.9367392,0.7235532206666667,False,33.3,52,100,0,13,100,2.6,420.0,113.0,307.0,125.8,13.2
2020-05-18 14:15:00,109092.50000100001,10698.3214286,80611.017857,22,4135001,0.09806651629123847,0.25,True,2674.58035715,27273.125000250002,27.717987066666662,42.515350533333326,0.344136892,False,33.3,52,100,0,13,100,2.6,420.0,113.0,307.0,125.8,13.2
2020-05-18 14:30:00,144934.160714,14196.6125,83774.678573,22,4135001,0.09795214896241276,0.25,True,3549.153125,36233.5401785,27.390254733333336,39.45489506666667,0.453461884,False,33.3,52,100,0,13,100,2.6,420.0,113.0,307.0,125.8,13.2
2020-05-18 14:45:00,139421.55357,13657.8089286,87074.74999899999,22,4135001,0.09796052747140536,0.25,True,3414.45223215,34855.3883925,27.21775093333333,38.819875,0.4386813753333332,False,33.3,52,100,0,13,100,2.6,420.0,113.0,307.0,125.8,13.2
2020-05-18 15:00:00,171790.375,16816.5267857,91101.035714,22,4135001,0.09788980777124445,0.25,True,4204.131696425,42947.59375,27.2929586,41.94669766666666,0.5478691779999999,False,35.8,39,100,0,8,100,0.0,362.0,86.0,276.0,112.4,13.8
2020-05-18 15:15:00,174604.571428,17090.8357142,95209.75,22,4135001,0.09788309420780304,0.25,True,4272.70892855,43651.142857,27.22515273333333,42.82454406666666,0.555787044,False,35.8,39,100,0,8,100,0.0,362.0,86.0,276.0,112.4,13.8
2020-05-18 15:30:00,165630.178572,16215.6071431,99486.37499899999,22,4135001,0.09790249145961659,0.25,True,4053.901785775,41407.544643,27.56823728571429,43.82351471428571,0.52508064,False,35.8,39,100,0,8,100,0.0,362.0,86.0,276.0,112.4,13.8
2020-05-18 15:45:00,154637.589285,15143.7982143,103413.803571,22,4135001,0.0979308994942342,0.25,True,3785.949553575,38659.39732125,27.814182533333334,43.054219466666666,0.496169466,False,35.8,39,100,0,8,100,0.0,362.0,86.0,276.0,112.4,13.8
2020-05-18 16:00:00,130217.464287,12760.117857,106848.30357,22,4135001,0.09799083346360232,0.25,True,3190.02946425,32554.36607175,27.823516666666663,40.7451396,0.4127974533333334,False,36.5,37,100,0,11,100,0.0,314.0,78.0,236.0,133.1,10.8
2020-05-18 16:15:00,93451.303571,9176.6285715,109641.285712,22,4135001,0.09819690278079449,0.25,True,2294.157142875,23362.82589275,27.479427066666663,37.63392773333333,0.299364092,False,36.5,37,100,0,11,100,0.0,314.0,78.0,236.0,133.1,10.8
2020-05-18 16:30:00,81507.714284,8010.3750001,111757.785715,22,4135001,0.09827750747848464,0.25,True,2002.593750025,20376.928571,27.230830933333333,34.6317082,0.2568065713333334,False,36.5,37,100,0,11,100,0.0,314.0,78.0,236.0,133.1,10.8
2020-05-18 16:45:00,63732.375,6254.0428572,113552.196428,22,4135001,0.09812976304743076,0.25,True,1563.5107143,15933.09375,27.048868933333328,32.782216333333324,0.1971915986666666,False,36.5,37,100,0,11,100,0.0,314.0,78.0,236.0,133.1,10.8
2020-05-18 17:00:00,48874.107142,4791.9446428,114919.035713,22,4135001,0.098046694313563,0.25,True,1197.9861607,12218.5267855,26.624064000000004,30.85439253333333,0.1492800746666666,False,35.5,39,100,0,24,100,0.0,155.0,21.0,134.0,56.3,18.2
2020-05-18 17:15:00,36544.785714,3576.0178571,115976.446429,22,4135001,0.09785302573904703,0.25,True,894.004464275,9136.1964285,26.434037266666667,29.21453033333333,0.1109690122,False,35.5,39,100,0,24,100,0.0,155.0,21.0,134.0,56.3,18.2
2020-05-18 17:30:00,25218.446428,2452.0303572,116734.160715,22,4135001,0.0972316182997504,0.25,True,613.0075893,6304.611607,26.11982735714286,27.814555357142854,0.0775804512142857,False,35.5,39,100,0,24,100,0.0,155.0,21.0,134.0,56.3,18.2
2020-05-18 17:45:00,16172.4642856,1567.8125,117235.767857,22,4135001,0.09694332739358615,0.25,True,391.953125,4043.1160714,25.6725036,26.492338066666665,0.0509663638,False,35.5,39,100,0,24,100,0.0,155.0,21.0,134.0,56.3,18.2
2020-05-18 18:00:00,9359.9285713,905.02142858,117546.928571,22,4135001,0.09669106144196798,0.25,True,226.255357145,2339.982142825,25.250388666666662,25.3468934,0.0307901562666666,False,33.9,43,100,0,33,100,0.0,46.0,6.0,40.0,39.1,10.7
2020-05-18 18:15:00,3645.0357143,351.88392856,117703.964285,22,4135001,0.09653785480880439,0.25,True,87.97098214,911.258928575,24.9734254,24.41195066666667,0.0139073641466666,False,33.9,43,100,0,33,100,0.0,46.0,6.0,40.0,39.1,10.7
2020-05-18 18:30:00,17.875,1.725,117738.0,22,4135001,0.0965034965034965,0.25,True,0.43125,4.46875,24.746293133333328,23.71588746666667,0.0019180998580666,False,33.9,43,100,0,33,100,0.0,46.0,6.0,40.0,39.1,10.7
2020-05-18 18:45:00,0.0,0.0,117738.0,22,4135001,,0.25,True,0.0,0.0,24.62904473333333,23.3245056,0.0,False,33.9,43,100,0,33,100,0.0,46.0,6.0,40.0,39.1,10.7
2020-05-18 19:00:00,0.0,0.0,117738.0,22,4135001,,0.25,True,0.0,0.0,24.541290266666667,23.18553866666667,0.0,False,33.0,45,100,0,34,100,0.0,0.0,0.0,0.0,0.0,7.6
2020-05-18 19:15:00,0.0,0.0,117738.0,22,4135001,,0.25,True,0.0,0.0,24.498402866666662,23.097552533333328,0.0,False,33.0,45,100,0,34,100,0.0,0.0,0.0,0.0,0.0,7.6
2020-05-18 19:30:00,0.0,0.0,117738.0,22,4135001,,0.25,True,0.0,0.0,24.466125533333333,23.028159666666667,0.0,False,33.0,45,100,0,34,100,0.0,0.0,0.0,0.0,0.0,7.6
2020-05-18 19:45:00,0.0,0.0,117738.0,22,4135001,,0.25,True,0.0,0.0,24.412616,22.996329666666664,0.0,False,33.0,45,100,0,34,100,0.0,0.0,0.0,0.0,0.0,7.6
2020-05-18 20:00:00,0.0,0.0,117738.0,22,4135001,,0.25,True,0.0,0.0,24.3377575,22.61223907142857,0.0,False,32.6,47,100,0,26,100,0.0,0.0,0.0,0.0,0.0,15.4
2020-05-18 20:15:00,0.0,0.0,117738.0,22,4135001,,0.25,True,0.0,0.0,24.169771333333333,21.926884066666663,0.0,False,32.6,47,100,0,26,100,0.0,0.0,0.0,0.0,0.0,15.4
2020-05-18 20:30:00,0.0,0.0,117738.0,22,4135001,,0.25,True,0.0,0.0,24.051348733333334,21.943363466666668,0.0,False,32.6,47,100,0,26,100,0.0,0.0,0.0,0.0,0.0,15.4
2020-05-18 20:45:00,0.0,0.0,117738.0,22,4135001,,0.25,True,0.0,0.0,23.8982564,21.728692533333327,0.0,False,32.6,47,100,0,26,100,0.0,0.0,0.0,0.0,0.0,15.4
2020-05-18 21:00:00,0.0,0.0,117738.0,22,4135001,,0.25,True,0.0,0.0,23.72655033333333,21.563179466666668,0.0,False,32.2,49,100,0,14,100,0.0,0.0,0.0,0.0,0.0,13.8
2020-05-18 21:15:00,0.0,0.0,117738.0,22,4135001,,0.25,True,0.0,0.0,23.632824666666664,21.526403933333327,0.0,False,32.2,49,100,0,14,100,0.0,0.0,0.0,0.0,0.0,13.8
2020-05-18 21:30:00,0.0,0.0,117738.0,22,4135001,,0.25,True,0.0,0.0,23.644559666666662,21.496999066666667,0.0,False,32.2,49,100,0,14,100,0.0,0.0,0.0,0.0,0.0,13.8
2020-05-18 21:45:00,0.0,0.0,117738.0,22,4135001,,0.25,True,0.0,0.0,23.303951066666663,21.161399333333332,0.0,False,32.2,49,100,0,14,100,0.0,0.0,0.0,0.0,0.0,13.8
2020-05-18 22:00:00,0.0,0.0,117738.0,22,4135001,,0.25,True,0.0,0.0,23.088842866666667,20.913444,0.0,False,32.0,52,100,0,3,100,0.0,0.0,0.0,0.0,0.0,15.8
2020-05-18 22:15:00,0.0,0.0,117738.0,22,4135001,,0.25,True,0.0,0.0,22.913321142857136,20.759881142857136,0.0,False,32.0,52,100,0,3,100,0.0,0.0,0.0,0.0,0.0,15.8
2020-05-18 22:30:00,0.0,0.0,117738.0,22,4135001,,0.25,True,0.0,0.0,22.8502136,20.73205366666667,0.0,False,32.0,52,100,0,3,100,0.0,0.0,0.0,0.0,0.0,15.8
2020-05-18 22:45:00,0.0,0.0,117738.0,22,4135001,,0.25,True,0.0,0.0,22.8157798,20.72792366666667,0.0,False,32.0,52,100,0,3,100,0.0,0.0,0.0,0.0,0.0,15.8
2020-05-18 23:00:00,0.0,0.0,117738.0,22,4135001,,0.25,True,0.0,0.0,22.787469466666668,20.8693136,0.0,False,31.3,56,100,0,7,100,0.0,0.0,0.0,0.0,0.0,15.7
2020-05-18 23:15:00,0.0,0.0,117738.0,22,4135001,,0.25,True,0.0,0.0,22.8566712,21.085955733333336,0.0,False,31.3,56,100,0,7,100,0.0,0.0,0.0,0.0,0.0,15.7
2020-05-18 23:30:00,0.0,0.0,117738.0,22,4135001,,0.25,True,0.0,0.0,22.750575866666665,20.816385866666668,0.0,False,31.3,56,100,0,7,100,0.0,0.0,0.0,0.0,0.0,15.7
2020-05-18 23:45:00,0.0,0.0,108873.428571,22,4135001,,0.25,True,0.0,0.0,22.621004266666663,20.6383708,0.0,False,31.3,56,100,0,7,100,0.0,0.0,0.0,0.0,0.0,15.7
2020-05-19 00:00:00,0.0,0.0,6570.7678572,22,4135001,,0.25,True,0.0,0.0,22.6109822,20.609905933333334,0.0,False,30.5,59,100,0,18,100,0.0,0.0,0.0,0.0,0.0,18.6
2020-05-19 00:15:00,0.0,0.0,0.0,22,4135001,,0.25,True,0.0,0.0,22.54899814285714,20.52987657142857,0.0,False,30.5,59,100,0,18,100,0.0,0.0,0.0,0.0,0.0,18.6
2020-05-19 00:30:00,0.0,0.0,0.0,22,4135001,,0.25,True,0.0,0.0,22.553049733333328,20.4879678,0.0,False,30.5,59,100,0,18,100,0.0,0.0,0.0,0.0,0.0,18.6
2020-05-19 00:45:00,0.0,0.0,0.0,22,4135001,,0.25,True,0.0,0.0,22.56621713333333,20.4848938,0.0,False,30.5,59,100,0,18,100,0.0,0.0,0.0,0.0,0.0,18.6
2020-05-19 01:00:00,0.0,0.0,0.0,22,4135001,,0.25,True,0.0,0.0,22.6252198,20.58671073333333,0.0,False,30.1,61,100,0,14,100,0.0,0.0,0.0,0.0,0.0,19.4
2020-05-19 01:15:00,0.0,0.0,0.0,22,4135001,,0.25,True,0.0,0.0,22.595463066666667,20.627077333333336,0.0,False,30.1,61,100,0,14,100,0.0,0.0,0.0,0.0,0.0,19.4
2020-05-19 01:30:00,0.0,0.0,0.0,22,4135001,,0.25,True,0.0,0.0,22.5935506,20.697031866666663,0.0,False,30.1,61,100,0,14,100,0.0,0.0,0.0,0.0,0.0,19.4
2020-05-19 01:45:00,0.0,0.0,0.0,22,4135001,,0.25,True,0.0,0.0,22.701711000000003,20.7254476,0.0,False,30.1,61,100,0,14,100,0.0,0.0,0.0,0.0,0.0,19.4
2020-05-19 02:00:00,0.0,0.0,0.0,22,4135001,,0.25,True,0.0,0.0,22.759263,20.750472,0.0,False,29.6,63,100,0,11,100,0.0,0.0,0.0,0.0,0.0,20.5
2020-05-19 02:15:00,0.0,0.0,0.0,22,4135001,,0.25,True,0.0,0.0,22.814073785714285,20.771355785714285,0.0,False,29.6,63,100,0,11,100,0.0,0.0,0.0,0.0,0.0,20.5
2020-05-19 02:30:00,0.0,0.0,0.0,22,4135001,,0.25,True,0.0,0.0,22.8776184,20.811470600000003,0.0,False,29.6,63,100,0,11,100,0.0,0.0,0.0,0.0,0.0,20.5
2020-05-19 02:45:00,0.0,0.0,0.0,22,4135001,,0.25,True,0.0,0.0,22.93003146666667,20.8492228,0.0,False,29.6,63,100,0,11,100,0.0,0.0,0.0,0.0,0.0,20.5
2020-05-19 03:00:00,0.0,0.0,0.0,22,4135001,,0.25,True,0.0,0.0,22.953436333333336,20.8419148,0.0,False,29.2,65,100,0,4,100,0.0,0.0,0.0,0.0,0.0,21.7
2020-05-19 03:15:00,0.0,0.0,0.0,22,4135001,,0.25,True,0.0,0.0,23.002309133333327,20.79196993333333,0.0,False,29.2,65,100,0,4,100,0.0,0.0,0.0,0.0,0.0,21.7
2020-05-19 03:30:00,0.0,0.0,0.0,22,4135001,,0.25,True,0.0,0.0,23.0468344,20.812300666666665,0.0,False,29.2,65,100,0,4,100,0.0,0.0,0.0,0.0,0.0,21.7
2020-05-19 03:45:00,0.0,0.0,0.0,22,4135001,,0.25,True,0.0,0.0,23.070223,20.8081972,0.0,False,29.2,65,100,0,4,100,0.0,0.0,0.0,0.0,0.0,21.7
2020-05-19 04:00:00,0.0,0.0,0.0,22,4135001,,0.25,True,0.0,0.0,23.082743266666665,20.7709128,0.0,False,28.9,66,100,0,1,100,0.0,0.0,0.0,0.0,0.0,20.9
2020-05-19 04:15:00,0.0,0.0,0.0,22,4135001,,0.25,True,0.0,0.0,23.19221278571429,20.853243214285712,0.0,False,28.9,66,100,0,1,100,0.0,0.0,0.0,0.0,0.0,20.9
2020-05-19 04:30:00,0.0,0.0,0.0,22,4135001,,0.25,True,0.0,0.0,23.218198666666662,20.8823874,0.0,False,28.9,66,100,0,1,100,0.0,0.0,0.0,0.0,0.0,20.9
2020-05-19 04:45:00,0.0,0.0,0.0,22,4135001,,0.25,True,0.0,0.0,23.269362399999995,20.983366000000004,0.0,False,28.9,66,100,0,1,100,0.0,0.0,0.0,0.0,0.0,20.9
2020-05-19 05:00:00,0.0,0.0,0.0,22,4135001,,0.25,True,0.0,0.0,23.351676466666664,21.251873733333333,0.0,False,28.2,73,100,0,1,100,0.0,0.0,0.0,0.0,0.0,20.6
2020-05-19 05:15:00,0.0,0.0,0.0,22,4135001,,0.25,True,0.0,0.0,23.34258833333333,21.2198508,0.0,False,28.2,73,100,0,1,100,0.0,0.0,0.0,0.0,0.0,20.6
2020-05-19 05:30:00,0.0,0.0,0.0,22,4135001,,0.25,True,0.0,0.0,23.19291173333333,20.93427533333333,0.0,False,28.2,73,100,0,1,100,0.0,0.0,0.0,0.0,0.0,20.6
2020-05-19 05:45:00,0.0,0.0,0.0,22,4135001,,0.25,True,0.0,0.0,23.147200466666668,21.20465293333333,0.0003183178168666,False,28.2,73,100,0,1,100,0.0,0.0,0.0,0.0,0.0,20.6
2020-05-19 06:00:00,0.0,0.0,0.0,22,4135001,,0.25,True,0.0,0.0,23.281386399999995,21.919765266666666,0.00431375216,False,28.4,70,100,0,1,100,0.0,18.0,1.0,17.0,10.1,20.2
2020-05-19 06:15:00,2114.67857132,204.053571435,22.428571427999998,22,4135001,0.09649389472350309,0.25,True,51.01339285875,528.66964283,23.344480214285717,22.342457428571432,0.0096971220999999,False,28.4,70,100,0,1,100,0.0,18.0,1.0,17.0,10.1,20.2
2020-05-19 06:30:00,3838.4821428,370.38928573,96.232142857,22,4135001,0.09649368473024018,0.25,True,92.5973214325,959.6205357,23.42726453333333,22.553234866666664,0.0126500733333333,False,28.4,70,100,0,1,100,0.0,18.0,1.0,17.0,10.1,20.2
2020-05-19 06:45:00,15942.5892857,1549.08214286,261.80357144,22,4135001,0.09716628303593557,0.25,True,387.270535715,3985.647321425,23.587766400000003,22.965578200000003,0.0467522423333333,False,28.4,70,100,0,1,100,0.0,18.0,1.0,17.0,10.1,20.2
2020-05-19 07:00:00,54146.571429,5310.1964286,1112.69642859,22,4135001,0.09807077878537564,0.25,True,1327.54910715,13536.64285725,24.034554,24.97640393333333,0.1720124636666667,False,29.6,65,100,0,1,100,0.0,154.0,59.0,95.0,219.9,25.0
2020-05-19 07:15:00,58187.821429,5708.1910715,2544.3214286,22,4135001,0.09809941206451694,0.25,True,1427.047767875,14546.95535725,24.505352933333327,27.033671066666663,0.1875066193333333,False,29.6,65,100,0,1,100,0.0,154.0,59.0,95.0,219.9,25.0
2020-05-19 07:30:00,58572.232143,5746.0714287,3947.9642858,22,4135001,0.09810231262266682,0.25,True,1436.517857175,14643.05803575,24.80741786666666,29.581636466666662,0.1886549799999999,False,29.6,65,100,0,1,100,0.0,154.0,59.0,95.0,219.9,25.0
2020-05-19 07:45:00,71962.410715,7064.1178571,5522.8928571,22,4135001,0.09816399682713157,0.25,True,1766.029464275,17990.60267875,25.04675513333333,31.106146266666663,0.2351156386666667,False,29.6,65,100,0,1,100,0.0,154.0,59.0,95.0,219.9,25.0
2020-05-19 08:00:00,40769.553573,3992.2071428,7020.6607142,22,4135001,0.0979212866692726,0.25,True,998.0517857,10192.38839325,25.179372266666665,30.782277533333332,0.1312115527333333,False,31.4,56,100,0,0,100,0.0,311.0,126.0,185.0,256.0,28.6
2020-05-19 08:15:00,59409.678571,5829.2017858,8069.5535715,22,4135001,0.0981187228413224,0.25,True,1457.30044645,14852.41964275,25.188796928571428,30.107465642857143,0.1940915442857143,False,31.4,56,100,0,0,100,0.0,311.0,126.0,185.0,256.0,28.6
2020-05-19 08:30:00,93036.732143,9133.0910714,10129.6964287,22,4135001,0.09816650758285651,0.25,True,2283.27276785,23259.18303575,25.61507166666667,33.972491733333335,0.2977888,False,31.4,56,100,0,0,100,0.0,311.0,126.0,185.0,256.0,28.6
2020-05-19 08:45:00,87568.196429,8597.3196429,12223.4107144,22,4135001,0.09817856246326459,0.25,True,2149.329910725,21892.04910725,25.79166053333333,34.815734666666664,0.2735150473333333,False,31.4,56,100,0,0,100,0.0,311.0,126.0,185.0,256.0,28.6
2020-05-19 09:00:00,122603.035715,12015.6892857,14697.6249999,22,4135001,0.09800482684320619,0.25,True,3003.922321425,30650.75892875,26.1215332,36.85808506666665,0.386892012,False,33.6,47,100,0,0,100,0.0,519.0,271.0,248.0,393.8,28.5
2020-05-19 09:15:00,135656.124999,13291.0714284,17759.3750002,22,4135001,0.09797619848346677,0.25,True,3322.7678571,33914.03124975,26.495521866666664,39.636977133333325,0.4241181026666666,False,33.6,47,100,0,0,100,0.0,519.0,271.0,248.0,393.8,28.5
2020-05-19 09:30:00,183718.446428,17974.8910714,21888.0357132,22,4135001,0.09783933742573005,0.25,True,4493.72276785,45929.611607,27.322759933333337,45.7407144,0.6465474886666664,False,33.6,47,100,0,0,100,0.0,519.0,271.0,248.0,393.8,28.5
2020-05-19 09:45:00,153898.964285,15068.7267858,26064.928571,22,4135001,0.0979131136834343,0.25,True,3767.18169645,38474.74107125,27.51964326666667,46.130108666666665,0.5261106153333333,False,33.6,47,100,0,0,100,0.0,519.0,271.0,248.0,393.8,28.5
2020-05-19 10:00:00,142343.071429,13941.1571428,29516.178572,22,4135001,0.09794053902900204,0.25,True,3485.2892857,35585.76785725,27.60525313333333,43.148862666666666,0.4921659633333334,False,35.8,38,100,0,0,100,0.0,713.0,445.0,268.0,527.6,27.6
2020-05-19 10:15:00,172335.232143,16859.5285713,33424.642858,22,4135001,0.09782984223046355,0.25,True,4214.882142825,43083.80803575,27.712921,43.051186571428566,0.5924935807142857,False,35.8,38,100,0,0,100,0.0,713.0,445.0,268.0,527.6,27.6
2020-05-19 10:30:00,153579.035714,15028.3714286,37729.25,22,4135001,0.09785431558892148,0.25,True,3757.09285715,38394.7589285,27.89099326666667,44.39553446666666,0.5110362213333333,False,35.8,38,100,0,0,100,0.0,713.0,445.0,268.0,527.6,27.6
2020-05-19 10:45:00,183547.839287,17947.2732144,41701.499999,22,4135001,0.09777981197772202,0.25,True,4486.8183036,45886.95982175,27.81567373333333,43.86323240000001,0.601559176,False,35.8,38,100,0,0,100,0.0,713.0,445.0,268.0,527.6,27.6
2020-05-19 11:00:00,227860.053575,22248.7232138,46679.428572,22,4135001,0.09764205206103335,0.25,True,5562.18080345,56965.01339375,28.1994974,48.014198666666665,0.813000858,False,37.5,33,100,2,2,100,0.0,816.0,501.0,315.0,529.1,25.4
2020-05-19 11:15:00,158922.482143,15549.0285715,51717.732143,22,4135001,0.09784033298390617,0.25,True,3887.257142875,39730.62053575,28.478570533333333,47.685272,0.4994732739999999,False,37.5,33,100,2,2,100,0.0,816.0,501.0,315.0,529.1,25.4
2020-05-19 11:30:00,89116.25000100001,8755.2333332,53828.666665,22,4135001,0.09824508249731956,1.0,False,,,28.08173375,40.725124125,0.283390025,False,37.5,33,100,2,2,100,0.0,816.0,501.0,315.0,529.1,25.4
2020-05-19 12:30:00,216902.333333,21206.9666666,77034.5,22,4135001,0.09777196188130415,0.25,True,5301.74166665,54225.58333325,29.644663666666663,49.07784,0.73832813,False,38.8,28,100,0,6,100,0.0,828.0,508.0,320.0,512.2,25.5
2020-05-19 12:45:00,252043.0,24603.55,81256.0,22,4135001,0.09761647814063473,0.25,True,6150.8875,63010.75,29.9514374,51.408309800000005,0.835832152,False,38.8,28,100,0,6,100,0.0,828.0,508.0,320.0,512.2,25.5
2020-05-19 13:00:00,215824.428591,21094.757143,86065.857144,22,4135001,0.09774035905349623,0.25,True,5273.68928575,53956.10714775,30.105845400000003,51.84774173333333,0.7019433013333334,False,39.6,24,100,0,48,100,0.0,752.0,404.0,348.0,414.3,24.9
2020-05-19 13:15:00,169603.5,16601.5,91036.875,22,4135001,0.09788418281462352,0.25,True,4150.375,42400.875,29.9082072,49.460659,0.5473548466666667,False,39.6,24,100,0,48,100,0.0,752.0,404.0,348.0,414.3,24.9
2020-05-19 13:30:00,167582.142857,16405.4285715,94919.428572,22,4135001,0.09789484900845888,0.25,True,4101.357142875,41895.53571425,29.60315553333333,44.5125144,0.5306936493333334,False,39.6,24,100,0,48,100,0.0,752.0,404.0,348.0,414.3,24.9
2020-05-19 13:45:00,221511.5,21658.1375,99854.625,22,4135001,0.09777432548648717,0.25,True,5414.534375,55377.875,29.98547573333333,48.13686326666668,0.7212584940000001,False,39.6,24,100,0,48,100,0.0,752.0,404.0,348.0,414.3,24.9
2020-05-19 14:00:00,198758.142857,19443.3142856,105016.00000100001,22,4135001,0.0978239885225172,0.25,True,4860.8285714,49689.53571425,29.9116638,49.188905600000005,0.6448023653333332,False,39.1,24,100,0,34,100,0.0,515.0,213.0,302.0,237.2,23.6
2020-05-19 14:15:00,209733.625,20507.975,110076.125,22,4135001,0.09778105442081592,0.25,True,5126.99375,52433.40625,30.111476357142852,49.456279,0.6824211164285713,False,39.1,24,100,0,34,100,0.0,515.0,213.0,302.0,237.2,23.6
2020-05-19 14:30:00,223393.142847,21840.585713599998,115342.42857,22,4135001,0.09776748487109303,0.25,True,5460.146428399999,55848.28571175,30.299320466666668,50.359466600000005,0.730578768,False,39.1,24,100,0,34,100,0.0,515.0,213.0,302.0,237.2,23.6
2020-05-19 14:45:00,212843.553571,20814.4464286,120675.178572,22,4135001,0.09779223321253538,0.25,True,5203.61160715,53210.88839275,30.368632,50.099892,0.702796554,False,39.1,24,100,0,34,100,0.0,515.0,213.0,302.0,237.2,23.6
2020-05-19 15:00:00,162192.964287,15879.0696429,125415.64285799999,22,4135001,0.09790233326522123,0.25,True,3969.767410725,40548.24107175,30.22064013333333,46.65866706666667,0.5274703919999999,False,39.7,18,100,0,33,100,0.0,384.0,127.0,257.0,165.9,21.4
2020-05-19 15:15:00,133047.053571,13037.4642857,129092.392858,22,4135001,0.09799137925848626,0.25,True,3259.366071425,33261.76339275,30.035451333333327,43.3170714,0.4324710653333333,False,39.7,18,100,0,33,100,0.0,384.0,127.0,257.0,165.9,21.4
2020-05-19 15:30:00,143420.875002,14049.475,132249.017859,22,4135001,0.09795976352678146,0.25,True,3512.36875,35855.2187505,29.785141866666667,40.8995442,0.4500676046666667,False,39.7,18,100,0,33,100,0.0,384.0,127.0,257.0,165.9,21.4
2020-05-19 15:45:00,119640.107141,11728.3875,135511.250001,22,4135001,0.09803056667424821,0.25,True,2932.096875,29910.02678525,29.76168613333333,40.82955953333333,0.3798659046666666,False,39.7,18,100,0,33,100,0.0,384.0,127.0,257.0,165.9,21.4
2020-05-19 16:00:00,143051.910714,14013.2428571,138657.839285,22,4135001,0.09795914495064884,0.25,True,3503.310714275,35762.9776785,29.7693278,40.701816533333336,0.4615756146666666,False,39.1,19,100,0,43,100,0.0,268.0,56.0,212.0,95.5,24.1
2020-05-19 16:15:00,116418.553571,11412.9875,141950.55357,22,4135001,0.09803409465175651,0.25,True,2853.246875,29104.63839275,29.911296071428573,41.1940265,0.3904150371428571,False,39.1,19,100,0,43,100,0.0,268.0,56.0,212.0,95.5,24.1
2020-05-19 16:30:00,82900.875,8135.7125,118021.25,18,4135001,0.09813783630148656,0.25,True,2033.928125,20725.21875,29.6577312,39.18270073333333,0.3286678413333333,False,39.1,19,100,0,43,100,0.0,268.0,56.0,212.0,95.5,24.1
2020-05-19 16:45:00,66968.428569,6581.6857144,119893.285715,18,4135001,0.09828042638955833,0.25,True,1645.4214286,16742.10714225,29.373718266666668,36.96112066666667,0.2639367406666666,False,39.1,19,100,0,43,100,0.0,268.0,56.0,212.0,95.5,24.1
2020-05-19 17:00:00,48030.75,4713.3875,121317.5,18,4135001,0.09813270665146806,0.25,True,1178.346875,12007.6875,29.096531133333336,34.4538818,0.1892608939999999,False,38.3,23,100,0,32,100,0.0,135.0,33.0,102.0,88.3,21.3
2020-05-19 17:15:00,32798.142858,3214.2571428,122296.999999,18,4135001,0.09800119344306077,0.25,True,803.5642857,8199.5357145,28.59915553333333,31.82115473333333,0.1278067490666667,False,38.3,23,100,0,32,100,0.0,135.0,33.0,102.0,88.3,21.3
2020-05-19 17:30:00,22507.625,2189.35,122967.75,18,4135001,0.09727148022059191,0.25,True,547.3375,5626.90625,28.11065073333333,29.98121346666667,0.08722808,False,38.3,23,100,0,32,100,0.0,135.0,33.0,102.0,88.3,21.3
2020-05-19 17:45:00,9634.7142855,933.45714289,123395.00000100001,18,4135001,0.0968847767800265,0.25,True,233.3642857225,2408.678571375,27.6489196,28.5470478,0.0377508244,False,38.3,23,100,0,32,100,0.0,135.0,33.0,102.0,88.3,21.3
2020-05-19 18:00:00,18.0,1.7374999999999998,123475.0,18,4135001,0.09652777777777777,0.25,True,0.43437499999999996,4.5,25.0463766,25.426198266666667,0.0015752938426666,False,37.3,24,100,0,27,100,0.0,49.0,7.0,42.0,45.5,15.5
2020-05-19 18:15:00,0.0,0.0,123475.0,18,4135001,,0.25,True,0.0,0.0,23.2004924,22.072212666666665,0.0003286336506666,False,37.3,24,100,0,27,100,0.0,49.0,7.0,42.0,45.5,15.5
2020-05-19 18:30:00,0.0,0.0,123475.0,18,4135001,,0.25,True,0.0,0.0,22.543171428571423,20.736243071428568,0.0,False,37.3,24,100,0,27,100,0.0,49.0,7.0,42.0,45.5,15.5
2020-05-19 18:45:00,0.0,0.0,123475.0,18,4135001,,0.25,True,0.0,0.0,22.475012133333333,20.737575266666667,1.5969891733333336e-05,False,37.3,24,100,0,27,100,0.0,49.0,7.0,42.0,45.5,15.5
2020-05-19 19:00:00,0.0,0.0,123475.0,18,4135001,,0.25,True,0.0,0.0,22.450284866666667,20.74547933333333,0.0,False,36.2,25,100,0,15,100,0.0,0.0,0.0,0.0,0.0,13.7
2020-05-19 19:15:00,0.0,0.0,123475.0,18,4135001,,0.25,True,0.0,0.0,22.510243666666668,20.685723933333332,0.0,False,36.2,25,100,0,15,100,0.0,0.0,0.0,0.0,0.0,13.7
2020-05-19 19:30:00,0.0,0.0,123475.0,18,4135001,,0.25,True,0.0,0.0,22.54768473333333,20.47412926666667,0.0,False,36.2,25,100,0,15,100,0.0,0.0,0.0,0.0,0.0,13.7
2020-05-19 19:45:00,0.0,0.0,123475.0,18,4135001,,0.25,True,0.0,0.0,22.490025066666668,20.333485733333337,0.0,False,36.2,25,100,0,15,100,0.0,0.0,0.0,0.0,0.0,13.7
2020-05-19 20:00:00,0.0,0.0,123475.0,22,4135001,,0.25,True,0.0,0.0,22.388783866666664,20.06214393333333,0.0,False,32.6,43,100,0,45,100,0.0,0.0,0.0,0.0,0.0,25.8
2020-05-19 20:15:00,0.0,0.0,123475.0,22,4135001,,0.25,True,0.0,0.0,22.85917553333333,20.228641866666667,0.0,False,32.6,43,100,0,45,100,0.0,0.0,0.0,0.0,0.0,25.8
2020-05-19 20:30:00,0.0,0.0,123475.0,22,4135001,,0.25,True,0.0,0.0,23.404880666666664,20.62076813333333,0.0,False,32.6,43,100,0,45,100,0.0,0.0,0.0,0.0,0.0,25.8
2020-05-19 20:45:00,0.0,0.0,123475.0,22,4135001,,0.25,True,0.0,0.0,23.8672628,21.101176,0.0,False,32.6,43,100,0,45,100,0.0,0.0,0.0,0.0,0.0,25.8
2020-05-19 21:00:00,0.0,0.0,123475.0,22,4135001,,0.25,True,0.0,0.0,24.02257421428571,21.449929357142853,0.0,False,32.2,50,100,0,2,100,0.0,0.0,0.0,0.0,0.0,22.1
2020-05-19 21:15:00,0.0,0.0,123475.0,22,4135001,,0.25,True,0.0,0.0,24.0037862,21.4630168,0.0,False,32.2,50,100,0,2,100,0.0,0.0,0.0,0.0,0.0,22.1
2020-05-19 21:30:00,0.0,0.0,123475.0,22,4135001,,0.25,True,0.0,0.0,23.942895466666663,21.38899133333333,0.0,False,32.2,50,100,0,2,100,0.0,0.0,0.0,0.0,0.0,22.1
2020-05-19 21:45:00,0.0,0.0,123475.0,22,4135001,,0.25,True,0.0,0.0,23.8231872,21.24833566666667,0.0,False,32.2,50,100,0,2,100,0.0,0.0,0.0,0.0,0.0,22.1
2020-05-19 22:00:00,0.0,0.0,123475.0,22,4135001,,0.25,True,0.0,0.0,23.6713298,21.18211053333333,0.0,False,31.5,53,82,0,14,81,0.0,0.0,0.0,0.0,0.0,22.4
2020-05-19 22:15:00,0.0,0.0,123475.0,22,4135001,,0.25,True,0.0,0.0,23.7010498,21.558252,0.0,False,31.5,53,82,0,14,81,0.0,0.0,0.0,0.0,0.0,22.4
2020-05-19 22:30:00,0.0,0.0,123475.0,22,4135001,,0.25,True,0.0,0.0,23.560729933333327,21.31796673333333,0.0,False,31.5,53,82,0,14,81,0.0,0.0,0.0,0.0,0.0,22.4
2020-05-19 22:45:00,0.0,0.0,123475.0,22,4135001,,0.25,True,0.0,0.0,23.3931456,21.10627453333333,0.0,False,31.5,53,82,0,14,81,0.0,0.0,0.0,0.0,0.0,22.4
2020-05-19 23:00:00,0.0,0.0,123475.0,22,4135001,,0.25,True,0.0,0.0,23.23081673333333,20.72144773333333,0.0,False,30.7,58,100,0,2,100,0.0,0.0,0.0,0.0,0.0,24.4
2020-05-19 23:15:00,0.0,0.0,123475.0,22,4135001,,0.25,True,0.0,0.0,22.916650214285717,20.368068142857144,0.0,False,30.7,58,100,0,2,100,0.0,0.0,0.0,0.0,0.0,24.4
2020-05-19 23:30:00,0.0,0.0,123475.0,22,4135001,,0.25,True,0.0,0.0,22.787917200000003,20.3267742,0.0,False,30.7,58,100,0,2,100,0.0,0.0,0.0,0.0,0.0,24.4
2020-05-19 23:45:00,0.0,0.0,111820.428571,22,4135001,,0.25,True,0.0,0.0,22.638492866666663,20.2964478,0.0,False,30.7,58,100,0,2,100,0.0,0.0,0.0,0.0,0.0,24.4
2020-05-20 00:00:00,0.0,0.0,5123.625,22,4135001,,0.25,True,0.0,0.0,22.46528513333333,20.111122666666663,0.0,False,30.1,61,100,0,1,100,0.0,0.0,0.0,0.0,0.0,21.6
2020-05-20 00:15:00,0.0,0.0,0.0,22,4135001,,0.25,True,0.0,0.0,22.2552064,20.1101744,0.0,False,30.1,61,100,0,1,100,0.0,0.0,0.0,0.0,0.0,21.6
2020-05-20 00:30:00,0.0,0.0,0.0,22,4135001,,0.25,True,0.0,0.0,22.217138666666667,20.21119186666667,0.0,False,30.1,61,100,0,1,100,0.0,0.0,0.0,0.0,0.0,21.6
2020-05-20 00:45:00,0.0,0.0,0.0,22,4135001,,0.25,True,0.0,0.0,22.22257086666667,20.012646533333328,0.0,False,30.1,61,100,0,1,100,0.0,0.0,0.0,0.0,0.0,21.6
2020-05-20 01:00:00,0.0,0.0,0.0,22,4135001,,0.25,True,0.0,0.0,22.19119053333333,20.036071733333333,0.0,False,29.5,63,100,0,0,100,0.0,0.0,0.0,0.0,0.0,20.7
2020-05-20 01:15:00,0.0,0.0,0.0,22,4135001,,0.25,True,0.0,0.0,22.181749642857145,19.998057785714288,0.0,False,29.5,63,100,0,0,100,0.0,0.0,0.0,0.0,0.0,20.7
2020-05-20 01:30:00,0.0,0.0,0.0,22,4135001,,0.25,True,0.0,0.0,22.11587533333333,19.7206116,0.0,False,29.5,63,100,0,0,100,0.0,0.0,0.0,0.0,0.0,20.7
2020-05-20 01:45:00,0.0,0.0,0.0,22,4135001,,0.25,True,0.0,0.0,22.155918266666664,19.795170133333333,0.0,False,29.5,63,100,0,0,100,0.0,0.0,0.0,0.0,0.0,20.7
2020-05-20 02:00:00,0.0,0.0,0.0,22,4135001,,0.25,True,0.0,0.0,22.175140333333335,19.728521666666666,0.0,False,28.9,67,100,0,0,100,0.0,0.0,0.0,0.0,0.0,21.1
2020-05-20 02:15:00,0.0,0.0,0.0,22,4135001,,0.25,True,0.0,0.0,21.9675416,19.439959666666667,0.0,False,28.9,67,100,0,0,100,0.0,0.0,0.0,0.0,0.0,21.1
2020-05-20 02:30:00,0.0,0.0,0.0,22,4135001,,0.25,True,0.0,0.0,21.960974199999995,19.382358533333328,0.0,False,28.9,67,100,0,0,100,0.0,0.0,0.0,0.0,0.0,21.1
2020-05-20 02:45:00,0.0,0.0,0.0,22,4135001,,0.25,True,0.0,0.0,21.9418578,19.304392400000005,0.0,False,28.9,67,100,0,0,100,0.0,0.0,0.0,0.0,0.0,21.1
2020-05-20 03:00:00,0.0,0.0,0.0,22,4135001,,0.25,True,0.0,0.0,21.921218,19.330312066666668,0.0,False,28.2,71,100,0,0,100,0.0,0.0,0.0,0.0,0.0,21.9
2020-05-20 03:15:00,0.0,0.0,0.0,22,4135001,,0.25,True,0.0,0.0,22.009416857142856,19.45787921428571,0.0,False,28.2,71,100,0,0,100,0.0,0.0,0.0,0.0,0.0,21.9
2020-05-20 03:30:00,0.0,0.0,0.0,22,4135001,,0.25,True,0.0,0.0,22.009790133333333,19.52385046666667,0.0,False,28.2,71,100,0,0,100,0.0,0.0,0.0,0.0,0.0,21.9
2020-05-20 03:45:00,0.0,0.0,0.0,22,4135001,,0.25,True,0.0,0.0,22.108852,19.497703,0.0,False,28.2,71,100,0,0,100,0.0,0.0,0.0,0.0,0.0,21.9
2020-05-20 04:00:00,0.0,0.0,0.0,22,4135001,,0.25,True,0.0,0.0,22.133602066666665,19.5210266,0.0,False,27.6,72,99,0,0,99,0.0,0.0,0.0,0.0,0.0,20.0
2020-05-20 04:15:00,0.0,0.0,0.0,22,4135001,,0.25,True,0.0,0.0,22.156953933333337,19.550769066666668,0.0,False,27.6,72,99,0,0,99,0.0,0.0,0.0,0.0,0.0,20.0
2020-05-20 04:30:00,0.0,0.0,0.0,22,4135001,,0.25,True,0.0,0.0,22.119610666666667,19.46474613333333,0.0,False,27.6,72,99,0,0,99,0.0,0.0,0.0,0.0,0.0,20.0
2020-05-20 04:45:00,0.0,0.0,0.0,22,4135001,,0.25,True,0.0,0.0,22.078857466666665,19.3471294,0.0,False,27.6,72,99,0,0,99,0.0,0.0,0.0,0.0,0.0,20.0
2020-05-20 05:00:00,0.0,0.0,0.0,22,4135001,,0.25,True,0.0,0.0,21.985909,19.168965533333328,0.0,False,27.6,71,97,0,11,97,0.0,0.0,0.0,0.0,0.0,17.0
2020-05-20 05:15:00,0.0,0.0,0.0,22,4135001,,0.25,True,0.0,0.0,22.009881600000003,19.145835333333327,0.0,False,27.6,71,97,0,11,97,0.0,0.0,0.0,0.0,0.0,17.0
2020-05-20 05:30:00,0.0,0.0,0.0,22,4135001,,0.25,True,0.0,0.0,21.883616928571428,18.824543357142858,0.0,False,27.6,71,97,0,11,97,0.0,0.0,0.0,0.0,0.0,17.0
2020-05-20 05:45:00,0.0,0.0,0.0,22,4135001,,0.25,True,0.0,0.0,21.506819666666665,18.492340066666667,1.4736836000000004e-05,False,27.6,71,97,0,11,97,0.0,0.0,0.0,0.0,0.0,17.0
2020-05-20 06:00:00,2225.85714281,214.928571426,10.42857143,22,4135001,0.09655991271509305,0.25,True,53.7321428565,556.4642857025,21.3480144,18.811700333333327,0.0090117260933333,False,27.8,69,100,1,15,100,0.0,20.0,3.0,17.0,30.2,17.9
2020-05-20 06:15:00,9490.5535713,917.8625,148.303571428,22,4135001,0.09671327316202827,0.25,True,229.465625,2372.638392825,21.70994886666666,19.537300666666667,0.0321055547333333,False,27.8,69,100,1,15,100,0.0,20.0,3.0,17.0,30.2,17.9
2020-05-20 06:30:00,15588.8035714,1510.38571428,449.732142851,22,4135001,0.0968891363190328,0.25,True,377.59642857,3897.20089285,21.996521066666663,20.094380866666672,0.0510381027333333,False,27.8,69,100,1,15,100,0.0,20.0,3.0,17.0,30.2,17.9
2020-05-20 06:45:00,21262.357143,2065.5535715,889.55357143,22,4135001,0.09714602937050289,0.25,True,516.388392875,5315.58928575,22.1559958,20.62310193333333,0.0713916354666666,False,27.8,69,100,1,15,100,0.0,20.0,3.0,17.0,30.2,17.9
2020-05-20 07:00:00,35721.500003,3492.794643,1551.89285714,22,4135001,0.09777849873904132,0.25,True,873.19866075,8930.37500075,22.4990804,21.7430604,0.1320388563333333,False,28.7,66,100,0,17,100,0.0,154.0,59.0,95.0,219.6,21.8
2020-05-20 07:15:00,55237.607143,5417.4321428,2670.7142857,22,4135001,0.09807506919652159,0.25,True,1354.3580357,13809.40178575,22.93633213333333,23.896433466666668,0.1989128933333333,False,28.7,66,100,0,17,100,0.0,154.0,59.0,95.0,219.6,21.8
2020-05-20 07:30:00,75476.571428,7418.5857141999995,4263.714286,22,4135001,0.09828991399373346,0.25,True,1854.6464285499999,18869.142857,23.434548428571432,26.33118107142857,0.2640124178571428,False,28.7,66,100,0,17,100,0.0,154.0,59.0,95.0,219.6,21.8
2020-05-20 07:45:00,94528.625,9282.3232144,6317.3928573,22,4135001,0.09819589795577793,0.25,True,2320.5808036,23632.15625,23.921140466666664,28.769305600000003,0.325195026,False,28.7,66,100,0,17,100,0.0,154.0,59.0,95.0,219.6,21.8
2020-05-20 08:00:00,114844.089286,11258.394643,8863.9107143,22,4135001,0.0980319902660628,0.25,True,2814.59866075,28711.0223215,24.471148666666664,31.939571,0.3905848053333332,False,30.5,58,100,0,3,100,0.0,354.0,200.0,154.0,406.3,22.7
2020-05-20 08:15:00,129962.62500100001,12735.1410714,11877.6964286,22,4135001,0.0979907959792441,0.25,True,3183.78526785,32490.656250250002,25.124652066666663,35.99217126666667,0.4379202793333333,False,30.5,58,100,0,3,100,0.0,354.0,200.0,154.0,406.3,22.7
2020-05-20 08:30:00,149227.517857,14616.1517858,15299.2857144,22,4135001,0.09794541915390026,0.25,True,3654.03794645,37306.87946425,25.56246340000001,38.252356133333336,0.498367802,False,30.5,58,100,0,3,100,0.0,354.0,200.0,154.0,406.3,22.7
2020-05-20 08:45:00,153696.125001,15052.2303573,18960.6785715,22,4135001,0.09793500231188045,0.25,True,3763.057589325,38424.03125025,26.212556866666667,40.39654946666667,0.5104697813333334,False,30.5,58,100,0,3,100,0.0,354.0,200.0,154.0,406.3,22.7
2020-05-20 09:00:00,173085.285714,16942.8535714,22907.857143,22,4135001,0.09788731319076868,0.25,True,4235.71339285,43271.3214285,26.4731404,41.65764953333333,0.5750738046666666,False,32.8,48,100,0,0,100,0.0,560.0,344.0,216.0,499.9,21.0
2020-05-20 09:15:00,185002.839285,18104.4196428,27360.321428,22,4135001,0.09786022589042451,0.25,True,4526.1049107,46250.70982125,26.9201314,43.72293526666667,0.6102461506666667,False,32.8,48,100,0,0,100,0.0,560.0,344.0,216.0,499.9,21.0
2020-05-20 09:30:00,191898.232143,18776.1357143,31927.946429,22,4135001,0.09784423496047777,0.25,True,4694.033928575,47974.55803575,27.20111693333333,44.107206266666665,0.6374122793333333,False,32.8,48,100,0,0,100,0.0,560.0,344.0,216.0,499.9,21.0
2020-05-20 09:45:00,210226.392859,20560.1803573,36824.285713,22,4135001,0.09780018615973601,0.25,True,5140.045089325,52556.59821475,27.843497142857142,46.54200971428571,0.7001427807142858,False,32.8,48,100,0,0,100,0.0,560.0,344.0,216.0,499.9,21.0
2020-05-20 10:00:00,224394.98215,21938.5339287,42210.035714,22,4135001,0.0977674889095108,0.25,True,5484.633482175,56098.7455375,28.077587800000003,48.34034806666667,0.7516814453333333,False,35.1,39,99,0,0,99,0.0,700.0,416.0,284.0,493.4,21.3
2020-05-20 10:15:00,241515.67857,23596.942858,47849.571429,22,4135001,0.09770356524146216,0.25,True,5899.2357145,60378.9196425,28.2830628,49.19147753333333,0.8096695786666664,False,35.1,39,99,0,0,99,0.0,700.0,416.0,284.0,493.4,21.3
2020-05-20 10:30:00,240522.35714,23503.983928,53822.732143,22,4135001,0.09772057869164787,0.25,True,5875.995982,60130.589285,28.752504466666664,51.54958113333333,0.8091504293333334,False,35.1,39,99,0,0,99,0.0,700.0,416.0,284.0,493.4,21.3
2020-05-20 10:45:00,242660.4107,23708.1160714,59680.892858,22,4135001,0.09770079924866788,0.25,True,5927.02901785,60665.102675,28.985984333333327,51.476499200000006,0.8148198200000001,False,35.1,39,99,0,0,99,0.0,700.0,416.0,284.0,493.4,21.3
2020-05-20 11:00:00,253123.5,24704.103571,65758.589286,22,4135001,0.09759703690491005,0.25,True,6176.02589275,63280.875,29.315938266666667,52.12607433333333,0.8488509206666665,False,37.2,33,99,0,1,99,0.0,854.0,597.0,257.0,630.7,21.5
2020-05-20 11:15:00,265878.41072,25928.653571,72070.714285,22,4135001,0.0975207182139576,0.25,True,6482.16339275,66469.60268,29.735261933333334,53.64847206666667,0.9000696606666667,False,37.2,33,99,0,1,99,0.0,854.0,597.0,257.0,630.7,21.5
2020-05-20 11:30:00,275921.82143,26904.775,78597.017857,22,4135001,0.09750868873133185,0.25,True,6726.19375,68980.4553575,29.882983266666667,54.3455892,0.93859401,False,37.2,33,99,0,1,99,0.0,854.0,597.0,257.0,630.7,21.5
2020-05-20 11:45:00,269093.1607,26246.678573,85381.25,22,4135001,0.09753751639292407,0.25,True,6561.66964325,67273.290175,30.19451906666667,56.65431326666666,0.9129294213333332,False,37.2,33,99,0,1,99,0.0,854.0,597.0,257.0,630.7,21.5
2020-05-20 12:00:00,278431.64287,27154.991071,91830.75,22,4135001,0.09752839437031477,0.25,True,6788.74776775,69607.9107175,30.521348066666665,56.80053313333334,0.9661854566666668,False,38.9,27,99,0,14,99,0.0,915.0,658.0,257.0,663.6,21.0
2020-05-20 12:15:00,282200.7857,27515.057144,98756.124998,22,4135001,0.0975017028239266,0.25,True,6878.764286,70550.196425,30.929116214285717,58.69564164285714,0.9751613035714286,False,38.9,27,99,0,14,99,0.0,915.0,658.0,257.0,663.6,21.0
2020-05-20 12:30:00,280843.83928,27383.037499,105581.803572,22,4135001,0.09750271741478095,0.25,True,6845.75937475,70210.95982,31.299159800000005,59.367140466666655,0.9678900893333334,False,38.9,27,99,0,14,99,0.0,915.0,658.0,257.0,663.6,21.0
2020-05-20 12:45:00,279474.25,27250.508928,112424.660714,22,4135001,0.09750633172107985,0.25,True,6812.627232,69868.5625,31.34249066666667,58.68839280000001,0.9669222093333332,False,38.9,27,99,0,14,99,0.0,915.0,658.0,257.0,663.6,21.0
2020-05-20 13:00:00,254341.5357,24816.001786,118893.464285,22,4135001,0.09756959954535652,0.25,True,6204.0004465,63585.383925,31.393697066666668,56.83325393333334,0.8978028199999998,False,39.7,22,99,0,44,98,0.0,810.0,549.0,261.0,563.2,18.4
2020-05-20 13:15:00,267673.96666,26105.956666,124459.433332,22,4135001,0.09752893414233234,4.25,False,,,31.52517981818181,56.276514181818186,0.9024616809090908,False,39.7,22,99,0,44,98,0.0,810.0,549.0,261.0,563.2,18.4
2020-05-20 17:30:00,40675.0,3987.0,192204.0,22,4135001,0.09802089735709896,0.25,True,996.75,10168.75,29.3095095,31.839508,0.136164155,False,39.3,17,97,0,19,98,0.0,238.0,130.0,108.0,347.1,13.4
2020-05-20 17:45:00,34105.928571,3334.0160714,192708.214285,22,4135001,0.09775473681824595,0.25,True,833.50401785,8526.48214275,28.99113573333333,31.0937296,0.1119324913333333,False,39.3,17,97,0,19,98,0.0,238.0,130.0,108.0,347.1,13.4
2020-05-20 18:00:00,18219.9285714,1767.9125,193345.035714,22,4135001,0.09703180191250088,0.25,True,441.978125,4554.98214285,28.524298066666667,29.694879200000003,0.0601320612666666,False,37.2,19,98,0,12,98,0.0,67.0,18.0,49.0,116.7,5.6
2020-05-20 18:15:00,7914.9999999,764.97678572,193660.357141,22,4135001,0.0966489937750682,0.25,True,191.24419643,1978.749999975,27.9674928,27.485015733333334,0.0263529064666666,False,37.2,19,98,0,12,98,0.0,67.0,18.0,49.0,116.7,5.6
2020-05-20 18:30:00,1118.58928571,107.948214286,193764.071429,22,4135001,0.09650388723103336,0.25,True,26.9870535715,279.6473214275,27.510428933333333,25.833406533333328,0.0047339318343333,False,37.2,19,98,0,12,98,0.0,67.0,18.0,49.0,116.7,5.6
2020-05-20 18:45:00,0.0,0.0,193770.0,22,4135001,,0.25,True,0.0,0.0,27.112099785714285,24.68879464285714,9.920095742857139e-05,False,37.2,19,98,0,12,98,0.0,67.0,18.0,49.0,116.7,5.6
2020-05-20 19:00:00,0.0,0.0,193770.0,22,4135001,,0.25,True,0.0,0.0,26.715222,24.047064133333333,0.0,False,35.3,21,95,0,6,94,0.0,0.0,0.0,0.0,0.0,6.8
2020-05-20 19:15:00,0.0,0.0,193770.0,22,4135001,,0.25,True,0.0,0.0,26.32090453333333,23.766420599999996,0.0,False,35.3,21,95,0,6,94,0.0,0.0,0.0,0.0,0.0,6.8
2020-05-20 19:30:00,0.0,0.0,193770.0,22,4135001,,0.25,True,0.0,0.0,26.058491933333336,23.3778504,0.0,False,35.3,21,95,0,6,94,0.0,0.0,0.0,0.0,0.0,6.8
2020-05-20 19:45:00,0.0,0.0,193770.0,22,4135001,,0.25,True,0.0,0.0,25.84102366666667,23.00669146666667,0.0,False,35.3,21,95,0,6,94,0.0,0.0,0.0,0.0,0.0,6.8
2020-05-20 20:00:00,0.0,0.0,193770.0,22,4135001,,0.25,True,0.0,0.0,25.68150633333333,22.6908204,0.0,False,34.9,21,95,0,25,94,0.0,0.0,0.0,0.0,0.0,8.5
2020-05-20 20:15:00,0.0,0.0,193770.0,22,4135001,,0.25,True,0.0,0.0,25.51622313333333,22.429024266666666,0.0,False,34.9,21,95,0,25,94,0.0,0.0,0.0,0.0,0.0,8.5
2020-05-20 20:30:00,0.0,0.0,193770.0,22,4135001,,0.25,True,0.0,0.0,25.282519466666667,22.43654993333333,0.0,False,34.9,21,95,0,25,94,0.0,0.0,0.0,0.0,0.0,8.5
2020-05-20 20:45:00,0.0,0.0,193770.0,22,4135001,,0.25,True,0.0,0.0,25.09930633333333,22.31530366666667,0.0,False,34.9,21,95,0,25,94,0.0,0.0,0.0,0.0,0.0,8.5
2020-05-20 21:00:00,0.0,0.0,193770.0,22,4135001,,0.25,True,0.0,0.0,24.91609842857143,22.040122,0.0,False,34.7,24,95,0,27,94,0.0,0.0,0.0,0.0,0.0,14.7
2020-05-20 21:15:00,0.0,0.0,193770.0,22,4135001,,0.25,True,0.0,0.0,24.820863733333333,22.009299599999995,0.0,False,34.7,24,95,0,27,94,0.0,0.0,0.0,0.0,0.0,14.7
2020-05-20 21:30:00,0.0,0.0,193770.0,22,4135001,,0.25,True,0.0,0.0,24.700486200000004,21.877602133333337,0.0,False,34.7,24,95,0,27,94,0.0,0.0,0.0,0.0,0.0,14.7
2020-05-20 21:45:00,0.0,0.0,193770.0,22,4135001,,0.25,True,0.0,0.0,24.499195642857146,21.57032992857143,0.0,False,34.7,24,95,0,27,94,0.0,0.0,0.0,0.0,0.0,14.7
2020-05-20 22:00:00,0.0,0.0,193770.0,22,4135001,,0.25,True,0.0,0.0,24.3762818,21.520674666666668,0.0,False,33.2,36,98,0,4,98,0.0,0.0,0.0,0.0,0.0,18.4
2020-05-20 22:15:00,0.0,0.0,193770.0,22,4135001,,0.25,True,0.0,0.0,24.23611046666667,21.519643,0.0,False,33.2,36,98,0,4,98,0.0,0.0,0.0,0.0,0.0,18.4
2020-05-20 22:30:00,0.0,0.0,193770.0,22,4135001,,0.25,True,0.0,0.0,24.145490357142855,21.462666,0.0,False,33.2,36,98,0,4,98,0.0,0.0,0.0,0.0,0.0,18.4
2020-05-20 22:45:00,0.0,0.0,193770.0,22,4135001,,9.0,False,,,24.003129,21.269993266666663,0.0,False,33.2,36,98,0,4,98,0.0,0.0,0.0,0.0,0.0,18.4
2020-05-21 07:45:00,76297.85,7494.9,6938.85,22,4135001,0.0982321258069526,0.25,True,1873.725,19074.4625,23.530553636363635,30.40324263636364,0.3223960490909091,False,28.8,57,89,0,0,89,0.0,164.0,85.0,79.0,315.9,21.3
2020-05-21 08:00:00,94341.833333,9250.4966667,6704.9333332999995,22,4135001,0.09805296695950738,0.25,True,2312.624166675,23585.45833325,23.96825553333333,33.11916906666667,0.3646781813333333,False,30.7,51,90,0,0,90,0.0,385.0,264.0,121.0,536.3,20.0
2020-05-21 08:15:00,125416.714286,12291.1392858,10685.4107143,22,4135001,0.09800240227766861,0.25,True,3072.78482145,31354.1785715,24.447705066666664,36.010386000000004,0.396035358,False,30.7,51,90,0,0,90,0.0,385.0,264.0,121.0,536.3,20.0
2020-05-21 08:30:00,142573.35714100001,13966.5142858,13955.1071427,22,4135001,0.09796019793507149,0.25,True,3491.62857145,35643.339285250004,25.058563266666663,39.48617746666665,0.4540012586666666,False,30.7,51,90,0,0,90,0.0,385.0,264.0,121.0,536.3,20.0
2020-05-21 08:45:00,165187.410715,16172.8958334,17682.5654762,22,4135001,0.09790634627298146,0.25,True,4043.22395835,41296.85267875,25.4833456,42.19290773333333,0.5583109086666667,False,30.7,51,90,0,0,90,0.0,385.0,264.0,121.0,536.3,20.0
2020-05-21 09:00:00,180044.125001,17620.9125,21924.1964285,22,4135001,0.09786996659792219,0.25,True,4405.228125,45011.03125025,26.186218200000003,45.974644000000005,0.6302828366666666,False,33.2,43,75,0,0,75,0.0,595.0,448.0,147.0,651.2,19.5
2020-05-21 09:15:00,192497.142856,18832.8660714,26449.999998,22,4135001,0.09783452259074917,0.25,True,4708.21651785,48124.285714,26.82428842857143,48.745747214285714,0.6764482221428572,False,33.2,43,75,0,0,75,0.0,595.0,448.0,147.0,651.2,19.5
2020-05-21 09:30:00,216186.33929,21140.0642862,31456.857144,22,4135001,0.09778630951256345,0.25,True,5285.01607155,54046.5848225,27.489748066666667,49.733946,0.7325971326666667,False,33.2,43,75,0,0,75,0.0,595.0,448.0,147.0,651.2,19.5
2020-05-21 09:45:00,220058.44641899999,21510.5482137,36693.250001,22,4135001,0.09774925054566215,0.25,True,5377.637053425,55014.611604749996,27.690804,51.029305,0.7722379753333333,False,33.2,43,75,0,0,75,0.0,595.0,448.0,147.0,651.2,19.5
2020-05-21 10:00:00,133977.304762,13093.902857000001,30325.000001,22,4135001,0.09773224562369182,0.25,True,3273.4757142500002,33494.3261905,28.20780033333333,53.51720186666666,0.70056636,False,36.0,35,82,0,0,82,0.0,782.0,623.0,159.0,739.2,19.1
2020-05-21 10:15:00,156213.071427,15280.857143,43808.80357,22,4135001,0.09782060491743742,0.25,True,3820.21428575,39053.26785675,28.129876866666663,46.86501033333333,0.5043223273333332,False,36.0,35,82,0,0,82,0.0,782.0,623.0,159.0,739.2,19.1
2020-05-21 10:30:00,211775.964282,20682.8089286,48818.767856,22,4135001,0.09766362768656246,0.25,True,5170.70223215,52943.9910705,28.657090266666668,51.68042806666666,0.8154269713333333,False,36.0,35,82,0,0,82,0.0,782.0,623.0,159.0,739.2,19.1
2020-05-21 10:45:00,232255.982147,22675.6160699,54010.160713,22,4135001,0.09763200009009067,0.25,True,5668.904017475,58063.99553675,28.85416453333333,51.79728806666666,0.754716712,False,36.0,35,82,0,0,82,0.0,782.0,623.0,159.0,739.2,19.1
2020-05-21 11:00:00,227503.428562,22215.9053556,59507.500002,22,4135001,0.09765085957614765,0.25,True,5553.9763389,56875.8571405,29.207837,53.292307533333336,0.7235343293333333,False,38.0,29,86,0,0,86,0.0,905.0,736.0,169.0,777.8,18.7
2020-05-21 11:15:00,281954.94642,27497.275,65851.678572,22,4135001,0.09752364818966527,0.25,True,6874.31875,70488.736605,29.59773042857143,56.443897500000006,1.0389913628571428,False,38.0,29,86,0,0,86,0.0,905.0,736.0,169.0,777.8,18.7
2020-05-21 11:30:00,274796.82142,26801.030357,72592.392858,22,4135001,0.0975303506732971,0.25,True,6700.25758925,68699.205355,30.12836306666667,61.4558144,1.033489496666667,False,38.0,29,86,0,0,86,0.0,905.0,736.0,169.0,777.8,18.7
2020-05-21 11:45:00,261127.78571,25476.7625,79114.767857,22,4135001,0.09756434931169547,0.25,True,6369.190625,65281.9464275,30.494291133333338,60.050757,0.8877618960000001,False,38.0,29,86,0,0,86,0.0,905.0,736.0,169.0,777.8,18.7
2020-05-21 12:00:00,235841.267845,23022.4178581,85333.625,22,4135001,0.0976182754971909,0.25,True,5755.604464525,58960.31696125,30.676135400000003,57.4164388,0.892777234,False,39.5,25,92,0,41,88,0.0,933.0,756.0,177.0,762.7,16.9
2020-05-21 12:15:00,246090.28571999999,24017.639286,91316.285714,22,4135001,0.09759686050073152,0.25,True,6004.4098215,61522.571429999996,30.804624466666667,58.6477848,0.8879575373333333,False,39.5,25,92,0,41,88,0.0,933.0,756.0,177.0,762.7,16.9
2020-05-21 12:30:00,174020.410723,17022.3553572,96189.214283,22,4135001,0.09781815412615952,0.25,True,4255.5888393,43505.10268075,30.550409,50.88379926666666,0.5801343633333333,False,39.5,25,92,0,41,88,0.0,933.0,756.0,177.0,762.7,16.9
2020-05-21 12:45:00,219852.5,21468.730357200002,101180.232143,22,4135001,0.09765060828146144,0.25,True,5367.1825893000005,54963.125,30.864174466666668,51.88567106666667,0.7466439013333332,False,39.5,25,92,0,41,88,0.0,933.0,756.0,177.0,762.7,16.9
2020-05-21 13:00:00,222422.210721,21718.4189286,106772.014286,22,4135001,0.09764500972361505,0.25,True,5429.60473215,55605.55268025,31.3942708,54.491442600000006,0.8004696066666667,False,40.0,22,69,0,44,46,0.0,737.0,485.0,252.0,497.6,15.0
2020-05-21 13:15:00,282772.29167,27574.482143,112809.196429,22,4135001,0.09751479531516434,0.25,True,6893.62053575,70693.0729175,31.3498148,55.91095173333333,0.9618199573333333,False,40.0,22,69,0,44,46,0.0,737.0,485.0,252.0,497.6,15.0
2020-05-21 13:30:00,234033.76786,22841.2053559,119351.946428,22,4135001,0.09759790463042799,0.25,True,5710.301338975,58508.441965,31.723678357142855,57.42826607142857,0.7764669535714287,False,40.0,22,69,0,44,46,0.0,737.0,485.0,252.0,497.6,15.0
2020-05-21 13:45:00,237779.071417,23206.0321439,124927.535714,22,4135001,0.09759493131842084,0.25,True,5801.508035975,59444.76785425,31.688391,55.696510800000006,0.8612832686666666,False,40.0,22,69,0,44,46,0.0,737.0,485.0,252.0,497.6,15.0
2020-05-21 14:00:00,220906.964293,21565.2928583,130686.249998,22,4135001,0.09762160702954058,0.25,True,5391.323214575,55226.74107325,32.05471386666667,56.430047733333325,0.741254446,False,40.5,19,37,0,29,13,0.0,670.0,475.0,195.0,529.1,13.6
2020-05-21 14:15:00,180643.357143,17651.8428571,135431.107142,22,4135001,0.09771653459211642,0.25,True,4412.960714275,45160.83928575,31.86826353333333,50.850927733333336,0.632901332,False,40.5,19,37,0,29,13,0.0,670.0,475.0,195.0,529.1,13.6
2020-05-21 14:30:00,155589.946428,15224.6696429,139579.089288,22,4135001,0.0978512429139841,0.25,True,3806.167410725,38897.486607,31.819928,47.850404733333335,0.4585606919999999,False,40.5,19,37,0,29,13,0.0,670.0,475.0,195.0,529.1,13.6
2020-05-21 14:45:00,182315.642858,17829.6678571,143537.30357,22,4135001,0.09779560095667147,0.25,True,4457.416964275,45578.9107145,31.724595200000003,46.1821414,0.613399808,False,40.5,19,37,0,29,13,0.0,670.0,475.0,195.0,529.1,13.6
2020-05-21 15:00:00,219721.160712,21476.974405200002,148431.303571,22,4135001,0.09774649986193634,0.25,True,5369.243601300001,54930.290178,32.33336766666667,52.991542466666665,0.7409205246666666,False,40.6,18,44,0,43,2,0.0,541.0,361.0,180.0,471.5,12.1
2020-05-21 15:15:00,113635.958334,11143.3660716,152315.636904,22,4135001,0.09806197118386858,0.25,True,2785.8415179,28408.9895835,31.9338582,46.44251506666667,0.3559129373333332,False,40.6,18,44,0,43,2,0.0,541.0,361.0,180.0,471.5,12.1
2020-05-21 15:30:00,163751.607142,16031.6928571,155804.732143,22,4135001,0.09790250695492622,0.25,True,4007.923214275,40937.9017855,32.07216542857143,46.25483692857144,0.563544357142857,False,40.6,18,44,0,43,2,0.0,541.0,361.0,180.0,471.5,12.1
2020-05-21 15:45:00,117273.732141,11498.2624998,159531.357142,22,4135001,0.09804635948632949,0.25,True,2874.56562495,29318.43303525,32.14568913333334,45.14951980000001,0.3742929606666666,False,40.6,18,44,0,43,2,0.0,541.0,361.0,180.0,471.5,12.1
2020-05-21 16:00:00,86612.589286,8509.6142857,161954.392858,22,4135001,0.09824916165017003,0.25,True,2127.403571425,21653.1473215,31.600370266666665,40.34497666666666,0.273557416,False,40.2,18,59,0,47,30,0.0,357.0,225.0,132.0,383.0,13.6
2020-05-21 16:15:00,74587.696426,7331.4571427,163926.035713,22,4135001,0.0982931166130555,0.25,True,1832.864285675,18646.9241065,31.0340474,37.6285684,0.2396828633333333,False,40.2,18,59,0,47,30,0.0,357.0,225.0,132.0,383.0,13.6
2020-05-21 16:30:00,95422.714286,9367.7517859,165896.517856,22,4135001,0.09817108909544396,0.25,True,2341.937946475,23855.6785715,30.709979333333337,37.02485793333333,0.3015704806666667,False,40.2,18,59,0,47,30,0.0,357.0,225.0,132.0,383.0,13.6
2020-05-21 16:45:00,54294.678569,5326.2446429,167996.875,22,4135001,0.09809883368461571,0.25,True,1331.561160725,13573.66964225,30.436910066666663,36.399023133333344,0.1652971236,False,40.2,18,59,0,47,30,0.0,357.0,225.0,132.0,383.0,13.6
2020-05-21 17:00:00,23437.732143,2278.0892857,168851.839287,22,4135001,0.09719751347104555,0.25,True,569.522321425,5859.43303575,29.904103,31.909513214285717,0.0705414855,False,40.0,16,74,0,14,0,0.0,177.0,89.0,88.0,237.1,11.6
2020-05-21 17:15:00,16700.2678569,1619.35000001,169326.732143,22,4135001,0.09696551060652227,0.25,True,404.8375000025,4175.066964225,29.53365073333333,29.722025533333333,0.0500169534,False,40.0,16,74,0,14,0,0.0,177.0,89.0,88.0,237.1,11.6
2020-05-21 17:30:00,12960.5357142,1254.35357143,169688.196429,22,4135001,0.09678254040499946,0.25,True,313.5883928575,3240.13392855,29.038175466666665,28.573687866666667,0.039089017,False,40.0,16,74,0,14,0,0.0,177.0,89.0,88.0,237.1,11.6
2020-05-21 17:45:00,9592.0714285,927.33392859,169961.749998,22,4135001,0.09667712917928258,0.25,True,231.8334821475,2398.017857125,28.658781133333328,27.826387666666665,0.0293719444666666,False,40.0,16,74,0,14,0,0.0,177.0,89.0,88.0,237.1,11.6
2020-05-21 18:00:00,6804.8928572,657.39107142,170161.285714,22,4135001,0.09660564614539659,0.25,True,164.347767855,1701.2232143,27.727758666666663,26.892470266666667,0.0212870691999999,False,38.1,18,12,0,12,0,0.0,71.0,31.0,40.0,200.3,8.0
2020-05-21 18:15:00,1796.2678571000001,173.31785714,123625.892857,16,4135001,0.09648775735474913,0.25,True,43.329464285,449.06696427500003,27.694161,26.27160233333333,0.01005088592,False,38.1,18,12,0,12,0,0.0,71.0,31.0,40.0,200.3,8.0
2020-05-21 18:30:00,0.0,0.0,108152.0,14,4135001,,0.25,True,0.0,0.0,27.578023266666666,25.854665200000003,0.0015678459913333,False,38.1,18,12,0,12,0,0.0,71.0,31.0,40.0,200.3,8.0
2020-05-21 18:45:00,0.0,0.0,108152.0,14,4135001,,0.25,True,0.0,0.0,27.19961753333333,25.1958414,0.0,False,38.1,18,12,0,12,0,0.0,71.0,31.0,40.0,200.3,8.0
2020-05-21 19:00:00,0.0,0.0,108152.0,14,4135001,,0.25,True,0.0,0.0,26.84853057142857,24.62852907142857,0.0,False,36.4,20,26,0,11,18,0.0,0.0,0.0,0.0,0.0,8.0
2020-05-21 19:15:00,0.0,0.0,108152.0,14,4135001,,0.25,True,0.0,0.0,26.45617473333333,24.164711333333333,0.0,False,36.4,20,26,0,11,18,0.0,0.0,0.0,0.0,0.0,8.0
2020-05-21 19:30:00,0.0,0.0,108152.0,14,4135001,,0.25,True,0.0,0.0,26.023022466666667,23.832366933333336,0.0,False,36.4,20,26,0,11,18,0.0,0.0,0.0,0.0,0.0,8.0
2020-05-21 19:45:00,0.0,0.0,108152.0,14,4135001,,0.25,True,0.0,0.0,25.766520133333334,23.48216953333333,0.0,False,36.4,20,26,0,11,18,0.0,0.0,0.0,0.0,0.0,8.0
2020-05-21 20:00:00,0.0,0.0,108152.0,14,4135001,,0.25,True,0.0,0.0,25.5864014,23.286395266666663,0.0,False,35.6,22,10,0,10,0,0.0,0.0,0.0,0.0,0.0,10.3
2020-05-21 20:15:00,0.0,0.0,108152.0,22,4135001,,0.25,True,0.0,0.0,25.35796506666667,23.092466200000004,0.0,False,35.6,22,10,0,10,0,0.0,0.0,0.0,0.0,0.0,10.3
2020-05-21 20:30:00,0.0,0.0,108152.0,22,4135001,,0.25,True,0.0,0.0,25.098463733333336,22.87989926666667,0.0,False,35.6,22,10,0,10,0,0.0,0.0,0.0,0.0,0.0,10.3
2020-05-21 20:45:00,0.0,0.0,108152.0,22,4135001,,0.25,True,0.0,0.0,24.8719178,22.620530266666663,0.0,False,35.6,22,10,0,10,0,0.0,0.0,0.0,0.0,0.0,10.3
2020-05-21 21:00:00,0.0,0.0,108152.0,22,4135001,,0.25,True,0.0,0.0,24.680324266666663,22.335959933333328,0.0,False,34.9,24,33,0,8,27,0.0,0.0,0.0,0.0,0.0,11.2
2020-05-21 21:15:00,0.0,0.0,108152.0,22,4135001,,0.25,True,0.0,0.0,24.478779357142855,22.165891285714284,0.0,False,34.9,24,33,0,8,27,0.0,0.0,0.0,0.0,0.0,11.2
2020-05-21 21:30:00,0.0,0.0,108152.0,22,4135001,,0.25,True,0.0,0.0,24.406392466666663,22.096169133333333,0.0,False,34.9,24,33,0,8,27,0.0,0.0,0.0,0.0,0.0,11.2
2020-05-21 21:45:00,0.0,0.0,108152.0,22,4135001,,0.25,True,0.0,0.0,24.369700133333332,22.03935133333333,0.0,False,34.9,24,33,0,8,27,0.0,0.0,0.0,0.0,0.0,11.2
2020-05-21 22:00:00,0.0,0.0,108152.0,22,4135001,,0.25,True,0.0,0.0,24.26367993333333,21.819816066666665,0.0,False,33.8,26,39,0,7,35,0.0,0.0,0.0,0.0,0.0,12.8
2020-05-21 22:15:00,0.0,0.0,108152.0,22,4135001,,0.25,True,0.0,0.0,24.19905,21.67491866666667,0.0,False,33.8,26,39,0,7,35,0.0,0.0,0.0,0.0,0.0,12.8
2020-05-21 22:30:00,0.0,0.0,108152.0,22,4135001,,0.25,True,0.0,0.0,24.08873486666667,21.486199866666663,0.0,False,33.8,26,39,0,7,35,0.0,0.0,0.0,0.0,0.0,12.8
2020-05-21 22:45:00,0.0,0.0,108152.0,22,4135001,,0.25,True,0.0,0.0,24.00257386666667,21.370762266666667,0.0,False,33.8,26,39,0,7,35,0.0,0.0,0.0,0.0,0.0,12.8
2020-05-21 23:00:00,0.0,0.0,108152.0,22,4135001,,0.25,True,0.0,0.0,23.978326266666667,21.3030558,0.0,False,33.0,36,5,0,5,1,0.0,0.0,0.0,0.0,0.0,15.2
2020-05-21 23:15:00,0.0,0.0,108152.0,22,4135001,,0.25,True,0.0,0.0,23.922380642857146,21.196879785714284,0.0,False,33.0,36,5,0,5,1,0.0,0.0,0.0,0.0,0.0,15.2
2020-05-21 23:30:00,0.0,0.0,108152.0,22,4135001,,0.25,True,0.0,0.0,23.8922364,21.126922666666665,0.0,False,33.0,36,5,0,5,1,0.0,0.0,0.0,0.0,0.0,15.2
2020-05-21 23:45:00,0.0,0.0,95004.142857,22,4135001,,0.25,True,0.0,0.0,23.856805466666664,21.1551208,0.0,False,33.0,36,5,0,5,1,0.0,0.0,0.0,0.0,0.0,15.2
2020-05-22 00:00:00,0.0,0.0,3830.5,22,4135001,,0.25,True,0.0,0.0,23.760593466666663,21.23520506666667,0.0,False,32.0,44,3,0,3,1,0.0,0.0,0.0,0.0,0.0,16.9
2020-05-22 00:15:00,0.0,0.0,0.0,22,4135001,,0.25,True,0.0,0.0,23.6751994,21.1929544,0.0,False,32.0,44,3,0,3,1,0.0,0.0,0.0,0.0,0.0,16.9
2020-05-22 00:30:00,0.0,0.0,0.0,22,4135001,,0.25,True,0.0,0.0,23.594093866666668,21.1975178,0.0,False,32.0,44,3,0,3,1,0.0,0.0,0.0,0.0,0.0,16.9
2020-05-22 00:45:00,0.0,0.0,0.0,22,4135001,,0.25,True,0.0,0.0,23.48329066666667,21.23848886666666,0.0,False,32.0,44,3,0,3,1,0.0,0.0,0.0,0.0,0.0,16.9
2020-05-22 01:00:00,0.0,0.0,0.0,22,4135001,,0.25,True,0.0,0.0,23.470836,21.835551714285717,0.0,False,30.8,52,2,0,2,0,0.0,0.0,0.0,0.0,0.0,19.1
2020-05-22 01:15:00,0.0,0.0,0.0,22,4135001,,0.25,True,0.0,0.0,23.52625706666667,22.2376994,0.0,False,30.8,52,2,0,2,0,0.0,0.0,0.0,0.0,0.0,19.1
2020-05-22 01:30:00,0.0,0.0,0.0,22,4135001,,0.25,True,0.0,0.0,23.54151806666667,22.084086133333333,0.0,False,30.8,52,2,0,2,0,0.0,0.0,0.0,0.0,0.0,19.1
2020-05-22 01:45:00,0.0,0.0,0.0,22,4135001,,0.25,True,0.0,0.0,23.4903992,22.2411336,0.0,False,30.8,52,2,0,2,0,0.0,0.0,0.0,0.0,0.0,19.1
2020-05-22 02:00:00,0.0,0.0,0.0,22,4135001,,0.25,True,0.0,0.0,23.441861933333332,22.392478466666663,0.0,False,29.8,57,1,0,1,0,0.0,0.0,0.0,0.0,0.0,20.9
2020-05-22 02:15:00,0.0,0.0,0.0,22,4135001,,0.25,True,0.0,0.0,23.4516622,22.4551962,0.0,False,29.8,57,1,0,1,0,0.0,0.0,0.0,0.0,0.0,20.9
2020-05-22 02:30:00,0.0,0.0,0.0,22,4135001,,0.25,True,0.0,0.0,23.410870333333328,22.287416466666667,0.0,False,29.8,57,1,0,1,0,0.0,0.0,0.0,0.0,0.0,20.9
2020-05-22 02:45:00,0.0,0.0,0.0,22,4135001,,0.25,True,0.0,0.0,23.41301192857143,22.12250857142857,0.0,False,29.8,57,1,0,1,0,0.0,0.0,0.0,0.0,0.0,20.9
2020-05-22 03:00:00,0.0,0.0,0.0,22,4135001,,0.25,True,0.0,0.0,23.297208666666663,21.8402384,0.0,False,28.9,62,1,0,1,0,0.0,0.0,0.0,0.0,0.0,19.3
2020-05-22 03:15:00,0.0,0.0,0.0,22,4135001,,0.25,True,0.0,0.0,23.0816204,21.3520304,0.0,False,28.9,62,1,0,1,0,0.0,0.0,0.0,0.0,0.0,19.3
2020-05-22 03:30:00,0.0,0.0,0.0,22,4135001,,0.25,True,0.0,0.0,23.0801798,21.29458413333333,0.0,False,28.9,62,1,0,1,0,0.0,0.0,0.0,0.0,0.0,19.3
2020-05-22 03:45:00,0.0,0.0,0.0,22,4135001,,0.25,True,0.0,0.0,23.0092528,21.33285306666667,0.0,False,28.9,62,1,0,1,0,0.0,0.0,0.0,0.0,0.0,19.3
2020-05-22 04:00:00,0.0,0.0,0.0,22,4135001,,0.25,True,0.0,0.0,22.94258413333333,21.267515133333337,0.0,False,28.4,63,1,0,1,0,0.0,0.0,0.0,0.0,0.0,20.2
2020-05-22 04:15:00,0.0,0.0,0.0,22,4135001,,0.25,True,0.0,0.0,23.023907466666664,21.393129333333327,0.0,False,28.4,63,1,0,1,0,0.0,0.0,0.0,0.0,0.0,20.2
2020-05-22 04:30:00,0.0,0.0,0.0,22,4135001,,0.25,True,0.0,0.0,22.980336533333336,21.45325513333333,0.0,False,28.4,63,1,0,1,0,0.0,0.0,0.0,0.0,0.0,20.2
2020-05-22 04:45:00,0.0,0.0,0.0,22,4135001,,0.25,True,0.0,0.0,22.941425857142857,21.422938714285717,0.0,False,28.4,63,1,0,1,0,0.0,0.0,0.0,0.0,0.0,20.2
2020-05-22 05:00:00,0.0,0.0,0.0,22,4135001,,0.25,True,0.0,0.0,22.9109844,21.4030904,0.0,False,28.0,64,28,0,0,27,0.0,0.0,0.0,0.0,0.0,19.1
2020-05-22 05:15:00,0.0,0.0,0.0,22,4135001,,0.25,True,0.0,0.0,22.858017933333333,21.447070266666667,0.0,False,28.0,64,28,0,0,27,0.0,0.0,0.0,0.0,0.0,19.1
2020-05-22 05:30:00,0.0,0.0,0.0,22,4135001,,0.25,True,0.0,0.0,22.8197834,21.408598,0.0,False,28.0,64,28,0,0,27,0.0,0.0,0.0,0.0,0.0,19.1
2020-05-22 05:45:00,0.0,0.0,0.0,22,4135001,,0.25,True,0.0,0.0,22.802852266666665,21.3380066,0.0010673070493333,False,28.0,64,28,0,0,27,0.0,0.0,0.0,0.0,0.0,19.1
2020-05-22 06:00:00,4856.4285715,469.10892858,27.196428573,22,4135001,0.0965954552143463,0.25,True,117.277232145,1214.107142875,22.815523266666663,21.6110514,0.0168548558266666,False,27.9,64,47,0,0,47,0.0,22.0,6.0,16.0,60.1,20.0
2020-05-22 06:15:00,12535.9285715,1213.09821432,247.10714285,22,4135001,0.09676971334041713,0.25,True,303.27455358,3133.982142875,22.981634533333327,22.203200133333333,0.0403607207333333,False,27.9,64,47,0,0,47,0.0,22.0,6.0,16.0,60.1,20.0
2020-05-22 06:30:00,19705.7321429,1913.49821429,623.08928572,22,4135001,0.0971036346385859,0.25,True,478.3745535725,4926.433035725,23.218327,22.82350866666667,0.0646610821333333,False,27.9,64,47,0,0,47,0.0,22.0,6.0,16.0,60.1,20.0
2020-05-22 06:45:00,26140.249999,2541.9982144,1185.37499999,22,4135001,0.0972446022703396,0.25,True,635.4995536,6535.06249975,23.366936642857144,23.907782357142853,0.0858986049285714,False,27.9,64,47,0,0,47,0.0,22.0,6.0,16.0,60.1,20.0
2020-05-22 07:00:00,35307.446429,3448.6339286,1891.44642857,22,4135001,0.09767440801857145,0.25,True,862.15848215,8826.86160725,23.4338724,24.7448954,0.1108917472,False,28.8,63,18,0,0,18,0.0,175.0,97.0,78.0,360.1,19.5
2020-05-22 07:15:00,77813.892857,7642.842857,3209.3750001,22,4135001,0.09821951551820432,0.25,True,1910.71071425,19453.47321425,23.82504073333333,28.026749666666667,0.2790037753333333,False,28.8,63,18,0,0,18,0.0,175.0,97.0,78.0,360.1,19.5
2020-05-22 07:30:00,99356.071428,9752.8982143,5494.75,22,4135001,0.09816106931489936,0.25,True,2438.224553575,24839.017857,24.3803284,32.1630228,0.3559949986666666,False,28.8,63,18,0,0,18,0.0,175.0,97.0,78.0,360.1,19.5
2020-05-22 07:45:00,96299.428574,9451.6857143,7907.5178572,22,4135001,0.09814892834007814,0.25,True,2362.921428575,24074.8571435,24.829638666666668,33.83913526666666,0.3454415426666666,False,28.8,63,18,0,0,18,0.0,175.0,97.0,78.0,360.1,19.5
2020-05-22 08:00:00,110637.535714,10847.4267856,10484.0,22,4135001,0.09804472519743021,0.25,True,2711.8566964,27659.3839285,25.088962666666667,35.562813133333336,0.3929178906666667,False,30.9,54,37,0,0,37,0.0,394.0,277.0,117.0,562.6,18.1
2020-05-22 08:15:00,103632.560714,10159.721428500001,13281.4392858,22,4135001,0.09803599716635678,0.25,True,2539.9303571250002,25908.1401785,25.26090906666667,37.18839533333334,0.3585062726666666,False,30.9,54,37,0,0,37,0.0,394.0,277.0,117.0,562.6,18.1
2020-05-22 08:30:00,57482.214285,5637.3714286,15032.9285714,22,4135001,0.09807157742131506,0.25,True,1409.34285715,14370.55357125,25.14924185714285,32.83658064285714,0.1884618071428571,False,30.9,54,37,0,0,37,0.0,394.0,277.0,117.0,562.6,18.1
2020-05-22 08:45:00,84887.488096,8338.4535713,16730.875,22,4135001,0.0982294771388449,0.25,True,2084.613392825,21221.872024,25.312744200000004,32.38037546666667,0.2670940773333334,False,30.9,54,37,0,0,37,0.0,394.0,277.0,117.0,562.6,18.1
2020-05-22 09:00:00,112328.171429,11014.1603572,19146.3392857,22,4135001,0.09805341097501791,0.25,True,2753.5400893,28082.04285725,25.96112293333333,35.6540122,0.3730011899999999,False,33.3,45,0,0,0,0,0.0,607.0,465.0,142.0,676.0,17.2
2020-05-22 09:15:00,124451.410714,12195.8017857,22088.5773811,22,4135001,0.09799649289413839,0.25,True,3048.950446425,31112.8526785,26.405902066666663,37.5282734,0.3860812566666666,False,33.3,45,0,0,0,0,0.0,607.0,465.0,142.0,676.0,17.2
2020-05-22 09:30:00,141311.964286,13842.8035715,25367.303573,22,4135001,0.09795917593703302,0.25,True,3460.700892875,35327.9910715,26.92924806666667,39.8739748,0.4385864393333333,False,33.3,45,0,0,0,0,0.0,607.0,465.0,142.0,676.0,17.2
2020-05-22 09:45:00,118421.642858,11609.8067857,28433.660714999998,22,4135001,0.0980378797786261,0.25,True,2902.451696425,29605.4107145,27.16653653333333,39.336533733333326,0.3759219506666666,False,33.3,45,0,0,0,0,0.0,607.0,465.0,142.0,676.0,17.2
2020-05-22 10:00:00,151447.303573,14820.0071427,31855.589286,22,4135001,0.09785586664840501,0.25,True,3705.001785675,37861.82589325,27.585662733333333,42.06701466666666,0.5426874133333333,False,35.6,37,0,0,0,0,0.0,783.0,626.0,157.0,743.0,17.1
2020-05-22 10:15:00,207550.821417,20271.2517856,35857.196429,22,4135001,0.09766885838949338,0.25,True,5067.8129464,51887.70535425,27.87740473333333,42.96753940000001,0.63854485,False,35.6,37,0,0,0,0,0.0,783.0,626.0,157.0,743.0,17.1
2020-05-22 10:30:00,125350.589286,12281.7964285,40370.696428,22,4135001,0.09797956673724001,0.25,True,3070.449107125,31337.6473215,28.15413335714286,44.68885371428571,0.4156516442857142,False,35.6,37,0,0,0,0,0.0,783.0,626.0,157.0,743.0,17.1
2020-05-22 10:45:00,185545.178571,18134.6500001,43523.214285,22,4135001,0.09773711254459067,0.25,True,4533.662500025,46386.29464275,28.069488466666662,42.7483944,0.7091465493333333,False,35.6,37,0,0,0,0,0.0,783.0,626.0,157.0,743.0,17.1
2020-05-22 11:00:00,177744.589286,17375.2928571,48512.392858,22,4135001,0.09775427160340887,0.25,True,4343.823214275,44436.1473215,28.880098533333335,50.2482484,0.608488516,False,37.8,30,0,0,0,0,0.0,905.0,738.0,167.0,780.3,16.8
2020-05-22 11:15:00,169112.007144,16535.2860714,52244.064286,22,4135001,0.09777712624107225,0.25,True,4133.82151785,42278.001786,28.860333333333333,44.390484533333336,0.553059376,False,37.8,30,0,0,0,0,0.0,905.0,738.0,167.0,780.3,16.8
2020-05-22 11:30:00,279968.99404,27308.16607,57864.720238,22,4135001,0.09753996567955092,0.25,True,6827.0415175,69992.24851,29.77494913333333,52.5911334,0.999309628,False,37.8,30,0,0,0,0,0.0,905.0,738.0,167.0,780.3,16.8
2020-05-22 11:45:00,275556.55357,26879.828571,64758.017857,22,4135001,0.0975474116755916,0.25,True,6719.95714275,68889.1383925,30.58406566666667,60.62906306666667,1.0477749826666665,False,37.8,30,0,0,0,0,0.0,905.0,738.0,167.0,780.3,16.8
2020-05-22 12:00:00,283826.625,27677.362499000003,71682.357142,22,4135001,0.09751503228071011,0.25,True,6919.340624750001,70956.65625,30.824835714285715,62.21209042857143,1.0318606821428573,False,39.6,25,7,0,7,0,0.0,961.0,792.0,169.0,799.3,14.7
2020-05-22 12:15:00,221449.339293,21636.85,77724.357143,22,4135001,0.09770564260466022,0.25,True,5409.2125,55362.33482325,30.752172866666665,57.925577800000006,0.8117554566666667,False,39.6,25,7,0,7,0,0.0,961.0,792.0,169.0,799.3,14.7
2020-05-22 12:30:00,207784.178565,20300.3875002,82999.232142,22,4135001,0.09769939001322729,0.25,True,5075.09687505,51946.04464125,30.91771053333333,54.40039266666666,0.7624467326666666,False,39.6,25,7,0,7,0,0.0,961.0,792.0,169.0,799.3,14.7
2020-05-22 12:45:00,248848.678574,24282.6250013,88505.214285,22,4135001,0.09757988324651315,0.25,True,6070.656250325,62212.1696435,31.41328526666667,55.89338740000001,0.917253122,False,39.6,25,7,0,7,0,0.0,961.0,792.0,169.0,799.3,14.7
2020-05-22 13:00:00,235013.61905,23066.4690486,94132.871033,22,4135001,0.09814949934323816,0.25,True,5766.61726215,58753.4047625,31.3189554,54.85740986666666,0.8148439080000001,False,40.4,22,42,0,42,0,0.0,843.0,653.0,190.0,670.2,12.1
2020-05-22 13:15:00,246269.05358,24029.846429,100675.821429,22,4135001,0.09757558280132812,0.25,True,6007.46160725,61567.263395,31.90281766666666,58.44529793333333,0.8256647073333334,False,40.4,22,42,0,42,0,0.0,843.0,653.0,190.0,670.2,12.1
2020-05-22 13:30:00,240790.48216,23499.6464286,106670.625,22,4135001,0.09759375128866181,0.25,True,5874.91160715,60197.62054,31.85407093333333,57.85922433333334,0.814901278,False,40.4,22,42,0,42,0,0.0,843.0,653.0,190.0,670.2,12.1
2020-05-22 13:45:00,198059.982143,19344.0410716,111801.535714,22,4135001,0.0976675896983245,0.25,True,4836.0102679,49514.99553575,31.63322353333333,53.52987266666667,0.6930570186666666,False,40.4,22,42,0,42,0,0.0,843.0,653.0,190.0,670.2,12.1
2020-05-22 14:00:00,218127.446429,21292.655357,116824.696428,22,4135001,0.09761566325368738,0.25,True,5323.16383925,54531.86160725,31.882248142857144,54.65764728571429,0.7605472914285714,False,40.7,18,43,0,43,0,0.0,671.0,449.0,222.0,500.2,8.0
2020-05-22 14:15:00,184814.089285,18061.0517857,122009.482144,22,4135001,0.09772551354484793,0.25,True,4515.262946425,46203.52232125,32.30898653333334,55.08829360000001,0.6065786866666667,False,40.7,18,43,0,43,0,0.0,671.0,449.0,222.0,500.2,8.0
2020-05-22 14:30:00,238468.78571999999,23295.4232143,126864.660714,22,4135001,0.09768751555456195,0.25,True,5823.855803575,59617.196429999996,32.15423573333334,52.968100933333325,0.809865482,False,40.7,18,43,0,43,0,0.0,671.0,449.0,222.0,500.2,8.0
2020-05-22 14:45:00,230378.303573,22519.9910695,132593.517856,22,4135001,0.09775222197677172,0.25,True,5629.997767375,57594.57589325,32.80111693333333,56.02008653333333,0.7798724033333334,False,40.7,18,43,0,43,0,0.0,671.0,449.0,222.0,500.2,8.0
2020-05-22 15:00:00,210988.160714,20633.3196428,138006.357142,22,4135001,0.09779373199413312,0.25,True,5158.3299107,52747.0401785,33.00463246666666,55.63306693333334,0.7279374373333332,False,40.8,17,45,0,27,26,0.0,562.0,412.0,150.0,538.0,4.8
2020-05-22 15:15:00,142292.607143,13937.4660715,142354.517855,22,4135001,0.09794933378016783,0.25,True,3484.366517875,35573.15178575,32.574084400000004,51.29624213333333,0.468398362,False,40.8,17,45,0,27,26,0.0,562.0,412.0,150.0,538.0,4.8
2020-05-22 15:30:00,94029.053571,9225.4125001,145005.499999,22,4135001,0.09811236154933775,0.25,True,2306.353125025,23507.26339275,32.31323666666667,43.588924266666666,0.3465496533333333,False,40.8,17,45,0,27,26,0.0,562.0,412.0,150.0,538.0,4.8
2020-05-22 15:45:00,100138.928571,9826.4553573,147709.42857,22,4135001,0.09812822543166014,0.25,True,2456.613839325,25034.73214275,32.0070125,43.13004007142857,0.3180874907142857,False,40.8,17,45,0,27,26,0.0,562.0,412.0,150.0,538.0,4.8
2020-05-22 16:00:00,70111.839287,6892.1410714,149639.035714,22,4135001,0.0983021004938595,0.25,True,1723.03526785,17527.95982175,31.29693813333333,39.07873533333333,0.223404308,False,40.9,16,53,0,41,22,0.0,398.0,272.0,126.0,462.6,2.3
2020-05-22 16:15:00,61082.535716,5992.0285715,151285.214288,22,4135001,0.09809724663952424,0.25,True,1498.007142875,15270.633929,30.797410133333333,37.0259216,0.1951342519999999,False,40.9,16,53,0,41,22,0.0,398.0,272.0,126.0,462.6,2.3
2020-05-22 16:30:00,49037.875001,4807.9375001,152624.410715,22,4135001,0.09804538838605781,0.25,True,1201.984375025,12259.46875025,30.2077474,34.96258519999999,0.1562854073333333,False,40.9,16,53,0,41,22,0.0,398.0,272.0,126.0,462.6,2.3
2020-05-22 16:45:00,42450.035714,4161.1910715,153765.80357,22,4135001,0.0980256200379978,0.25,True,1040.297767875,10612.5089285,29.846667533333328,33.62270493333333,0.1358759986666666,False,40.9,16,53,0,41,22,0.0,398.0,272.0,126.0,462.6,2.3
2020-05-22 17:00:00,35424.017857,3467.8732142999997,154708.910715,22,4135001,0.09789610055807735,0.25,True,866.9683035749999,8856.00446425,29.57108153333333,32.47774066666667,0.1132172194666666,False,40.4,15,92,0,5,42,0.0,232.0,132.0,100.0,351.0,9.1
2020-05-22 17:15:00,26301.160714999998,2558.0553573,155486.232142,22,4135001,0.09726016980844111,0.25,True,639.513839325,6575.2901787499995,29.301833066666667,31.3613768,0.0837732949333333,False,40.4,15,92,0,5,42,0.0,232.0,132.0,100.0,351.0,9.1
2020-05-22 17:30:00,17627.3571428,1710.03214286,156003.732145,22,4135001,0.09701012630577313,0.25,True,427.508035715,4406.8392857,29.1003866,30.149263466666667,0.0560736594,False,40.4,15,92,0,5,42,0.0,232.0,132.0,100.0,351.0,9.1
2020-05-22 17:45:00,11269.3392858,1090.23928572,156358.517857,22,4135001,0.09674385144244993,0.25,True,272.55982143,2817.33482145,28.826326714285717,29.096067142857144,0.0369035885714285,False,40.4,15,92,0,5,42,0.0,232.0,132.0,100.0,351.0,9.1
2020-05-22 18:00:00,6197.7321428,598.64464287,156564.124998,22,4135001,0.09659091891627725,0.25,True,149.6611607175,1549.4330357,28.510609933333328,28.12322593333333,0.0214036318666666,False,38.5,16,6,0,6,0,0.0,76.0,33.0,43.0,212.7,6.8
2020-05-22 18:15:00,2459.07142869,237.373214283,156671.767856,22,4135001,0.09652961337908504,0.25,True,59.34330357075,614.7678571725,28.18459053333333,27.252742533333333,0.0099927644066666,False,38.5,16,6,0,6,0,0.0,76.0,33.0,43.0,212.7,6.8
2020-05-22 18:30:00,0.0,0.0,156698.0,22,4135001,,0.25,True,0.0,0.0,28.03802473333333,26.626117,0.0020025813973333,False,38.5,16,6,0,6,0,0.0,76.0,33.0,43.0,212.7,6.8
2020-05-22 18:45:00,0.0,0.0,71595.0,10,4135001,,0.25,True,0.0,0.0,27.857527666666662,26.235675,2.7608272399999994e-05,False,38.5,16,6,0,6,0,0.0,76.0,33.0,43.0,212.7,6.8
2020-05-22 19:00:00,0.0,0.0,71595.0,10,4135001,,0.25,True,0.0,0.0,27.590226266666665,25.9145488,0.0,False,36.4,18,8,0,7,1,0.0,0.0,0.0,0.0,0.0,6.6
2020-05-22 19:15:00,0.0,0.0,71595.0,10,4135001,,0.25,True,0.0,0.0,27.355753666666665,25.7008974,0.0,False,36.4,18,8,0,7,1,0.0,0.0,0.0,0.0,0.0,6.6
2020-05-22 19:30:00,0.0,0.0,71595.0,10,4135001,,0.25,True,0.0,0.0,27.137475466666665,25.587719733333333,0.0,False,36.4,18,8,0,7,1,0.0,0.0,0.0,0.0,0.0,6.6
2020-05-22 19:45:00,0.0,0.0,71595.0,10,4135001,,0.25,True,0.0,0.0,26.941038066666668,25.36680293333333,0.0,False,36.4,18,8,0,7,1,0.0,0.0,0.0,0.0,0.0,6.6
2020-05-22 20:00:00,0.0,0.0,71595.0,10,4135001,,0.25,True,0.0,0.0,26.857729285714285,25.154514857142857,0.0,False,36.6,17,7,0,7,0,0.0,0.0,0.0,0.0,0.0,10.7
2020-05-22 20:15:00,0.0,0.0,71595.0,10,4135001,,0.25,True,0.0,0.0,26.768762066666664,25.0066142,0.0,False,36.6,17,7,0,7,0,0.0,0.0,0.0,0.0,0.0,10.7
2020-05-22 20:30:00,0.0,0.0,71595.0,22,4135001,,0.25,True,0.0,0.0,26.6451172,24.92873313333333,0.0,False,36.6,17,7,0,7,0,0.0,0.0,0.0,0.0,0.0,10.7
2020-05-22 20:45:00,0.0,0.0,71595.0,22,4135001,,0.25,True,0.0,0.0,26.527557466666664,24.90883806666666,0.0,False,36.6,17,7,0,7,0,0.0,0.0,0.0,0.0,0.0,10.7
2020-05-22 21:00:00,0.0,0.0,71595.0,22,4135001,,0.25,True,0.0,0.0,26.475219733333333,24.957104533333336,0.0,False,35.6,19,95,0,5,94,0.0,0.0,0.0,0.0,0.0,9.2
2020-05-22 21:15:00,0.0,0.0,71595.0,22,4135001,,0.25,True,0.0,0.0,26.420656466666667,25.20817046666667,0.0,False,35.6,19,95,0,5,94,0.0,0.0,0.0,0.0,0.0,9.2
2020-05-22 21:30:00,0.0,0.0,71595.0,22,4135001,,0.25,True,0.0,0.0,26.3497904,25.225801600000004,0.0,False,35.6,19,95,0,5,94,0.0,0.0,0.0,0.0,0.0,9.2
2020-05-22 21:45:00,0.0,0.0,71595.0,22,4135001,,0.25,True,0.0,0.0,24.900354,24.77943313333333,0.0,False,35.6,19,95,0,5,94,0.0,0.0,0.0,0.0,0.0,9.2
2020-05-22 22:00:00,0.0,0.0,71595.0,22,4135001,,0.25,True,0.0,0.0,23.9790038,23.404168866666662,0.0,False,33.6,22,92,0,4,91,0.0,0.0,0.0,0.0,0.0,6.7
2020-05-22 22:15:00,0.0,0.0,71595.0,22,4135001,,0.25,True,0.0,0.0,23.55884221428571,22.71218,0.0,False,33.6,22,92,0,4,91,0.0,0.0,0.0,0.0,0.0,6.7
2020-05-22 22:30:00,0.0,0.0,71595.0,22,4135001,,0.25,True,0.0,0.0,23.5472046,22.64883013333333,0.0,False,33.6,22,92,0,4,91,0.0,0.0,0.0,0.0,0.0,6.7
2020-05-22 22:45:00,0.0,0.0,71595.0,22,4135001,,0.25,True,0.0,0.0,23.2145264,21.719091866666663,0.0,False,33.6,22,92,0,4,91,0.0,0.0,0.0,0.0,0.0,6.7
2020-05-22 23:00:00,0.0,0.0,71595.0,22,4135001,,0.25,True,0.0,0.0,22.361055333333333,20.86307993333333,0.0,False,34.4,22,55,0,4,54,0.0,0.0,0.0,0.0,0.0,6.6
2020-05-22 23:15:00,0.0,0.0,71595.0,22,4135001,,0.25,True,0.0,0.0,21.64112766666667,20.3276652,0.0,False,34.4,22,55,0,4,54,0.0,0.0,0.0,0.0,0.0,6.6
2020-05-22 23:30:00,0.0,0.0,71595.0,22,4135001,,0.25,True,0.0,0.0,21.5649028,20.2063374,0.0,False,34.4,22,55,0,4,54,0.0,0.0,0.0,0.0,0.0,6.6
2020-05-22 23:45:00,0.0,0.0,68697.857143,22,4135001,,0.25,True,0.0,0.0,21.6055196,20.350038666666663,0.0,False,34.4,22,55,0,4,54,0.0,0.0,0.0,0.0,0.0,6.6
2020-05-23 00:00:00,0.0,0.0,4711.089285,22,4135001,,0.25,True,0.0,0.0,21.7191894,20.4714396,0.0,False,32.1,24,75,0,2,75,0.0,0.0,0.0,0.0,0.0,8.9
2020-05-23 00:15:00,0.0,0.0,0.0,22,4135001,,0.25,True,0.0,0.0,21.708895,20.602031142857147,0.0,False,32.1,24,75,0,2,75,0.0,0.0,0.0,0.0,0.0,8.9
2020-05-23 00:30:00,0.0,0.0,0.0,22,4135001,,0.25,True,0.0,0.0,21.620870000000004,20.551786266666664,0.0,False,32.1,24,75,0,2,75,0.0,0.0,0.0,0.0,0.0,8.9
2020-05-23 00:45:00,0.0,0.0,0.0,22,4135001,,0.25,True,0.0,0.0,21.575026533333336,20.511413666666662,0.0,False,32.1,24,75,0,2,75,0.0,0.0,0.0,0.0,0.0,8.9
2020-05-23 01:00:00,0.0,0.0,0.0,22,4135001,,0.25,True,0.0,0.0,21.45861,20.4058044,0.0,False,30.7,32,60,0,1,60,0.0,0.0,0.0,0.0,0.0,11.6
2020-05-23 01:15:00,0.0,0.0,0.0,22,4135001,,0.25,True,0.0,0.0,21.471038799999995,20.32331333333333,0.0,False,30.7,32,60,0,1,60,0.0,0.0,0.0,0.0,0.0,11.6
2020-05-23 01:30:00,0.0,0.0,0.0,22,4135001,,0.25,True,0.0,0.0,21.5340616,20.320503666666664,0.0,False,30.7,32,60,0,1,60,0.0,0.0,0.0,0.0,0.0,11.6
2020-05-23 01:45:00,0.0,0.0,0.0,22,4135001,,0.25,True,0.0,0.0,21.669055266666668,20.444116133333328,0.0,False,30.7,32,60,0,1,60,0.0,0.0,0.0,0.0,0.0,11.6
2020-05-23 02:00:00,0.0,0.0,0.0,22,4135001,,0.25,True,0.0,0.0,21.74084266666667,20.4955098,0.0,False,30.0,42,17,0,0,17,0.0,0.0,0.0,0.0,0.0,13.7
2020-05-23 02:15:00,0.0,0.0,0.0,22,4135001,,0.25,True,0.0,0.0,21.769862571428572,20.55575542857143,0.0,False,30.0,42,17,0,0,17,0.0,0.0,0.0,0.0,0.0,13.7
2020-05-23 02:30:00,0.0,0.0,0.0,22,4135001,,0.25,True,0.0,0.0,21.851713066666665,20.587019999999995,0.0,False,30.0,42,17,0,0,17,0.0,0.0,0.0,0.0,0.0,13.7
2020-05-23 02:45:00,0.0,0.0,0.0,22,4135001,,0.25,True,0.0,0.0,21.8916116,20.52848733333333,0.0,False,30.0,42,17,0,0,17,0.0,0.0,0.0,0.0,0.0,13.7
2020-05-23 03:00:00,0.0,0.0,0.0,22,4135001,,0.25,True,0.0,0.0,21.884334266666663,20.389685066666665,0.0,False,29.4,51,64,0,0,63,0.0,0.0,0.0,0.0,0.0,12.6
2020-05-23 03:15:00,0.0,0.0,0.0,22,4135001,,0.25,True,0.0,0.0,21.896366266666668,20.634684266666667,0.0,False,29.4,51,64,0,0,63,0.0,0.0,0.0,0.0,0.0,12.6
2020-05-23 03:30:00,0.0,0.0,0.0,22,4135001,,0.25,True,0.0,0.0,21.963966933333328,20.9058836,0.0,False,29.4,51,64,0,0,63,0.0,0.0,0.0,0.0,0.0,12.6
2020-05-23 03:45:00,0.0,0.0,0.0,22,4135001,,0.25,True,0.0,0.0,22.0309366,21.0314534,0.0,False,29.4,51,64,0,0,63,0.0,0.0,0.0,0.0,0.0,12.6
2020-05-23 04:00:00,0.0,0.0,0.0,22,4135001,,0.25,True,0.0,0.0,22.128173866666668,21.08964233333333,0.0,False,28.6,58,35,0,0,35,0.0,0.0,0.0,0.0,0.0,12.6
2020-05-23 04:15:00,0.0,0.0,0.0,22,4135001,,0.25,True,0.0,0.0,22.1400958,21.1670512,0.0,False,28.6,58,35,0,0,35,0.0,0.0,0.0,0.0,0.0,12.6
2020-05-23 04:30:00,0.0,0.0,0.0,22,4135001,,0.25,True,0.0,0.0,22.049833,21.143541571428567,0.0,False,28.6,58,35,0,0,35,0.0,0.0,0.0,0.0,0.0,12.6
2020-05-23 04:45:00,0.0,0.0,0.0,22,4135001,,0.25,True,0.0,0.0,21.974959266666666,21.07260333333333,0.0,False,28.6,58,35,0,0,35,0.0,0.0,0.0,0.0,0.0,12.6
2020-05-23 05:00:00,0.0,0.0,0.0,22,4135001,,1.75,False,,,21.92008673333333,21.012809266666665,0.0,False,28.8,69,13,0,0,28,0.0,0.0,0.0,0.0,0.0,13.7
2020-05-23 06:45:00,14655.7000001,1419.49333332,562.16666667,22,4135001,0.09685605827837049,0.25,True,354.87333333,3663.925000025,22.344629916666666,22.08666241666667,0.0454442841666666,False,29.2,67,25,0,0,25,0.0,22.0,6.0,16.0,60.0,14.1
2020-05-23 07:00:00,22367.5357149,2173.4089286,951.82142856,22,4135001,0.09716800975765053,0.25,True,543.35223215,5591.883928725,22.4054382,22.988533466666667,0.0697883706,False,30.6,61,1,0,0,1,0.0,175.0,97.0,78.0,359.8,17.0
2020-05-23 07:15:00,45620.821429,4469.7196429,1723.26785714,22,4135001,0.09797543101796742,0.25,True,1117.429910725,11405.20535725,22.7378764,24.8963014,0.14642804,False,30.6,61,1,0,0,1,0.0,175.0,97.0,78.0,359.8,17.0
2020-05-23 07:30:00,70359.75,6914.1857144,3186.8035714,22,4135001,0.0982690489150402,0.25,True,1728.5464286,17589.9375,23.204709714285716,27.90720492857143,0.2291173557142857,False,30.6,61,1,0,0,1,0.0,175.0,97.0,78.0,359.8,17.0
2020-05-23 07:45:00,82024.410716,8061.1875002,5058.75,22,4135001,0.09827790812311869,0.25,True,2015.29687505,20506.102679,23.517870071428572,30.984898285714287,0.2691330578571429,False,30.6,61,1,0,0,1,0.0,175.0,97.0,78.0,359.8,17.0
2020-05-23 08:00:00,97364.946429,9556.55,7150.7678572,22,4135001,0.09815185393203889,0.25,True,2389.1375,24341.23660725,23.89814073333333,33.29091186666667,0.3245409046666666,False,32.8,52,7,0,0,7,0.0,395.0,279.0,116.0,566.7,17.3
2020-05-23 08:15:00,146181.678571,14317.1571428,10030.2499999,22,4135001,0.0979408451370751,0.25,True,3579.2892857,36545.41964275,24.705782066666668,38.037754333333325,0.4945615926666666,False,32.8,52,7,0,0,7,0.0,395.0,279.0,116.0,566.7,17.3
2020-05-23 08:30:00,172697.839286,16905.3732143,14190.8214286,22,4135001,0.09788989418856302,0.25,True,4226.343303575,43174.4598215,25.810009866666668,43.5907308,0.5895070206666666,False,32.8,52,7,0,0,7,0.0,395.0,279.0,116.0,566.7,17.3
2020-05-23 08:45:00,168447.5,16490.969643,18317.5892854,22,4135001,0.09789975893379244,0.25,True,4122.74241075,42111.875,26.365627066666665,43.806378,0.569132588,False,32.8,52,7,0,0,7,0.0,395.0,279.0,116.0,566.7,17.3
2020-05-23 09:00:00,180673.160714,17682.5428571,22589.303571,22,4135001,0.09787033551204054,0.25,True,4420.635714275,45168.2901785,26.8544944,44.581498066666654,0.6137954226666666,False,35.1,43,10,0,0,10,0.0,609.0,469.0,140.0,682.1,16.4
2020-05-23 09:15:00,195359.42857000002,19113.0571429,27185.571429,22,4135001,0.09783534525466492,0.25,True,4778.264285725,48839.857142500005,27.272131400000003,46.693650133333335,0.6625689086666668,False,35.1,43,10,0,0,10,0.0,609.0,469.0,140.0,682.1,16.4
2020-05-23 09:30:00,178540.517857,17471.0089285,31941.553572,22,4135001,0.09785458862896995,0.25,True,4367.752232125,44635.12946425,27.64303786666667,47.786619,0.6174629526666667,False,35.1,43,10,0,0,10,0.0,609.0,469.0,140.0,682.1,16.4
2020-05-23 09:45:00,200807.535708,19630.2553569,36123.285715,22,4135001,0.0977565671910088,0.25,True,4907.563839225,50201.883927,27.703896500000003,45.23483278571429,0.710976275,False,35.1,43,10,0,0,10,0.0,609.0,469.0,140.0,682.1,16.4
2020-05-23 10:00:00,198754.696429,19438.1625,41372.267856,22,4135001,0.09779976447974793,0.25,True,4859.540625,49688.67410725,28.074165800000003,48.958026200000006,0.6737647459999999,False,37.3,36,43,0,0,43,0.0,783.0,628.0,155.0,745.7,13.6
2020-05-23 10:15:00,193530.767857,18929.5178572,46034.303572,22,4135001,0.09781141296967846,0.25,True,4732.3794643,48382.69196425,28.02329086666667,47.408421,0.6361480606666667,False,37.3,36,43,0,0,43,0.0,783.0,628.0,155.0,745.7,13.6
2020-05-23 10:30:00,192341.75,18808.3839285,50841.285716,22,4135001,0.09778627847828149,0.25,True,4702.095982125,48085.4375,28.123655266666663,48.692805666666665,0.6136754333333333,False,37.3,36,43,0,0,43,0.0,783.0,628.0,155.0,745.7,13.6
2020-05-23 10:45:00,216072.571427,21100.9803576,55557.732141,22,4135001,0.0976569132224585,0.25,True,5275.2450894,54018.14285675,28.60254713333333,49.08473493333334,0.8168375646666667,False,37.3,36,43,0,0,43,0.0,783.0,628.0,155.0,745.7,13.6
2020-05-23 11:00:00,230190.660707,22472.7160705,61040.25,22,4135001,0.09762653272499432,0.25,True,5618.179017625,57547.66517675,28.8662964,52.901754,0.8011747426666667,False,39.4,28,21,0,20,2,0.0,903.0,737.0,166.0,779.5,10.9
2020-05-23 11:15:00,275524.19641,26868.626787,67309.053573,22,4135001,0.09751821123912303,0.25,True,6717.15669675,68881.0491025,29.496158666666663,56.45879506666667,0.968808626,False,39.4,28,21,0,20,2,0.0,903.0,737.0,166.0,779.5,10.9
2020-05-23 11:30:00,279175.89285,27225.082142,74055.357142,22,4135001,0.097519459377633,0.25,True,6806.2705355,69793.9732125,30.03040366666667,59.877591933333335,0.9841918673333332,False,39.4,28,21,0,20,2,0.0,903.0,737.0,166.0,779.5,10.9
2020-05-23 11:45:00,282893.58929,27585.078571000002,80949.928571,22,4135001,0.09751044072872919,0.25,True,6896.2696427500005,70723.3973225,30.452372928571428,60.19193785714286,1.0037044035714286,False,39.4,28,21,0,20,2,0.0,903.0,737.0,166.0,779.5,10.9
2020-05-23 12:00:00,276528.28573,26966.792856,87632.000001,22,4135001,0.0975191119592379,0.25,True,6741.698214,69132.0714325,30.6108378,58.55042526666667,0.962423294,False,40.5,23,36,0,36,0,0.0,849.0,643.0,206.0,649.2,6.4
2020-05-23 12:15:00,292463.33928,28516.901786,94647.714285,22,4135001,0.0975059022994275,0.25,True,7129.2254465,73115.83482,31.26550906666667,63.34182940000001,1.112296618,False,40.5,23,36,0,36,0,0.0,849.0,643.0,206.0,649.2,6.4
2020-05-23 12:30:00,262909.53572,25656.232141,101514.071429,22,4135001,0.09758578010774026,0.25,True,6414.05803525,65727.38393,31.12965493333333,65.54571366666664,0.954939324,False,40.5,23,36,0,36,0,0.0,849.0,643.0,206.0,649.2,6.4
2020-05-23 12:45:00,197767.500001,19347.4267858,107114.714286,22,4135001,0.09782915183587884,0.25,True,4836.85669645,49441.87500025,31.10980833333333,58.53033853333333,0.6678877380000001,False,40.5,23,36,0,36,0,0.0,849.0,643.0,206.0,649.2,6.4
2020-05-23 13:00:00,236972.03573,23148.253572,112296.92857,22,4135001,0.09768348193782046,0.25,True,5787.063393,59243.0089325,31.304307266666665,55.53702406666668,0.7916552700000001,False,41.1,19,31,0,24,10,0.0,785.0,556.0,229.0,570.8,1.9
2020-05-23 13:15:00,256147.39286,24999.864285,118450.089286,22,4135001,0.09759952660796331,0.25,True,6249.96607125,64036.848215,32.26669699999999,58.0866006,0.8927997,False,41.1,19,31,0,24,10,0.0,785.0,556.0,229.0,570.8,1.9
2020-05-23 13:30:00,264777.30359,25824.0875,124645.51785599999,22,4135001,0.09753134860829255,0.25,True,6456.021875,66194.3258975,32.174080466666666,59.10431306666667,0.9360600806666666,False,41.1,19,31,0,24,10,0.0,785.0,556.0,229.0,570.8,1.9
2020-05-23 13:45:00,275449.71428,26860.405357,131243.410715,22,4135001,0.09751473305104202,0.25,True,6715.10133925,68862.42857,32.819391,62.57647933333334,0.9900849466666666,False,41.1,19,31,0,24,10,0.0,785.0,556.0,229.0,570.8,1.9
2020-05-23 14:00:00,227347.05356,22209.5857152,137723.053569,22,4135001,0.0976902289579864,0.25,True,5552.3964288,56836.76339,33.13893985714286,60.39023078571429,0.7815910821428571,False,41.3,18,37,0,37,0,0.0,712.0,542.0,170.0,603.9,3.0
2020-05-23 14:15:00,177404.732143,17363.9892856,142397.696429,22,4135001,0.09787782476739951,0.25,True,4340.9973214,44351.18303575,32.61264433333333,53.1639342,0.5945410246666665,False,41.3,18,37,0,37,0,0.0,712.0,542.0,170.0,603.9,3.0
2020-05-23 14:30:00,165497.946427,16203.2464287,146630.339285,22,4135001,0.09790602710497766,0.25,True,4050.811607175,41374.48660675,32.7458558,51.327437733333326,0.545487636,False,41.3,18,37,0,37,0,0.0,712.0,542.0,170.0,603.9,3.0
2020-05-23 14:45:00,157248.785715,15398.6374999,150582.642856,22,4135001,0.09792531897708079,0.25,True,3849.659374975,39312.19642875,32.598390733333325,48.28102199999999,0.5062324326666667,False,41.3,18,37,0,37,0,0.0,712.0,542.0,170.0,603.9,3.0
2020-05-23 15:00:00,130365.803571,12773.3785715,154053.410714,22,4135001,0.09798105194467922,0.25,True,3193.344642875,32591.45089275,32.41062673333334,46.36569013333333,0.4040820713333333,False,41.2,18,33,0,33,2,0.0,570.0,406.0,164.0,530.0,3.9
2020-05-23 15:15:00,166923.160714,16339.4160715,157866.517857,22,4135001,0.09788585359640628,0.25,True,4084.854017875,41730.7901785,32.6603392,46.35074433333333,0.485598238,False,41.2,18,33,0,33,2,0.0,570.0,406.0,164.0,530.0,3.9
2020-05-23 15:30:00,196541.982143,19228.0660713,162235.035713,22,4135001,0.09783185180919791,0.25,True,4807.016517825,49135.49553575,33.28802473333333,49.761793999999995,0.6299917373333332,False,41.2,18,33,0,33,2,0.0,570.0,406.0,164.0,530.0,3.9
2020-05-23 15:45:00,164185.196428,16075.0357142,166652.285713,22,4135001,0.09790794824336901,0.25,True,4018.75892855,41046.299107,33.335693266666674,49.51272193333333,0.5362176506666668,False,41.2,18,33,0,33,2,0.0,570.0,406.0,164.0,530.0,3.9
2020-05-23 16:00:00,142984.875,14006.4482144,170353.232142,22,4135001,0.09795755120532854,0.25,True,3501.6120536,35746.21875,33.424020071428565,48.9096767142857,0.49096055,False,41.0,18,29,0,29,2,0.0,378.0,253.0,125.0,430.0,5.5
2020-05-23 16:15:00,129104.75,12652.0267859,173787.125001,22,4135001,0.09799815100451377,0.25,True,3163.006696475,32276.1875,32.66607666666668,47.123696133333326,0.4451593266666666,False,41.0,18,29,0,29,2,0.0,378.0,253.0,125.0,430.0,5.5
2020-05-23 16:30:00,121329.0,11892.2625,176744.035715,22,4135001,0.09801665306727989,0.25,True,2973.065625,30332.25,32.16037606666667,43.64397813333333,0.3890966946666666,False,41.0,18,29,0,29,2,0.0,378.0,253.0,125.0,430.0,5.5
2020-05-23 16:45:00,88899.267857,8733.4964286,179376.249999,22,4135001,0.0982403639436983,0.25,True,2183.37410715,22224.81696425,31.88587833333333,41.18470279999999,0.2978837853333333,False,41.0,18,29,0,29,2,0.0,378.0,253.0,125.0,430.0,5.5
2020-05-23 17:00:00,72905.017857,7164.7071429,181374.517858,22,4135001,0.0982745406763806,0.25,True,1791.176785725,18226.25446425,31.265974933333336,37.7911072,0.246215918,False,40.7,17,33,0,24,9,0.0,214.0,123.0,91.0,326.4,3.1
2020-05-23 17:15:00,61653.142855,6049.0999998,183016.714287,22,4135001,0.09811503063236661,0.25,True,1512.27499995,15413.28571375,30.808199066666667,35.76615826666667,0.2081180433333333,False,40.7,17,33,0,24,9,0.0,214.0,123.0,91.0,326.4,3.1
2020-05-23 17:30:00,44697.232143,4381.8910714,184335.767858,22,4135001,0.0980349534257737,0.25,True,1095.47276785,11174.30803575,30.171648933333334,33.8750304,0.1451273186666666,False,40.7,17,33,0,24,9,0.0,214.0,123.0,91.0,326.4,3.1
2020-05-23 17:45:00,34506.714284,3374.9017857,185283.75,22,4135001,0.0978042058111823,0.25,True,843.725446425,8626.678571,29.63169753333333,32.23251346666666,0.1122409709333333,False,40.7,17,33,0,24,9,0.0,214.0,123.0,91.0,326.4,3.1
2020-05-23 18:00:00,28668.089286,2791.6803572,186069.107144,22,4135001,0.09737936593365192,0.25,True,697.9200893,7167.0223215,29.4934264,31.516186533333336,0.0927983004,False,39.0,19,22,0,22,0,0.0,66.0,27.0,39.0,173.5,5.3
2020-05-23 18:15:00,12637.0535711,1223.80535716,186584.892858,22,4135001,0.09684261843747753,0.25,True,305.95133929,3159.263392775,29.02422,29.90827521428572,0.0412472248571428,False,39.0,19,22,0,22,0,0.0,66.0,27.0,39.0,173.5,5.3
2020-05-23 18:30:00,717.32142856,69.191071429,186726.428572,22,4135001,0.09645755539172848,0.25,True,17.29776785725,179.33035714,28.4694946,27.9880758,0.0050579441066666,False,39.0,19,22,0,22,0,0.0,66.0,27.0,39.0,173.5,5.3
2020-05-23 18:45:00,0.0,0.0,186728.0,22,4135001,,0.25,True,0.0,0.0,28.136104133333337,26.83467813333333,9.444856459999999e-05,False,39.0,19,22,0,22,0,0.0,66.0,27.0,39.0,173.5,5.3
2020-05-23 19:00:00,0.0,0.0,186728.0,22,4135001,,0.25,True,0.0,0.0,27.82643613333333,26.21776333333333,0.0,False,37.6,21,19,0,16,3,0.0,0.0,0.0,0.0,0.0,5.7
2020-05-23 19:15:00,0.0,0.0,186728.0,22,4135001,,0.25,True,0.0,0.0,27.58875313333333,25.794478133333328,0.0,False,37.6,21,19,0,16,3,0.0,0.0,0.0,0.0,0.0,5.7
2020-05-23 19:30:00,0.0,0.0,186728.0,22,4135001,,0.25,True,0.0,0.0,27.35458573333333,25.633465600000005,0.0,False,37.6,21,19,0,16,3,0.0,0.0,0.0,0.0,0.0,5.7
2020-05-23 19:45:00,0.0,0.0,186728.0,22,4135001,,0.25,True,0.0,0.0,27.17084366666667,25.592665600000004,0.0,False,37.6,21,19,0,16,3,0.0,0.0,0.0,0.0,0.0,5.7
2020-05-23 20:00:00,0.0,0.0,186728.0,22,4135001,,0.25,True,0.0,0.0,26.9254904,25.399934866666666,0.0,False,37.4,21,18,0,11,8,0.0,0.0,0.0,0.0,0.0,6.4
2020-05-23 20:15:00,0.0,0.0,186728.0,22,4135001,,0.25,True,0.0,0.0,26.74023646666667,25.1433514,0.0,False,37.4,21,18,0,11,8,0.0,0.0,0.0,0.0,0.0,6.4
2020-05-23 20:30:00,0.0,0.0,186728.0,22,4135001,,0.25,True,0.0,0.0,26.542622,24.715713500000003,0.0,False,37.4,21,18,0,11,8,0.0,0.0,0.0,0.0,0.0,6.4
2020-05-23 20:45:00,0.0,0.0,186728.0,22,4135001,,0.25,True,0.0,0.0,26.3805358,24.4444234,0.0,False,37.4,21,18,0,11,8,0.0,0.0,0.0,0.0,0.0,6.4
2020-05-23 21:00:00,0.0,0.0,186728.0,22,4135001,,0.25,True,0.0,0.0,26.2500794,24.092059266666663,0.0,False,35.3,24,14,0,13,1,0.0,0.0,0.0,0.0,0.0,8.2
2020-05-23 21:15:00,0.0,0.0,186728.0,22,4135001,,0.25,True,0.0,0.0,26.0939412,23.791683066666668,0.0,False,35.3,24,14,0,13,1,0.0,0.0,0.0,0.0,0.0,8.2
2020-05-23 21:30:00,0.0,0.0,186728.0,22,4135001,,0.5,True,0.0,0.0,26.035589666666667,24.022705066666667,0.0,False,35.3,24,14,0,13,1,0.0,0.0,0.0,0.0,0.0,8.2
2020-05-23 22:00:00,0.0,0.0,186728.0,22,4135001,,0.25,True,0.0,0.0,25.7736,23.732849,0.0,False,34.1,25,15,0,15,0,0.0,0.0,0.0,0.0,0.0,7.6
2020-05-23 22:15:00,0.0,0.0,186728.0,22,4135001,,0.25,True,0.0,0.0,25.654901066666667,23.449275533333328,0.0,False,34.1,25,15,0,15,0,0.0,0.0,0.0,0.0,0.0,7.6
2020-05-23 22:30:00,0.0,0.0,186728.0,22,4135001,,0.25,True,0.0,0.0,25.488665666666662,23.103936733333327,0.0,False,34.1,25,15,0,15,0,0.0,0.0,0.0,0.0,0.0,7.6
2020-05-23 22:45:00,0.0,0.0,186728.0,22,4135001,,0.25,True,0.0,0.0,25.33885486666667,22.979264466666667,0.0,False,34.1,25,15,0,15,0,0.0,0.0,0.0,0.0,0.0,7.6
2020-05-23 23:00:00,0.0,0.0,186728.0,22,4135001,,0.25,True,0.0,0.0,25.1337626,22.6813252,0.0,False,33.9,34,13,0,7,7,0.0,0.0,0.0,0.0,0.0,10.0
2020-05-23 23:15:00,0.0,0.0,186728.0,22,4135001,,0.25,True,0.0,0.0,24.969698,22.494120266666663,0.0,False,33.9,34,13,0,7,7,0.0,0.0,0.0,0.0,0.0,10.0
2020-05-23 23:30:00,0.0,0.0,186728.0,22,4135001,,0.25,True,0.0,0.0,24.838093428571423,22.509726357142856,0.0,False,33.9,34,13,0,7,7,0.0,0.0,0.0,0.0,0.0,10.0
2020-05-23 23:45:00,0.0,0.0,170940.571429,22,4135001,,0.25,True,0.0,0.0,24.81882946666667,22.467185466666667,0.0,False,33.9,34,13,0,7,7,0.0,0.0,0.0,0.0,0.0,10.0
2020-05-24 00:00:00,0.0,0.0,6807.928571,22,4135001,,0.25,True,0.0,0.0,24.6906805,22.17558057142857,0.0,False,31.9,55,66,0,24,56,0.0,0.0,0.0,0.0,0.0,4.3
2020-05-24 00:15:00,0.0,0.0,0.0,22,4135001,,0.25,True,0.0,0.0,24.538547666666663,21.8853208,0.0,False,31.9,55,66,0,24,56,0.0,0.0,0.0,0.0,0.0,4.3
2020-05-24 00:30:00,0.0,0.0,0.0,22,4135001,,0.25,True,0.0,0.0,24.327402866666667,21.633982266666667,0.0,False,31.9,55,66,0,24,56,0.0,0.0,0.0,0.0,0.0,4.3
2020-05-24 00:45:00,0.0,0.0,0.0,22,4135001,,0.25,True,0.0,0.0,24.253961200000003,21.66131586666667,0.0,False,31.9,55,66,0,24,56,0.0,0.0,0.0,0.0,0.0,4.3
2020-05-24 01:00:00,0.0,0.0,0.0,22,4135001,,0.25,True,0.0,0.0,24.2181986,21.775756733333328,0.0,False,31.2,62,100,0,100,67,0.0,0.0,0.0,0.0,0.0,4.0
2020-05-24 01:15:00,0.0,0.0,0.0,22,4135001,,0.25,True,0.0,0.0,24.211336266666667,21.765153,0.0,False,31.2,62,100,0,100,67,0.0,0.0,0.0,0.0,0.0,4.0
2020-05-24 01:30:00,0.0,0.0,0.0,22,4135001,,0.25,True,0.0,0.0,24.305967,22.219170642857147,0.0,False,31.2,62,100,0,100,67,0.0,0.0,0.0,0.0,0.0,4.0
2020-05-24 01:45:00,0.0,0.0,0.0,22,4135001,,0.25,True,0.0,0.0,24.47437553333333,22.922821066666668,0.0,False,31.2,62,100,0,100,67,0.0,0.0,0.0,0.0,0.0,4.0
2020-05-24 02:00:00,0.0,0.0,0.0,22,4135001,,0.25,True,0.0,0.0,24.566530333333333,23.147521933333334,0.0,False,31.3,62,83,0,56,63,0.0,0.0,0.0,0.0,0.0,3.3
2020-05-24 02:15:00,0.0,0.0,0.0,22,4135001,,0.25,True,0.0,0.0,24.6126954,22.74956053333333,0.0,False,31.3,62,83,0,56,63,0.0,0.0,0.0,0.0,0.0,3.3
2020-05-24 02:30:00,0.0,0.0,0.0,22,4135001,,0.25,True,0.0,0.0,24.401302066666663,22.162550733333337,0.0,False,31.3,62,83,0,56,63,0.0,0.0,0.0,0.0,0.0,3.3
2020-05-24 02:45:00,0.0,0.0,0.0,22,4135001,,0.25,True,0.0,0.0,24.0961324,21.322037666666663,0.0,False,31.3,62,83,0,56,63,0.0,0.0,0.0,0.0,0.0,3.3
2020-05-24 03:00:00,0.0,0.0,0.0,22,4135001,,0.25,True,0.0,0.0,24.0066,21.193375733333337,0.0,False,31.3,49,83,0,62,58,0.0,0.0,0.0,0.0,0.0,12.2
2020-05-24 03:15:00,0.0,0.0,0.0,22,4135001,,0.25,True,0.0,0.0,23.984708733333328,21.2534078,0.0,False,31.3,49,83,0,62,58,0.0,0.0,0.0,0.0,0.0,12.2
2020-05-24 03:30:00,0.0,0.0,0.0,22,4135001,,0.25,True,0.0,0.0,23.969868428571427,21.364536928571425,0.0,False,31.3,49,83,0,62,58,0.0,0.0,0.0,0.0,0.0,12.2
2020-05-24 03:45:00,0.0,0.0,0.0,22,4135001,,0.25,True,0.0,0.0,23.9593852,21.597076466666667,0.0,False,31.3,49,83,0,62,58,0.0,0.0,0.0,0.0,0.0,12.2
2020-05-24 04:00:00,0.0,0.0,0.0,22,4135001,,0.25,True,0.0,0.0,23.917812133333328,21.46754153333333,0.0,False,30.0,61,73,0,14,69,0.0,0.0,0.0,0.0,0.0,14.1
2020-05-24 04:15:00,0.0,0.0,0.0,22,4135001,,0.25,True,0.0,0.0,23.90087886666667,21.493794800000007,0.0,False,30.0,61,73,0,14,69,0.0,0.0,0.0,0.0,0.0,14.1
2020-05-24 04:30:00,0.0,0.0,0.0,22,4135001,,0.25,True,0.0,0.0,23.7752706,21.237825333333333,0.0,False,30.0,61,73,0,14,69,0.0,0.0,0.0,0.0,0.0,14.1
2020-05-24 04:45:00,0.0,0.0,0.0,22,4135001,,0.25,True,0.0,0.0,23.661442000000005,20.761668,0.0,False,30.0,61,73,0,14,69,0.0,0.0,0.0,0.0,0.0,14.1
2020-05-24 05:00:00,0.0,0.0,0.0,22,4135001,,0.25,True,0.0,0.0,23.623785466666668,20.635243733333333,0.0,False,30.4,60,26,0,6,2,0.0,0.0,0.0,0.0,0.0,11.5
2020-05-24 05:15:00,0.0,0.0,0.0,22,4135001,,0.25,True,0.0,0.0,23.49081826666667,20.40563353333333,0.0,False,30.4,60,26,0,6,2,0.0,0.0,0.0,0.0,0.0,11.5
2020-05-24 05:30:00,0.0,0.0,0.0,22,4135001,,0.25,True,0.0,0.0,23.31950378571429,20.1904755,0.0,False,30.4,60,26,0,6,2,0.0,0.0,0.0,0.0,0.0,11.5
2020-05-24 05:45:00,0.0,0.0,0.0,22,4135001,,0.25,True,0.0,0.0,23.2451844,20.093800666666667,0.0006199202026666,False,30.4,60,26,0,6,2,0.0,0.0,0.0,0.0,0.0,11.5
2020-05-24 06:00:00,2377.94642861,229.539285712,14.928571429,22,4135001,0.09652836706089062,0.25,True,57.384821428,594.4866071525,23.151116866666666,20.113913933333333,0.00961781414,False,30.3,64,2,0,2,0,0.0,21.0,6.0,15.0,59.9,16.5
2020-05-24 06:15:00,8805.8392858,851.26071429,146.821428571,22,4135001,0.09667002617941418,0.25,True,212.8151785725,2201.45982145,23.35637213333333,20.837968,0.0291135531333333,False,30.3,64,2,0,2,0,0.0,21.0,6.0,15.0,59.9,16.5
2020-05-24 06:30:00,16364.6607144,1586.57500001,441.71428569,22,4135001,0.09695129203710905,0.25,True,396.6437500025,4091.1651786,23.665861,22.093613866666672,0.052356912,False,30.3,64,2,0,2,0,0.0,21.0,6.0,15.0,59.9,16.5
2020-05-24 06:45:00,26223.142857,2550.6321429,950.71428572,22,4135001,0.0972664549329233,0.25,True,637.658035725,6555.78571425,24.0184102,23.685199,0.086237195,False,30.3,64,2,0,2,0,0.0,21.0,6.0,15.0,59.9,16.5
2020-05-24 07:00:00,38834.142858,3803.4232142,1737.75000001,22,4135001,0.09794018701809659,0.25,True,950.85580355,9708.5357145,24.416684866666667,25.753737399999995,0.1536853939999999,False,30.8,61,11,0,1,10,0.0,172.0,95.0,77.0,352.1,17.2
2020-05-24 07:15:00,53582.571428,5254.5017856,2869.3214285,22,4135001,0.09806363609593806,0.25,True,1313.6254464,13395.642857,24.857926333333328,28.002966266666665,0.2052391053333333,False,30.8,61,11,0,1,10,0.0,172.0,95.0,77.0,352.1,17.2
2020-05-24 07:30:00,70595.035713,6935.7446427,4380.875,22,4135001,0.09824691740219334,0.25,True,1733.936160675,17648.75892825,25.389813333333336,30.644789666666664,0.26604703,False,30.8,61,11,0,1,10,0.0,172.0,95.0,77.0,352.1,17.2
2020-05-24 07:45:00,88050.142858,8648.3732143,6304.1249999,22,4135001,0.09822100150646412,0.25,True,2162.093303575,22012.5357145,25.920839642857143,33.56302542857142,0.323376125,False,30.8,61,11,0,1,10,0.0,172.0,95.0,77.0,352.1,17.2
2020-05-24 08:00:00,105709.053573,10366.8571427,8714.4285716,22,4135001,0.09806971865036056,0.25,True,2591.714285675,26427.26339325,26.23174233333333,35.39754653333333,0.3727364353333333,False,32.6,52,15,0,0,14,0.0,386.0,269.0,117.0,546.4,17.1
2020-05-24 08:15:00,115020.142856,11275.0142856,11304.0178571,22,4135001,0.09802643263724517,0.25,True,2818.7535714,28755.035714,26.3079448,35.30504146666667,0.361205644,False,32.6,52,15,0,0,14,0.0,386.0,269.0,117.0,546.4,17.1
2020-05-24 08:30:00,153380.410714,15020.8178572,14697.3928572,22,4135001,0.09793178794656178,0.25,True,3755.2044643,38345.1026785,26.682297799999997,38.64299933333333,0.5357404813333333,False,32.6,52,15,0,0,14,0.0,386.0,269.0,117.0,546.4,17.1
2020-05-24 08:45:00,114169.464285,11194.048214299999,17934.5178572,22,4135001,0.0980476547245279,0.25,True,2798.5120535749998,28542.36607125,26.76338493333333,39.07146406666667,0.3637049406666666,False,32.6,52,15,0,0,14,0.0,386.0,269.0,117.0,546.4,17.1
2020-05-24 09:00:00,165905.160714,16240.244643,21254.1428568,22,4135001,0.09788872493843742,0.25,True,4060.06116075,41476.2901785,27.152537133333336,40.39757686666666,0.5656625413333333,False,34.7,44,0,0,0,0,0.0,598.0,456.0,142.0,663.4,16.6
2020-05-24 09:15:00,151049.107144,14791.325,25102.125,22,4135001,0.09792394857322097,0.25,True,3697.83125,37762.276786,27.404044666666664,41.316923333333335,0.4188771033333333,False,34.7,44,0,0,0,0,0.0,598.0,456.0,142.0,663.4,16.6
2020-05-24 09:30:00,179945.374999,17605.9589287,29390.303573,22,4135001,0.0978405748344343,0.25,True,4401.489732175,44986.34374975,27.864129466666668,43.693817200000005,0.56387132,False,34.7,44,0,0,0,0,0.0,598.0,456.0,142.0,663.4,16.6
2020-05-24 09:45:00,138602.357143,13575.3571429,33331.125,22,4135001,0.09794463400715413,0.25,True,3393.839285725,34650.58928575,27.86592971428571,42.949353714285714,0.51719428,False,34.7,44,0,0,0,0,0.0,598.0,456.0,142.0,663.4,16.6
2020-05-24 10:00:00,159661.589284,15625.2982143,36931.196429,22,4135001,0.09786510509115823,0.25,True,3906.324553575,39915.397321,28.242586266666667,43.05883393333334,0.5804646173333333,False,36.9,37,0,0,0,0,0.0,776.0,619.0,157.0,735.3,15.5
2020-05-24 10:15:00,186227.107147,18202.8107142,40833.75,22,4135001,0.09774522620829551,0.25,True,4550.70267855,46556.77678675,28.488832533333333,43.78831386666667,0.585474618,False,36.9,37,0,0,0,0,0.0,776.0,619.0,157.0,735.3,15.5
2020-05-24 10:30:00,205638.517861,20087.175,45745.30357,22,4135001,0.0976819674102971,0.25,True,5021.79375,51409.62946525,28.98237106666667,47.528133,0.7167022733333334,False,36.9,37,0,0,0,0,0.0,776.0,619.0,157.0,735.3,15.5
2020-05-24 10:45:00,257417.196416,25115.519643300002,51363.089286,22,4135001,0.09756737309310128,0.25,True,6278.8799108250005,64354.299104,29.528405733333337,52.172778066666666,0.8833871893333332,False,36.9,37,0,0,0,0,0.0,776.0,619.0,157.0,735.3,15.5
2020-05-24 11:00:00,236075.232134,23046.9214279,57678.839285,22,4135001,0.09762532570472368,0.25,True,5761.730356975,59018.8080335,29.893628,56.54914560000001,0.7758027066666667,False,38.8,31,7,0,7,0,0.0,895.0,728.0,167.0,770.3,14.8
2020-05-24 11:15:00,245811.23214,23987.6464296,63187.571428,22,4135001,0.0975856400896197,0.25,True,5996.9116074,61452.808035,30.166768533333336,54.67960166666667,0.8679127513333332,False,38.8,31,7,0,7,0,0.0,895.0,728.0,167.0,770.3,14.8
2020-05-24 11:30:00,255182.66071,24898.628571,69591.178571,22,4135001,0.09757178838767505,0.25,True,6224.65714275,63795.6651775,30.648152666666665,58.192274733333335,0.9587208273333332,False,38.8,31,7,0,7,0,0.0,895.0,728.0,167.0,770.3,14.8
2020-05-24 11:45:00,255212.87501,24897.8267864,76075.660715,22,4135001,0.09755709536763939,0.25,True,6224.4566966,63803.2187525,31.08613807142857,57.58173707142858,0.856888655,False,38.8,31,7,0,7,0,0.0,895.0,728.0,167.0,770.3,14.8
2020-05-24 12:00:00,261993.64287,25558.042857,82029.928572,22,4135001,0.0975521488881384,0.25,True,6389.51071425,65498.4107175,30.96598713333333,58.3223184,0.966907858,False,40.0,27,13,0,13,0,0.0,896.0,719.0,177.0,726.2,12.1
2020-05-24 12:15:00,276448.26787,26957.596427,88699.303571,22,4135001,0.09751407246898298,0.25,True,6739.39910675,69112.0669675,31.85976966666667,60.33080693333334,0.9758267626666666,False,40.0,27,13,0,13,0,0.0,896.0,719.0,177.0,726.2,12.1
2020-05-24 12:30:00,256224.94643,24999.141072,95180.464286,22,4135001,0.09756716283997624,0.25,True,6249.785268,64056.2366075,31.858768666666663,60.43083146666667,0.9489071126666666,False,40.0,27,13,0,13,0,0.0,896.0,719.0,177.0,726.2,12.1
2020-05-24 12:45:00,265186.10715,25867.558929,101515.589286,22,4135001,0.09754492498495881,0.25,True,6466.88973225,66296.5267875,32.268751599999995,61.34530853333335,0.9421417826666668,False,40.0,27,13,0,13,0,0.0,896.0,719.0,177.0,726.2,12.1
2020-05-24 13:00:00,267671.32143,26105.680358,108065.767858,22,4135001,0.09752886569444094,0.25,True,6526.4200895,66917.8303575,32.5261004,61.743723933333335,0.9393533653333334,False,40.8,24,36,0,36,0,0.0,853.0,677.0,176.0,695.2,8.7
2020-05-24 13:15:00,261246.0,25481.630355,114542.32143,22,4135001,0.0975388344893319,0.25,True,6370.40758875,65311.5,32.848590333333334,60.95937106666666,0.9193798739999998,False,40.8,24,36,0,36,0,0.0,853.0,677.0,176.0,695.2,8.7
2020-05-24 13:30:00,209572.089284,20462.8678573,120442.339285,22,4135001,0.09764118841975138,0.25,True,5115.716964325,52393.022321,33.08275935714286,61.57563135714286,0.7931582364285715,False,40.8,24,36,0,36,0,0.0,853.0,677.0,176.0,695.2,8.7
2020-05-24 13:45:00,257489.46428000001,25119.146429,126030.0,22,4135001,0.09755407468510967,0.25,True,6279.78660725,64372.366070000004,33.321887266666664,57.5274762,0.847597544,False,40.8,24,36,0,36,0,0.0,853.0,677.0,176.0,695.2,8.7
2020-05-24 14:00:00,196984.374998,19252.7482145,131590.285715,22,4135001,0.09773743838665108,0.25,True,4813.187053625,49246.0937495,33.68083073333334,59.173854533333326,0.833392598,False,40.8,22,61,0,60,0,0.0,663.0,501.0,162.0,558.2,6.8
2020-05-24 14:15:00,239015.82141,23340.076786,136840.75,22,4135001,0.09765076072501154,0.25,True,5835.0191965,59753.9553525,33.551989866666666,58.270271933333326,0.8323255766666667,False,40.8,22,61,0,60,0,0.0,663.0,501.0,162.0,558.2,6.8
2020-05-24 14:30:00,178910.839286,17492.4910711,142179.589287,22,4135001,0.09777211453989759,0.25,True,4373.122767775,44727.7098215,33.78651526666667,56.12368146666666,0.6665665693333332,False,40.8,22,61,0,60,0,0.0,663.0,501.0,162.0,558.2,6.8
2020-05-24 14:45:00,204194.321424,19968.4500003,146575.571428,22,4135001,0.09779140703348181,0.25,True,4992.112500075,51048.580356,33.41605233333334,52.4764444,0.6782424946666668,False,40.8,22,61,0,60,0,0.0,663.0,501.0,162.0,558.2,6.8
2020-05-24 15:00:00,192523.857142,18834.0464288,151334.571427,22,4135001,0.09782707820417579,0.25,True,4708.5116072,48130.9642855,33.76234939999999,52.985213,0.6847007353333333,False,40.4,22,44,0,40,7,0.0,421.0,262.0,159.0,342.0,5.4
2020-05-24 15:15:00,131077.625001,12838.7535714,155515.410713,22,4135001,0.09794771282514504,0.25,True,3209.68839285,32769.40625025,33.761303733333335,54.00686426666665,0.476600342,False,40.4,22,44,0,40,7,0.0,421.0,262.0,159.0,342.0,5.4
2020-05-24 15:30:00,85289.749999,8368.8749999,158149.214284,22,4135001,0.09812286939518666,0.25,True,2092.218749975,21322.43749975,33.279722071428566,45.374740642857134,0.238672855,False,40.4,22,44,0,40,7,0.0,421.0,262.0,159.0,342.0,5.4
2020-05-24 15:45:00,67334.62500100001,6605.6249999,160057.428572,22,4135001,0.09810145968440305,0.25,True,1651.406249975,16833.656250250002,32.816959600000004,40.0954304,0.21446764,False,40.4,22,44,0,40,7,0.0,421.0,262.0,159.0,342.0,5.4
2020-05-24 16:00:00,92390.57143,9055.8803571,161748.964285,22,4135001,0.09801736494249542,0.25,True,2263.970089275,23097.6428575,32.72800313333334,38.61097186666667,0.2873007813333333,False,40.1,22,84,0,63,61,0.0,324.0,190.0,134.0,322.6,6.0
2020-05-24 16:15:00,88096.678571,8637.1285714,164309.517858,22,4135001,0.09804147797058042,0.25,True,2159.28214285,22024.16964275,33.25120033333334,42.48199053333333,0.2895850273333333,False,40.1,22,84,0,63,61,0.0,324.0,190.0,134.0,322.6,6.0
2020-05-24 16:30:00,76882.857144,7539.7107141999995,166298.5,22,4135001,0.0980675145836253,0.25,True,1884.9276785499999,19220.714286,32.82929440000001,40.124707066666666,0.2425447946666666,False,40.1,22,84,0,63,61,0.0,324.0,190.0,134.0,322.6,6.0
2020-05-24 16:45:00,88822.089286,8716.7785715,168173.160714,22,4135001,0.09813750882883056,0.25,True,2179.194642875,22205.5223215,32.72574673333334,39.121545600000005,0.3035469626666667,False,40.1,22,84,0,63,61,0.0,324.0,190.0,134.0,322.6,6.0
2020-05-24 17:00:00,88017.499998,8647.9589286,170384.446429,22,4135001,0.09825272166099361,0.25,True,2161.98973215,22004.3749995,32.85508646666668,40.3697468,0.2947314606666666,False,39.9,20,84,0,44,3,0.0,143.0,61.0,82.0,161.5,11.0
2020-05-24 17:15:00,57869.821429,5678.1732142,172188.410713,22,4135001,0.09811976387669527,0.25,True,1419.54330355,14467.45535725,32.515638933333335,38.29546746666666,0.199998688,False,39.9,20,84,0,44,3,0.0,143.0,61.0,82.0,161.5,11.0
2020-05-24 17:30:00,38298.660715,3749.5839284999997,173353.839285,22,4135001,0.09790378719513404,0.25,True,937.3959821249999,9574.66517875,31.9316625,35.02001971428571,0.1373132696428571,False,39.9,20,84,0,44,3,0.0,143.0,61.0,82.0,161.5,11.0
2020-05-24 17:45:00,24003.3928567,2333.3339285,174105.732142,22,4135001,0.09720850474889024,0.25,True,583.333482125,6000.848214175,31.36695346666667,32.592636866666666,0.0881270817333333,False,39.9,20,84,0,44,3,0.0,143.0,61.0,82.0,161.5,11.0
2020-05-24 18:00:00,13463.5892857,1303.60535714,174560.125,22,4135001,0.09682450418512027,0.25,True,325.901339285,3365.897321425,30.75914113333333,30.545615666666663,0.0456077094,False,38.9,22,33,0,32,2,0.0,61.0,25.0,36.0,160.2,9.4
2020-05-24 18:15:00,8205.9285715,793.00357142,174817.999999,22,4135001,0.09663788375811357,0.25,True,198.250892855,2051.482142875,30.156077,29.0945292,0.0269941826,False,38.9,22,33,0,32,2,0.0,61.0,25.0,36.0,160.2,9.4
2020-05-24 18:30:00,3298.7857142,318.42321428,174961.232144,22,4135001,0.09652740185860237,0.25,True,79.60580357,824.69642855,29.691412400000004,28.060636333333328,0.0112836303666666,False,38.9,22,33,0,32,2,0.0,61.0,25.0,36.0,160.2,9.4
2020-05-24 18:45:00,0.0,0.0,174989.0,22,4135001,,0.25,True,0.0,0.0,29.193908666666665,27.260127866666668,0.0012658659466666,False,38.9,22,33,0,32,2,0.0,61.0,25.0,36.0,160.2,9.4
2020-05-24 19:00:00,0.0,0.0,174989.0,22,4135001,,0.25,True,0.0,0.0,28.8050252,26.64863686666667,0.0,False,37.9,23,32,0,31,1,0.0,0.0,0.0,0.0,0.0,7.3
2020-05-24 19:15:00,0.0,0.0,174989.0,22,4135001,,0.25,True,0.0,0.0,28.41945813333333,26.3571066,0.0,False,37.9,23,32,0,31,1,0.0,0.0,0.0,0.0,0.0,7.3
2020-05-24 19:30:00,0.0,0.0,174989.0,22,4135001,,0.25,True,0.0,0.0,28.041340357142857,26.15662057142857,0.0,False,37.9,23,32,0,31,1,0.0,0.0,0.0,0.0,0.0,7.3
2020-05-24 19:45:00,0.0,0.0,174989.0,22,4135001,,0.25,True,0.0,0.0,27.721820066666663,25.952933733333335,0.0,False,37.9,23,32,0,31,1,0.0,0.0,0.0,0.0,0.0,7.3
2020-05-24 20:00:00,0.0,0.0,174989.0,22,4135001,,0.25,True,0.0,0.0,27.463893733333336,26.059515466666667,0.0,False,37.4,24,28,0,28,0,0.0,0.0,0.0,0.0,0.0,7.6
2020-05-24 20:15:00,0.0,0.0,174989.0,22,4135001,,0.25,True,0.0,0.0,27.12241393333333,25.596382866666666,0.0,False,37.4,24,28,0,28,0,0.0,0.0,0.0,0.0,0.0,7.6
2020-05-24 20:30:00,0.0,0.0,174989.0,22,4135001,,0.25,True,0.0,0.0,26.938661666666665,25.4765034,0.0,False,37.4,24,28,0,28,0,0.0,0.0,0.0,0.0,0.0,7.6
2020-05-24 20:45:00,0.0,0.0,174989.0,22,4135001,,0.25,True,0.0,0.0,26.813499,25.441148066666667,0.0,False,37.4,24,28,0,28,0,0.0,0.0,0.0,0.0,0.0,7.6
2020-05-24 21:00:00,0.0,0.0,174989.0,22,4135001,,0.25,True,0.0,0.0,26.721419200000003,24.9726014,0.0,False,37.0,25,20,0,20,0,0.0,0.0,0.0,0.0,0.0,11.1
2020-05-24 21:15:00,0.0,0.0,174989.0,22,4135001,,0.25,True,0.0,0.0,26.061617,23.810306800000003,0.0,False,37.0,25,20,0,20,0,0.0,0.0,0.0,0.0,0.0,11.1
2020-05-24 21:30:00,0.0,0.0,174989.0,22,4135001,,0.25,True,0.0,0.0,25.324238285714287,23.218586714285717,0.0,False,37.0,25,20,0,20,0,0.0,0.0,0.0,0.0,0.0,11.1
2020-05-24 21:45:00,0.0,0.0,174989.0,22,4135001,,0.25,True,0.0,0.0,25.055564333333333,23.1519184,0.0,False,37.0,25,20,0,20,0,0.0,0.0,0.0,0.0,0.0,11.1
2020-05-24 22:00:00,0.0,0.0,174989.0,22,4135001,,0.25,True,0.0,0.0,24.842502866666667,23.14363193333333,0.0,False,34.9,38,21,0,21,0,0.0,0.0,0.0,0.0,0.0,18.2
2020-05-24 22:15:00,0.0,0.0,174989.0,22,4135001,,0.25,True,0.0,0.0,24.7625794,23.2487568,0.0,False,34.9,38,21,0,21,0,0.0,0.0,0.0,0.0,0.0,18.2
2020-05-24 22:30:00,0.0,0.0,174989.0,22,4135001,,0.25,True,0.0,0.0,24.650606400000004,23.19892173333333,0.0,False,34.9,38,21,0,21,0,0.0,0.0,0.0,0.0,0.0,18.2
2020-05-24 22:45:00,0.0,0.0,174989.0,22,4135001,,0.25,True,0.0,0.0,24.4036906,23.266341066666666,0.0,False,34.9,38,21,0,21,0,0.0,0.0,0.0,0.0,0.0,18.2
2020-05-24 23:00:00,0.0,0.0,174989.0,22,4135001,,0.25,True,0.0,0.0,24.308990466666668,23.166595600000004,0.0,False,32.2,66,15,0,15,0,0.0,0.0,0.0,0.0,0.0,15.5
2020-05-24 23:15:00,0.0,0.0,174989.0,22,4135001,,0.25,True,0.0,0.0,24.17554313333333,22.930407733333336,0.0,False,32.2,66,15,0,15,0,0.0,0.0,0.0,0.0,0.0,15.5
2020-05-24 23:30:00,0.0,0.0,174989.0,22,4135001,,0.25,True,0.0,0.0,24.169597214285712,22.926810357142852,0.0,False,32.2,66,15,0,15,0,0.0,0.0,0.0,0.0,0.0,15.5
2020-05-24 23:45:00,0.0,0.0,161031.857143,22,4135001,,0.25,True,0.0,0.0,23.777931866666663,22.760666866666668,0.0,False,32.2,66,15,0,15,0,0.0,0.0,0.0,0.0,0.0,15.5
2020-05-25 00:00:00,0.0,0.0,5213.678572,22,4135001,,0.25,True,0.0,0.0,23.523980866666665,22.53725386666667,0.0,False,31.6,68,3,0,3,0,0.0,0.0,0.0,0.0,0.0,13.4
2020-05-25 00:15:00,0.0,0.0,0.0,22,4135001,,0.25,True,0.0,0.0,23.576312266666665,22.5190776,0.0,False,31.6,68,3,0,3,0,0.0,0.0,0.0,0.0,0.0,13.4
2020-05-25 00:30:00,0.0,0.0,0.0,22,4135001,,0.25,True,0.0,0.0,23.793988066666667,22.6662274,0.0,False,31.6,68,3,0,3,0,0.0,0.0,0.0,0.0,0.0,13.4
2020-05-25 00:45:00,0.0,0.0,0.0,22,4135001,,0.25,True,0.0,0.0,23.82386273333333,22.74333293333333,0.0,False,31.6,68,3,0,3,0,0.0,0.0,0.0,0.0,0.0,13.4
2020-05-25 01:00:00,0.0,0.0,0.0,22,4135001,,0.25,True,0.0,0.0,23.813157266666668,22.72366926666666,0.0,False,30.9,70,3,0,3,0,0.0,0.0,0.0,0.0,0.0,10.6
2020-05-25 01:15:00,0.0,0.0,0.0,22,4135001,,0.25,True,0.0,0.0,23.8431722,22.72266246666667,0.0,False,30.9,70,3,0,3,0,0.0,0.0,0.0,0.0,0.0,10.6
2020-05-25 01:30:00,0.0,0.0,0.0,22,4135001,,0.25,True,0.0,0.0,23.7696665,22.556241714285715,0.0,False,30.9,70,3,0,3,0,0.0,0.0,0.0,0.0,0.0,10.6
2020-05-25 01:45:00,0.0,0.0,0.0,22,4135001,,0.25,True,0.0,0.0,23.74944666666667,22.52036333333333,0.0,False,30.9,70,3,0,3,0,0.0,0.0,0.0,0.0,0.0,10.6
2020-05-25 02:00:00,0.0,0.0,0.0,22,4135001,,0.25,True,0.0,0.0,23.74525333333333,22.562904666666668,0.0,False,30.5,72,2,0,2,0,0.0,0.0,0.0,0.0,0.0,7.7
2020-05-25 02:15:00,0.0,0.0,0.0,22,4135001,,0.25,True,0.0,0.0,23.723101799999995,22.5175476,0.0,False,30.5,72,2,0,2,0,0.0,0.0,0.0,0.0,0.0,7.7
2020-05-25 02:30:00,0.0,0.0,0.0,22,4135001,,0.25,True,0.0,0.0,23.660424866666663,22.528680466666668,0.0,False,30.5,72,2,0,2,0,0.0,0.0,0.0,0.0,0.0,7.7
2020-05-25 02:45:00,0.0,0.0,0.0,22,4135001,,0.25,True,0.0,0.0,23.564792866666664,22.4498474,0.0,False,30.5,72,2,0,2,0,0.0,0.0,0.0,0.0,0.0,7.7
2020-05-25 03:00:00,0.0,0.0,0.0,22,4135001,,0.25,True,0.0,0.0,23.53508313333333,22.328715,0.0,False,30.3,73,1,0,1,0,0.0,0.0,0.0,0.0,0.0,4.7
2020-05-25 03:15:00,0.0,0.0,0.0,22,4135001,,0.25,True,0.0,0.0,23.552939733333336,22.281717866666664,0.0,False,30.3,73,1,0,1,0,0.0,0.0,0.0,0.0,0.0,4.7
2020-05-25 03:30:00,0.0,0.0,0.0,22,4135001,,0.25,True,0.0,0.0,23.5656494,22.254783333333336,0.0,False,30.3,73,1,0,1,0,0.0,0.0,0.0,0.0,0.0,4.7
2020-05-25 03:45:00,0.0,0.0,0.0,22,4135001,,0.25,True,0.0,0.0,23.539119142857142,22.201566357142852,0.0,False,30.3,73,1,0,1,0,0.0,0.0,0.0,0.0,0.0,4.7
2020-05-25 04:00:00,0.0,0.0,0.0,22,4135001,,0.25,True,0.0,0.0,23.4719544,22.1696574,0.0,False,30.0,71,2,1,1,0,0.0,0.0,0.0,0.0,0.0,5.6
2020-05-25 04:15:00,0.0,0.0,0.0,22,4135001,,0.25,True,0.0,0.0,23.386021,22.073919666666665,0.0,False,30.0,71,2,1,1,0,0.0,0.0,0.0,0.0,0.0,5.6
2020-05-25 04:30:00,0.0,0.0,0.0,22,4135001,,0.25,True,0.0,0.0,23.424011199999995,22.17654226666667,0.0,False,30.0,71,2,1,1,0,0.0,0.0,0.0,0.0,0.0,5.6
2020-05-25 04:45:00,0.0,0.0,0.0,22,4135001,,0.25,True,0.0,0.0,23.45262646666667,22.164961733333328,0.0,False,30.0,71,2,1,1,0,0.0,0.0,0.0,0.0,0.0,5.6
2020-05-25 05:00:00,0.0,0.0,0.0,22,4135001,,0.25,True,0.0,0.0,23.358255866666667,21.58138833333333,0.0,False,29.4,76,67,18,0,69,0.0,0.0,0.0,0.0,0.0,3.0
2020-05-25 05:15:00,0.0,0.0,0.0,22,4135001,,0.25,True,0.0,0.0,23.182582533333328,21.200907266666665,0.0,False,29.4,76,67,18,0,69,0.0,0.0,0.0,0.0,0.0,3.0
2020-05-25 05:30:00,0.0,0.0,0.0,4,4135001,,0.5,True,0.0,0.0,23.065572,20.990049333333328,0.0,False,29.4,76,67,18,0,69,0.0,0.0,0.0,0.0,0.0,3.0
2020-05-25 06:00:00,0.0,0.0,0.0,10,4135001,,0.25,True,0.0,0.0,22.90438138461538,21.018923153846156,0.0142718304615384,False,30.3,67,40,10,0,35,0.0,22.0,6.0,16.0,59.8,13.1
2020-05-25 06:15:00,9018.8928572,872.13928571,65.642857145,22,4135001,0.09670136895059686,0.25,True,218.0348214275,2254.7232143,23.016544857142858,21.453314571428567,0.0331407035,False,30.3,67,40,10,0,35,0.0,22.0,6.0,16.0,59.8,13.1
2020-05-25 06:30:00,15892.0714286,1540.54464288,361.19642857,22,4135001,0.09693793850608895,0.25,True,385.13616072,3973.01785715,23.312432866666672,22.078063866666664,0.050611544,False,30.3,67,40,10,0,35,0.0,22.0,6.0,16.0,59.8,13.1
2020-05-25 06:45:00,25885.642856,2517.5374999,861.17857143,22,4135001,0.09725613205377526,0.25,True,629.384374975,6471.410714,23.51573693333333,22.768512,0.0832185890666666,False,30.3,67,40,10,0,35,0.0,22.0,6.0,16.0,59.8,13.1
2020-05-25 07:00:00,37963.892856,3717.3017855,1624.10714285,22,4135001,0.09791677053773212,0.25,True,929.325446375,9490.973214,23.788940466666663,23.575608266666663,0.1486546339999999,False,31.2,62,35,1,1,34,0.0,168.0,88.0,80.0,326.0,17.0
2020-05-25 07:15:00,53687.178572,5265.1928571,2743.6964285,22,4135001,0.09807169974557031,0.25,True,1316.298214275,13421.794643,24.0009094,25.62175893333333,0.2036339493333333,False,31.2,62,35,1,1,34,0.0,168.0,88.0,80.0,326.0,17.0
2020-05-25 07:30:00,60435.0,5931.2000001,4176.8571431,22,4135001,0.09814180524695953,0.25,True,1482.800000025,15108.75,24.3116068,28.332320066666668,0.2028929653333333,False,31.2,62,35,1,1,34,0.0,168.0,88.0,80.0,326.0,17.0
2020-05-25 07:45:00,79574.125,7812.4,5817.375,22,4135001,0.09817764254398022,0.25,True,1953.1,19893.53125,24.44554646666667,30.010496,0.2812749706666666,False,31.2,62,35,1,1,34,0.0,168.0,88.0,80.0,326.0,17.0
2020-05-25 08:00:00,76654.428571,7521.6,7840.8571429,22,4135001,0.09812348927802955,0.25,True,1880.4,19163.60714275,24.688751333333336,31.77211313333333,0.2420931633333333,False,32.8,54,53,0,0,53,0.0,382.0,264.0,118.0,536.4,16.3
2020-05-25 08:15:00,129853.625,12724.5,10310.875,22,4135001,0.09799110344435899,0.25,True,3181.125,32463.40625,24.931500133333333,34.9920044,0.4445730093333333,False,32.8,54,53,0,0,53,0.0,382.0,264.0,118.0,536.4,16.3
2020-05-25 08:30:00,146843.285717,14383.3000001,13688.1428572,22,4135001,0.09795000111765308,0.25,True,3595.825000025,36710.82142925,25.73379057142857,40.25765564285714,0.5047311078571429,False,32.8,54,53,0,0,53,0.0,382.0,264.0,118.0,536.4,16.3
2020-05-25 08:45:00,163322.875,15990.9875,17504.0,22,4135001,0.09791027435685294,0.25,True,3997.746875,40830.71875,26.3876404,43.30431733333333,0.5570171753333333,False,32.8,54,53,0,0,53,0.0,382.0,264.0,118.0,536.4,16.3
2020-05-25 09:00:00,181661.99999799998,17778.8428572,21738.2857132,22,4135001,0.09786770407347567,0.25,True,4444.7107143,45415.499999499996,26.970560666666664,45.55024,0.6182257626666666,False,34.8,46,18,0,1,17,0.0,597.0,456.0,141.0,663.7,15.8
2020-05-25 09:15:00,196268.875,19201.7375,26377.5,22,4135001,0.09783383891103467,0.25,True,4800.434375,49067.21875,27.714882333333332,48.363682,0.6704487179999999,False,34.8,46,18,0,1,17,0.0,597.0,456.0,141.0,663.7,15.8
2020-05-25 09:30:00,209238.142854,20464.1857142,31344.285713999998,22,4135001,0.09780332321377602,0.25,True,5116.04642855,52309.5357135,28.173484266666676,49.310594,0.7147616046666667,False,34.8,46,18,0,1,17,0.0,597.0,456.0,141.0,663.7,15.8
2020-05-25 09:45:00,222074.857139,21712.8857146,36562.035715,22,4135001,0.0977728230666364,0.25,True,5428.22142865,55518.71428475,28.5507568,51.14308473333334,0.7630363573333334,False,34.8,46,18,0,1,17,0.0,597.0,456.0,141.0,663.7,15.8
2020-05-25 10:00:00,230920.05359,22572.0428593,42129.035714,22,4135001,0.0977483008010071,0.25,True,5643.010714825,57730.0133975,28.6851826,52.74471266666666,0.8024272126666667,False,36.9,39,35,0,0,35,0.0,772.0,615.0,157.0,730.9,14.3
2020-05-25 10:15:00,230873.2143,22560.1714283,47713.553572000004,22,4135001,0.0977167121647338,0.25,True,5640.042857075,57718.303575,29.217750933333328,53.50141380000001,0.8341566393333333,False,36.9,39,35,0,0,35,0.0,772.0,615.0,157.0,730.9,14.3
2020-05-25 10:30:00,245928.66073,24013.687498,53514.767857,22,4135001,0.0976449325862191,0.25,True,6003.4218745,61482.1651825,29.567946466666665,55.37232273333334,0.8627664733333335,False,36.9,39,35,0,0,35,0.0,772.0,615.0,157.0,730.9,14.3
2020-05-25 10:45:00,255876.85716,24964.317858,59612.982142,22,4135001,0.09756379742615719,0.25,True,6241.0794645,63969.21429,29.84079428571429,58.03428871428572,0.8917315042857143,False,36.9,39,35,0,0,35,0.0,772.0,615.0,157.0,730.9,14.3
2020-05-25 11:00:00,261314.67857,25487.848213,65957.571429,22,4135001,0.09753699391277178,0.25,True,6371.96205325,65328.6696425,30.38230993333333,59.35841486666666,0.9131820933333334,False,38.6,33,3,0,3,0,0.0,879.0,710.0,169.0,751.6,11.6
2020-05-25 11:15:00,265383.46428,25881.605357,72343.839287,22,4135001,0.09752531276663459,0.25,True,6470.40133925,66345.86607,30.986580466666663,60.1309834,0.9288445293333332,False,38.6,33,3,0,3,0,0.0,879.0,710.0,169.0,751.6,11.6
2020-05-25 11:30:00,270079.57142,26336.675,78906.392857,22,4135001,0.09751450234288142,0.25,True,6584.16875,67519.892855,31.036269066666662,60.58494866666666,0.947984686,False,38.6,33,3,0,3,0,0.0,879.0,710.0,169.0,751.6,11.6
2020-05-25 11:45:00,274643.16068,26779.523216,85510.214288,22,4135001,0.09750660875623303,0.25,True,6694.880804,68660.79017,31.56218266666667,58.13640526666666,0.9587958633333332,False,38.6,33,3,0,3,0,0.0,879.0,710.0,169.0,751.6,11.6
2020-05-25 12:00:00,274985.44643,26812.625,92260.589286,22,4135001,0.09750561474468938,0.25,True,6703.15625,68746.3616075,31.597302133333333,58.96815806666666,0.9652258986666667,False,39.9,29,11,0,11,0,0.0,912.0,735.0,177.0,742.6,8.7
2020-05-25 12:15:00,277025.85713,27011.314287,98966.285714,22,4135001,0.09750466821703359,0.25,True,6752.82857175,69256.4642825,32.02379753333333,58.25814226666666,0.970586436,False,39.9,29,11,0,11,0,0.0,912.0,735.0,177.0,742.6,8.7
2020-05-25 12:30:00,276426.625,26952.95,105721.375,22,4135001,0.09750489845180435,0.25,True,6738.2375,69106.65625,32.30198566666667,58.666117466666655,0.9666168293333331,False,39.9,29,11,0,11,0,0.0,912.0,735.0,177.0,742.6,8.7
2020-05-25 12:45:00,273846.99999,26702.37143,112448.571431,22,4135001,0.09750835842998129,0.25,True,6675.5928575,68461.7499975,32.36792450000001,60.75254,0.9600062992857142,False,39.9,29,11,0,11,0,0.0,912.0,735.0,177.0,742.6,8.7
2020-05-25 13:00:00,270429.0,26370.9375,119121.375,22,4135001,0.09751519807417104,0.25,True,6592.734375,67607.25,32.788692133333335,60.102559266666674,0.9453285046666666,False,40.5,26,33,0,33,0,0.0,847.0,664.0,183.0,682.0,6.6
2020-05-25 13:15:00,262416.73809,25592.466666,125704.452382,22,4135001,0.097526045222095,0.25,True,6398.1166665,65604.1845225,33.254821857142865,60.86849728571429,0.9130500964285714,False,40.5,26,33,0,33,0,0.0,847.0,664.0,183.0,682.0,6.6
2020-05-25 13:30:00,250835.07143,24488.328571,131937.428572,22,4135001,0.09762721150353132,0.25,True,6122.08214275,62708.7678575,33.4319154,60.258821466666674,0.8658357226666666,False,40.5,26,33,0,33,0,0.0,847.0,664.0,183.0,682.0,6.6
2020-05-25 13:45:00,255962.4107,24972.653573,138115.446428,22,4135001,0.09756375361798388,0.25,True,6243.16339325,63990.602675,33.4819584,59.38402526666668,0.879347218,False,40.5,26,33,0,33,0,0.0,847.0,664.0,183.0,682.0,6.6
2020-05-25 14:00:00,250431.51786,24446.066071,144251.642857,22,4135001,0.09761577248701662,0.25,True,6111.51651775,62607.879465,33.32365333333333,58.80879913333334,0.8607233646666665,False,40.7,24,39,0,39,0,0.0,729.0,527.0,202.0,587.2,5.8
2020-05-25 14:15:00,231765.10713,22654.5428563,150186.910712,22,4135001,0.09774785832447495,0.25,True,5663.635714075,57941.2767825,33.540535600000005,59.177929600000006,0.7999019353333332,False,40.7,24,39,0,39,0,0.0,729.0,527.0,202.0,587.2,5.8
2020-05-25 14:30:00,222678.089281,21769.6732142,155770.910715,22,4135001,0.09776297831767634,0.25,True,5442.41830355,55669.52232025,33.7554728,56.660072933333325,0.7431429239999999,False,40.7,24,39,0,39,0,0.0,729.0,527.0,202.0,587.2,5.8
2020-05-25 14:45:00,206287.821428,20173.346427700002,160924.821429,22,4135001,0.09779223168897076,0.25,True,5043.3366069250005,51571.955357,34.09684771428572,54.98997742857143,0.760303092142857,False,40.7,24,39,0,39,0,0.0,729.0,527.0,202.0,587.2,5.8
2020-05-25 15:00:00,222198.285723,21724.958929,166105.428573,22,4135001,0.09777284670901142,0.25,True,5431.23973225,55549.57143075,34.382596666666664,57.54735093333333,0.7549121526666667,False,40.4,24,58,0,58,0,0.0,525.0,355.0,170.0,463.2,4.8
2020-05-25 15:15:00,195367.892857,19113.1696429,171285.035715,22,4135001,0.0978316823885178,0.25,True,4778.292410725,48841.97321425,34.232936733333325,54.871441666666655,0.6773567373333333,False,40.4,24,58,0,58,0,0.0,525.0,355.0,170.0,463.2,4.8
2020-05-25 15:30:00,173667.803571,16997.9160714,175643.750001,22,4135001,0.09787603529200391,0.25,True,4249.47901785,43416.95089275,34.278066,49.945772133333335,0.5049492813333333,False,40.4,24,58,0,58,0,0.0,525.0,355.0,170.0,463.2,4.8
2020-05-25 15:45:00,187186.910713,18316.8732143,180232.678572,22,4135001,0.09785338699447807,0.25,True,4579.218303575,46796.72767825,34.629477933333334,50.88533153333333,0.6294453433333332,False,40.4,24,58,0,58,0,0.0,525.0,355.0,170.0,463.2,4.8
2020-05-25 16:00:00,168689.57143,16513.4857141,184645.857142,22,4135001,0.09789274804668344,0.25,True,4128.371428525,42172.3928575,34.7056704,51.99498913333333,0.5514050859999999,False,40.2,24,58,0,58,0,0.0,290.0,170.0,120.0,288.4,6.4
2020-05-25 16:15:00,95108.875,9337.3,187745.25,22,4135001,0.09817485487027366,0.25,True,2334.325,23777.21875,34.31009746666667,46.1497108,0.306095652,False,40.2,24,58,0,58,0,0.0,290.0,170.0,120.0,288.4,6.4
2020-05-25 16:30:00,43466.428572,4258.7714285,189547.285714,22,4135001,0.09797840697782555,0.25,True,1064.692857125,10866.607143,33.7051188,39.0915042,0.1337362736666667,False,40.2,24,58,0,58,0,0.0,290.0,170.0,120.0,288.4,6.4
2020-05-25 16:45:00,29196.0,2840.975,190373.875,22,4135001,0.09730699410878202,0.25,True,710.24375,7299.0,32.85124421428571,34.75786921428571,0.0878115582857142,False,40.2,24,58,0,58,0,0.0,290.0,170.0,120.0,288.4,6.4
2020-05-25 17:00:00,24905.142859,2421.2142857,191030.142857,22,4135001,0.09721744217279375,0.25,True,605.303571425,6226.28571475,32.63336773333333,33.21449166666667,0.0755440882,False,38.2,31,43,0,52,0,0.0,174.0,95.0,79.0,251.0,13.0
2020-05-25 17:15:00,21416.5,2080.525,191606.875,22,4135001,0.0971458921859314,0.25,True,520.13125,5354.125,32.45497006666667,32.520924533333336,0.0674540515333333,False,38.2,31,43,0,52,0,0.0,174.0,95.0,79.0,251.0,13.0
2020-05-25 17:30:00,15363.8571429,1488.67142856,192059.142854,22,4135001,0.09689438106028929,0.25,True,372.16785714,3840.964285725,32.222483600000004,31.912021933333328,0.0506183510666666,False,38.2,31,43,0,52,0,0.0,174.0,95.0,79.0,251.0,13.0
2020-05-25 17:45:00,10723.5535714,1037.15535715,192355.767857,22,4135001,0.09671750602487973,0.25,True,259.2888392875,2680.88839285,30.906561266666667,30.832251133333333,0.0367549387333333,False,38.2,31,43,0,52,0,0.0,174.0,95.0,79.0,251.0,13.0
2020-05-25 18:00:00,9479.5535719,916.44821431,192615.249999,22,4135001,0.09667630520350708,0.25,True,229.1120535775,2369.888392975,29.405578533333337,28.884993533333336,0.0324079431333333,False,37.6,31,42,0,42,0,0.0,52.0,21.0,31.0,134.2,9.9
2020-05-25 18:15:00,4963.5357143,479.23035714,192790.625,22,4135001,0.09655019823053397,0.25,True,119.807589285,1240.883928575,28.77471533333333,27.363647333333333,0.0165713633,False,37.6,31,42,0,42,0,0.0,52.0,21.0,31.0,134.2,9.9
2020-05-25 18:30:00,745.96428572,71.964285715,192859.160716,22,4135001,0.09647148944341287,0.25,True,17.99107142875,186.49107143,27.8907064,26.16618666666667,0.0038019427373333,False,37.6,31,42,0,42,0,0.0,52.0,21.0,31.0,134.2,9.9
2020-05-25 18:45:00,0.0,0.0,192862.0,22,4135001,,0.25,True,0.0,0.0,27.1471252,25.1309936,4.9854124400000006e-05,False,37.6,31,42,0,42,0,0.0,52.0,21.0,31.0,134.2,9.9
2020-05-25 19:00:00,0.0,0.0,192862.0,22,4135001,,0.25,True,0.0,0.0,26.844663285714287,24.81299035714285,0.0,False,37.0,33,30,0,30,0,0.0,0.0,0.0,0.0,0.0,7.9
2020-05-25 19:15:00,0.0,0.0,192862.0,22,4135001,,0.25,True,0.0,0.0,26.803802466666667,24.558612066666665,0.0,False,37.0,33,30,0,30,0,0.0,0.0,0.0,0.0,0.0,7.9
2020-05-25 19:30:00,0.0,0.0,192862.0,22,4135001,,0.25,True,0.0,0.0,26.529679400000006,23.8296754,0.0,False,37.0,33,30,0,30,0,0.0,0.0,0.0,0.0,0.0,7.9
2020-05-25 19:45:00,0.0,0.0,192862.0,22,4135001,,0.25,True,0.0,0.0,26.13919673333333,23.174355066666667,0.0,False,37.0,33,30,0,30,0,0.0,0.0,0.0,0.0,0.0,7.9
2020-05-25 20:00:00,0.0,0.0,192862.0,22,4135001,,0.25,True,0.0,0.0,25.98317053333333,22.6132344,0.0,False,36.2,36,41,0,30,16,0.0,0.0,0.0,0.0,0.0,4.0
2020-05-25 20:15:00,0.0,0.0,192862.0,22,4135001,,0.25,True,0.0,0.0,25.92591346666667,22.996138533333333,0.0,False,36.2,36,41,0,30,16,0.0,0.0,0.0,0.0,0.0,4.0
2020-05-25 20:30:00,0.0,0.0,192862.0,22,4135001,,0.25,True,0.0,0.0,26.3512246,24.133376066666667,0.0,False,36.2,36,41,0,30,16,0.0,0.0,0.0,0.0,0.0,4.0
2020-05-25 20:45:00,0.0,0.0,192862.0,22,4135001,,0.25,True,0.0,0.0,26.67003993333333,25.027766933333336,0.0,False,36.2,36,41,0,30,16,0.0,0.0,0.0,0.0,0.0,4.0
2020-05-25 21:00:00,0.0,0.0,192862.0,22,4135001,,0.25,True,0.0,0.0,26.74988007142857,25.323394642857146,0.0,False,35.3,38,31,0,26,6,0.0,0.0,0.0,0.0,0.0,3.4
2020-05-25 21:15:00,0.0,0.0,192862.0,22,4135001,,0.25,True,0.0,0.0,26.743371466666662,25.456490066666667,0.0,False,35.3,38,31,0,26,6,0.0,0.0,0.0,0.0,0.0,3.4
2020-05-25 21:30:00,0.0,0.0,192862.0,22,4135001,,0.25,True,0.0,0.0,25.059989266666665,25.027827933333327,0.0,False,35.3,38,31,0,26,6,0.0,0.0,0.0,0.0,0.0,3.4
2020-05-25 21:45:00,0.0,0.0,192862.0,22,4135001,,0.25,True,0.0,0.0,23.2322306,23.09873853333333,0.0,False,35.3,38,31,0,26,6,0.0,0.0,0.0,0.0,0.0,3.4
2020-05-25 22:00:00,0.0,0.0,192862.0,22,4135001,,0.25,True,0.0,0.0,22.50070593333333,21.93613866666667,0.0,False,34.3,48,36,0,22,19,0.0,0.0,0.0,0.0,0.0,15.5
2020-05-25 22:15:00,0.0,0.0,192862.0,22,4135001,,0.25,True,0.0,0.0,22.444230133333328,21.5962768,0.0,False,34.3,48,36,0,22,19,0.0,0.0,0.0,0.0,0.0,15.5
2020-05-25 22:30:00,0.0,0.0,192862.0,22,4135001,,0.25,True,0.0,0.0,22.482853266666663,21.490083933333327,0.0,False,34.3,48,36,0,22,19,0.0,0.0,0.0,0.0,0.0,15.5
2020-05-25 22:45:00,0.0,0.0,192862.0,22,4135001,,0.25,True,0.0,0.0,22.546732533333333,21.027425333333337,0.0,False,34.3,48,36,0,22,19,0.0,0.0,0.0,0.0,0.0,15.5
2020-05-25 23:00:00,0.0,0.0,192862.0,22,4135001,,0.25,True,0.0,0.0,22.538633333333337,20.3957946,0.0,False,32.4,65,54,0,17,44,0.0,0.0,0.0,0.0,0.0,14.8
2020-05-25 23:15:00,0.0,0.0,192862.0,22,4135001,,0.25,True,0.0,0.0,22.499492000000004,20.065861428571427,0.0,False,32.4,65,54,0,17,44,0.0,0.0,0.0,0.0,0.0,14.8
2020-05-25 23:30:00,0.0,0.0,192862.0,22,4135001,,0.25,True,0.0,0.0,22.470717400000005,19.818194466666668,0.0,False,32.4,65,54,0,17,44,0.0,0.0,0.0,0.0,0.0,14.8
2020-05-25 23:45:00,0.0,0.0,177751.0,22,4135001,,0.25,True,0.0,0.0,22.384967,19.720330800000003,0.0,False,32.4,65,54,0,17,44,0.0,0.0,0.0,0.0,0.0,14.8
2020-05-26 00:00:00,0.0,0.0,6149.946428,22,4135001,,0.25,True,0.0,0.0,22.329964133333338,19.769138533333333,0.0,False,31.9,66,70,0,14,66,0.0,0.0,0.0,0.0,0.0,14.1
2020-05-26 00:15:00,0.0,0.0,0.0,22,4135001,,0.25,True,0.0,0.0,22.266125533333334,19.9242026,0.0,False,31.9,66,70,0,14,66,0.0,0.0,0.0,0.0,0.0,14.1
2020-05-26 00:30:00,0.0,0.0,0.0,22,4135001,,0.25,True,0.0,0.0,22.277128066666663,19.96756606666667,0.0,False,31.9,66,70,0,14,66,0.0,0.0,0.0,0.0,0.0,14.1
2020-05-26 00:45:00,0.0,0.0,0.0,22,4135001,,0.25,True,0.0,0.0,22.151906400000005,19.948490333333336,0.0,False,31.9,66,70,0,14,66,0.0,0.0,0.0,0.0,0.0,14.1
2020-05-26 01:00:00,0.0,0.0,0.0,22,4135001,,0.25,True,0.0,0.0,22.209784,19.795607666666665,0.0,False,31.1,68,75,0,14,71,0.0,0.0,0.0,0.0,0.0,14.1
2020-05-26 01:15:00,0.0,0.0,0.0,22,4135001,,0.25,True,0.0,0.0,22.266959666666665,19.688240466666667,0.0,False,31.1,68,75,0,14,71,0.0,0.0,0.0,0.0,0.0,14.1
2020-05-26 01:30:00,0.0,0.0,0.0,22,4135001,,0.25,True,0.0,0.0,22.238921999999995,19.587624571428574,0.0,False,31.1,68,75,0,14,71,0.0,0.0,0.0,0.0,0.0,14.1
2020-05-26 01:45:00,0.0,0.0,0.0,22,4135001,,0.25,True,0.0,0.0,22.17399293333333,19.648162866666667,0.0,False,31.1,68,75,0,14,71,0.0,0.0,0.0,0.0,0.0,14.1
2020-05-26 02:00:00,0.0,0.0,0.0,22,4135001,,0.25,True,0.0,0.0,22.08363446666667,19.61325486666667,0.0,False,30.6,70,77,0,18,72,0.0,0.0,0.0,0.0,0.0,14.0
2020-05-26 02:15:00,0.0,0.0,0.0,22,4135001,,0.25,True,0.0,0.0,21.980529733333327,19.47120353333333,0.0,False,30.6,70,77,0,18,72,0.0,0.0,0.0,0.0,0.0,14.0
2020-05-26 02:30:00,0.0,0.0,0.0,22,4135001,,0.25,True,0.0,0.0,21.735559066666667,19.13982333333333,0.0,False,30.6,70,77,0,18,72,0.0,0.0,0.0,0.0,0.0,14.0
2020-05-26 02:45:00,0.0,0.0,0.0,22,4135001,,0.25,True,0.0,0.0,21.402293,18.911025,0.0,False,30.6,70,77,0,18,72,0.0,0.0,0.0,0.0,0.0,14.0
2020-05-26 03:00:00,0.0,0.0,0.0,22,4135001,,0.25,True,0.0,0.0,21.34014086666667,18.893041933333333,0.0,False,30.2,71,47,0,13,40,0.0,0.0,0.0,0.0,0.0,10.5
2020-05-26 03:15:00,0.0,0.0,0.0,22,4135001,,0.25,True,0.0,0.0,21.357849266666665,19.0029684,0.0,False,30.2,71,47,0,13,40,0.0,0.0,0.0,0.0,0.0,10.5
2020-05-26 03:30:00,0.0,0.0,0.0,22,4135001,,0.25,True,0.0,0.0,21.37924393333333,19.249369266666665,0.0,False,30.2,71,47,0,13,40,0.0,0.0,0.0,0.0,0.0,10.5
2020-05-26 03:45:00,0.0,0.0,0.0,22,4135001,,0.25,True,0.0,0.0,21.381364,19.323044733333333,0.0,False,30.2,71,47,0,13,40,0.0,0.0,0.0,0.0,0.0,10.5
2020-05-26 04:00:00,0.0,0.0,0.0,22,4135001,,0.25,True,0.0,0.0,21.259425642857135,19.017571500000003,0.0,False,29.7,73,21,0,11,12,0.0,0.0,0.0,0.0,0.0,2.5
2020-05-26 04:15:00,0.0,0.0,0.0,22,4135001,,0.25,True,0.0,0.0,21.066817333333333,18.7768678,0.0,False,29.7,73,21,0,11,12,0.0,0.0,0.0,0.0,0.0,2.5
2020-05-26 04:30:00,0.0,0.0,0.0,22,4135001,,0.25,True,0.0,0.0,21.374348866666665,18.972381733333336,0.0,False,29.7,73,21,0,11,12,0.0,0.0,0.0,0.0,0.0,2.5
2020-05-26 04:45:00,0.0,0.0,0.0,22,4135001,,0.25,True,0.0,0.0,21.55023393333333,19.259316,0.0,False,29.7,73,21,0,11,12,0.0,0.0,0.0,0.0,0.0,2.5
2020-05-26 05:00:00,0.0,0.0,0.0,22,4135001,,0.25,True,0.0,0.0,21.640612933333333,19.093664466666667,0.0,False,28.9,78,12,0,3,0,0.0,0.0,0.0,0.0,0.0,1.1
2020-05-26 05:15:00,0.0,0.0,0.0,22,4135001,,0.25,True,0.0,0.0,21.899794533333328,19.312314866666664,0.0,False,28.9,78,12,0,3,0,0.0,0.0,0.0,0.0,0.0,1.1
2020-05-26 05:30:00,0.0,0.0,0.0,22,4135001,,0.25,True,0.0,0.0,22.3387368,19.757601,0.0,False,28.9,78,12,0,3,0,0.0,0.0,0.0,0.0,0.0,1.1
2020-05-26 05:45:00,0.0,0.0,0.0,22,4135001,,0.25,True,0.0,0.0,22.401477000000003,19.994679733333328,0.0008254361254,False,28.9,78,12,0,3,0,0.0,0.0,0.0,0.0,0.0,1.1
2020-05-26 06:00:00,2755.7678572,265.921428576,20.321428572,22,4135001,0.0964963096877796,0.25,True,66.480357144,688.9419643,22.495716785714286,20.229721071428568,0.0105634890714285,False,29.5,74,1,0,1,0,0.0,21.0,6.0,15.0,59.8,1.8
2020-05-26 06:15:00,8637.2857145,835.03392858,154.214285713,22,4135001,0.09667781710383525,0.25,True,208.758482145,2159.321428625,22.62713006666667,20.668404133333333,0.0287589122,False,29.5,74,1,0,1,0,0.0,21.0,6.0,15.0,59.8,1.8
2020-05-26 06:30:00,16522.6785714,1602.12142857,447.446428567,22,4135001,0.09696499400183206,0.25,True,400.5303571425,4130.66964285,22.841064466666666,21.282033466666665,0.0506818596,False,29.5,74,1,0,1,0,0.0,21.0,6.0,15.0,59.8,1.8
2020-05-26 06:45:00,26664.303571,2594.257143,962.51785715,22,4135001,0.09729326461094992,0.25,True,648.56428575,6666.07589275,23.171523066666666,22.294864933333333,0.084808915,False,29.5,74,1,0,1,0,0.0,21.0,6.0,15.0,59.8,1.8
2020-05-26 07:00:00,40151.767858,3933.2875001,1767.39285713,22,4135001,0.09796050609802269,0.25,True,983.321875025,10037.9419645,23.54695426666667,23.866823333333336,0.1582885586666666,False,30.8,68,1,0,1,0,0.0,171.0,94.0,77.0,348.1,2.4
2020-05-26 07:15:00,56277.464285,5519.7517856,2943.1964286,22,4135001,0.09808103218096156,0.25,True,1379.9379464,14069.36607125,23.946079466666667,26.170033866666667,0.21528912,False,30.8,68,1,0,1,0,0.0,171.0,94.0,77.0,348.1,2.4
2020-05-26 07:30:00,73354.767856,7208.5517856,4519.8571428000005,22,4135001,0.0982697102900092,0.25,True,1802.1379464,18338.691964,24.416178333333328,29.170227,0.2717468766666666,False,30.8,68,1,0,1,0,0.0,171.0,94.0,77.0,348.1,2.4
2020-05-26 07:45:00,92124.339285,9048.3053572,6560.5357143,22,4135001,0.09821840164527809,0.25,True,2262.0763393,23031.08482125,24.91252433333333,32.155680466666674,0.330588588,False,30.8,68,1,0,1,0,0.0,171.0,94.0,77.0,348.1,2.4
2020-05-26 08:00:00,111467.178573,10928.5107141,9052.2321429,22,4135001,0.09804240902126095,0.25,True,2732.127678525,27866.79464325,25.354199066666663,35.498592200000004,0.3957623673333333,False,33.0,59,26,26,0,0,0.0,384.0,266.0,118.0,540.6,6.6
2020-05-26 08:15:00,129811.517856,12720.3464286,12012.3392856,22,4135001,0.09799089201553507,0.25,True,3180.08660715,32452.879464,26.096950071428576,39.086399571428565,0.4513733507142856,False,33.0,59,26,26,0,0,0.0,384.0,266.0,118.0,540.6,6.6
2020-05-26 08:30:00,147847.250001,14481.433928800001,15396.7678571,22,4135001,0.09794861878528043,0.25,True,3620.3584822000003,36961.81250025,26.6344054,41.77922546666666,0.5080059100000001,False,33.0,59,26,26,0,0,0.0,384.0,266.0,118.0,540.6,6.6
2020-05-26 08:45:00,164710.446428,16126.4339286,19219.4107143,22,4135001,0.09790777864019305,0.25,True,4031.60848215,41177.611607,26.999525933333327,43.4644392,0.5608459200000001,False,33.0,59,26,26,0,0,0.0,384.0,266.0,118.0,540.6,6.6
2020-05-26 09:00:00,180598.874999,17675.4642858,23420.9642859,22,4135001,0.09787139751506134,0.25,True,4418.86607145,45149.71874975,27.205737133333333,45.212386133333325,0.6152906573333333,False,35.1,49,13,13,0,0,0.0,567.0,407.0,160.0,592.6,7.4
2020-05-26 09:15:00,194568.999999,19036.2553572,28041.446428,22,4135001,0.09783806956554147,0.25,True,4759.0638393,48642.24999975,27.668807,48.98255793333334,0.666398724,False,35.1,49,13,13,0,0,0.0,567.0,407.0,160.0,592.6,7.4
2020-05-26 09:30:00,208863.910715,20427.7821431,32952.714287,22,4135001,0.0978042691682347,0.25,True,5106.945535775,52215.97767875,27.95082393333333,51.054569666666666,0.7201458673333331,False,35.1,49,13,13,0,0,0.0,567.0,407.0,160.0,592.6,7.4
2020-05-26 09:45:00,215653.982146,21086.9339285,38240.982143,22,4135001,0.09778133340577001,0.25,True,5271.733482125,53913.4955365,28.3790078,53.2701114,0.7660080266666666,False,35.1,49,13,13,0,0,0.0,567.0,407.0,160.0,592.6,7.4
2020-05-26 10:00:00,234480.42857,22916.0714292,43641.0,22,4135001,0.09773127577834843,0.25,True,5729.0178573,58620.1071425,28.9688944,54.075234266666655,0.8155462639999999,False,37.0,41,0,0,0,0,0.0,760.0,595.0,165.0,707.5,8.0
2020-05-26 10:15:00,216227.10714,21116.7749996,49159.410714,22,4135001,0.09766016517960245,0.25,True,5279.1937499,54056.776785,29.61952421428572,55.34798971428572,0.719329505,False,37.0,41,0,0,0,0,0.0,760.0,595.0,165.0,707.5,8.0
2020-05-26 10:30:00,259007.642869,25270.4482157,54885.892857,22,4135001,0.09756641902834196,0.25,True,6317.612053925,64751.91071725,29.580118799999997,57.320168,0.9841090573333332,False,37.0,41,0,0,0,0,0.0,760.0,595.0,165.0,707.5,8.0
2020-05-26 10:45:00,246529.25001,24059.1285733,61186.625,22,4135001,0.09759137535332658,0.25,True,6014.782143325,61632.3125025,29.96776533333333,59.424285733333335,0.8521106573333334,False,37.0,41,0,0,0,0,0.0,760.0,595.0,165.0,707.5,8.0
2020-05-26 11:00:00,268067.80357,26148.817858,67192.732144,22,4135001,0.09754553702370233,0.25,True,6537.2044645,67016.9508925,30.10053313333333,56.94452306666666,0.988618098666667,False,38.8,35,2,2,1,0,0.0,886.0,716.0,170.0,758.3,7.0
2020-05-26 11:15:00,170245.303569,16646.9482142,72726.571429,22,4135001,0.09778212887648342,0.25,True,4161.73705355,42561.32589225,30.313747133333337,55.357067933333326,0.580431214,False,38.8,35,2,2,1,0,0.0,886.0,716.0,170.0,758.3,7.0
2020-05-26 11:30:00,241034.91071,23523.776785,77894.196428,22,4135001,0.09759489492915206,0.25,True,5880.94419625,60258.7276775,30.505511533333333,57.031303066666666,0.838770058,False,38.8,35,2,2,1,0,0.0,886.0,716.0,170.0,758.3,7.0
2020-05-26 11:45:00,215185.464279,21017.3446417,83272.892856,22,4135001,0.09767083809364482,0.25,True,5254.336160425,53796.36606975,30.716996333333327,52.6329488,0.7052639533333332,False,38.8,35,2,2,1,0,0.0,886.0,716.0,170.0,758.3,7.0
2020-05-26 12:00:00,231785.232143,22622.512499700002,88563.196428,22,4135001,0.09760118144948524,0.25,True,5655.6281249250005,57946.30803575,30.900615071428568,53.412794,0.6880905792857142,False,40.0,30,20,0,20,0,0.0,901.0,713.0,188.0,720.7,6.4
2020-05-26 12:15:00,278563.46427,27163.685712,95071.107143,22,4135001,0.0975134545486244,0.25,True,6790.921428,69640.8660675,31.35813793333333,59.133262,1.0541559813333337,False,40.0,30,20,0,20,0,0.0,901.0,713.0,188.0,720.7,6.4
2020-05-26 12:30:00,172118.142853,16822.9785714,100048.428572,22,4135001,0.09774087898315234,0.25,True,4205.74464285,43029.53571325,31.578393466666665,54.042319733333336,0.5448555493333334,False,40.0,30,20,0,20,0,0.0,901.0,713.0,188.0,720.7,6.4
2020-05-26 12:45:00,268710.58929,26211.308927,105773.517856,22,4135001,0.09754475622362624,0.25,True,6552.82723175,67177.6473225,32.030253133333325,59.7176536,1.008637932,False,40.0,30,20,0,20,0,0.0,901.0,713.0,188.0,720.7,6.4
2020-05-26 13:00:00,180054.482144,17596.3964286,111777.982144,22,4135001,0.09772817771082834,0.25,True,4399.09910715,45013.620536,32.626951000000005,60.1761166,0.6823728553333333,False,40.8,28,23,0,23,0,0.0,819.0,624.0,195.0,641.0,6.1
2020-05-26 13:15:00,189248.482147,18488.0821428,115231.160712,22,4135001,0.0976921026422778,0.25,True,4622.0205357,47312.12053675,32.06863799999999,50.04413893333333,0.5918467893333333,False,40.8,28,23,0,23,0,0.0,819.0,624.0,195.0,641.0,6.1
2020-05-26 13:30:00,236891.482145,23122.2178571,121149.732143,22,4135001,0.09760679298273382,0.25,True,5780.554464275,59222.87053625,32.80097026666667,58.15341173333333,0.818109888,False,40.8,28,23,0,23,0,0.0,819.0,624.0,195.0,641.0,6.1
2020-05-26 13:45:00,270711.21429,26400.717857,127242.75,22,4135001,0.09752354709885853,0.25,True,6600.17946425,67677.8035725,33.185274066666665,61.56432686666666,0.9566406293333332,False,40.8,28,23,0,23,0,0.0,819.0,624.0,195.0,641.0,6.1
2020-05-26 14:00:00,182414.75,17828.3107143,132940.892858,22,4135001,0.09773502808462584,0.25,True,4457.077678575,45603.6875,33.488021,59.663859200000005,0.7188153760000001,False,41.2,26,43,0,43,0,0.0,739.0,519.0,220.0,578.3,5.6
2020-05-26 14:15:00,75814.44643,7447.3160713,135830.928572,22,4135001,0.09823083095615766,0.25,True,1861.829017825,18953.6116075,32.707593357142855,48.42773878571429,0.24348246,False,41.2,26,43,0,43,0,0.0,739.0,519.0,220.0,578.3,5.6
2020-05-26 14:30:00,158090.5,15467.0714284,138803.267858,22,4135001,0.0978368176987232,0.25,True,3866.7678571,39522.625,32.27215373333334,44.45963126666666,0.445260018,False,41.2,26,43,0,43,0,0.0,739.0,519.0,220.0,578.3,5.6
2020-05-26 14:45:00,100082.696429,9824.1660713,141905.875,22,4135001,0.09816048549680507,0.25,True,2456.041517825,25020.67410725,32.34491993333334,43.7751686,0.302484416,False,41.2,26,43,0,43,0,0.0,739.0,519.0,220.0,578.3,5.6
2020-05-26 15:00:00,99247.660714,9739.7232143,144337.142856,22,4135001,0.09813554439702882,0.25,True,2434.930803575,24811.9151785,32.281588,41.69365866666666,0.327377192,False,40.2,27,47,0,47,0,0.0,503.0,317.0,186.0,413.5,2.8
2020-05-26 15:15:00,93425.50000100001,9167.5982144,146681.642857,22,4135001,0.09812736580807031,0.25,True,2291.8995536,23356.375000250002,32.39553246666666,42.82737193333334,0.319140978,False,40.2,27,47,0,47,0,0.0,503.0,317.0,186.0,413.5,2.8
2020-05-26 15:30:00,177462.785715,17367.2392857,149931.839287,22,4135001,0.09786411959965102,0.25,True,4341.809821425,44365.69642875,32.8598512,46.55671166666666,0.5361376973333333,False,40.2,27,47,0,47,0,0.0,503.0,317.0,186.0,413.5,2.8
2020-05-26 15:45:00,166088.589285,16260.1910715,154129.339286,22,4135001,0.09790071155098017,0.25,True,4065.047767875,41522.14732125,33.26259353333333,48.231889,0.5286599566666667,False,40.2,27,47,0,47,0,0.0,503.0,317.0,186.0,413.5,2.8
2020-05-26 16:00:00,112561.125,11034.6392856,157619.339287,22,4135001,0.09803241825807978,0.25,True,2758.6598214,28140.28125,33.40587706666668,46.34387413333334,0.37085346,False,37.3,37,86,0,84,41,0.0,313.0,188.0,125.0,318.7,20.4
2020-05-26 16:15:00,139076.321429,13625.2999999,160752.660714,22,4135001,0.09796994815437268,0.25,True,3406.324999975,34769.08035725,33.265648642857144,44.920237928571424,0.4515764164285714,False,37.3,37,86,0,84,41,0.0,313.0,188.0,125.0,318.7,20.4
2020-05-26 16:30:00,117984.017859,11565.2607142,163917.196429,22,4135001,0.09802396056745057,0.25,True,2891.31517855,29496.00446475,33.16755933333334,43.82860906666667,0.3930785846666666,False,37.3,37,86,0,84,41,0.0,313.0,188.0,125.0,318.7,20.4
2020-05-26 16:45:00,130992.982143,12835.8071429,166911.107143,22,4135001,0.09798851001718277,0.25,True,3208.951785725,32748.24553575,33.059299933333335,42.801250933333336,0.4251206693333333,False,37.3,37,86,0,84,41,0.0,313.0,188.0,125.0,318.7,20.4
2020-05-26 17:00:00,93045.892856,9125.3285714,169895.178571,22,4135001,0.09807341615306514,0.25,True,2281.33214285,23261.473214,33.04103613333332,42.6021344,0.3109964793333333,False,37.1,34,19,0,33,1,0.1,155.0,80.0,75.0,210.9,8.4
2020-05-26 17:15:00,22259.6607144,2164.81071428,171168.875,22,4135001,0.09725263749772978,0.25,True,541.20267857,5564.9151786,32.083526600000006,36.04578060000001,0.0699064925333333,False,37.1,34,19,0,33,1,0.1,155.0,80.0,75.0,210.9,8.4
2020-05-26 17:30:00,14232.5000001,1377.89821429,171585.267858,22,4135001,0.09681350530689047,0.25,True,344.4745535725,3558.125000025,31.256394333333333,31.672898466666663,0.0440678129333333,False,37.1,34,19,0,33,1,0.1,155.0,80.0,75.0,210.9,8.4
2020-05-26 17:45:00,11071.9107142,1070.99107141,171894.321428,22,4135001,0.09673046496269405,0.25,True,267.7477678525,2767.97767855,30.519482466666663,30.251395666666667,0.0352655896,False,37.1,34,19,0,33,1,0.1,155.0,80.0,75.0,210.9,8.4
2020-05-26 18:00:00,8128.0535714,785.41607142,172120.803572,22,4135001,0.09663027741151042,0.25,True,196.354017855,2032.01339285,29.59416113333333,29.093566866666663,0.0265550992666666,False,36.7,35,35,0,35,0,0.0,64.0,26.0,38.0,165.7,5.6
2020-05-26 18:15:00,1854.0,179.1,149008.0,19,4135001,0.0966019417475728,0.25,True,44.775,463.5,29.093019666666667,28.168933133333333,0.0245060392,False,36.7,35,35,0,35,0,0.0,64.0,26.0,38.0,165.7,5.6
2020-05-26 18:30:00,0.0,0.0,0.0,22,4135001,,0.25,True,0.0,0.0,28.737601,27.428604214285716,0.0123415255071428,False,36.7,35,35,0,35,0,0.0,64.0,26.0,38.0,165.7,5.6
2020-05-26 18:45:00,0.0,0.0,0.0,10,4135001,,0.25,True,0.0,0.0,28.444854666666668,26.5186422,0.0006909272933333,False,36.7,35,35,0,35,0,0.0,64.0,26.0,38.0,165.7,5.6
2020-05-26 19:00:00,0.0,0.0,0.0,10,4135001,,0.25,True,0.0,0.0,28.23783153333333,26.154162666666664,0.0,False,36.1,36,30,0,29,1,0.0,1.0,0.0,1.0,0.0,2.7
2020-05-26 19:15:00,0.0,0.0,0.0,10,4135001,,0.25,True,0.0,0.0,28.0495422,25.89157706666667,0.0,False,36.1,36,30,0,29,1,0.0,1.0,0.0,1.0,0.0,2.7
2020-05-26 19:30:00,0.0,0.0,0.0,22,4135001,,0.25,True,0.0,0.0,27.280301933333337,25.3176128,0.0,False,36.1,36,30,0,29,1,0.0,1.0,0.0,1.0,0.0,2.7
2020-05-26 19:45:00,0.0,0.0,0.0,22,4135001,,0.25,True,0.0,0.0,26.344228133333328,24.456264266666665,0.0,False,36.1,36,30,0,29,1,0.0,1.0,0.0,1.0,0.0,2.7
2020-05-26 20:00:00,0.0,0.0,0.0,21,4135001,,0.25,True,0.0,0.0,25.804827866666667,23.43174233333333,0.0,False,35.6,38,28,0,28,0,0.0,0.0,0.0,0.0,0.0,13.6
2020-05-26 20:15:00,0.0,0.0,0.0,22,4135001,,0.25,True,0.0,0.0,25.6798888,22.87546186666667,0.0,False,35.6,38,28,0,28,0,0.0,0.0,0.0,0.0,0.0,13.6
2020-05-26 20:30:00,0.0,0.0,0.0,22,4135001,,0.25,True,0.0,0.0,26.317622866666667,23.06435553333333,0.0,False,35.6,38,28,0,28,0,0.0,0.0,0.0,0.0,0.0,13.6
2020-05-26 20:45:00,0.0,0.0,0.0,22,4135001,,0.25,True,0.0,0.0,26.737034357142857,23.771536714285716,0.0,False,35.6,38,28,0,28,0,0.0,0.0,0.0,0.0,0.0,13.6
2020-05-26 21:00:00,0.0,0.0,0.0,22,4135001,,0.25,True,0.0,0.0,26.739679,24.4989238,0.0,False,34.3,42,22,0,22,0,0.0,0.0,0.0,0.0,0.0,13.0
2020-05-26 21:15:00,0.0,0.0,0.0,22,4135001,,0.25,True,0.0,0.0,26.860953933333334,25.53957726666667,0.0,False,34.3,42,22,0,22,0,0.0,0.0,0.0,0.0,0.0,13.0
2020-05-26 21:30:00,0.0,0.0,0.0,22,4135001,,0.25,True,0.0,0.0,26.75190226666667,25.910893000000005,0.0,False,34.3,42,22,0,22,0,0.0,0.0,0.0,0.0,0.0,13.0
2020-05-26 21:45:00,0.0,0.0,0.0,22,4135001,,0.25,True,0.0,0.0,25.950315533333335,24.791290333333336,0.0,False,34.3,42,22,0,22,0,0.0,0.0,0.0,0.0,0.0,13.0
2020-05-26 22:00:00,0.0,0.0,0.0,22,4135001,,0.25,True,0.0,0.0,25.970591266666663,24.29259233333333,0.0,False,33.9,44,21,0,21,0,0.0,0.0,0.0,0.0,0.0,10.7
2020-05-26 22:15:00,0.0,0.0,0.0,22,4135001,,0.25,True,0.0,0.0,25.9664206,24.102557466666664,0.0,False,33.9,44,21,0,21,0,0.0,0.0,0.0,0.0,0.0,10.7
2020-05-26 22:30:00,0.0,0.0,0.0,22,4135001,,0.25,True,0.0,0.0,25.976723266666664,23.80661226666667,0.0,False,33.9,44,21,0,21,0,0.0,0.0,0.0,0.0,0.0,10.7
2020-05-26 22:45:00,0.0,0.0,0.0,22,4135001,,0.25,True,0.0,0.0,25.810259142857145,23.5601895,0.0,False,33.9,44,21,0,21,0,0.0,0.0,0.0,0.0,0.0,10.7
2020-05-26 23:00:00,0.0,0.0,0.0,22,4135001,,0.25,True,0.0,0.0,25.312601666666662,23.815649266666664,0.0,False,34.0,44,29,0,15,17,0.0,0.0,0.0,0.0,0.0,1.1
2020-05-26 23:15:00,0.0,0.0,0.0,22,4135001,,0.25,True,0.0,0.0,23.959344400000003,23.300472066666668,0.0,False,34.0,44,29,0,15,17,0.0,0.0,0.0,0.0,0.0,1.1
2020-05-26 23:30:00,0.0,0.0,0.0,22,4135001,,0.25,True,0.0,0.0,23.6627584,22.656899,0.0,False,34.0,44,29,0,15,17,0.0,0.0,0.0,0.0,0.0,1.1
2020-05-26 23:45:00,0.0,0.0,0.0,22,4135001,,0.25,True,0.0,0.0,23.458341533333336,22.1916648,0.0,False,34.0,44,29,0,15,17,0.0,0.0,0.0,0.0,0.0,1.1
2020-05-27 00:00:00,0.0,0.0,0.0,22,4135001,,0.25,True,0.0,0.0,23.350636733333328,21.8250304,0.0,False,32.9,49,44,0,12,37,0.0,0.0,0.0,0.0,0.0,4.0
2020-05-27 00:15:00,0.0,0.0,0.0,22,4135001,,0.25,True,0.0,0.0,23.3878704,21.7501342,0.0,False,32.9,49,44,0,12,37,0.0,0.0,0.0,0.0,0.0,4.0
2020-05-27 00:30:00,0.0,0.0,0.0,22,4135001,,0.25,True,0.0,0.0,23.41160473333333,21.652988533333332,0.0,False,32.9,49,44,0,12,37,0.0,0.0,0.0,0.0,0.0,4.0
2020-05-27 00:45:00,0.0,0.0,0.0,22,4135001,,0.25,True,0.0,0.0,23.439538533333334,21.8520548,0.0,False,32.9,49,44,0,12,37,0.0,0.0,0.0,0.0,0.0,4.0
2020-05-27 01:00:00,0.0,0.0,0.0,22,4135001,,0.25,True,0.0,0.0,23.478940714285716,22.0078015,0.0,False,32.1,53,62,0,9,59,0.0,0.0,0.0,0.0,0.0,4.5
2020-05-27 01:15:00,0.0,0.0,0.0,22,4135001,,0.25,True,0.0,0.0,23.5569438,22.1949502,0.0,False,32.1,53,62,0,9,59,0.0,0.0,0.0,0.0,0.0,4.5
2020-05-27 01:30:00,0.0,0.0,0.0,22,4135001,,0.25,True,0.0,0.0,23.6097004,22.218638066666667,0.0,False,32.1,53,62,0,9,59,0.0,0.0,0.0,0.0,0.0,4.5
2020-05-27 01:45:00,0.0,0.0,0.0,22,4135001,,0.25,True,0.0,0.0,23.595737733333337,22.002624466666667,0.0,False,32.1,53,62,0,9,59,0.0,0.0,0.0,0.0,0.0,4.5
2020-05-27 02:00:00,0.0,0.0,0.0,22,4135001,,0.25,True,0.0,0.0,23.378357000000005,21.570123533333334,0.0,False,32.4,49,64,0,8,61,0.0,0.0,0.0,0.0,0.0,5.6
2020-05-27 02:15:00,0.0,0.0,0.0,22,4135001,,0.25,True,0.0,0.0,23.295308333333328,21.209047466666668,0.0,False,32.4,49,64,0,8,61,0.0,0.0,0.0,0.0,0.0,5.6
2020-05-27 02:30:00,0.0,0.0,0.0,22,4135001,,0.25,True,0.0,0.0,23.3853394,21.54802453333333,0.0,False,32.4,49,64,0,8,61,0.0,0.0,0.0,0.0,0.0,5.6
2020-05-27 02:45:00,0.0,0.0,0.0,22,4135001,,0.25,True,0.0,0.0,24.11521193333333,22.05081173333333,0.0,False,32.4,49,64,0,8,61,0.0,0.0,0.0,0.0,0.0,5.6
2020-05-27 03:00:00,0.0,0.0,0.0,22,4135001,,0.25,True,0.0,0.0,24.209280785714284,22.253919357142856,0.0,False,32.0,50,33,0,7,28,0.0,0.0,0.0,0.0,0.0,9.5
2020-05-27 03:15:00,0.0,0.0,0.0,22,4135001,,0.25,True,0.0,0.0,24.113977066666667,21.963254733333336,0.0,False,32.0,50,33,0,7,28,0.0,0.0,0.0,0.0,0.0,9.5
2020-05-27 03:30:00,0.0,0.0,0.0,22,4135001,,0.25,True,0.0,0.0,24.007735066666665,21.68212693333333,0.0,False,32.0,50,33,0,7,28,0.0,0.0,0.0,0.0,0.0,9.5
2020-05-27 03:45:00,0.0,0.0,0.0,22,4135001,,0.25,True,0.0,0.0,23.8672546,21.50230326666667,0.0,False,32.0,50,33,0,7,28,0.0,0.0,0.0,0.0,0.0,9.5
2020-05-27 04:00:00,0.0,0.0,0.0,22,4135001,,0.25,True,0.0,0.0,23.618619666666667,21.469712333333334,0.0,False,31.1,57,20,0,5,16,0.0,0.0,0.0,0.0,0.0,12.7
2020-05-27 04:15:00,0.0,0.0,0.0,22,4135001,,0.25,True,0.0,0.0,23.4968382,21.601784133333336,0.0,False,31.1,57,20,0,5,16,0.0,0.0,0.0,0.0,0.0,12.7
2020-05-27 04:30:00,0.0,0.0,0.0,22,4135001,,0.25,True,0.0,0.0,23.55595913333333,21.48046053333333,0.0,False,31.1,57,20,0,5,16,0.0,0.0,0.0,0.0,0.0,12.7
2020-05-27 04:45:00,0.0,0.0,0.0,22,4135001,,0.25,True,0.0,0.0,23.599875933333333,21.486816399999995,0.0,False,31.1,57,20,0,5,16,0.0,0.0,0.0,0.0,0.0,12.7
2020-05-27 05:00:00,0.0,0.0,0.0,22,4135001,,0.25,True,0.0,0.0,23.591532466666663,21.53707273333333,0.0,False,30.6,62,6,0,2,17,0.0,0.0,0.0,0.0,0.0,13.1
2020-05-27 05:15:00,0.0,0.0,0.0,22,4135001,,0.25,True,0.0,0.0,23.456994428571427,21.577333857142857,0.0,False,30.6,62,6,0,2,17,0.0,0.0,0.0,0.0,0.0,13.1
2020-05-27 05:30:00,0.0,0.0,0.0,22,4135001,,0.25,True,0.0,0.0,23.406447400000005,21.700998933333334,0.0,False,30.6,62,6,0,2,17,0.0,0.0,0.0,0.0,0.0,13.1
2020-05-27 05:45:00,0.0,0.0,0.0,22,4135001,,0.25,True,0.0,0.0,23.3181456,21.41036373333333,0.0008405371983333,False,30.6,62,6,0,2,17,0.0,0.0,0.0,0.0,0.0,13.1
2020-05-27 06:00:00,3120.9821426,301.29642859,9.017857144,22,4135001,0.09653897870078765,0.25,True,75.3241071475,780.24553565,23.21604600000001,21.406390466666668,0.0117904483199999,False,30.8,62,5,0,2,3,0.0,22.0,6.0,16.0,59.7,12.6
2020-05-27 06:15:00,8243.95,796.72035715,144.335714285,22,4135001,0.09664303606280969,0.25,True,199.1800892875,2060.9875,23.13891793333333,21.6591104,0.0275747859333333,False,30.8,62,5,0,2,3,0.0,22.0,6.0,16.0,59.7,12.6
2020-05-27 06:30:00,18215.482143,1767.57678571,439.85714283,22,4135001,0.0970370573687647,0.25,True,441.8941964275,4553.87053575,23.3408814,22.568992,0.0606357090666666,False,30.8,62,5,0,2,3,0.0,22.0,6.0,16.0,59.7,12.6
2020-05-27 06:45:00,33365.607142,3259.919643,1065.4464286,22,4135001,0.09770299186003645,0.25,True,814.97991075,8341.4017855,24.041567200000003,23.861043266666663,0.1112899762666666,False,30.8,62,5,0,2,3,0.0,22.0,6.0,16.0,59.7,12.6
2020-05-27 07:00:00,42938.190476,4209.0309524,2021.13690475,22,4135001,0.09802534540323976,0.25,True,1052.2577381,10734.547619,24.464884533333333,24.944256533333338,0.1616571346666666,False,31.7,59,1,0,1,0,0.0,170.0,93.0,77.0,344.3,12.7
2020-05-27 07:15:00,43057.089284,4217.0642859,3008.9642858,22,4135001,0.09794123002799122,0.25,True,1054.266071475,10764.272321,24.711029066666665,25.490907733333334,0.1542123409333333,False,31.7,59,1,0,1,0,0.0,170.0,93.0,77.0,344.3,12.7
2020-05-27 07:30:00,74281.732143,7297.6982143000005,4461.3750001,22,4135001,0.09824351161132293,0.25,True,1824.4245535750001,18570.43303575,25.215722142857143,29.4314075,0.2542998135714285,False,31.7,59,1,0,1,0,0.0,170.0,93.0,77.0,344.3,12.7
2020-05-27 07:45:00,86378.928571,8485.3314285,6428.9535714,22,4135001,0.09823381198257627,0.25,True,2121.332857125,21594.73214275,25.711328266666666,33.471195333333334,0.302042678,False,31.7,59,1,0,1,0,0.0,170.0,93.0,77.0,344.3,12.7
2020-05-27 08:00:00,102644.125001,10070.1535716,8696.8928572,22,4135001,0.09810745204854046,0.25,True,2517.5383929,25661.03125025,26.1143576,35.96729740000001,0.3424570506666667,False,33.1,54,1,0,1,0,0.0,384.0,268.0,116.0,544.8,13.5
2020-05-27 08:15:00,127223.011904,12468.2565476,11523.3988096,22,4135001,0.09800315494030516,0.25,True,3117.0641369,31805.752976,26.739856000000003,38.96813346666666,0.453155868,False,33.1,54,1,0,1,0,0.0,384.0,268.0,116.0,544.8,13.5
2020-05-27 08:30:00,124004.571429,12154.9839286,14773.75,22,4135001,0.09802045028283052,0.25,True,3038.74598215,31001.14285725,27.1763814,40.5386984,0.4485121606666667,False,33.1,54,1,0,1,0,0.0,384.0,268.0,116.0,544.8,13.5
2020-05-27 08:45:00,158182.47619000002,15489.0517857,18233.9404763,22,4135001,0.09791888557298477,0.25,True,3872.262946425,39545.619047500004,27.553778,41.08350839999999,0.5601515626666665,False,33.1,54,1,0,1,0,0.0,384.0,268.0,116.0,544.8,13.5
2020-05-27 09:00:00,177142.107142,17336.9374999,22224.8607149,22,4135001,0.09787022283754607,0.25,True,4334.234374975,44285.5267855,27.842344266666668,44.2842408,0.6134782713333334,False,35.0,46,0,0,0,0,0.0,594.0,453.0,141.0,659.9,13.3
2020-05-27 09:15:00,182864.089285,17893.5457141,26561.778572,22,4135001,0.0978516109098506,0.25,True,4473.386428525,45716.02232125,28.183992466666663,47.58702806666666,0.63148828,False,35.0,46,0,0,0,0,0.0,594.0,453.0,141.0,659.9,13.3
2020-05-27 09:30:00,189068.672619,18493.119642999998,31056.928572,22,4135001,0.09781165428852531,0.25,True,4623.2799107499995,47267.16815475,28.570597266666667,49.2665142,0.690779268,False,35.0,46,0,0,0,0,0.0,594.0,453.0,141.0,659.9,13.3
2020-05-27 09:45:00,184712.675,18059.7564291,36002.846428,22,4135001,0.09777215575000472,0.25,True,4514.939107275,46178.16875,29.141590642857143,50.96223692857144,0.6264925335714285,False,35.0,46,0,0,0,0,0.0,594.0,453.0,141.0,659.9,13.3
2020-05-27 10:00:00,179902.3,17598.7166666,40767.083334,22,4135001,0.09782374470254133,0.25,True,4399.67916665,44975.575,29.011586333333334,47.639289111111104,0.66640501,False,37.0,40,3,1,1,2,0.0,767.0,609.0,158.0,724.5,12.6
2020-05-27 10:15:00,135950.660714,13316.0696428,43932.017859,22,4135001,0.09794781116079365,0.25,True,3329.0174107,33987.6651785,29.150216214285717,46.961443357142855,0.4552519278571428,False,37.0,40,3,1,1,2,0.0,767.0,609.0,158.0,724.5,12.6
2020-05-27 10:30:00,186942.041668,18280.2779761,47999.238093,22,4135001,0.09778580469643573,0.25,True,4570.069494025,46735.510417,29.157197866666667,47.72198893333333,0.611992378,False,37.0,40,3,1,1,2,0.0,767.0,609.0,158.0,724.5,12.6
2020-05-27 10:45:00,161357.499999,15787.4714284,51852.714287,22,4135001,0.09784157184201442,0.25,True,3946.8678571,40339.37499975,29.738852999999995,47.4182232,0.563158282,False,37.0,40,3,1,1,2,0.0,767.0,609.0,158.0,724.5,12.6
2020-05-27 11:00:00,168393.964286,16477.1285714,56297.750001,22,4135001,0.09784868858728972,0.25,True,4119.28214285,42098.4910715,29.9996884,49.968572866666655,0.562169516,False,38.7,35,4,1,3,1,0.0,874.0,705.0,169.0,747.0,11.2
2020-05-27 11:15:00,248979.09525,24291.770239,60747.119048,22,4135001,0.0975655012908157,0.25,True,6072.94255975,62244.7738125,30.1848064,50.714097,0.8336664386666666,False,38.7,35,4,1,3,1,0.0,874.0,705.0,169.0,747.0,11.2
2020-05-27 11:30:00,268791.66666,26215.605953,67300.309525,22,4135001,0.09753131962294295,0.25,True,6553.90148825,67197.916665,31.295017400000003,60.84368073333333,0.965868116,False,38.7,35,4,1,3,1,0.0,874.0,705.0,169.0,747.0,11.2
2020-05-27 11:45:00,213991.24999799998,20899.3482148,73422.678573,22,4135001,0.09766449896897808,0.25,True,5224.8370537,53497.812499499996,31.858074933333327,61.51417646666666,0.754565452,False,38.7,35,4,1,3,1,0.0,874.0,705.0,169.0,747.0,11.2
2020-05-27 12:00:00,266222.5,25971.926785,79123.803571,22,4135001,0.09755721918695828,0.25,True,6492.98169625,66555.625,31.9470338,62.420866,1.0365607706666664,False,40.3,30,21,0,21,0,0.0,907.0,733.0,174.0,741.1,10.3
2020-05-27 12:15:00,173560.821433,16976.7053565,84716.607141,22,4135001,0.09781415653793472,0.25,True,4244.176339125,43390.20535825,32.10408907142858,59.949493357142856,0.5983157728571428,False,40.3,30,21,0,21,0,0.0,907.0,733.0,174.0,741.1,10.3
2020-05-27 12:30:00,153139.910714,14987.6607144,88370.446429,22,4135001,0.09786907047628202,0.25,True,3746.9151786,38284.9776785,32.095951199999995,51.93161206666666,0.5748687466666667,False,40.3,30,21,0,21,0,0.0,907.0,733.0,174.0,741.1,10.3
2020-05-27 12:45:00,171476.785713,16768.9500002,92915.589284,22,4135001,0.09779137117875607,0.25,True,4192.23750005,42869.19642825,32.27157786666667,53.3307006,0.6274043513333333,False,40.3,30,21,0,21,0,0.0,907.0,733.0,174.0,741.1,10.3
2020-05-27 13:00:00,202277.624999,19769.525,97403.196429,22,4135001,0.09773461103321604,0.25,True,4942.38125,50569.40624975,32.52562053333333,52.57054206666666,0.7174661713333332,False,41.2,27,41,0,41,0,0.0,831.0,650.0,181.0,667.9,9.2
2020-05-27 13:15:00,107412.892856,10534.5321428,101184.374999,22,4135001,0.09807511801141802,0.25,True,2633.6330357,26853.223214,32.66443473333334,48.46199133333333,0.3488823366666666,False,41.2,27,41,0,41,0,0.0,831.0,650.0,181.0,667.9,9.2
2020-05-27 13:30:00,95533.113096,9377.5827382,103460.994049,22,4135001,0.09816054804763441,0.25,True,2344.39568455,23883.278274,32.20655313333332,42.755688333333325,0.2994810686666667,False,41.2,27,41,0,41,0,0.0,831.0,650.0,181.0,667.9,9.2
2020-05-27 13:45:00,97894.12499899999,9609.1053571,105916.142857,22,4135001,0.0981581413307301,0.25,True,2402.276339275,24473.531249749998,32.32926846666666,42.2032632,0.3057066466666666,False,41.2,27,41,0,41,0,0.0,831.0,650.0,181.0,667.9,9.2
2020-05-27 14:00:00,93571.267855,9189.5535714,108227.392857,22,4135001,0.09820913814741,0.25,True,2297.38839285,23392.81696375,32.31917286666666,41.912998266666655,0.3037400713333333,False,41.1,27,36,0,36,0,0.0,672.0,478.0,194.0,532.6,9.0
2020-05-27 14:15:00,90297.410715,8869.7589288,110523.714286,22,4135001,0.09822827541306868,0.25,True,2217.4397322,22574.35267875,32.301509666666675,42.75711873333334,0.2856979239999999,False,41.1,27,36,0,36,0,0.0,672.0,478.0,194.0,532.6,9.0
2020-05-27 14:30:00,208009.125003,20327.0464284,113979.928572,22,4135001,0.09772189767207008,0.25,True,5081.7616071,52002.28125075,32.7693424,47.220991733333335,0.6554787686666667,False,41.1,27,36,0,36,0,0.0,672.0,478.0,194.0,532.6,9.0
2020-05-27 14:45:00,110749.452382,10848.227381,118073.017856,22,4135001,0.09795287604296228,0.25,True,2712.05684525,27687.3630955,32.97901057142858,49.883756,0.3612557564285714,False,41.1,27,36,0,36,0,0.0,672.0,478.0,194.0,532.6,9.0
2020-05-27 15:00:00,110966.982141,10883.7785713,120712.464286,22,4135001,0.09808123426723947,0.25,True,2720.944642825,27741.74553525,32.9282166,45.9347556,0.3312335933333333,False,40.8,26,34,0,34,0,0.0,559.0,387.0,172.0,504.7,7.6
2020-05-27 15:15:00,93367.589284,9156.1839285,123304.964285,22,4135001,0.0980659776986344,0.25,True,2289.045982125,23341.897321,32.6388932,43.367417200000006,0.2769386199999999,False,40.8,26,34,0,34,0,0.0,559.0,387.0,172.0,504.7,7.6
2020-05-27 15:30:00,184323.392856,18035.2535715,126425.19643,22,4135001,0.09784571177891557,0.25,True,4508.813392875,46080.848214,31.765978933333333,44.435286533333326,0.615993176,False,40.8,26,34,0,34,0,0.0,559.0,387.0,172.0,504.7,7.6
2020-05-27 15:45:00,137104.749999,13428.0714284,130823.517858,22,4135001,0.09794023495537493,0.25,True,3357.0178571,34276.18749975,32.458738266666664,48.128287933333326,0.462262998,False,40.8,26,34,0,34,0,0.0,559.0,387.0,172.0,504.7,7.6
2020-05-27 16:00:00,141093.660715,13821.6499999,133993.214285,22,4135001,0.09796081503490672,0.25,True,3455.412499975,35273.41517875,32.22288606666666,44.19463313333334,0.476263588,False,40.6,26,42,0,40,4,0.0,382.0,254.0,128.0,430.2,5.9
2020-05-27 16:15:00,113226.339287,11097.028571499999,137034.642858,22,4135001,0.09800748342990982,0.25,True,2774.2571428749998,28306.58482175,32.06696146666666,43.23507873333333,0.3650563653333333,False,40.6,26,42,0,40,4,0.0,382.0,254.0,128.0,430.2,5.9
2020-05-27 16:30:00,108788.035715,10665.6482143,139857.499999,22,4135001,0.09804063603319009,0.25,True,2666.412053575,27197.00892875,32.060280266666666,42.74383126666667,0.3655789026666666,False,40.6,26,42,0,40,4,0.0,382.0,254.0,128.0,430.2,5.9
2020-05-27 16:45:00,67808.017857,6652.3732144,142019.446428,22,4135001,0.09810599726464733,0.25,True,1663.0933036,16952.00446425,31.461081866666667,39.37515073333333,0.2224269813333333,False,40.6,26,42,0,40,4,0.0,382.0,254.0,128.0,430.2,5.9
2020-05-27 17:00:00,58180.232143,5705.9910712,143527.339285,22,4135001,0.09807439504839653,0.25,True,1426.4977678,14545.05803575,30.93136807142857,35.767237857142845,0.1805451735714285,False,40.2,27,100,0,44,0,0.0,206.0,116.0,90.0,305.2,6.5
2020-05-27 17:15:00,39244.142858,3840.2464285,144741.482144,22,4135001,0.09785527594258968,0.25,True,960.061607125,9811.0357145,30.445636066666676,33.627032533333335,0.1241333933333333,False,40.2,27,100,0,44,0,0.0,206.0,116.0,90.0,305.2,6.5
2020-05-27 17:30:00,20198.982143,1961.24285714,145452.839287,22,4135001,0.09709612312418786,0.25,True,490.310714285,5049.74553575,30.095953266666665,31.55705773333333,0.0632720198666666,False,40.2,27,100,0,44,0,0.0,206.0,116.0,90.0,305.2,6.5
2020-05-27 17:45:00,13355.7321428,1293.06964285,145848.964286,22,4135001,0.0968175783270022,0.25,True,323.2674107125,3338.9330357,29.846213866666663,30.149639866666664,0.042321342,False,40.2,27,100,0,44,0,0.0,206.0,116.0,90.0,305.2,6.5
2020-05-27 18:00:00,6594.4047619,637.0404762,146063.285715,22,4135001,0.09660318090884884,0.25,True,159.26011905,1648.601190475,29.4541402,28.8870646,0.0208843500333333,False,39.3,28,59,0,59,0,0.0,65.0,27.0,38.0,171.6,5.4
2020-05-27 18:15:00,1318.2678571000001,127.14642857999999,66053.035715,10,4135001,0.09644961598297926,0.25,True,31.786607144999998,329.56696427500003,28.880454466666663,27.785554933333334,0.0098169462733333,False,39.3,28,59,0,59,0,0.0,65.0,27.0,38.0,171.6,5.4
2020-05-27 18:30:00,59.375,5.725,66067.875,10,4135001,0.09642105263157894,0.25,True,1.43125,14.84375,27.919635066666668,26.451664333333337,0.0019553224081999,False,39.3,28,59,0,59,0,0.0,65.0,27.0,38.0,171.6,5.4
2020-05-27 18:45:00,0.0,0.0,66068.0,10,4135001,,0.25,True,0.0,0.0,28.1855752,26.008966066666662,0.0,False,39.3,28,59,0,59,0,0.0,65.0,27.0,38.0,171.6,5.4
2020-05-27 19:00:00,0.0,0.0,66068.0,10,4135001,,0.25,True,0.0,0.0,28.091544142857135,25.528405357142855,0.0,False,38.0,31,47,0,44,16,0.0,1.0,0.0,1.0,0.0,9.4
2020-05-27 19:15:00,0.0,0.0,66068.0,10,4135001,,0.25,True,0.0,0.0,27.561787866666663,25.778186133333328,6.4555534e-05,False,38.0,31,47,0,44,16,0.0,1.0,0.0,1.0,0.0,9.4
2020-05-27 19:30:00,0.0,0.0,66068.0,22,4135001,,0.25,True,0.0,0.0,24.259470533333328,24.534897866666665,2.499842000000001e-05,False,38.0,31,47,0,44,16,0.0,1.0,0.0,1.0,0.0,9.4
2020-05-27 19:45:00,0.0,0.0,66068.0,22,4135001,,0.25,True,0.0,0.0,23.18479406666667,22.366939266666662,0.0,False,38.0,31,47,0,44,16,0.0,1.0,0.0,1.0,0.0,9.4
2020-05-27 20:00:00,0.0,0.0,66068.0,22,4135001,,0.25,True,0.0,0.0,23.055761666666665,21.543813,0.0,False,36.9,34,36,0,31,25,0.0,0.0,0.0,0.0,0.0,9.2
2020-05-27 20:15:00,0.0,0.0,66068.0,22,4135001,,0.25,True,0.0,0.0,22.88948166666666,21.416206933333328,0.0,False,36.9,34,36,0,31,25,0.0,0.0,0.0,0.0,0.0,9.2
2020-05-27 20:30:00,0.0,0.0,66068.0,22,4135001,,0.25,True,0.0,0.0,22.825628666666667,21.130249133333333,0.0,False,36.9,34,36,0,31,25,0.0,0.0,0.0,0.0,0.0,9.2
2020-05-27 20:45:00,0.0,0.0,66068.0,22,4135001,,0.25,True,0.0,0.0,22.96097606666667,21.154176733333337,0.0,False,36.9,34,36,0,31,25,0.0,0.0,0.0,0.0,0.0,9.2
2020-05-27 21:00:00,0.0,0.0,66068.0,22,4135001,,0.25,True,0.0,0.0,23.148819000000003,21.301618428571437,0.0,False,33.4,44,45,0,26,33,0.1,0.0,0.0,0.0,0.0,17.4
2020-05-27 21:15:00,0.0,0.0,66068.0,22,4135001,,0.25,True,0.0,0.0,23.238674,21.1259462,0.0,False,33.4,44,45,0,26,33,0.1,0.0,0.0,0.0,0.0,17.4
2020-05-27 21:30:00,0.0,0.0,66068.0,22,4135001,,0.25,True,0.0,0.0,23.172168,20.79120886666667,0.0,False,33.4,44,45,0,26,33,0.1,0.0,0.0,0.0,0.0,17.4
2020-05-27 21:45:00,0.0,0.0,66068.0,22,4135001,,0.25,True,0.0,0.0,23.009366933333336,20.558011866666664,0.0,False,33.4,44,45,0,26,33,0.1,0.0,0.0,0.0,0.0,17.4
2020-05-27 22:00:00,0.0,0.0,66068.0,22,4135001,,0.25,True,0.0,0.0,22.935736066666664,20.534486933333334,0.0,False,31.9,50,19,0,14,12,0.0,0.0,0.0,0.0,0.0,12.1
2020-05-27 22:15:00,0.0,0.0,66068.0,22,4135001,,0.25,True,0.0,0.0,22.89959913333333,20.5220438,0.0,False,31.9,50,19,0,14,12,0.0,0.0,0.0,0.0,0.0,12.1
2020-05-27 22:30:00,0.0,0.0,66068.0,22,4135001,,0.25,True,0.0,0.0,22.904701733333336,20.862552933333337,0.0,False,31.9,50,19,0,14,12,0.0,0.0,0.0,0.0,0.0,12.1
2020-05-27 22:45:00,0.0,0.0,66068.0,22,4135001,,0.25,True,0.0,0.0,22.901389466666668,21.32351266666667,0.0,False,31.9,50,19,0,14,12,0.0,0.0,0.0,0.0,0.0,12.1
2020-05-27 23:00:00,0.0,0.0,66068.0,22,4135001,,0.25,True,0.0,0.0,23.19335942857143,22.037168214285717,0.0,False,32.0,51,6,0,6,0,0.0,0.0,0.0,0.0,0.0,13.7
2020-05-27 23:15:00,0.0,0.0,66068.0,22,4135001,,0.25,True,0.0,0.0,23.445365266666663,22.402492266666663,0.0,False,32.0,51,6,0,6,0,0.0,0.0,0.0,0.0,0.0,13.7
2020-05-27 23:30:00,0.0,0.0,66068.0,22,4135001,,0.25,True,0.0,0.0,23.4742208,22.3474202,0.0,False,32.0,51,6,0,6,0,0.0,0.0,0.0,0.0,0.0,13.7
2020-05-27 23:45:00,0.0,0.0,60853.303571,22,4135001,,0.25,True,0.0,0.0,23.370049866666665,22.21977766666667,0.0,False,32.0,51,6,0,6,0,0.0,0.0,0.0,0.0,0.0,13.7
2020-05-28 00:00:00,0.0,0.0,4456.375,22,4135001,,0.25,True,0.0,0.0,23.34788806666667,22.0466448,0.0,False,31.8,52,77,0,22,72,0.0,0.0,0.0,0.0,0.0,11.9
2020-05-28 00:15:00,0.0,0.0,0.0,22,4135001,,0.25,True,0.0,0.0,23.154077266666665,21.732902066666668,0.0,False,31.8,52,77,0,22,72,0.0,0.0,0.0,0.0,0.0,11.9
2020-05-28 00:30:00,0.0,0.0,0.0,22,4135001,,0.25,True,0.0,0.0,23.14515773333333,21.689501933333336,0.0,False,31.8,52,77,0,22,72,0.0,0.0,0.0,0.0,0.0,11.9
2020-05-28 00:45:00,0.0,0.0,0.0,22,4135001,,0.25,True,0.0,0.0,23.120672733333333,21.7263734,0.0,False,31.8,52,77,0,22,72,0.0,0.0,0.0,0.0,0.0,11.9
2020-05-28 01:00:00,0.0,0.0,0.0,22,4135001,,0.25,True,0.0,0.0,23.027730200000004,21.05123893333333,0.0,False,31.3,55,79,0,0,79,0.0,0.0,0.0,0.0,0.0,16.5
2020-05-28 01:15:00,0.0,0.0,0.0,22,4135001,,0.25,True,0.0,0.0,22.74159678571429,20.341541785714288,0.0,False,31.3,55,79,0,0,79,0.0,0.0,0.0,0.0,0.0,16.5
2020-05-28 01:30:00,0.0,0.0,0.0,22,4135001,,0.25,True,0.0,0.0,22.544309466666668,20.22720133333333,0.0,False,31.3,55,79,0,0,79,0.0,0.0,0.0,0.0,0.0,16.5
2020-05-28 01:45:00,0.0,0.0,0.0,22,4135001,,0.25,True,0.0,0.0,22.4315856,20.403196200000004,0.0,False,31.3,55,79,0,0,79,0.0,0.0,0.0,0.0,0.0,16.5
2020-05-28 02:00:00,0.0,0.0,0.0,22,4135001,,0.25,True,0.0,0.0,22.5432046,20.551021333333335,0.0,False,30.9,60,85,0,0,85,0.0,0.0,0.0,0.0,0.0,15.2
2020-05-28 02:15:00,0.0,0.0,0.0,22,4135001,,0.25,True,0.0,0.0,22.5473002,20.59141633333333,0.0,False,30.9,60,85,0,0,85,0.0,0.0,0.0,0.0,0.0,15.2
2020-05-28 02:30:00,0.0,0.0,0.0,22,4135001,,0.25,True,0.0,0.0,22.398087533333335,20.536779733333333,0.0,False,30.9,60,85,0,0,85,0.0,0.0,0.0,0.0,0.0,15.2
2020-05-28 02:45:00,0.0,0.0,0.0,22,4135001,,0.25,True,0.0,0.0,22.4661296,20.652756666666665,0.0,False,30.9,60,85,0,0,85,0.0,0.0,0.0,0.0,0.0,15.2
2020-05-28 03:00:00,0.0,0.0,0.0,22,4135001,,0.25,True,0.0,0.0,22.416562866666663,20.6208456,0.0,False,30.9,60,83,0,1,83,0.0,0.0,0.0,0.0,0.0,15.6
2020-05-28 03:15:00,0.0,0.0,0.0,22,4135001,,0.25,True,0.0,0.0,22.443714642857135,20.575374142857143,0.0,False,30.9,60,83,0,1,83,0.0,0.0,0.0,0.0,0.0,15.6
2020-05-28 03:30:00,0.0,0.0,0.0,22,4135001,,0.25,True,0.0,0.0,22.5855528,20.9133688,0.0,False,30.9,60,83,0,1,83,0.0,0.0,0.0,0.0,0.0,15.6
2020-05-28 03:45:00,0.0,0.0,0.0,22,4135001,,0.25,True,0.0,0.0,22.70174173333333,21.1886312,0.0,False,30.9,60,83,0,1,83,0.0,0.0,0.0,0.0,0.0,15.6
2020-05-28 04:00:00,0.0,0.0,0.0,22,4135001,,0.25,True,0.0,0.0,22.623174933333328,20.723331733333332,0.0,False,30.4,62,82,0,1,82,0.0,0.0,0.0,0.0,0.0,18.7
2020-05-28 04:15:00,0.0,0.0,0.0,22,4135001,,0.25,True,0.0,0.0,22.6158384,20.25167433333333,0.0,False,30.4,62,82,0,1,82,0.0,0.0,0.0,0.0,0.0,18.7
2020-05-28 04:30:00,0.0,0.0,0.0,22,4135001,,0.25,True,0.0,0.0,22.5532246,20.274528066666665,0.0,False,30.4,62,82,0,1,82,0.0,0.0,0.0,0.0,0.0,18.7
2020-05-28 04:45:00,0.0,0.0,0.0,22,4135001,,0.25,True,0.0,0.0,22.43520106666667,19.97839766666667,0.0,False,30.4,62,82,0,1,82,0.0,0.0,0.0,0.0,0.0,18.7
2020-05-28 05:00:00,0.0,0.0,0.0,22,4135001,,0.25,True,0.0,0.0,22.137520266666662,19.745314466666663,0.0,False,30.0,64,73,0,6,82,0.0,0.0,0.0,0.0,0.0,17.7
2020-05-28 05:15:00,0.0,0.0,0.0,22,4135001,,0.25,True,0.0,0.0,21.98794553333333,19.99453113333333,0.0,False,30.0,64,73,0,6,82,0.0,0.0,0.0,0.0,0.0,17.7
2020-05-28 05:30:00,0.0,0.0,0.0,22,4135001,,0.25,True,0.0,0.0,21.8506328,19.853891933333333,0.0,False,30.0,64,73,0,6,82,0.0,0.0,0.0,0.0,0.0,17.7
2020-05-28 05:45:00,0.0,0.0,0.0,22,4135001,,0.25,True,0.0,0.0,21.656358857142852,19.201869428571428,0.0003840421982142,False,30.0,64,73,0,6,82,0.0,0.0,0.0,0.0,0.0,17.7
2020-05-28 06:00:00,3314.7857141,319.99464285,17.071428571,22,4135001,0.09653554420994662,0.25,True,79.9986607125,828.696428525,21.6234394,19.321281066666668,0.0112265629133333,False,30.0,62,86,0,11,84,0.0,21.0,5.0,16.0,49.8,17.8
2020-05-28 06:15:00,9504.7857143,918.91607142,166.25,22,4135001,0.09667930440951299,0.25,True,229.729017855,2376.196428575,21.681390466666667,19.693007533333333,0.0307983313333333,False,30.0,62,86,0,11,84,0.0,21.0,5.0,16.0,49.8,17.8
2020-05-28 06:30:00,17514.7857143,1699.01428571,483.60714286,22,4135001,0.09700457164730451,0.25,True,424.7535714275,4378.696428575,21.9106464,20.365659666666662,0.0525764360666666,False,30.0,62,86,0,11,84,0.0,21.0,5.0,16.0,49.8,17.8
2020-05-28 06:45:00,28744.696428,2799.3250001,1035.28571427,22,4135001,0.09738579104885582,0.25,True,699.831250025,7186.174107,22.472273666666663,21.5067932,0.0920413659333333,False,30.0,62,86,0,11,84,0.0,21.0,5.0,16.0,49.8,17.8
2020-05-28 07:00:00,42800.232143,4195.2267858,1906.39285713,22,4135001,0.09801878578095823,0.25,True,1048.80669645,10700.05803575,23.251910266666663,23.56722206666667,0.1743799119999999,False,31.0,58,89,0,13,87,0.0,168.0,84.0,84.0,311.0,19.2
2020-05-28 07:15:00,58807.892858,5769.0892857,3148.4107142000003,22,4135001,0.0981005950958026,0.25,True,1442.272321425,14701.9732145,23.5200622,27.5222758,0.2293413006666666,False,31.0,58,89,0,13,87,0.0,168.0,84.0,84.0,311.0,19.2
2020-05-28 07:30:00,75355.642857,7406.2303571,4780.3571429,22,4135001,0.0982836862151726,0.25,True,1851.557589275,18838.91071425,24.100400866666668,31.043286133333336,0.2846431906666666,False,31.0,58,89,0,13,87,0.0,168.0,84.0,84.0,311.0,19.2
2020-05-28 07:45:00,93389.00000100001,9171.75,6848.642857,22,4135001,0.0982101746447846,0.25,True,2292.9375,23347.250000250002,24.590855285714284,33.98376064285714,0.3392979014285714,False,31.0,58,89,0,13,87,0.0,168.0,84.0,84.0,311.0,19.2
2020-05-28 08:00:00,110366.339286,10821.3892858,9312.0535714,22,4135001,0.09804972563018312,0.25,True,2705.34732145,27591.5848215,25.104416866666664,36.957327933333325,0.3905541093333334,False,32.5,51,88,0,9,86,0.0,345.0,207.0,138.0,421.0,18.4
2020-05-28 08:15:00,128930.464286,12634.3124999,12245.8928572,22,4135001,0.09799322890728086,0.25,True,3158.578124975,32232.6160715,25.93090606666667,39.14253953333334,0.4474868786666667,False,32.5,51,88,0,9,86,0.0,345.0,207.0,138.0,421.0,18.4
2020-05-28 08:30:00,147952.392857,14491.673214299999,15597.1488097,22,4135001,0.09794821789943332,0.25,True,3622.9183035749998,36988.09821425,26.5218384,40.79867733333334,0.5072556953333333,False,32.5,51,88,0,9,86,0.0,345.0,207.0,138.0,421.0,18.4
2020-05-28 08:45:00,166723.464287,16322.875,19476.5535714,22,4135001,0.09790388575360684,0.25,True,4080.71875,41680.86607175,27.136891666666664,43.47980553333333,0.5679321226666665,False,32.5,51,88,0,9,86,0.0,345.0,207.0,138.0,421.0,18.4
2020-05-28 09:00:00,181022.767858,17716.7285715,23726.428571,22,4135001,0.09787016727861306,0.25,True,4429.182142875,45255.6919645,27.544490533333327,44.7877972,0.6186352253333331,False,34.7,43,88,0,6,88,0.0,550.0,390.0,160.0,568.4,16.9
2020-05-28 09:15:00,194474.053572,19026.9375,28340.714286,22,4135001,0.09783792310862523,0.25,True,4756.734375,48618.513393,27.93476573333333,46.073250533333336,0.6627551926666667,False,34.7,43,88,0,6,88,0.0,550.0,390.0,160.0,568.4,16.9
2020-05-28 09:30:00,208171.35714500002,20360.317857000002,33281.517857,22,4135001,0.09780556814460403,0.25,True,5090.0794642500005,52042.839286250004,28.210111600000005,48.59591266666667,0.7142683660000001,False,34.7,43,88,0,6,88,0.0,550.0,390.0,160.0,568.4,16.9
2020-05-28 09:45:00,212358.333334,20765.9303571,38392.142858,22,4135001,0.09778721668736715,0.25,True,5191.482589275,53089.5833335,28.672439642857142,49.257720857142864,0.7337398671428571,False,34.7,43,88,0,6,88,0.0,550.0,390.0,160.0,568.4,16.9
2020-05-28 10:00:00,225418.446426,22032.6821431,43689.410713,22,4135001,0.09774125628326895,0.25,True,5508.170535775,56354.6116065,28.899194400000003,50.217022533333335,0.8090980026666666,False,37.1,35,84,0,0,84,0.0,735.0,521.0,214.0,620.1,15.7
2020-05-28 10:15:00,233272.07142,22781.192856,49351.214287,22,4135001,0.0976593242273872,0.25,True,5695.298214,58318.017855,29.420182333333333,51.9404828,0.8295752813333332,False,37.1,35,84,0,0,84,0.0,735.0,521.0,214.0,620.1,15.7
2020-05-28 10:30:00,216263.535715,21123.5321433,54813.964285,22,4135001,0.09767495973587227,0.25,True,5280.883035825,54065.88392875,29.4800944,54.2505046,0.8182360253333333,False,37.1,35,84,0,0,84,0.0,735.0,521.0,214.0,620.1,15.7
2020-05-28 10:45:00,207863.160718,20299.1089286,60099.0,22,4135001,0.09765611596823078,0.25,True,5074.77723215,51965.7901795,29.966066466666664,55.059627,0.7252745073333334,False,37.1,35,84,0,0,84,0.0,735.0,521.0,214.0,620.1,15.7
2020-05-28 11:00:00,242176.553585,23627.2982132,65195.553572,22,4135001,0.09756228612324028,0.25,True,5906.8245533,60544.13839625,29.914223333333336,51.16156006666666,0.807332034,False,39.3,29,79,0,0,79,0.0,888.0,710.0,178.0,752.6,14.8
2020-05-28 11:15:00,274505.26785,26766.376785,71692.285714,22,4135001,0.09750769810226795,0.25,True,6691.59419625,68626.3169625,30.556133933333328,57.9774638,0.9597508193333332,False,39.3,29,79,0,0,79,0.0,888.0,710.0,178.0,752.6,14.8
2020-05-28 11:30:00,283830.53572,27674.167856,78510.357142,22,4135001,0.0975024332241006,0.25,True,6918.541964,70957.63393,31.31245933333333,59.503814466666654,1.009763066,False,39.3,29,79,0,0,79,0.0,888.0,710.0,178.0,752.6,14.8
2020-05-28 11:45:00,276006.14285,26917.846428,85369.458333,22,4135001,0.09752625847399686,0.25,True,6729.461607,69001.5357125,31.614807133333333,59.99013253333333,0.962788822,False,39.3,29,79,0,0,79,0.0,888.0,710.0,178.0,752.6,14.8
2020-05-28 12:00:00,265214.03572,25870.578572,92009.392857,22,4135001,0.09754603862411299,0.25,True,6467.644643,66303.50893,31.7778442,59.602299333333335,0.9274572886666668,False,40.9,25,21,0,20,2,0.0,945.0,775.0,170.0,783.9,12.9
2020-05-28 12:15:00,284571.65237,27749.459999,98953.97619,22,4135001,0.09751308595882262,0.25,True,6937.36499975,71142.9130925,32.29975366666667,60.04074324999999,1.0637222583333332,False,40.9,25,21,0,20,2,0.0,945.0,775.0,170.0,783.9,12.9
2020-05-28 12:30:00,242437.874991,23658.0571445,105011.892856,22,4135001,0.09758399814953936,0.25,True,5914.514286125,60609.46874775,32.15694978571428,58.43889107142857,0.8011804564285713,False,40.9,25,21,0,20,2,0.0,945.0,775.0,170.0,783.9,12.9
2020-05-28 12:45:00,265731.67857,25921.603572,111275.178572,22,4135001,0.09754803684488689,0.25,True,6480.400893,66432.9196425,32.250663066666675,58.209017133333326,0.90865983,False,40.9,25,21,0,20,2,0.0,945.0,775.0,170.0,783.9,12.9
2020-05-28 13:00:00,282757.28571,27568.916071,117991.910715,22,4135001,0.09750028545427147,0.25,True,6892.22901775,70689.3214275,32.9157552,60.926743466666665,1.0082438753333332,False,41.6,22,21,0,21,0,0.0,842.0,652.0,190.0,670.1,10.5
2020-05-28 13:15:00,227630.35716,22218.7803559,124748.51785599999,22,4135001,0.09760903876402809,0.25,True,5554.695088975,56907.58929,33.30490126666667,61.48070286666666,0.87740903,False,41.6,22,21,0,21,0,0.0,842.0,652.0,190.0,670.1,10.5
2020-05-28 13:30:00,159009.964286,15553.269642700001,128635.464285,22,4135001,0.09781317612728617,0.25,True,3888.3174106750002,39752.4910715,32.802505857142854,49.77019207142857,0.5136740935714285,False,41.6,22,21,0,21,0,0.0,842.0,652.0,190.0,670.1,10.5
2020-05-28 13:45:00,218978.124997,21378.8250004,133292.357141,22,4135001,0.09762995733337697,0.25,True,5344.7062501,54744.53124925,32.92808646666667,49.820072333333336,0.7417442313333333,False,41.6,22,21,0,21,0,0.0,842.0,652.0,190.0,670.1,10.5
2020-05-28 14:00:00,207014.458337,20218.8736909,139490.732142,22,4135001,0.09766889643034296,0.25,True,5054.718422725,51753.61458425,33.757623499999994,56.5494842,0.718638987,False,42.1,21,31,0,31,0,0.0,749.0,576.0,173.0,641.9,8.5
2020-05-28 14:15:00,105308.642857,10330.6857143,142729.696429,22,4135001,0.09809912495338274,0.25,True,2582.671428575,26327.16071425,32.78992792857142,46.81591135714286,0.4033134171428571,False,42.1,21,31,0,31,0,0.0,749.0,576.0,173.0,641.9,8.5
2020-05-28 14:30:00,179159.12499799998,17519.4607142,146175.589288,22,4135001,0.0977871527023565,0.25,True,4379.86517855,44789.781249499996,32.84624806666667,48.51458733333333,0.5518274599999999,False,42.1,21,31,0,31,0,0.0,749.0,576.0,173.0,641.9,8.5
2020-05-28 14:45:00,177523.452382,17363.8178572,150120.208333,22,4135001,0.09781140251731948,0.25,True,4340.9544643,44380.8630955,32.96533184615384,46.83451484615385,0.5377807876923076,False,42.1,21,31,0,31,0,0.0,749.0,576.0,173.0,641.9,8.5
2020-05-28 15:00:00,220541.982138,21563.5517857,155512.660713,22,4135001,0.09777526970899815,0.25,True,5390.887946425,55135.4955345,33.397930933333335,51.453865333333326,0.7397700273333334,False,42.2,20,30,0,30,1,0.0,549.0,385.0,164.0,501.9,7.0
2020-05-28 15:15:00,188854.428571,18478.4946428,160512.035714,22,4135001,0.09784517515750495,0.25,True,4619.6236607,47213.60714275,33.418438800000004,50.9835652,0.642219944,False,42.2,20,30,0,30,1,0.0,549.0,385.0,164.0,501.9,7.0
2020-05-28 15:30:00,176704.136904,17295.1238095,165024.642857,22,4135001,0.09787616811085816,0.25,True,4323.780952375,44176.034226,33.45063293333333,49.20921033333333,0.5725103686666667,False,42.2,20,30,0,30,1,0.0,549.0,385.0,164.0,501.9,7.0
2020-05-28 15:45:00,135039.910715,13227.294643,168731.732144,22,4135001,0.09795100258112607,0.25,True,3306.82366075,33759.97767875,33.09783492857143,47.05743857142858,0.4793892407142857,False,42.2,20,30,0,30,1,0.0,549.0,385.0,164.0,501.9,7.0
2020-05-28 16:00:00,64711.886905,6349.7130954,171278.392858,22,4135001,0.09812282409137085,0.25,True,1587.42827385,16177.97172625,32.85396113333333,42.799833,0.206959974,False,41.6,20,82,0,45,71,0.0,389.0,254.0,135.0,429.9,4.4
2020-05-28 16:15:00,97503.321428,9557.4285714,173432.25,22,4135001,0.09802156922887548,0.25,True,2389.35714285,24375.830357,32.72757773333334,40.30443513333333,0.3152401926666667,False,41.6,20,82,0,45,71,0.0,389.0,254.0,135.0,429.9,4.4
2020-05-28 16:30:00,95317.87499899999,9345.7267857,175806.005952,22,4135001,0.0980479976688323,0.25,True,2336.431696425,23829.468749749998,32.866440600000004,40.0736208,0.3207225406666667,False,41.6,20,82,0,45,71,0.0,389.0,254.0,135.0,429.9,4.4
2020-05-28 16:45:00,81726.809524,8025.2619046,177755.982142,22,4135001,0.09819619720066634,0.25,True,2006.31547615,20431.702381,32.67632835714286,38.693878142857145,0.2912888885714286,False,41.6,20,82,0,45,71,0.0,389.0,254.0,135.0,429.9,4.4
2020-05-28 17:00:00,71692.446429,7041.7809525,179727.375,22,4135001,0.09822207642856444,0.25,True,1760.445238125,17923.11160725,32.671417266666666,38.58448679999999,0.2348828546666666,False,40.9,19,78,0,30,87,0.0,191.0,103.0,88.0,270.4,12.9
2020-05-28 17:15:00,57515.214285,5646.6666666,181400.869048,22,4135001,0.09817692130328468,0.25,True,1411.66666665,14378.80357125,32.512230571428574,37.494888142857135,0.1959377942857142,False,40.9,19,78,0,30,87,0.0,191.0,103.0,88.0,270.4,12.9
2020-05-28 17:30:00,24810.803573,2414.0610714,182366.732143,22,4135001,0.0972987861637447,0.25,True,603.51526785,6202.70089325,31.958078800000003,34.10791773333333,0.0836154068666666,False,40.9,19,78,0,30,87,0.0,191.0,103.0,88.0,270.4,12.9
2020-05-28 17:45:00,15151.0892857,1467.33392857,182824.428571,22,4135001,0.09684676137146843,0.25,True,366.8334821425,3787.772321425,31.476942933333337,31.634830733333327,0.0517987240666666,False,40.9,19,78,0,30,87,0.0,191.0,103.0,88.0,270.4,12.9
2020-05-28 18:00:00,10506.0892858,1016.02857142,183136.785713,22,4135001,0.09670854147349207,0.25,True,254.007142855,2626.52232145,31.005800533333336,30.528898000000005,0.0359229087333333,False,39.8,20,89,0,46,81,0.0,68.0,25.0,43.0,158.4,9.1
2020-05-28 18:15:00,5899.3214285,569.88988096,183346.196428,22,4135001,0.09660261571895802,0.25,True,142.47247024,1474.830357125,30.42119707142857,29.995760357142856,0.0206756249642857,False,39.8,20,89,0,46,81,0.0,68.0,25.0,43.0,158.4,9.1
2020-05-28 18:30:00,1316.49285715,126.855000001,183425.285716,22,4135001,0.09635828961170448,0.25,True,31.71375000025,329.1232142875,29.723270928571427,29.320794285714285,0.0073991020928571,False,39.8,20,89,0,46,81,0.0,68.0,25.0,43.0,158.4,9.1
2020-05-28 18:45:00,0.0,0.0,183432.0,22,4135001,,0.25,True,0.0,0.0,28.56131,27.98389913333333,0.0012636806146,False,39.8,20,89,0,46,81,0.0,68.0,25.0,43.0,158.4,9.1
2020-05-28 19:00:00,0.0,0.0,183432.0,22,4135001,,0.25,True,0.0,0.0,28.059818466666663,27.340474333333336,0.0,False,38.8,21,82,0,29,76,0.0,1.0,0.0,1.0,0.0,7.2
2020-05-28 19:15:00,0.0,0.0,183432.0,22,4135001,,0.25,True,0.0,0.0,27.7923808,26.7919168,0.0,False,38.8,21,82,0,29,76,0.0,1.0,0.0,1.0,0.0,7.2
2020-05-28 19:30:00,0.0,0.0,183432.0,22,4135001,,0.25,True,0.0,0.0,27.6113422,26.0416464,0.0,False,38.8,21,82,0,29,76,0.0,1.0,0.0,1.0,0.0,7.2
2020-05-28 19:45:00,0.0,0.0,183432.0,22,4135001,,0.25,True,0.0,0.0,27.355645599999995,25.637278066666667,0.0,False,38.8,21,82,0,29,76,0.0,1.0,0.0,1.0,0.0,7.2
2020-05-28 20:00:00,0.0,0.0,183432.0,22,4135001,,0.25,True,0.0,0.0,27.13539564285714,25.529323071428568,0.0,False,38.1,22,79,0,42,66,0.0,0.0,0.0,0.0,0.0,7.4
2020-05-28 20:15:00,0.0,0.0,183432.0,22,4135001,,0.25,True,0.0,0.0,26.931520666666664,25.35537526666667,0.0,False,38.1,22,79,0,42,66,0.0,0.0,0.0,0.0,0.0,7.4
2020-05-28 20:30:00,0.0,0.0,183432.0,22,4135001,,0.25,True,0.0,0.0,26.724784466666662,25.210925266666667,0.0,False,38.1,22,79,0,42,66,0.0,0.0,0.0,0.0,0.0,7.4
2020-05-28 20:45:00,0.0,0.0,183432.0,22,4135001,,0.25,True,0.0,0.0,26.4515138,24.99562986666667,0.0,False,38.1,22,79,0,42,66,0.0,0.0,0.0,0.0,0.0,7.4
2020-05-28 21:00:00,0.0,0.0,183432.0,22,4135001,,0.25,True,0.0,0.0,26.2307618,24.619024666666665,0.0,False,37.5,22,68,0,44,45,0.0,0.0,0.0,0.0,0.0,10.8
2020-05-28 21:15:00,0.0,0.0,183432.0,22,4135001,,0.25,True,0.0,0.0,24.983808380952382,24.348965619047625,0.0,False,37.5,22,68,0,44,45,0.0,0.0,0.0,0.0,0.0,10.8
2020-05-28 21:30:00,0.0,0.0,183432.0,22,4135001,,0.25,True,0.0,0.0,22.000267692307688,20.651951615384615,0.0,False,37.5,22,68,0,44,45,0.0,0.0,0.0,0.0,0.0,10.8
2020-05-28 21:45:00,0.0,0.0,183432.0,22,4135001,,0.25,True,0.0,0.0,20.613987769230768,19.553316538461537,0.0,False,37.5,22,68,0,44,45,0.0,0.0,0.0,0.0,0.0,10.8
2020-05-28 22:00:00,0.0,0.0,183432.0,22,4135001,,0.25,True,0.0,0.0,20.845003333333327,19.865224266666665,0.0,False,36.4,25,66,0,42,43,0.0,0.0,0.0,0.0,0.0,13.7
2020-05-28 22:15:00,0.0,0.0,183432.0,22,4135001,,8.0,False,,,21.100152466666668,20.133622066666664,0.0,False,36.4,25,66,0,42,43,0.0,0.0,0.0,0.0,0.0,13.7
2020-05-29 06:15:00,11155.333333300001,1080.37999997,46.899999995,22,4135001,0.09684874200441297,0.25,True,270.0949999925,2788.8333333250002,20.838399333333328,20.166653916666665,0.0409023354166666,False,29.2,68,60,0,0,60,0.0,22.0,5.0,17.0,49.7,20.2
2020-05-29 06:30:00,21612.4285724,2099.73571429,413.50000002,22,4135001,0.09715408461645318,0.25,True,524.9339285725,5403.1071431,21.0031935,20.9889395,0.0663231575714285,False,29.2,68,60,0,0,60,0.0,22.0,5.0,17.0,49.7,20.2
2020-05-29 06:45:00,33513.035715,3273.3517857,1054.94642857,22,4135001,0.09767398613295096,0.25,True,818.337946425,8378.25892875,21.185152066666664,21.922501733333327,0.0998780443333333,False,29.2,68,60,0,0,60,0.0,22.0,5.0,17.0,49.7,20.2
2020-05-29 07:00:00,43164.464286,4231.3892855,2030.30357142,22,4135001,0.09802946371495713,0.25,True,1057.847321375,10791.1160715,21.432889933333332,24.118766333333333,0.1301255426666666,False,30.3,63,51,0,0,51,0.0,172.0,92.0,80.0,340.6,20.5
2020-05-29 07:15:00,43546.928572,4268.8232142,3078.1250004,22,4135001,0.09802811252559353,0.25,True,1067.20580355,10886.732143,21.80819506666667,26.070054,0.1339008513333333,False,30.3,63,51,0,0,51,0.0,172.0,92.0,80.0,340.6,20.5
2020-05-29 07:30:00,48868.946429,4791.3482143,4198.482143,22,4135001,0.09804484369764721,0.25,True,1197.837053575,12217.23660725,22.1382732,26.9603476,0.1528612619999999,False,30.3,63,51,0,0,51,0.0,172.0,92.0,80.0,340.6,20.5
2020-05-29 07:45:00,59633.767857,5848.9375001,5510.7857142,22,4135001,0.09808096503520586,0.25,True,1462.234375025,14908.44196425,22.34573353333333,28.182126799999995,0.188819984,False,30.3,63,51,0,0,51,0.0,172.0,92.0,80.0,340.6,20.5
2020-05-29 08:00:00,73497.732143,7222.8142858,7128.5535714,22,4135001,0.09827261434063049,0.25,True,1805.70357145,18374.43303575,22.677024466666666,29.930456466666666,0.2336446046666666,False,32.0,55,54,0,0,54,0.0,389.0,273.0,116.0,555.5,20.4
2020-05-29 08:15:00,93882.303571,9220.0428572,9185.3392857,22,4135001,0.0982085281943172,0.25,True,2305.0107143,23470.57589275,23.168194600000003,32.699511466666664,0.299662534,False,32.0,55,54,0,0,54,0.0,389.0,273.0,116.0,555.5,20.4
2020-05-29 08:30:00,110597.321428,10845.2000001,11647.9821429,22,4135001,0.09806024106253186,0.25,True,2711.300000025,27649.330357,23.66407273333333,35.258107466666665,0.359172322,False,32.0,55,54,0,0,54,0.0,389.0,273.0,116.0,555.5,20.4
2020-05-29 08:45:00,122060.678572,11963.2607144,14512.6607142,22,4135001,0.09801076689364153,0.25,True,2990.8151786,30515.169643,24.082292928571427,37.545538642857146,0.3933412785714285,False,32.0,55,54,0,0,54,0.0,389.0,273.0,116.0,555.5,20.4
2020-05-29 09:00:00,151235.571428,14808.5589285,17687.1964285,22,4135001,0.09791716848539192,0.25,True,3702.139732125,37808.892857,24.37939666666667,40.127750600000006,0.4835685933333334,False,34.2,47,20,0,0,20,0.0,599.0,460.0,139.0,670.8,19.3
2020-05-29 09:15:00,199633.089286,19528.4303573,22226.7857143,22,4135001,0.09782161077176449,0.25,True,4882.107589325,49908.2723215,25.400056866666667,47.31288253333333,0.6839935373333333,False,34.2,47,20,0,0,20,0.0,599.0,460.0,139.0,670.8,19.3
2020-05-29 09:30:00,142957.214285,14002.4964287,26458.910714,22,4135001,0.09794886182368226,0.25,True,3500.624107175,35739.30357125,25.6231832,47.156502466666666,0.4851745126666666,False,34.2,47,20,0,0,20,0.0,599.0,460.0,139.0,670.8,19.3
2020-05-29 09:45:00,185831.964287,18176.394642799998,30369.446427,22,4135001,0.09781091596668624,0.25,True,4544.0986606999995,46457.99107175,26.1870668,47.0743288,0.6188715400000001,False,34.2,47,20,0,0,20,0.0,599.0,460.0,139.0,670.8,19.3
2020-05-29 10:00:00,192094.946429,18782.1184526,34630.339285,22,4135001,0.09777518254256645,0.25,True,4695.52961315,48023.73660725,26.661143,47.86209886666667,0.6259291153333334,False,36.4,40,0,0,0,0,0.0,772.0,617.0,155.0,734.7,17.5
2020-05-29 10:15:00,261290.32145,25492.103572,40552.321428,22,4135001,0.09756237211747669,0.25,True,6373.025893,65322.5803625,27.280598866666665,56.17617786666667,0.922471946,False,36.4,40,0,0,0,0,0.0,772.0,617.0,155.0,734.7,17.5
2020-05-29 10:30:00,265695.98215,25920.391072,46961.946429,22,4135001,0.0975565789977453,0.25,True,6480.097768,66423.9955375,27.962141933333328,59.34772946666667,0.9426408173333332,False,36.4,40,0,0,0,0,0.0,772.0,617.0,155.0,734.7,17.5
2020-05-29 10:45:00,251875.01785,24585.980359,53138.928570000004,22,4135001,0.09761182577321652,0.25,True,6146.49508975,62968.7544625,28.6902568,57.816648333333326,0.880648258,False,36.4,40,0,0,0,0,0.0,772.0,617.0,155.0,734.7,17.5
2020-05-29 11:00:00,256672.60714,25039.755357,59296.517859,22,4135001,0.09755523051722564,0.25,True,6259.93883925,64168.151785,28.989419142857145,58.54648692857143,0.89846418,False,38.4,33,75,0,20,69,0.0,891.0,727.0,164.0,771.0,15.5
2020-05-29 11:15:00,241112.16073,23529.7910723,65602.071428,22,4135001,0.09758857040250621,0.25,True,5882.447768075,60278.0401825,29.171191466666667,57.72865393333333,0.844823108,False,38.4,33,75,0,20,69,0.0,891.0,727.0,164.0,771.0,15.5
2020-05-29 11:30:00,204165.571429,19947.0482142,70767.714286,22,4135001,0.09770035209455834,0.25,True,4986.76205355,51041.39285725,29.170436533333337,54.0487796,0.7256673206666666,False,38.4,33,75,0,20,69,0.0,891.0,727.0,164.0,771.0,15.5
2020-05-29 11:45:00,277691.32143,27085.746429,76722.5,22,4135001,0.09753904547509502,0.25,True,6771.43660725,69422.8303575,29.452115866666663,57.48017959999999,1.0518955426666667,False,38.4,33,75,0,20,69,0.0,891.0,727.0,164.0,771.0,15.5
2020-05-29 12:00:00,261260.41071,25494.689286,83157.821429,22,4135001,0.0975834387487785,0.25,True,6373.6723215,65315.1026775,30.0820658,61.4289776,0.875959719333333,False,39.7,28,43,0,21,28,0.0,885.0,704.0,181.0,712.3,13.0
2020-05-29 12:15:00,224220.57143,21911.807142999998,89075.089286,22,4135001,0.09772433904371125,0.25,True,5477.9517857499995,56055.1428575,29.980607066666668,58.23431193333333,0.7119324986666667,False,39.7,28,43,0,21,28,0.0,885.0,704.0,181.0,712.3,13.0
2020-05-29 12:30:00,262618.35717,25621.682142,94944.07143,22,4135001,0.09756241878177005,0.25,True,6405.4205355,65654.5892925,30.22876786666666,58.4341208,0.907262212,False,39.7,28,43,0,21,28,0.0,885.0,704.0,181.0,712.3,13.0
2020-05-29 12:45:00,273016.26786,26621.633929,101590.696428,22,4135001,0.09750933209097747,0.25,True,6655.40848225,68254.066965,30.414278266666667,62.09320066666666,0.964028712,False,39.7,28,43,0,21,28,0.0,885.0,704.0,181.0,712.3,13.0
2020-05-29 13:00:00,275776.57141,26889.571428,108238.142856,22,4135001,0.09750491599238496,0.25,True,6722.392857,68944.1428525,31.0336488,63.14266973333333,0.9750077606666668,False,40.2,26,32,0,23,14,0.0,712.0,477.0,235.0,490.3,9.4
2020-05-29 13:15:00,255066.875,24891.785714,114881.517857,22,4135001,0.09758925267736158,0.25,True,6222.9464285,63766.71875,31.226418066666668,63.19209206666668,0.906359092,False,40.2,26,32,0,23,14,0.0,712.0,477.0,235.0,490.3,9.4
2020-05-29 13:30:00,241203.96426,23555.8982153,120840.49999899999,22,4135001,0.09765966445687636,0.25,True,5888.974553825,60300.991065,31.451491266666668,58.442191666666666,0.870920262,False,40.2,26,32,0,23,14,0.0,712.0,477.0,235.0,490.3,9.4
2020-05-29 13:45:00,195300.696428,19095.6910714,126520.642858,22,4135001,0.09777584729934571,0.25,True,4773.92276785,48825.174107,31.4721985,58.874195642857146,0.631655037142857,False,40.2,26,32,0,23,14,0.0,712.0,477.0,235.0,490.3,9.4
2020-05-29 14:00:00,146673.107142,14366.05,130386.821428,22,4135001,0.09794603987008786,0.25,True,3591.5125,36668.2767855,31.294620733333332,50.15845953333333,0.4715989833333333,False,41.1,23,14,0,14,1,0.0,770.0,572.0,198.0,637.4,5.7
2020-05-29 14:15:00,204268.42857699998,19973.1464289,134628.553573,22,4135001,0.09777892045304996,0.25,True,4993.286607225,51067.107144249996,31.446600466666663,51.540208,0.7254104080000001,False,41.1,23,14,0,14,1,0.0,770.0,572.0,198.0,637.4,5.7
2020-05-29 14:30:00,179871.589287,17602.7785714,139419.571429,22,4135001,0.09786302907077397,0.25,True,4400.69464285,44967.89732175,31.9529074,53.654715866666656,0.611296238,False,41.1,23,14,0,14,1,0.0,770.0,572.0,198.0,637.4,5.7
2020-05-29 14:45:00,193773.696429,18957.2696428,144056.107143,22,4135001,0.09783200708949717,0.25,True,4739.3174107,48443.42410725,32.07957366666666,53.019840733333325,0.6525659726666667,False,41.1,23,14,0,14,1,0.0,770.0,572.0,198.0,637.4,5.7
2020-05-29 15:00:00,169502.499999,16593.078571500002,148556.0,22,4135001,0.09789282501200805,0.25,True,4148.2696428750005,42375.62499975,32.37420473333333,52.76566173333333,0.5593601680000001,False,41.3,21,18,0,18,1,0.0,627.0,464.0,163.0,604.7,4.1
2020-05-29 15:15:00,164529.375,16108.242857199999,152690.142859,22,4135001,0.09790496595030522,0.25,True,4027.0607142999997,41132.34375,32.275811866666665,51.221810066666656,0.5192661353333333,False,41.3,21,18,0,18,1,0.0,627.0,464.0,163.0,604.7,4.1
2020-05-29 15:30:00,153956.732145,15076.8053572,156574.767859,22,4135001,0.09792884758686823,0.25,True,3769.2013393,38489.18303625,32.34201053333333,48.925150733333325,0.5249432360000001,False,41.3,21,18,0,18,1,0.0,627.0,464.0,163.0,604.7,4.1
2020-05-29 15:45:00,160888.785715,15753.6482143,160389.857142,22,4135001,0.09791638456521244,0.25,True,3938.412053575,40222.19642875,32.46573564285715,48.318494571428566,0.5348639064285715,False,41.3,21,18,0,18,1,0.0,627.0,464.0,163.0,604.7,4.1
2020-05-29 16:00:00,148051.303572,14501.3964285,164253.517856,22,4135001,0.09794845488440912,0.25,True,3625.349107125,37012.825893,32.45574533333333,47.4088624,0.484228046,False,41.3,21,20,0,19,1,0.0,441.0,319.0,122.0,539.4,4.5
2020-05-29 16:15:00,140480.571429,13762.0982143,167757.196427,22,4135001,0.09796442365167538,0.25,True,3440.524553575,35120.14285725,31.814784666666668,46.41744406666666,0.457150144,False,41.3,21,20,0,19,1,0.0,441.0,319.0,122.0,539.4,4.5
2020-05-29 16:30:00,91834.392857,9019.2625,170646.910715,22,4135001,0.09821225163479169,0.25,True,2254.815625,22958.59821425,31.6578208,43.54560113333334,0.3026864813333333,False,41.3,21,20,0,19,1,0.0,441.0,319.0,122.0,539.4,4.5
2020-05-29 16:45:00,79403.392857,7803.8196427,172752.196428,22,4135001,0.09828068249872066,0.25,True,1950.954910675,19850.84821425,30.836218333333328,39.6094684,0.25664592,False,41.3,21,20,0,19,1,0.0,441.0,319.0,122.0,539.4,4.5
2020-05-29 17:00:00,70533.464286,6927.1874999,174540.910714,22,4135001,0.09821136066437273,0.25,True,1731.796874975,17633.3660715,30.0257304,36.7043906,0.2275632,False,40.9,19,42,0,24,0,0.0,230.0,138.0,92.0,361.6,6.5
2020-05-29 17:15:00,50867.499998,4987.6857142,176102.232143,22,4135001,0.09805250335471774,0.25,True,1246.92142855,12716.8749995,29.58132926666667,34.95715533333333,0.163290324,False,40.9,19,42,0,24,0,0.0,230.0,138.0,92.0,361.6,6.5
2020-05-29 17:30:00,27273.196429,2654.9375,177027.875,22,4135001,0.09734603374824687,0.25,True,663.734375,6818.29910725,29.13962606666667,32.1050026,0.0869776312666666,False,40.9,19,42,0,24,0,0.0,230.0,138.0,92.0,361.6,6.5
2020-05-29 17:45:00,20308.3928572,1972.14642857,177594.571429,22,4135001,0.09710992112656558,0.25,True,493.0366071425,5077.0982143,28.608535642857145,30.09376085714285,0.0651276525,False,40.9,19,42,0,24,0,0.0,230.0,138.0,92.0,361.6,6.5
2020-05-29 18:00:00,9831.7678572,950.96607143,177971.946429,22,4135001,0.09672381256780677,0.25,True,237.7415178575,2457.9419643,28.177933666666664,28.66382253333333,0.0333130082666666,False,39.3,20,62,0,46,31,0.0,64.0,27.0,37.0,170.6,4.0
2020-05-29 18:15:00,2790.4702382,269.46309523,178095.75595299999,22,4135001,0.09656547901539989,0.25,True,67.3657738075,697.61755955,27.792637066666668,27.22354733333333,0.0104024432133333,False,39.3,20,62,0,46,31,0.0,64.0,27.0,37.0,170.6,4.0
2020-05-29 18:30:00,39.125,3.7875,80126.0,10,4135001,0.09680511182108627,0.25,True,0.946875,9.78125,27.432686333333336,26.253356733333334,0.003065661366,False,39.3,20,62,0,46,31,0.0,64.0,27.0,37.0,170.6,4.0
2020-05-29 18:45:00,0.0,0.0,80126.0,10,4135001,,0.25,True,0.0,0.0,27.0520792,25.381172666666668,0.0,False,39.3,20,62,0,46,31,0.0,64.0,27.0,37.0,170.6,4.0
2020-05-29 19:00:00,0.0,0.0,80126.0,10,4135001,,0.25,True,0.0,0.0,26.57452986666667,24.8557904,0.0,False,38.1,21,62,0,43,36,0.0,1.0,0.0,1.0,0.0,5.2
2020-05-29 19:15:00,0.0,0.0,80126.0,10,4135001,,0.25,True,0.0,0.0,26.251810733333336,24.422851666666663,0.0,False,38.1,21,62,0,43,36,0.0,1.0,0.0,1.0,0.0,5.2
2020-05-29 19:30:00,0.0,0.0,80126.0,10,4135001,,0.25,True,0.0,0.0,25.991561066666662,23.6388794,0.0,False,38.1,21,62,0,43,36,0.0,1.0,0.0,1.0,0.0,5.2
2020-05-29 19:45:00,0.0,0.0,80126.0,10,4135001,,0.25,True,0.0,0.0,25.52207653333333,22.866922933333328,0.0,False,38.1,21,62,0,43,36,0.0,1.0,0.0,1.0,0.0,5.2
2020-05-29 20:00:00,0.0,0.0,80126.0,22,4135001,,0.25,True,0.0,0.0,25.53364046666667,23.554854333333328,0.0,False,37.7,23,70,0,62,36,0.0,0.0,0.0,0.0,0.0,6.4
2020-05-29 20:15:00,0.0,0.0,80126.0,22,4135001,,0.25,True,0.0,0.0,25.580924,24.16174314285714,0.0,False,37.7,23,70,0,62,36,0.0,0.0,0.0,0.0,0.0,6.4
2020-05-29 20:30:00,0.0,0.0,80126.0,22,4135001,,0.25,True,0.0,0.0,25.6105834,24.433229466666667,0.0,False,37.7,23,70,0,62,36,0.0,0.0,0.0,0.0,0.0,6.4
2020-05-29 20:45:00,0.0,0.0,80126.0,22,4135001,,0.25,True,0.0,0.0,25.57697573333333,24.296307333333328,0.0,False,37.7,23,70,0,62,36,0.0,0.0,0.0,0.0,0.0,6.4
2020-05-29 21:00:00,0.0,0.0,80126.0,22,4135001,,0.25,True,0.0,0.0,25.569374466666662,24.1769226,0.0,False,37.0,26,49,0,47,24,0.0,0.0,0.0,0.0,0.0,14.5
2020-05-29 21:15:00,0.0,0.0,80126.0,22,4135001,,0.25,True,0.0,0.0,25.5727214,24.305244933333327,0.0,False,37.0,26,49,0,47,24,0.0,0.0,0.0,0.0,0.0,14.5
2020-05-29 21:30:00,0.0,0.0,80126.0,22,4135001,,0.25,True,0.0,0.0,25.53245233333333,24.24543453333333,0.0,False,37.0,26,49,0,47,24,0.0,0.0,0.0,0.0,0.0,14.5
2020-05-29 21:45:00,0.0,0.0,80126.0,22,4135001,,0.25,True,0.0,0.0,25.4170736,24.084344533333333,0.0,False,37.0,26,49,0,47,24,0.0,0.0,0.0,0.0,0.0,14.5
2020-05-29 22:00:00,0.0,0.0,80126.0,22,4135001,,0.25,True,0.0,0.0,25.315657466666668,24.1501708,0.0,False,35.5,33,49,0,44,26,0.0,0.0,0.0,0.0,0.0,22.9
2020-05-29 22:15:00,0.0,0.0,80126.0,22,4135001,,0.25,True,0.0,0.0,24.6701782,23.417525333333334,0.0,False,35.5,33,49,0,44,26,0.0,0.0,0.0,0.0,0.0,22.9
2020-05-29 22:30:00,0.0,0.0,80126.0,22,4135001,,0.25,True,0.0,0.0,22.479893,21.288265066666668,0.0,False,35.5,33,49,0,44,26,0.0,0.0,0.0,0.0,0.0,22.9
2020-05-29 22:45:00,0.0,0.0,80126.0,22,4135001,,0.25,True,0.0,0.0,21.80762807142857,20.890234857142858,0.0,False,35.5,33,49,0,44,26,0.0,0.0,0.0,0.0,0.0,22.9
2020-05-29 23:00:00,0.0,0.0,80126.0,22,4135001,,0.25,True,0.0,0.0,21.58188473333333,20.800057066666668,0.0,False,32.5,49,41,0,34,17,0.0,0.0,0.0,0.0,0.0,16.4
2020-05-29 23:15:00,0.0,0.0,80126.0,22,4135001,,0.25,True,0.0,0.0,21.44609786666667,20.709676,0.0,False,32.5,49,41,0,34,17,0.0,0.0,0.0,0.0,0.0,16.4
2020-05-29 23:30:00,0.0,0.0,80126.0,22,4135001,,0.25,True,0.0,0.0,21.5154318,20.651177866666668,0.0,False,32.5,49,41,0,34,17,0.0,0.0,0.0,0.0,0.0,16.4
2020-05-29 23:45:00,0.0,0.0,74863.785714,22,4135001,,0.25,True,0.0,0.0,21.5897746,20.9075114,0.0,False,32.5,49,41,0,34,17,0.0,0.0,0.0,0.0,0.0,16.4
2020-05-30 00:00:00,0.0,0.0,2089.357143,22,4135001,,0.25,True,0.0,0.0,21.52715873333333,20.8601236,0.0,False,31.5,53,23,0,22,0,0.0,0.0,0.0,0.0,0.0,14.8
2020-05-30 00:15:00,0.0,0.0,0.0,22,4135001,,0.25,True,0.0,0.0,21.492806,20.699059866666666,0.0,False,31.5,53,23,0,22,0,0.0,0.0,0.0,0.0,0.0,14.8
2020-05-30 00:30:00,0.0,0.0,0.0,22,4135001,,0.25,True,0.0,0.0,21.3664144,20.529703666666663,0.0,False,31.5,53,23,0,22,0,0.0,0.0,0.0,0.0,0.0,14.8
2020-05-30 00:45:00,0.0,0.0,0.0,22,4135001,,0.25,True,0.0,0.0,21.3732096,20.504990666666664,0.0,False,31.5,53,23,0,22,0,0.0,0.0,0.0,0.0,0.0,14.8
2020-05-30 01:00:00,0.0,0.0,0.0,22,4135001,,0.25,True,0.0,0.0,21.3210645,20.41563628571429,0.0,False,30.9,55,14,0,14,0,0.0,0.0,0.0,0.0,0.0,14.0
2020-05-30 01:15:00,0.0,0.0,0.0,22,4135001,,0.25,True,0.0,0.0,21.295438733333327,20.294574,0.0,False,30.9,55,14,0,14,0,0.0,0.0,0.0,0.0,0.0,14.0
2020-05-30 01:30:00,0.0,0.0,0.0,22,4135001,,0.25,True,0.0,0.0,21.305418000000003,20.40134893333333,0.0,False,30.9,55,14,0,14,0,0.0,0.0,0.0,0.0,0.0,14.0
2020-05-30 01:45:00,0.0,0.0,0.0,22,4135001,,0.25,True,0.0,0.0,21.262144,20.473541333333333,0.0,False,30.9,55,14,0,14,0,0.0,0.0,0.0,0.0,0.0,14.0
2020-05-30 02:00:00,0.0,0.0,0.0,22,4135001,,0.25,True,0.0,0.0,21.25114333333333,20.463403266666663,0.0,False,30.5,57,25,0,25,0,0.0,0.0,0.0,0.0,0.0,11.8
2020-05-30 02:15:00,0.0,0.0,0.0,22,4135001,,0.25,True,0.0,0.0,21.316385866666668,20.49529,0.0,False,30.5,57,25,0,25,0,0.0,0.0,0.0,0.0,0.0,11.8
2020-05-30 02:30:00,0.0,0.0,0.0,22,4135001,,0.25,True,0.0,0.0,21.313004600000003,20.61629026666667,0.0,False,30.5,57,25,0,25,0,0.0,0.0,0.0,0.0,0.0,11.8
2020-05-30 02:45:00,0.0,0.0,0.0,22,4135001,,0.25,True,0.0,0.0,21.401043666666663,20.689916933333333,0.0,False,30.5,57,25,0,25,0,0.0,0.0,0.0,0.0,0.0,11.8
2020-05-30 03:00:00,0.0,0.0,0.0,22,4135001,,0.25,True,0.0,0.0,21.4183166,20.60063273333333,0.0,False,30.3,59,58,0,58,0,0.0,0.0,0.0,0.0,0.0,13.0
2020-05-30 03:15:00,0.0,0.0,0.0,22,4135001,,0.25,True,0.0,0.0,21.398672857142856,20.531991142857144,0.0,False,30.3,59,58,0,58,0,0.0,0.0,0.0,0.0,0.0,13.0
2020-05-30 03:30:00,0.0,0.0,0.0,22,4135001,,0.25,True,0.0,0.0,21.374104733333333,20.533020066666666,0.0,False,30.3,59,58,0,58,0,0.0,0.0,0.0,0.0,0.0,13.0
2020-05-30 03:45:00,0.0,0.0,0.0,22,4135001,,0.25,True,0.0,0.0,21.3664836,20.48927813333333,0.0,False,30.3,59,58,0,58,0,0.0,0.0,0.0,0.0,0.0,13.0
2020-05-30 04:00:00,0.0,0.0,0.0,22,4135001,,0.25,True,0.0,0.0,21.413842733333336,20.515926,0.0,False,30.0,60,44,0,44,3,0.0,0.0,0.0,0.0,0.0,17.0
2020-05-30 04:15:00,0.0,0.0,0.0,22,4135001,,0.25,True,0.0,0.0,21.42423293333333,20.5375876,0.0,False,30.0,60,44,0,44,3,0.0,0.0,0.0,0.0,0.0,17.0
2020-05-30 04:30:00,0.0,0.0,0.0,22,4135001,,0.25,True,0.0,0.0,21.4370606,20.5680806,0.0,False,30.0,60,44,0,44,3,0.0,0.0,0.0,0.0,0.0,17.0
2020-05-30 04:45:00,0.0,0.0,0.0,22,4135001,,0.25,True,0.0,0.0,21.293420333333334,20.270672800000003,0.0,False,30.0,60,44,0,44,3,0.0,0.0,0.0,0.0,0.0,17.0
2020-05-30 05:00:00,0.0,0.0,0.0,22,4135001,,0.25,True,0.0,0.0,21.242486466666666,20.148506666666663,0.0,False,29.0,65,50,0,26,36,0.0,0.0,0.0,0.0,0.0,14.8
2020-05-30 05:15:00,0.0,0.0,0.0,22,4135001,,0.25,True,0.0,0.0,21.276218733333337,20.2370014,0.0,False,29.0,65,50,0,26,36,0.0,0.0,0.0,0.0,0.0,14.8
2020-05-30 05:30:00,0.0,0.0,0.0,22,4135001,,0.25,True,0.0,0.0,21.26208493333333,20.15769046666667,0.0,False,29.0,65,50,0,26,36,0.0,0.0,0.0,0.0,0.0,14.8
2020-05-30 05:45:00,0.0,0.0,0.0,22,4135001,,0.25,True,0.0,0.0,21.226811071428568,19.827433928571438,0.0010542331467857,False,29.0,65,50,0,26,36,0.0,0.0,0.0,0.0,0.0,14.8
2020-05-30 06:00:00,1637.2857143,157.8875,5.339285715,22,4135001,0.09643246662510746,0.25,True,39.471875,409.321428575,21.150111866666663,19.747505800000003,0.00783505386,False,29.1,67,16,0,12,8,0.0,20.0,5.0,15.0,49.7,15.3
2020-05-30 06:15:00,6909.9464287,667.58392856,95.821428571,22,4135001,0.09661202665584133,0.25,True,166.89598214,1727.486607175,21.185369800000004,20.100394533333336,0.0230068427666666,False,29.1,67,16,0,12,8,0.0,20.0,5.0,15.0,49.7,15.3
2020-05-30 06:30:00,15397.8392857,1492.36071428,355.23214288,22,4135001,0.09692013837720452,0.25,True,373.09017857,3849.459821425,21.350661199999998,20.921696,0.0503953045333333,False,29.1,67,16,0,12,8,0.0,20.0,5.0,15.0,49.7,15.3
2020-05-30 06:45:00,26429.821429,2570.3303571,860.94642857,22,4135001,0.09725114352379684,0.25,True,642.582589275,6607.45535725,21.591829466666663,21.91393233333333,0.0836293638666666,False,29.1,67,16,0,12,8,0.0,20.0,5.0,15.0,49.7,15.3
2020-05-30 07:00:00,37394.5,3660.3196427,1629.25,22,4135001,0.09788390385484495,0.25,True,915.079910675,9348.625,21.786851066666664,22.9464376,0.1167449068666666,False,30.4,62,18,0,7,16,0.0,157.0,78.0,79.0,288.8,15.8
2020-05-30 07:15:00,48355.303572000004,4740.9910716,2691.7499999,22,4135001,0.09804490348283652,0.25,True,1185.2477679,12088.825893000001,22.16442873333333,24.749108733333337,0.15050792,False,30.4,62,18,0,7,16,0.0,157.0,78.0,79.0,288.8,15.8
2020-05-30 07:30:00,44064.107143,4319.6035713,3816.5000001,22,4135001,0.09802998066616243,0.25,True,1079.900892825,11016.02678575,22.4847634,25.541505866666665,0.1371546752,False,30.4,62,18,0,7,16,0.0,157.0,78.0,79.0,288.8,15.8
2020-05-30 07:45:00,51602.964285,5059.8250001,4995.5357144,22,4135001,0.09805299114513842,0.25,True,1264.956250025,12900.74107125,22.754195266666667,27.122273733333333,0.163594894,False,30.4,62,18,0,7,16,0.0,157.0,78.0,79.0,288.8,15.8
2020-05-30 08:00:00,67760.339288,6654.3357143,6391.6250001,22,4135001,0.09820399047910977,0.25,True,1663.583928575,16940.084822,22.792192642857145,28.886864857142857,0.2194022685714285,False,32.4,53,31,0,5,30,0.0,370.0,244.0,126.0,496.7,14.8
2020-05-30 08:15:00,95267.696429,9354.3160715,8464.5714286,22,4135001,0.09818980013305428,0.25,True,2338.579017875,23816.92410725,23.30529986666667,32.51050999999999,0.319270414,False,32.4,53,31,0,5,30,0.0,370.0,244.0,126.0,496.7,14.8
2020-05-30 08:30:00,78590.660716,7725.2589284000005,10628.75,22,4135001,0.09829741674162108,0.25,True,1931.3147321000001,19647.665179,23.722454733333333,34.3021282,0.257492758,False,32.4,53,31,0,5,30,0.0,370.0,244.0,126.0,496.7,14.8
2020-05-30 08:45:00,75884.982143,7459.6321429,12540.8035715,22,4135001,0.09830182378962465,0.25,True,1864.908035725,18971.24553575,23.959779666666662,33.923728333333344,0.2414865233333333,False,32.4,53,31,0,5,30,0.0,370.0,244.0,126.0,496.7,14.8
2020-05-30 09:00:00,82920.392856,8148.5178571999995,14390.892857,22,4135001,0.09826916608259151,0.25,True,2037.1294642999999,20730.098214,24.185119466666663,33.2824116,0.2588894479999999,False,34.7,44,43,0,8,40,0.0,581.0,429.0,152.0,625.9,15.4
2020-05-30 09:15:00,119132.839285,11679.4892857,16812.0357141,22,4135001,0.09803752983473603,0.25,True,2919.872321425,29783.20982125,24.408231533333336,34.40989966666667,0.3711218493333333,False,34.7,44,43,0,8,40,0.0,581.0,429.0,152.0,625.9,15.4
2020-05-30 09:30:00,137766.160716,13496.5142857,20077.0535716,22,4135001,0.09796683173542578,0.25,True,3374.128571425,34441.540179,24.94327793333333,37.55877506666666,0.4308539586666666,False,34.7,44,43,0,8,40,0.0,581.0,429.0,152.0,625.9,15.4
2020-05-30 09:45:00,102428.392857,10051.3785715,23094.4285716,22,4135001,0.09813078474766954,0.25,True,2512.844642875,25607.09821425,24.95345873333333,35.66078086666666,0.31364225,False,34.7,44,43,0,8,40,0.0,581.0,429.0,152.0,625.9,15.4
2020-05-30 10:00:00,102686.178572,10074.8696428,25572.767857,22,4135001,0.09811320065568366,0.25,True,2518.7174107,25671.544643,24.9230428,32.240460133333336,0.304070602,False,36.7,36,27,0,6,25,0.0,747.0,570.0,177.0,679.1,13.8
2020-05-30 10:15:00,95839.785715,9409.9999999,27946.410714999998,22,4135001,0.0981846936499069,0.25,True,2352.499999975,23959.94642875,24.95966,30.926380785714283,0.2776844828571428,False,36.7,36,27,0,6,25,0.0,747.0,570.0,177.0,679.1,13.8
2020-05-30 10:30:00,115928.25,11363.7946429,30574.696427,22,4135001,0.09802437837973058,0.25,True,2840.948660725,28982.0625,24.808402466666667,30.401300066666664,0.3370152366666666,False,36.7,36,27,0,6,25,0.0,747.0,570.0,177.0,679.1,13.8
2020-05-30 10:45:00,117660.57143,11533.0624999,33431.714286,22,4135001,0.09801977297689213,0.25,True,2883.265624975,29415.1428575,24.85946453333333,32.48247873333333,0.348691926,False,36.7,36,27,0,6,25,0.0,747.0,570.0,177.0,679.1,13.8
2020-05-30 11:00:00,143787.696429,14084.3875,36548.642857,22,4135001,0.09795266110932266,0.25,True,3521.096875,35946.92410725,25.07773446666667,35.4601398,0.4262679866666666,False,38.4,32,12,0,4,11,0.0,884.0,710.0,174.0,753.3,11.2
2020-05-30 11:15:00,224149.749998,21900.1767863,40950.125,22,4135001,0.09770332907574246,0.25,True,5475.044196575,56037.4374995,25.542982933333327,41.660313,0.715572958,False,38.4,32,12,0,4,11,0.0,884.0,710.0,174.0,753.3,11.2
2020-05-30 11:30:00,173305.142857,16961.844643,45999.339287,22,4135001,0.09787271377743129,0.25,True,4240.46116075,43326.28571425,26.040903733333334,44.667008466666665,0.561617874,False,38.4,32,12,0,4,11,0.0,884.0,710.0,174.0,753.3,11.2
2020-05-30 11:45:00,193834.214286,18955.916071300002,50634.392858,22,4135001,0.09779447937571424,0.25,True,4738.9790178250005,48458.5535715,26.3615418,46.695184266666665,0.6239884299999999,False,38.4,32,12,0,4,11,0.0,884.0,710.0,174.0,753.3,11.2
2020-05-30 12:00:00,298937.78571,29150.212499,56379.5,22,4135001,0.0975126393933976,0.25,True,7287.55312475,74734.4464275,27.0928548,57.691178466666656,1.151102274,False,39.6,28,26,0,25,1,0.0,927.0,738.0,189.0,747.0,8.7
2020-05-30 12:15:00,218205.857148,21316.4857136,63097.642857,22,4135001,0.09768979619617593,0.25,True,5329.1214284,54551.464287,27.6734152,62.91643313333333,0.7998236226666667,False,39.6,28,26,0,25,1,0.0,927.0,738.0,189.0,747.0,8.7
2020-05-30 12:30:00,283435.66072,27642.699999,68734.660715,22,4135001,0.09752724808438142,0.25,True,6910.67499975,70858.91518,28.242209357142855,60.84071814285714,1.1225500642857145,False,39.6,28,26,0,25,1,0.0,927.0,738.0,189.0,747.0,8.7
2020-05-30 12:45:00,221611.035718,21654.7249995,75244.035715,22,4135001,0.09771501193223803,0.25,True,5413.681249875,55402.7589295,28.96689653333334,62.345989,0.771698892,False,39.6,28,26,0,25,1,0.0,927.0,738.0,189.0,747.0,8.7
2020-05-30 13:00:00,193812.857142,18959.4874999,80019.053572,22,4135001,0.09782368300782562,0.25,True,4739.871874975,48453.2142855,28.826908466666666,53.6317382,0.6454755853333334,False,40.0,27,25,0,25,0,0.0,829.0,640.0,189.0,658.0,6.8
2020-05-30 13:15:00,255671.99999,24953.001787,85638.571428,22,4135001,0.09759771030060381,0.25,True,6238.25044675,63917.9999975,28.9500306,56.0328042,0.9492787793333332,False,40.0,27,25,0,25,0,0.0,829.0,640.0,189.0,658.0,6.8
2020-05-30 13:30:00,232814.678588,22743.8249996,91520.339287,22,4135001,0.0976906831542549,0.25,True,5685.9562499,58203.669647,29.13891813333333,53.3879132,0.8056238186666665,False,40.0,27,25,0,25,0,0.0,829.0,640.0,189.0,658.0,6.8
2020-05-30 13:45:00,257948.46426,25164.673214,97627.214285,22,4135001,0.09755698017506002,0.25,True,6291.1683035,64487.116065,29.40827633333333,55.02622280000001,0.8897051446666668,False,40.0,27,25,0,25,0,0.0,829.0,640.0,189.0,658.0,6.8
2020-05-30 14:00:00,253705.89287,24754.357144,103825.160714,22,4135001,0.09757107674548277,0.25,True,6188.589286,63426.4732175,29.928074066666667,54.66195460000001,0.886393536,False,40.5,25,34,0,34,0,0.0,705.0,518.0,187.0,577.2,7.1
2020-05-30 14:15:00,249435.23214,24355.048212,109998.0,22,4135001,0.09764077032361769,0.25,True,6088.762053,62358.808035,30.114007466666664,54.58146206666667,0.8507950519999999,False,40.5,25,34,0,34,0,0.0,705.0,518.0,187.0,577.2,7.1
2020-05-30 14:30:00,232198.607136,22697.2321435,115860.642856,22,4135001,0.09774921746281667,0.25,True,5674.308035875,58049.651784,30.26233913333333,52.088154933333335,0.776912684,False,40.5,25,34,0,34,0,0.0,705.0,518.0,187.0,577.2,7.1
2020-05-30 14:45:00,221890.339282,21694.9089284,121420.785714,22,4135001,0.09777311170283977,0.25,True,5423.7272321,55472.5848205,30.078890214285718,52.50944735714285,0.7406104714285713,False,40.5,25,34,0,34,0,0.0,705.0,518.0,187.0,577.2,7.1
2020-05-30 15:00:00,209850.999999,20523.7964285,126711.767857,22,4135001,0.09780175662063943,0.25,True,5130.949107125,52462.74999975,30.49638266666667,51.013694,0.6983646913333333,False,40.3,25,27,0,27,0,0.0,562.0,398.0,164.0,518.5,7.9
2020-05-30 15:15:00,195171.500001,19094.855357200002,131677.089286,22,4135001,0.09783628940240847,0.25,True,4773.7138393000005,48792.87500025,30.8197694,47.81379373333333,0.6433630186666666,False,40.3,25,27,0,27,0,0.0,562.0,398.0,164.0,518.5,7.9
2020-05-30 15:30:00,180580.464286,17673.6517856,136299.928573,22,4135001,0.0978713387158469,0.25,True,4418.4129464,45145.1160715,30.739146,47.6748986,0.5930513439999998,False,40.3,25,27,0,27,0,0.0,562.0,398.0,164.0,518.5,7.9
2020-05-30 15:45:00,164980.57143,16152.8446429,140515.732142,22,4135001,0.09790755664677478,0.25,True,4038.211160725,41245.1428575,30.839324866666665,46.916251733333326,0.5397100973333333,False,40.3,25,27,0,27,0,0.0,562.0,398.0,164.0,518.5,7.9
2020-05-30 16:00:00,147957.589285,14492.1267857,144369.142858,22,4135001,0.09794784340386126,0.25,True,3623.031696425,36989.39732125,31.278884,44.566937,0.4816808006666666,False,39.9,26,35,0,35,0,0.0,395.0,263.0,132.0,444.3,7.9
2020-05-30 16:15:00,126189.392859,12366.7767858,147730.857141,22,4135001,0.09800171397621543,0.25,True,3091.69419645,31547.34821475,31.0069884,42.35145673333333,0.4227470493333333,False,39.9,26,35,0,35,0,0.0,395.0,263.0,132.0,444.3,7.9
2020-05-30 16:30:00,91882.357144,9015.0875,150363.517856,22,4135001,0.09811554448773405,0.25,True,2253.771875,22970.589286,30.61301473333333,39.94118873333333,0.3143966613333332,False,39.9,26,35,0,35,0,0.0,395.0,263.0,132.0,444.3,7.9
2020-05-30 16:45:00,91691.178572,9005.2,152644.053572,22,4135001,0.09821228323429954,0.25,True,2251.3,22922.794643,30.771809071428567,37.85851378571428,0.3052764092857143,False,39.9,26,35,0,35,0,0.0,395.0,263.0,132.0,444.3,7.9
2020-05-30 17:00:00,74672.267859,7339.6357142,154685.196428,22,4135001,0.09829131918236467,0.25,True,1834.90892855,18668.06696475,30.710561,36.66297186666667,0.2547879166666667,False,34.5,42,43,0,30,40,0.0,228.0,133.0,95.0,347.7,18.4
2020-05-30 17:15:00,57603.160715,5649.8517859,156331.839285,22,4135001,0.09808232249361215,0.25,True,1412.462946475,14400.79017875,30.203381266666668,34.472900466666665,0.2018936086666666,False,34.5,42,43,0,30,40,0.0,228.0,133.0,95.0,347.7,18.4
2020-05-30 17:30:00,39197.571429,3839.9339285,157511.875001,22,4135001,0.09796356734639576,0.25,True,959.983482125,9799.39285725,30.037693333333333,32.64035633333333,0.1410142690666667,False,34.5,42,43,0,30,40,0.0,228.0,133.0,95.0,347.7,18.4
2020-05-30 17:45:00,22575.250001,2193.93214287,158276.69643,22,4135001,0.09718307184960596,0.25,True,548.4830357175,5643.81250025,29.534391266666667,30.599279866666677,0.0770711165333333,False,34.5,42,43,0,30,40,0.0,228.0,133.0,95.0,347.7,18.4
2020-05-30 18:00:00,14558.0714286,1410.27321428,158719.196428,22,4135001,0.096872255449266,0.25,True,352.56830357,3639.51785715,28.9436726,28.7049784,0.0478600682,False,34.2,40,55,0,45,26,0.0,56.0,16.0,40.0,100.8,10.3
2020-05-30 18:15:00,6327.3571428,611.38214286,158979.964285,22,4135001,0.09662519896726575,0.25,True,152.845535715,1581.8392857,28.536002666666665,27.2036742,0.0194361867666666,False,34.2,40,55,0,45,26,0.0,56.0,16.0,40.0,100.8,10.3
2020-05-30 18:30:00,671.92857143,64.792857142,159053.678572,22,4135001,0.09642819177060395,0.25,True,16.1982142855,167.9821428575,28.10139566666667,25.642771466666677,0.0034388459133333,False,34.2,40,55,0,45,26,0.0,56.0,16.0,40.0,100.8,10.3
2020-05-30 18:45:00,0.0,0.0,159056.0,22,4135001,,0.25,True,0.0,0.0,27.70457366666667,24.644746866666665,0.0,False,34.2,40,55,0,45,26,0.0,56.0,16.0,40.0,100.8,10.3
2020-05-30 19:00:00,0.0,0.0,159056.0,22,4135001,,0.25,True,0.0,0.0,27.338289642857145,23.92244607142857,0.0,False,33.5,43,51,3,35,33,0.0,1.0,0.0,1.0,0.0,9.2
2020-05-30 19:15:00,0.0,0.0,159056.0,22,4135001,,0.25,True,0.0,0.0,26.9142048,23.59680393333333,0.0,False,33.5,43,51,3,35,33,0.0,1.0,0.0,1.0,0.0,9.2
2020-05-30 19:30:00,0.0,0.0,159056.0,22,4135001,,0.25,True,0.0,0.0,26.376255266666668,24.04932253333333,0.0,False,33.5,43,51,3,35,33,0.0,1.0,0.0,1.0,0.0,9.2
2020-05-30 19:45:00,0.0,0.0,159056.0,22,4135001,,0.25,True,0.0,0.0,25.91156826666667,23.50879526666667,0.0,False,33.5,43,51,3,35,33,0.0,1.0,0.0,1.0,0.0,9.2
2020-05-30 20:00:00,0.0,0.0,159056.0,22,4135001,,0.25,True,0.0,0.0,25.64443966666667,23.44923293333333,0.0,False,33.3,44,31,2,16,22,0.0,0.0,0.0,0.0,0.0,5.7
2020-05-30 20:15:00,0.0,0.0,159056.0,22,4135001,,0.25,True,0.0,0.0,25.47801713333333,23.189469400000004,0.0,False,33.3,44,31,2,16,22,0.0,0.0,0.0,0.0,0.0,5.7
2020-05-30 20:30:00,0.0,0.0,159056.0,22,4135001,,0.25,True,0.0,0.0,25.3493976,23.222784466666667,0.0,False,33.3,44,31,2,16,22,0.0,0.0,0.0,0.0,0.0,5.7
2020-05-30 20:45:00,0.0,0.0,159056.0,22,4135001,,0.25,True,0.0,0.0,24.481256200000004,23.4801616,0.0,False,33.3,44,31,2,16,22,0.0,0.0,0.0,0.0,0.0,5.7
2020-05-30 21:00:00,0.0,0.0,159056.0,22,4135001,,0.25,True,0.0,0.0,24.160494214285716,22.467919428571427,0.0,False,33.0,46,20,0,2,20,0.0,0.0,0.0,0.0,0.0,5.0
2020-05-30 21:15:00,0.0,0.0,159056.0,22,4135001,,0.25,True,0.0,0.0,23.783605866666665,21.47575886666667,0.0,False,33.0,46,20,0,2,20,0.0,0.0,0.0,0.0,0.0,5.0
2020-05-30 21:30:00,0.0,0.0,159056.0,22,4135001,,0.25,True,0.0,0.0,23.541682933333338,21.23525586666667,0.0,False,33.0,46,20,0,2,20,0.0,0.0,0.0,0.0,0.0,5.0
2020-05-30 21:45:00,0.0,0.0,159056.0,22,4135001,,0.25,True,0.0,0.0,23.33104853333333,21.1661254,0.0,False,33.0,46,20,0,2,20,0.0,0.0,0.0,0.0,0.0,5.0
2020-05-30 22:00:00,0.0,0.0,159056.0,22,4135001,,0.25,True,0.0,0.0,23.26649373333333,21.261847066666665,0.0,False,32.7,50,14,0,2,12,0.0,0.0,0.0,0.0,0.0,10.0
2020-05-30 22:15:00,0.0,0.0,159056.0,22,4135001,,0.25,True,0.0,0.0,23.247796666666662,21.252518866666662,0.0,False,32.7,50,14,0,2,12,0.0,0.0,0.0,0.0,0.0,10.0
2020-05-30 22:30:00,0.0,0.0,159056.0,22,4135001,,0.25,True,0.0,0.0,23.227238,21.093687066666668,0.0,False,32.7,50,14,0,2,12,0.0,0.0,0.0,0.0,0.0,10.0
2020-05-30 22:45:00,0.0,0.0,159056.0,22,4135001,,0.25,True,0.0,0.0,23.368218866666677,21.33069053333333,0.0,False,32.7,50,14,0,2,12,0.0,0.0,0.0,0.0,0.0,10.0
2020-05-30 23:00:00,0.0,0.0,159056.0,22,4135001,,0.25,True,0.0,0.0,23.299794533333337,21.227034600000003,0.0,False,32.0,53,11,0,8,4,0.0,0.0,0.0,0.0,0.0,8.1
2020-05-30 23:15:00,0.0,0.0,159056.0,22,4135001,,0.25,True,0.0,0.0,23.2678135,21.47387485714286,0.0,False,32.0,53,11,0,8,4,0.0,0.0,0.0,0.0,0.0,8.1
2020-05-30 23:30:00,0.0,0.0,159056.0,22,4135001,,0.25,True,0.0,0.0,23.308522466666663,21.4654338,0.0,False,32.0,53,11,0,8,4,0.0,0.0,0.0,0.0,0.0,8.1
2020-05-30 23:45:00,0.0,0.0,145198.142857,22,4135001,,0.25,True,0.0,0.0,23.170756,21.07266833333333,0.0,False,32.0,53,11,0,8,4,0.0,0.0,0.0,0.0,0.0,8.1
2020-05-31 00:00:00,0.0,0.0,6617.25,22,4135001,,0.25,True,0.0,0.0,23.113399266666665,21.02477813333333,0.0,False,31.4,55,11,0,11,1,0.0,0.0,0.0,0.0,0.0,8.8
2020-05-31 00:15:00,0.0,0.0,0.0,22,4135001,,0.25,True,0.0,0.0,23.277626466666668,21.416035866666668,0.0,False,31.4,55,11,0,11,1,0.0,0.0,0.0,0.0,0.0,8.8
2020-05-31 00:30:00,0.0,0.0,0.0,22,4135001,,0.25,True,0.0,0.0,23.664210999999995,22.226295933333336,0.0,False,31.4,55,11,0,11,1,0.0,0.0,0.0,0.0,0.0,8.8
2020-05-31 00:45:00,0.0,0.0,0.0,22,4135001,,0.25,True,0.0,0.0,23.67028613333333,22.42146,0.0,False,31.4,55,11,0,11,1,0.0,0.0,0.0,0.0,0.0,8.8
2020-05-31 01:00:00,0.0,0.0,0.0,22,4135001,,0.25,True,0.0,0.0,23.73268626666667,22.616561,0.0,False,31.0,56,15,0,15,0,0.0,0.0,0.0,0.0,0.0,9.6
2020-05-31 01:15:00,0.0,0.0,0.0,22,4135001,,0.25,True,0.0,0.0,23.739192666666668,22.341609866666666,0.0,False,31.0,56,15,0,15,0,0.0,0.0,0.0,0.0,0.0,9.6
2020-05-31 01:30:00,0.0,0.0,0.0,22,4135001,,0.25,True,0.0,0.0,23.571071142857143,22.014380428571428,0.0,False,31.0,56,15,0,15,0,0.0,0.0,0.0,0.0,0.0,9.6
2020-05-31 01:45:00,0.0,0.0,0.0,22,4135001,,0.25,True,0.0,0.0,23.530092266666664,21.836610933333333,0.0,False,31.0,56,15,0,15,0,0.0,0.0,0.0,0.0,0.0,9.6
2020-05-31 02:00:00,0.0,0.0,0.0,22,4135001,,0.25,True,0.0,0.0,23.439050266666666,21.8317772,0.0,False,30.8,56,28,0,28,0,0.0,0.0,0.0,0.0,0.0,8.2
2020-05-31 02:15:00,0.0,0.0,0.0,22,4135001,,0.25,True,0.0,0.0,23.383164466666667,21.6668702,0.0,False,30.8,56,28,0,28,0,0.0,0.0,0.0,0.0,0.0,8.2
2020-05-31 02:30:00,0.0,0.0,0.0,22,4135001,,0.25,True,0.0,0.0,23.1820678,21.1325806,0.0,False,30.8,56,28,0,28,0,0.0,0.0,0.0,0.0,0.0,8.2
2020-05-31 02:45:00,0.0,0.0,0.0,22,4135001,,0.25,True,0.0,0.0,23.021513,21.1587972,0.0,False,30.8,56,28,0,28,0,0.0,0.0,0.0,0.0,0.0,8.2
2020-05-31 03:00:00,0.0,0.0,0.0,22,4135001,,0.25,True,0.0,0.0,22.88455606666667,20.9923156,0.0,False,30.4,57,35,0,35,0,0.0,0.0,0.0,0.0,0.0,6.5
2020-05-31 03:15:00,0.0,0.0,0.0,22,4135001,,0.25,True,0.0,0.0,22.887363666666666,21.125909466666663,0.0,False,30.4,57,35,0,35,0,0.0,0.0,0.0,0.0,0.0,6.5
2020-05-31 03:30:00,0.0,0.0,0.0,22,4135001,,0.25,True,0.0,0.0,22.852510785714287,21.19331814285714,0.0,False,30.4,57,35,0,35,0,0.0,0.0,0.0,0.0,0.0,6.5
2020-05-31 03:45:00,0.0,0.0,0.0,22,4135001,,0.25,True,0.0,0.0,22.62314046666667,20.7485924,0.0,False,30.4,57,35,0,35,0,0.0,0.0,0.0,0.0,0.0,6.5
2020-05-31 04:00:00,0.0,0.0,0.0,22,4135001,,0.25,True,0.0,0.0,22.537526466666662,20.769449866666665,0.0,False,30.2,58,30,0,30,0,0.0,0.0,0.0,0.0,0.0,6.4
2020-05-31 04:15:00,0.0,0.0,0.0,22,4135001,,0.25,True,0.0,0.0,22.425286866666667,20.812656666666665,0.0,False,30.2,58,30,0,30,0,0.0,0.0,0.0,0.0,0.0,6.4
2020-05-31 04:30:00,0.0,0.0,0.0,22,4135001,,0.25,True,0.0,0.0,22.25009353333333,20.68480226666667,0.0,False,30.2,58,30,0,30,0,0.0,0.0,0.0,0.0,0.0,6.4
2020-05-31 04:45:00,0.0,0.0,0.0,22,4135001,,0.25,True,0.0,0.0,22.24558513333333,20.75850213333333,0.0,False,30.2,58,30,0,30,0,0.0,0.0,0.0,0.0,0.0,6.4
2020-05-31 05:00:00,0.0,0.0,0.0,22,4135001,,0.25,True,0.0,0.0,22.04795533333333,20.42230826666667,0.0,False,30.5,58,2,0,98,31,0.0,0.0,0.0,0.0,0.0,8.2
2020-05-31 05:15:00,0.0,0.0,0.0,22,4135001,,0.25,True,0.0,0.0,22.0624776,20.415987200000004,0.0,False,30.5,58,2,0,98,31,0.0,0.0,0.0,0.0,0.0,8.2
2020-05-31 05:30:00,0.0,0.0,0.0,22,4135001,,0.25,True,0.0,0.0,22.021704133333333,20.646187266666665,0.0,False,30.5,58,2,0,98,31,0.0,0.0,0.0,0.0,0.0,8.2
2020-05-31 05:45:00,0.0,0.0,0.0,22,4135001,,0.25,True,0.0,0.0,21.99744528571428,20.77739385714285,0.0012950159907142,False,30.5,58,2,0,98,31,0.0,0.0,0.0,0.0,0.0,8.2
2020-05-31 06:00:00,2197.73214286,212.099999995,12.625,22,4135001,0.09650857620846619,0.25,True,53.02499999875,549.433035715,21.98220433333333,20.879634666666668,0.0092814357466666,False,29.9,62,77,0,70,57,0.4,6.0,1.0,5.0,10.0,4.7
2020-05-31 06:15:00,10059.1607141,972.98750001,151.392857144,22,4135001,0.09672650906612479,0.25,True,243.2468750025,2514.790178525,22.0364666,21.229018066666665,0.0316197704666666,False,29.9,62,77,0,70,57,0.4,6.0,1.0,5.0,10.0,4.7
2020-05-31 06:30:00,17947.875,1741.51250001,496.17857141,22,4135001,0.09703168202419506,0.25,True,435.3781250025,4486.96875,22.34989833333333,22.100982666666667,0.0565229884,False,29.9,62,77,0,70,57,0.4,6.0,1.0,5.0,10.0,4.7
2020-05-31 06:45:00,22841.839285,2219.6517858400002,996.17857143,22,4135001,0.09717482721707191,0.25,True,554.9129464600001,5710.45982125,22.65153,22.805830800000003,0.0716501757333333,False,29.9,62,77,0,70,57,0.4,6.0,1.0,5.0,10.0,4.7
2020-05-31 07:00:00,26431.642858,2570.4535714,1594.91071428,22,4135001,0.09724910347833363,0.25,True,642.61339285,6607.9107145,22.765519200000004,23.1308492,0.0824505469333333,False,30.6,58,78,0,76,36,0.0,84.0,34.0,50.0,125.9,7.8
2020-05-31 07:15:00,29141.767858,2838.219643,2262.7321428,22,4135001,0.0973935300298143,0.25,True,709.55491075,7285.4419645,22.78110746666666,23.733522600000004,0.0892736406,False,30.6,58,78,0,76,36,0.0,84.0,34.0,50.0,125.9,7.8
2020-05-31 07:30:00,43598.107143,4273.7642858,3144.4642856,22,4135001,0.09802637237855828,0.25,True,1068.44107145,10899.52678575,22.9010762,24.93784793333333,0.1332021513333333,False,30.6,58,78,0,76,36,0.0,84.0,34.0,50.0,125.9,7.8
2020-05-31 07:45:00,49989.714286,4901.3017856999995,4279.7678573,22,4135001,0.09804620521851325,0.25,True,1225.3254464249999,12497.4285715,23.244622733333337,26.083353666666667,0.15224982,False,30.6,58,78,0,76,36,0.0,84.0,34.0,50.0,125.9,7.8
2020-05-31 08:00:00,59689.928572,5857.2624999,5573.857143,22,4135001,0.0981281539453473,0.25,True,1464.315624975,14922.482143,23.507492071428576,26.79229507142857,0.1821268135714285,False,30.0,62,78,0,76,25,0.1,217.0,83.0,134.0,169.1,11.5
2020-05-31 08:15:00,78343.910713,7699.4517856,7273.9285715,22,4135001,0.09827760339671672,0.25,True,1924.8629464,19585.97767825,23.899300266666664,29.06023366666667,0.2427383993333333,False,30.0,62,78,0,76,25,0.1,217.0,83.0,134.0,169.1,11.5
2020-05-31 08:30:00,95956.946428,9423.2660715,9437.7857143,22,4135001,0.09820306316823682,0.25,True,2355.816517875,23989.236607,24.370550666666663,32.55040273333334,0.3068565886666666,False,30.0,62,78,0,76,25,0.1,217.0,83.0,134.0,169.1,11.5
2020-05-31 08:45:00,152148.946428,14896.0535713,12204.2857143,22,4135001,0.09790441485803597,0.25,True,3724.013392825,38037.236607,24.738476533333337,36.2081646,0.509690432,False,30.0,62,78,0,76,25,0.1,217.0,83.0,134.0,169.1,11.5
2020-05-31 09:00:00,154590.482144,15137.4321428,16317.75,22,4135001,0.09791956097723781,0.25,True,3784.3580357,38647.620536,25.1560954,42.945062333333325,0.5058525086666666,False,31.1,59,100,0,99,29,0.0,298.0,110.0,188.0,160.6,11.2
2020-05-31 09:15:00,116879.035715,11458.8678572,19604.8571428,22,4135001,0.09804040379954465,0.25,True,2864.7169643,29219.75892875,25.63316453333333,41.67780593333334,0.354595126,False,31.1,59,100,0,99,29,0.0,298.0,110.0,188.0,160.6,11.2
2020-05-31 09:30:00,183611.571427,17958.375,23124.6428568,22,4135001,0.09780633573597981,0.25,True,4489.59375,45902.89285675,26.220489466666667,42.41054713333334,0.6364364953333334,False,31.1,59,100,0,99,29,0.0,298.0,110.0,188.0,160.6,11.2
2020-05-31 09:45:00,140111.928571,13723.3660714,27215.767856,22,4135001,0.09794573675035707,0.25,True,3430.84151785,35027.98214275,26.57203993333333,42.26560886666665,0.428165058,False,31.1,59,100,0,99,29,0.0,298.0,110.0,188.0,160.6,11.2
2020-05-31 10:00:00,140409.892856,13752.1124999,30647.178571,22,4135001,0.09794261800344609,0.25,True,3438.028124975,35102.473214,26.7760782,41.781502133333326,0.472579002,False,31.2,57,100,0,100,54,0.0,223.0,9.0,214.0,10.7,10.5
2020-05-31 10:15:00,229862.089286,22443.6642865,34718.178571,22,4135001,0.09763969498500054,0.25,True,5610.916071625,57465.5223215,27.000671500000003,42.06565842857143,0.7297147092857142,False,31.2,57,100,0,100,54,0.0,223.0,9.0,214.0,10.7,10.5
2020-05-31 10:30:00,273246.25001,26651.289287,41184.482143,22,4135001,0.0975357915653907,0.25,True,6662.82232175,68311.5625025,27.968046,52.7022728,1.0191648606666668,False,31.2,57,100,0,100,54,0.0,223.0,9.0,214.0,10.7,10.5
2020-05-31 10:45:00,205670.910715,20095.942857000002,47182.035714,22,4135001,0.09770921316552697,0.25,True,5023.9857142500005,51417.72767875,28.05637,52.408536733333335,0.72428377,False,31.2,57,100,0,100,54,0.0,223.0,9.0,214.0,10.7,10.5
2020-05-31 11:00:00,184159.321429,18002.807143,51707.946428,22,4135001,0.09775669785979706,0.25,True,4500.70178575,46039.83035725,28.0176412,47.200712266666656,0.5205349913333333,False,32.5,51,93,0,91,89,0.0,357.0,29.0,328.0,30.8,8.8
2020-05-31 11:15:00,229596.714278,22416.208929,56957.767857,22,4135001,0.09763296918029077,0.25,True,5604.05223225,57399.1785695,28.252118,47.370047933333325,0.6365820806666665,False,32.5,51,93,0,91,89,0.0,357.0,29.0,328.0,30.8,8.8
2020-05-31 11:30:00,249415.000002,24340.435714799998,62564.767858,22,4135001,0.0975901037010798,0.25,True,6085.1089286999995,62353.7500005,28.6178812,48.29328619999999,0.7692376179999999,False,32.5,51,93,0,91,89,0.0,357.0,29.0,328.0,30.8,8.8
2020-05-31 11:45:00,176738.874999,17281.0482143,68220.160714,22,4135001,0.09777728988258966,0.25,True,4320.262053575,44184.71874975,29.2730122,51.366605533333335,0.5181913166666666,False,32.5,51,93,0,91,89,0.0,357.0,29.0,328.0,30.8,8.8
2020-05-31 12:00:00,196553.428569,19209.1071419,72596.392857,22,4135001,0.09772969762853385,0.25,True,4802.276785475,49138.35714225,29.261606933333333,49.6573588,0.6356642493333334,False,33.6,47,95,0,45,93,0.0,416.0,91.0,325.0,92.1,6.5
2020-05-31 12:15:00,187612.125001,18339.0357143,77030.357142,22,4135001,0.09774973613353748,0.25,True,4584.758928575,46903.03125025,29.223415066666668,51.2609924,0.6613621766666666,False,33.6,47,95,0,45,93,0.0,416.0,91.0,325.0,92.1,6.5
2020-05-31 12:30:00,154411.464285,15106.9982144,81118.785714,22,4135001,0.09783598830794547,0.25,True,3776.7495536,38602.86607125,29.477185066666667,48.671240066666655,0.4782781806666666,False,33.6,47,95,0,45,93,0.0,416.0,91.0,325.0,92.1,6.5
2020-05-31 12:45:00,285725.94643,27863.723214,86665.232142,22,4135001,0.09751905125223317,0.25,True,6965.9308035,71431.4866075,30.28202614285715,56.95899535714286,1.034329982142857,False,33.6,47,95,0,45,93,0.0,416.0,91.0,325.0,92.1,6.5
2020-05-31 13:00:00,194684.964286,19024.9535715,92557.678571,22,4135001,0.09772174056313655,0.25,True,4756.238392875,48671.2410715,30.402663066666666,58.3018188,0.6815564133333333,False,34.8,43,76,1,17,75,0.0,538.0,259.0,279.0,266.3,2.9
2020-05-31 13:15:00,139167.875,13622.283928500001,96693.214287,22,4135001,0.09788382504583044,0.25,True,3405.5709821250002,34791.96875,30.6310384,54.56202766666667,0.5263585046666664,False,34.8,43,76,1,17,75,0.0,538.0,259.0,279.0,266.3,2.9
2020-05-31 13:30:00,120362.35714400001,11779.0160715,99979.12500100001,22,4135001,0.09786295608524627,0.25,True,2944.754017875,30090.589286000002,30.10173753333333,48.06596086666667,0.4111925310666667,False,34.8,43,76,1,17,75,0.0,538.0,259.0,279.0,266.3,2.9
2020-05-31 13:45:00,123224.446427,12051.5464286,102025.875002,22,4135001,0.09780158708799326,0.25,True,3012.88660715,30806.11160675,29.92045486666667,41.76569859999999,0.4418567756666667,False,34.8,43,76,1,17,75,0.0,538.0,259.0,279.0,266.3,2.9
2020-05-31 14:00:00,235536.392865,22991.6160713,107160.44643,22,4135001,0.09761385827317934,0.25,True,5747.904017825,58884.09821625,30.8515666,55.29098946666667,0.8758627453333333,False,36.8,37,71,0,18,67,0.0,692.0,435.0,257.0,484.7,0.8
2020-05-31 14:15:00,175693.892857,17164.0071428,112677.553573,22,4135001,0.0976926793737222,0.25,True,4291.0017857,43923.47321425,31.1993794,54.79211026666666,0.5884872353333334,False,36.8,37,71,0,18,67,0.0,692.0,435.0,257.0,484.7,0.8
2020-05-31 14:30:00,49582.732142,4861.3928573,114817.160714,22,4135001,0.098046086758137,0.25,True,1215.348214325,12395.6830355,30.053727133333336,40.58806333333334,0.155080448,False,36.8,37,71,0,18,67,0.0,692.0,435.0,257.0,484.7,0.8
2020-05-31 14:45:00,61008.642858,5988.9625,116240.267857,22,4135001,0.09816580437528408,0.25,True,1497.240625,15252.1607145,29.1820414,35.28159566666666,0.1810435286666666,False,36.8,37,71,0,18,67,0.0,692.0,435.0,257.0,484.7,0.8
2020-05-31 15:00:00,47858.553572,4692.032143,117546.249999,22,4135001,0.09803957271590232,0.25,True,1173.00803575,11964.638393,27.56227564285714,31.202229142857146,0.1418597668571428,False,37.0,36,79,0,9,78,0.0,647.0,471.0,176.0,613.4,0.7
2020-05-31 15:15:00,45011.607142,4410.8053572,118587.517856,22,4135001,0.09799262095408075,0.25,True,1102.7013393,11252.9017855,27.4072612,30.092036933333333,0.1321317535333333,False,37.0,36,79,0,9,78,0.0,647.0,471.0,176.0,613.4,0.7
2020-05-31 15:30:00,71950.839286,7069.6285714,120134.089287,22,4135001,0.0982563739569274,0.25,True,1767.40714285,17987.7098215,27.53361213333333,32.33926173333334,0.2161607053333333,False,37.0,36,79,0,9,78,0.0,647.0,471.0,176.0,613.4,0.7
2020-05-31 15:45:00,67205.196429,6601.9660715,121783.767857,22,4135001,0.09823594635981389,0.25,True,1650.491517875,16801.29910725,27.73206186666667,33.554784733333335,0.205583812,False,37.0,36,79,0,9,78,0.0,647.0,471.0,176.0,613.4,0.7
2020-05-31 16:00:00,65927.94643,6474.6142856,123468.428571,22,4135001,0.09820743154004531,0.25,True,1618.6535714,16481.9866075,27.55705773333333,33.73647673333334,0.1990470293333333,False,35.2,42,87,0,19,85,0.1,426.0,269.0,157.0,454.0,9.7
2020-05-31 16:15:00,47166.392857,4624.2125002,124860.99999899999,22,4135001,0.09804041013311701,0.25,True,1156.05312505,11791.59821425,27.7056072,32.5780582,0.1415173426666666,False,35.2,42,87,0,19,85,0.1,426.0,269.0,157.0,454.0,9.7
2020-05-31 16:30:00,39890.642857,3910.0124999,125910.232143,22,4135001,0.09801828749455392,0.25,True,977.503124975,9972.66071425,27.8887166,31.477473866666667,0.1193123422666666,False,35.2,42,87,0,19,85,0.1,426.0,269.0,157.0,454.0,9.7
2020-05-31 16:45:00,39844.464287,3905.5928572,126881.142857,22,4135001,0.09802096544875048,0.25,True,976.3982143,9961.11607175,27.969102,31.016943466666667,0.1215033461999999,False,35.2,42,87,0,19,85,0.1,426.0,269.0,157.0,454.0,9.7
2020-05-31 17:00:00,43290.982142,4243.7107144,127893.999999,22,4135001,0.09802759153118962,0.25,True,1060.9276786,10822.7455355,28.140496428571428,31.05289985714285,0.1329208607142857,False,36.5,35,96,0,23,86,0.0,203.0,85.0,118.0,221.8,6.6
2020-05-31 17:15:00,39330.732142,3855.0160714,128913.44643,22,4135001,0.09801536512165138,0.25,True,963.75401785,9832.6830355,28.146706,30.946114066666663,0.1223565883333333,False,36.5,35,96,0,23,86,0.0,203.0,85.0,118.0,221.8,6.6
2020-05-31 17:30:00,30843.964286,3010.5749999,129805.410714,22,4135001,0.09760661671063121,0.25,True,752.643749975,7710.9910715,27.9943766,30.289263866666666,0.0971044788,False,36.5,35,96,0,23,86,0.0,203.0,85.0,118.0,221.8,6.6
2020-05-31 17:45:00,22993.25,2234.5874999000002,130445.071429,22,4135001,0.09718449979450491,0.25,True,558.6468749750001,5748.3125,27.8205282,29.2812134,0.0713218832666666,False,36.5,35,96,0,23,86,0.0,203.0,85.0,118.0,221.8,6.6
2020-05-31 18:00:00,14723.7321429,1426.59999999,130917.25000100001,22,4135001,0.09689119485088755,0.25,True,356.6499999975,3680.933035725,27.548073266666663,28.141593400000005,0.0467072187333333,False,35.5,37,91,0,27,89,0.0,64.0,20.0,44.0,125.7,8.8
2020-05-31 18:15:00,5790.2321429,559.41071428,131158.035715,22,4135001,0.09661283010318525,0.25,True,139.85267857,1447.558035725,27.190853066666666,26.823720333333338,0.0192099305333333,False,35.5,37,91,0,27,89,0.0,64.0,20.0,44.0,125.7,8.8
2020-05-31 18:30:00,520.05357144,50.192857144,131228.107143,22,4135001,0.09651478213103837,0.25,True,12.548214286,130.01339286,26.81842646666667,25.489147866666663,0.0033529643513333,False,35.5,37,91,0,27,89,0.0,64.0,20.0,44.0,125.7,8.8
2020-05-31 18:45:00,0.0,0.0,131229.0,22,4135001,,0.25,True,0.0,0.0,26.5084412,25.07378133333333,0.0,False,35.5,37,91,0,27,89,0.0,64.0,20.0,44.0,125.7,8.8
2020-05-31 19:00:00,0.0,0.0,131229.0,22,4135001,,0.25,True,0.0,0.0,26.167299333333336,24.48174433333333,0.0,False,34.5,40,92,0,17,91,0.0,1.0,0.0,1.0,0.0,10.5
2020-05-31 19:15:00,0.0,0.0,125291.0,21,4135001,,0.25,True,0.0,0.0,25.76065473333333,23.739868133333328,0.0,False,34.5,40,92,0,17,91,0.0,1.0,0.0,1.0,0.0,10.5
2020-05-31 19:30:00,0.0,0.0,125291.0,21,4135001,,0.25,True,0.0,0.0,25.512056642857143,23.417770357142853,0.0,False,34.5,40,92,0,17,91,0.0,1.0,0.0,1.0,0.0,10.5
2020-05-31 19:45:00,0.0,0.0,125291.0,21,4135001,,0.25,True,0.0,0.0,25.288885533333332,22.996480466666664,0.0,False,34.5,40,92,0,17,91,0.0,1.0,0.0,1.0,0.0,10.5
2020-05-31 20:00:00,0.0,0.0,125291.0,21,4135001,,0.25,True,0.0,0.0,25.0992248,22.6188314,0.0,False,33.5,45,90,0,12,90,0.0,0.0,0.0,0.0,0.0,3.5
2020-05-31 20:15:00,0.0,0.0,125291.0,21,4135001,,0.25,True,0.0,0.0,24.926983600000003,22.3128926,0.0,False,33.5,45,90,0,12,90,0.0,0.0,0.0,0.0,0.0,3.5
2020-05-31 20:30:00,0.0,0.0,125291.0,21,4135001,,0.25,True,0.0,0.0,24.734248933333333,22.05540973333333,0.0,False,33.5,45,90,0,12,90,0.0,0.0,0.0,0.0,0.0,3.5
2020-05-31 20:45:00,0.0,0.0,125291.0,22,4135001,,0.25,True,0.0,0.0,24.591292266666663,22.104187,0.0,False,33.5,45,90,0,12,90,0.0,0.0,0.0,0.0,0.0,3.5
2020-05-31 21:00:00,0.0,0.0,125291.0,22,4135001,,0.25,True,0.0,0.0,24.463079733333327,22.180499199999996,0.0,False,32.8,48,83,0,14,81,0.0,0.0,0.0,0.0,0.0,5.8
2020-05-31 21:15:00,0.0,0.0,125291.0,22,4135001,,0.25,True,0.0,0.0,24.313775733333333,22.179577666666667,0.0,False,32.8,48,83,0,14,81,0.0,0.0,0.0,0.0,0.0,5.8
2020-05-31 21:30:00,0.0,0.0,125291.0,22,4135001,,0.25,True,0.0,0.0,24.13310953333333,22.0253376,0.0,False,32.8,48,83,0,14,81,0.0,0.0,0.0,0.0,0.0,5.8
2020-05-31 21:45:00,0.0,0.0,125291.0,22,4135001,,0.25,True,0.0,0.0,24.018480500000003,21.83034421428572,0.0,False,32.8,48,83,0,14,81,0.0,0.0,0.0,0.0,0.0,5.8
2020-05-31 22:00:00,0.0,0.0,125291.0,22,4135001,,0.25,True,0.0,0.0,23.910445066666668,21.8468058,0.0,False,32.1,49,87,2,10,86,0.0,0.0,0.0,0.0,0.0,5.0
2020-05-31 22:15:00,0.0,0.0,125291.0,22,4135001,,0.25,True,0.0,0.0,23.797349066666666,21.6842774,0.0,False,32.1,49,87,2,10,86,0.0,0.0,0.0,0.0,0.0,5.0
2020-05-31 22:30:00,0.0,0.0,125291.0,22,4135001,,0.25,True,0.0,0.0,23.674768066666665,21.37980553333333,0.0,False,32.1,49,87,2,10,86,0.0,0.0,0.0,0.0,0.0,5.0
2020-05-31 22:45:00,0.0,0.0,125291.0,22,4135001,,0.25,True,0.0,0.0,23.670292,21.691070533333335,0.0,False,32.1,49,87,2,10,86,0.0,0.0,0.0,0.0,0.0,5.0
2020-05-31 23:00:00,0.0,0.0,125291.0,22,4135001,,0.25,True,0.0,0.0,23.795434466666663,22.067777533333327,0.0,False,31.2,52,88,10,13,87,0.0,0.0,0.0,0.0,0.0,2.5
2020-05-31 23:15:00,0.0,0.0,125291.0,22,4135001,,0.25,True,0.0,0.0,23.727901133333337,21.662972000000003,0.0,False,31.2,52,88,10,13,87,0.0,0.0,0.0,0.0,0.0,2.5
2020-05-31 23:30:00,0.0,0.0,125291.0,22,4135001,,0.25,True,0.0,0.0,23.497284,21.05140173333333,0.0,False,31.2,52,88,10,13,87,0.0,0.0,0.0,0.0,0.0,2.5
2020-05-31 23:45:00,0.0,0.0,113737.142857,22,4135001,,0.25,True,0.0,0.0,23.244697866666662,20.774560466666667,0.0,False,31.2,52,88,10,13,87,0.0,0.0,0.0,0.0,0.0,2.5
2020-06-01 00:00:00,0.0,0.0,5407.25,22,4135001,,0.25,True,0.0,0.0,23.128673000000003,20.46430528571429,0.0,False,29.6,59,95,23,38,94,0.1,0.0,0.0,0.0,0.0,15.2
2020-06-01 00:15:00,0.0,0.0,0.0,22,4135001,,0.25,True,0.0,0.0,23.032562266666663,20.341428533333332,0.0,False,29.6,59,95,23,38,94,0.1,0.0,0.0,0.0,0.0,15.2
2020-06-01 00:30:00,0.0,0.0,0.0,22,4135001,,0.25,True,0.0,0.0,22.96749253333333,20.269492666666668,0.0,False,29.6,59,95,23,38,94,0.1,0.0,0.0,0.0,0.0,15.2
2020-06-01 00:45:00,0.0,0.0,0.0,22,4135001,,0.25,True,0.0,0.0,22.810593666666666,20.19891753333333,0.0,False,29.6,59,95,23,38,94,0.1,0.0,0.0,0.0,0.0,15.2
2020-06-01 01:00:00,0.0,0.0,0.0,22,4135001,,0.25,True,0.0,0.0,22.611436000000005,20.08586626666667,0.0,False,28.3,70,96,0,9,96,0.1,0.0,0.0,0.0,0.0,11.5
2020-06-01 01:15:00,0.0,0.0,0.0,22,4135001,,0.25,True,0.0,0.0,22.497412200000003,20.263627133333337,0.0,False,28.3,70,96,0,9,96,0.1,0.0,0.0,0.0,0.0,11.5
2020-06-01 01:30:00,0.0,0.0,0.0,22,4135001,,0.25,True,0.0,0.0,22.34894813333333,20.2015706,0.0,False,28.3,70,96,0,9,96,0.1,0.0,0.0,0.0,0.0,11.5
2020-06-01 01:45:00,0.0,0.0,0.0,22,4135001,,0.25,True,0.0,0.0,22.151637733333327,20.0454856,0.0,False,28.3,70,96,0,9,96,0.1,0.0,0.0,0.0,0.0,11.5
2020-06-01 02:00:00,0.0,0.0,0.0,22,4135001,,0.25,True,0.0,0.0,21.993119266666667,19.941202666666666,0.0,False,28.3,70,99,15,16,99,0.0,0.0,0.0,0.0,0.0,9.1
2020-06-01 02:15:00,0.0,0.0,0.0,22,4135001,,0.25,True,0.0,0.0,21.974261533333333,20.0685444,0.0,False,28.3,70,99,15,16,99,0.0,0.0,0.0,0.0,0.0,9.1
2020-06-01 02:30:00,0.0,0.0,0.0,22,4135001,,0.25,True,0.0,0.0,21.967161,20.039766642857145,0.0,False,28.3,70,99,15,16,99,0.0,0.0,0.0,0.0,0.0,9.1
2020-06-01 02:45:00,0.0,0.0,0.0,22,4135001,,0.25,True,0.0,0.0,21.9381226,20.0180746,0.0,False,28.3,70,99,15,16,99,0.0,0.0,0.0,0.0,0.0,9.1
2020-06-01 03:00:00,0.0,0.0,0.0,22,4135001,,0.25,True,0.0,0.0,21.76579393333333,19.6118978,0.0,False,28.1,72,99,16,23,99,0.0,0.0,0.0,0.0,0.0,11.1
2020-06-01 03:15:00,0.0,0.0,0.0,22,4135001,,0.25,True,0.0,0.0,21.644565866666667,19.6476928,0.0,False,28.1,72,99,16,23,99,0.0,0.0,0.0,0.0,0.0,11.1
2020-06-01 03:30:00,0.0,0.0,0.0,22,4135001,,0.25,True,0.0,0.0,21.570589266666666,19.549098533333336,0.0,False,28.1,72,99,16,23,99,0.0,0.0,0.0,0.0,0.0,11.1
2020-06-01 03:45:00,0.0,0.0,0.0,22,4135001,,0.25,True,0.0,0.0,21.468520066666667,19.54833973333333,0.0,False,28.1,72,99,16,23,99,0.0,0.0,0.0,0.0,0.0,11.1
2020-06-01 04:00:00,0.0,0.0,0.0,22,4135001,,0.25,True,0.0,0.0,21.497992,19.928173933333333,0.0,False,27.8,73,99,2,11,99,0.0,0.0,0.0,0.0,0.0,11.2
2020-06-01 04:15:00,0.0,0.0,0.0,22,4135001,,0.25,True,0.0,0.0,21.513077666666668,19.81860353333333,0.0,False,27.8,73,99,2,11,99,0.0,0.0,0.0,0.0,0.0,11.2
2020-06-01 04:30:00,0.0,0.0,0.0,22,4135001,,0.25,True,0.0,0.0,21.489196866666664,19.8354494,0.0,False,27.8,73,99,2,11,99,0.0,0.0,0.0,0.0,0.0,11.2
2020-06-01 04:45:00,0.0,0.0,0.0,22,4135001,,0.25,True,0.0,0.0,21.301675,19.444033214285717,0.0,False,27.8,73,99,2,11,99,0.0,0.0,0.0,0.0,0.0,11.2
2020-06-01 05:00:00,0.0,0.0,0.0,22,4135001,,0.25,True,0.0,0.0,21.234995533333333,19.2844768,0.0,False,25.7,90,99,1,23,99,0.0,0.0,0.0,0.0,0.0,7.5
2020-06-01 05:15:00,0.0,0.0,0.0,22,4135001,,0.25,True,0.0,0.0,21.34605493333333,19.5410582,0.0,False,25.7,90,99,1,23,99,0.0,0.0,0.0,0.0,0.0,7.5
2020-06-01 05:30:00,0.0,0.0,0.0,22,4135001,,0.25,True,0.0,0.0,21.313677933333334,19.632078133333334,0.0,False,25.7,90,99,1,23,99,0.0,0.0,0.0,0.0,0.0,7.5
2020-06-01 05:45:00,0.0,0.0,0.0,22,4135001,,0.25,True,0.0,0.0,21.171103933333328,19.48152053333333,0.0001461652226,False,25.7,90,99,1,23,99,0.0,0.0,0.0,0.0,0.0,7.5
2020-06-01 06:00:00,1710.14285715,164.980357142,8.696428572,22,4135001,0.09647168156287499,0.25,True,41.2450892855,427.5357142875,21.2783936,19.96554366666667,0.0083067844,False,26.4,84,99,0,17,98,0.0,14.0,1.0,13.0,10.0,7.3
2020-06-01 06:15:00,9903.9107142,957.9375,135.178571429,22,4135001,0.09672315589704694,0.25,True,239.484375,2475.97767855,21.563067533333328,20.756795266666668,0.0331196089333333,False,26.4,84,99,0,17,98,0.0,14.0,1.0,13.0,10.0,7.3
2020-06-01 06:30:00,21118.4107143,2051.10535714,507.55357144,22,4135001,0.09712403953537688,0.25,True,512.776339285,5279.602678575,21.887721666666664,21.544547666666663,0.0685966837333333,False,26.4,84,99,0,17,98,0.0,14.0,1.0,13.0,10.0,7.3
2020-06-01 06:45:00,34080.821429,3330.2267858,1170.60714287,22,4135001,0.09771556688379138,0.25,True,832.55669645,8520.20535725,22.247434428571427,22.354954428571432,0.1091689054285714,False,26.4,84,99,0,17,98,0.0,14.0,1.0,13.0,10.0,7.3
2020-06-01 07:00:00,46438.571428,4552.7,2158.46428575,22,4135001,0.09803703817759912,0.25,True,1138.175,11609.642857,22.773608333333332,23.338553800000003,0.1611515566666666,False,27.8,73,98,2,11,98,0.0,137.0,47.0,90.0,174.2,7.9
2020-06-01 07:15:00,68382.642858,6716.4571429,3519.7678571,22,4135001,0.09821874180626597,0.25,True,1679.114285725,17095.6607145,23.262593733333336,24.914294266666666,0.2420570666666666,False,27.8,73,98,2,11,98,0.0,137.0,47.0,90.0,174.2,7.9
2020-06-01 07:30:00,92247.946429,9060.4928572,5506.1607143,22,4135001,0.09821891118382287,0.25,True,2265.1232143,23061.98660725,23.855379333333328,28.475939999999994,0.3281197973333333,False,27.8,73,98,2,11,98,0.0,137.0,47.0,90.0,174.2,7.9
2020-06-01 07:45:00,108556.732141,10644.8910711,7958.1428572,22,4135001,0.09805832269595015,0.25,True,2661.222767775,27139.18303525,24.361610933333335,32.225032666666664,0.3831310706666666,False,27.8,73,98,2,11,98,0.0,137.0,47.0,90.0,174.2,7.9
2020-06-01 08:00:00,135282.553571,13254.6142857,10890.9642856,22,4135001,0.09797726266856438,0.25,True,3313.653571425,33820.63839275,24.854911266666665,35.20188793333334,0.4699400059999999,False,29.5,64,84,0,4,84,0.0,320.0,142.0,178.0,289.4,6.0
2020-06-01 08:15:00,126527.232144,12401.2571428,14122.2500002,22,4135001,0.09801255376144001,0.25,True,3100.3142857,31631.808036,25.21634506666667,37.05501713333334,0.4473209473333333,False,29.5,64,84,0,4,84,0.0,320.0,142.0,178.0,289.4,6.0
2020-06-01 08:30:00,126915.767857,12440.2089288,17474.0357142,22,4135001,0.09801941192064312,0.25,True,3110.0522322,31728.94196425,25.806608266666668,40.64385373333334,0.4222147773333333,False,29.5,64,84,0,4,84,0.0,320.0,142.0,178.0,289.4,6.0
2020-06-01 08:45:00,148096.660714,14504.4089286,20520.2857148,22,4135001,0.09793879793556248,0.25,True,3626.10223215,37024.1651785,26.156099266666665,40.93814893333334,0.507318458,False,29.5,64,84,0,4,84,0.0,320.0,142.0,178.0,289.4,6.0
2020-06-01 09:00:00,153987.767857,15079.0928572,24520.053571,22,4135001,0.09792396543602819,0.25,True,3769.7732143,38496.94196425,26.705200071428568,45.106050571428575,0.5360867057142857,False,31.5,56,89,1,1,89,0.0,535.0,313.0,222.0,457.2,4.3
2020-06-01 09:15:00,129989.285713,12739.3750001,27738.464284,22,4135001,0.09800326950197218,0.25,True,3184.843750025,32497.32142825,26.58655813333333,42.300410866666674,0.4202787366666667,False,31.5,56,89,1,1,89,0.0,535.0,313.0,222.0,457.2,4.3
2020-06-01 09:30:00,136186.142857,13342.6107142,31125.053571,22,4135001,0.0979733358643558,0.25,True,3335.65267855,34046.53571425,26.98462526666667,43.369055266666656,0.4341309313333333,False,31.5,56,89,1,1,89,0.0,535.0,313.0,222.0,457.2,4.3
2020-06-01 09:45:00,161939.017858,15846.3446429,34423.589285,22,4135001,0.09785377762878145,0.25,True,3961.586160725,40484.7544645,27.534234666666663,43.0649942,0.5377770619999998,False,31.5,56,89,1,1,89,0.0,535.0,313.0,222.0,457.2,4.3
2020-06-01 10:00:00,170592.321429,16691.7714285,39014.535714,22,4135001,0.09784597154595298,0.25,True,4172.942857125,42648.08035725,27.853426133333333,49.001849333333325,0.5835384213333334,False,33.5,49,92,15,11,92,0.0,713.0,465.0,248.0,554.6,5.0
2020-06-01 10:15:00,192867.482144,18858.0660714,42972.017857,22,4135001,0.09777732286316708,0.25,True,4714.51651785,48216.870536,28.367919866666668,49.108597866666656,0.7230391853333333,False,33.5,49,92,15,11,92,0.0,713.0,465.0,248.0,554.6,5.0
2020-06-01 10:30:00,259171.33927,25290.5678559,48773.071428,22,4135001,0.09758242530649867,0.25,True,6322.641963975,64792.8348175,29.10705953333333,54.622047866666655,0.92426021,False,33.5,49,92,15,11,92,0.0,713.0,465.0,248.0,554.6,5.0
2020-06-01 10:45:00,254958.57144,24875.085714,54845.107143,22,4135001,0.09756520666673846,0.25,True,6218.7714285,63739.64286,29.4410646,56.354778933333336,0.931341062,False,33.5,49,92,15,11,92,0.0,713.0,465.0,248.0,554.6,5.0
2020-06-01 11:00:00,234969.160727,22940.2035695,60939.857144,22,4135001,0.09763069969915406,0.25,True,5735.050892375,58742.29018175,29.58492026666667,58.597363133333324,1.016641412,False,35.0,44,92,10,23,90,0.1,838.0,585.0,253.0,621.2,5.6
2020-06-01 11:15:00,222976.51787,21767.885714,66778.160715,22,4135001,0.09762411720274121,0.25,True,5441.9714285,55744.1294675,29.76473564285714,55.351970142857134,0.4945148071428571,False,35.0,44,92,10,23,90,0.1,838.0,585.0,253.0,621.2,5.6
2020-06-01 11:30:00,270574.482129,26393.8124987,72595.69643,22,4135001,0.09754730856739253,0.25,True,6598.453124675,67643.62053225,29.817582266666665,54.12078233333333,1.0894755359999997,False,35.0,44,92,10,23,90,0.1,838.0,585.0,253.0,621.2,5.6
2020-06-01 11:45:00,124241.267858,12172.3196428,77610.928571,22,4135001,0.0979732407167013,0.25,True,3043.0799107,31060.3169645,29.742185466666665,52.615881266666655,0.3712747633333333,False,35.0,44,92,10,23,90,0.1,838.0,585.0,253.0,621.2,5.6
2020-06-01 12:00:00,115789.875,11351.0464286,80195.392858,22,4135001,0.0980314248426298,0.25,True,2837.76160715,28947.46875,28.940915933333333,42.71684573333333,0.3569624046666666,False,36.0,41,95,5,20,94,0.0,826.0,583.0,243.0,590.5,3.6
2020-06-01 12:15:00,151830.42857,14862.9482144,83619.482143,22,4135001,0.09789176224018611,0.25,True,3715.7370536,37957.6071425,29.6550456,49.0828572,0.6197431146666665,False,36.0,41,95,5,20,94,0.0,826.0,583.0,243.0,590.5,3.6
2020-06-01 12:30:00,164690.785714,16115.5053572,87661.267858,22,4135001,0.09785310870509774,0.25,True,4028.8763393,41172.6964285,29.979579800000003,49.852822,0.580272074,False,36.0,41,95,5,20,94,0.0,826.0,583.0,243.0,590.5,3.6
2020-06-01 12:45:00,88224.732144,8665.417857,90553.071429,22,4135001,0.09821982619177971,0.25,True,2166.35446425,22056.183036,29.42465813333333,43.14005753333333,0.2833920893333333,False,36.0,41,95,5,20,94,0.0,826.0,583.0,243.0,590.5,3.6
2020-06-01 13:00:00,150720.732144,14748.5482143,92964.553572,22,4135001,0.09785348043697863,0.25,True,3687.137053575,37680.183036,28.995208666666663,39.9702698,0.4579382833333333,False,37.0,37,24,19,14,7,0.0,850.0,618.0,232.0,635.6,3.7
2020-06-01 13:15:00,206622.732145,20188.958929200002,98155.375,22,4135001,0.09770928261190621,0.25,True,5047.2397323000005,51655.68303625,29.632245714285716,50.96551314285714,0.7342295764285713,False,37.0,37,24,19,14,7,0.0,850.0,618.0,232.0,635.6,3.7
2020-06-01 13:30:00,214543.107135,20957.7464294,102786.910715,22,4135001,0.09768548013156376,0.25,True,5239.43660735,53635.77678375,27.7970438,36.62138300000001,0.6673560326666667,False,37.0,37,24,19,14,7,0.0,850.0,618.0,232.0,635.6,3.7
2020-06-01 13:45:00,142658.03333099998,13970.65,107250.00000100001,22,4135001,0.09793104302499969,0.25,True,3492.6625,35664.508332749996,28.47627846153846,42.37028861538461,0.480327483076923,False,37.0,37,24,19,14,7,0.0,850.0,618.0,232.0,635.6,3.7
2020-06-01 14:00:00,62677.000003,6139.0857142,110222.000003,22,4135001,0.09794798273539188,0.25,True,1534.77142855,15669.25000075,28.7127584,40.05736913333333,0.1937693263333333,False,37.3,36,22,13,18,4,0.0,740.0,529.0,211.0,589.4,4.5
2020-06-01 14:15:00,73282.375,7184.1125,111452.875,22,4135001,0.09803329245265319,0.25,True,1796.028125,18320.59375,26.093007466666663,26.907125,0.2159930109999999,False,37.3,36,22,13,18,4,0.0,740.0,529.0,211.0,589.4,4.5
2020-06-01 14:30:00,110198.142856,10804.9999999,114100.142857,22,4135001,0.09805065421129004,0.25,True,2701.249999975,27549.535714,26.54801433333333,32.771891,0.3338253060000001,False,37.3,36,22,13,18,4,0.0,740.0,529.0,211.0,589.4,4.5
2020-06-01 14:45:00,65760.25,6458.0125,116121.125,22,4135001,0.09820541284438547,0.25,True,1614.503125,16440.0625,26.772544533333328,32.65239666666667,0.197582556,False,37.3,36,22,13,18,4,0.0,740.0,529.0,211.0,589.4,4.5
2020-06-01 15:00:00,63728.428571,6254.7714285,117711.714286,22,4135001,0.09814727224179934,0.25,True,1563.692857125,15932.10714275,26.8806398,31.682238933333327,0.1836250126666666,False,37.4,34,67,1,45,43,0.0,593.0,420.0,173.0,546.8,5.4
2020-06-01 15:15:00,43867.875,4300.3,119013.25,22,4135001,0.09802845476330914,0.25,True,1075.075,10966.96875,26.798168933333333,30.744077466666667,0.1274455812,False,37.4,34,67,1,45,43,0.0,593.0,420.0,173.0,546.8,5.4
2020-06-01 15:30:00,38720.85714,3794.3999998,120037.285714,22,4135001,0.09799369848866936,0.25,True,948.59999995,9680.214285,26.589176466666665,29.4781636,0.1128437932,False,37.4,34,67,1,45,43,0.0,593.0,420.0,173.0,546.8,5.4
2020-06-01 15:45:00,31867.0,3104.8875,120895.0,22,4135001,0.0974326889886089,0.25,True,776.221875,7966.75,26.5301995,28.573238,0.0940941717857142,False,37.4,34,67,1,45,43,0.0,593.0,420.0,173.0,546.8,5.4
2020-06-01 16:00:00,37023.428574,3622.9714286,121695.000002,22,4135001,0.09785618372319685,0.25,True,905.74285715,9255.8571435,26.572758,28.462253866666668,0.1077558996666666,False,35.5,40,83,0,37,79,0.0,406.0,259.0,147.0,436.8,15.5
2020-06-01 16:15:00,42914.25,4206.6375,122712.375,22,4135001,0.09802425767664587,0.25,True,1051.659375,10728.5625,26.67944946666666,29.282659866666663,0.1279617990666666,False,35.5,40,83,0,37,79,0.0,406.0,259.0,147.0,436.8,15.5
2020-06-01 16:30:00,38237.285716,3747.7000002,123715.428572,22,4135001,0.09801166400866716,0.25,True,936.92500005,9559.321429,26.8031698,29.5815856,0.1144654460666666,False,35.5,40,83,0,37,79,0.0,406.0,259.0,147.0,436.8,15.5
2020-06-01 16:45:00,35492.160713,3475.0678571,124611.089286,22,4135001,0.0979108565747917,0.25,True,868.766964275,8873.04017825,26.71589153333333,29.159596866666664,0.1060586724666666,False,35.5,40,83,0,37,79,0.0,406.0,259.0,147.0,436.8,15.5
2020-06-01 17:00:00,28973.910714999998,2819.2946429999997,125412.357143,22,4135001,0.09730459483815662,0.25,True,704.8236607499999,7243.4776787499995,26.14214893333333,28.067810066666667,0.0866831524666666,False,34.3,44,86,3,25,70,0.0,197.0,101.0,96.0,263.0,6.6
2020-06-01 17:15:00,21542.7678568,2092.93571429,126016.339285,22,4135001,0.09715259098562685,0.25,True,523.2339285725,5385.6919642,25.8629782,26.99750153333333,0.0639746532,False,34.3,44,86,3,25,70,0.0,197.0,101.0,96.0,263.0,6.6
2020-06-01 17:30:00,15202.8749999,1472.85357142,126461.214286,22,4135001,0.09687993694808962,0.25,True,368.213392855,3800.718749975,25.6956218,26.355127000000003,0.0458670224666666,False,34.3,44,86,3,25,70,0.0,197.0,101.0,96.0,263.0,6.6
2020-06-01 17:45:00,15365.0892857,1488.65178571,126814.160716,22,4135001,0.09688533258934331,0.25,True,372.1629464275,3841.272321425,25.624135333333328,25.999684533333333,0.0509346373333333,False,34.3,44,86,3,25,70,0.0,197.0,101.0,96.0,263.0,6.6
2020-06-01 18:00:00,12071.6607143,1168.04999999,127163.428572,22,4135001,0.09675967769756291,0.25,True,292.0124999975,3017.915178575,25.591053357142854,25.627179785714283,0.0397878830714285,False,32.0,53,95,10,58,93,0.1,64.0,21.0,43.0,131.6,4.1
2020-06-01 18:15:00,5914.9999999,571.44285716,127388.142858,22,4135001,0.09660910518506524,0.25,True,142.86071429,1478.749999975,25.387085133333333,24.88775633333333,0.0204065283666666,False,32.0,53,95,10,58,93,0.1,64.0,21.0,43.0,131.6,4.1
2020-06-01 18:30:00,498.5,48.0875,127455.875,22,4135001,0.09646439317953862,0.25,True,12.021875,124.625,25.1545614,23.882541866666667,0.0029981865438,False,32.0,53,95,10,58,93,0.1,64.0,21.0,43.0,131.6,4.1
2020-06-01 18:45:00,0.0,0.0,127458.0,22,4135001,,0.25,True,0.0,0.0,24.999057866666668,23.405692466666665,0.0,False,32.0,53,95,10,58,93,0.1,64.0,21.0,43.0,131.6,4.1
2020-06-01 19:00:00,0.0,0.0,127458.0,22,4135001,,0.25,True,0.0,0.0,24.846169133333333,23.101715066666667,0.0,False,30.5,58,99,17,20,98,0.0,1.0,0.0,1.0,0.0,3.7
2020-06-01 19:15:00,0.0,0.0,127458.0,22,4135001,,0.25,True,0.0,0.0,24.608805333333333,22.68060506666667,0.0,False,30.5,58,99,17,20,98,0.0,1.0,0.0,1.0,0.0,3.7
2020-06-01 19:30:00,0.0,0.0,127458.0,22,4135001,,0.25,True,0.0,0.0,24.410335333333336,22.3832622,0.0,False,30.5,58,99,17,20,98,0.0,1.0,0.0,1.0,0.0,3.7
2020-06-01 19:45:00,0.0,0.0,127458.0,22,4135001,,0.25,True,0.0,0.0,24.1902162,22.21749673333333,0.0,False,30.5,58,99,17,20,98,0.0,1.0,0.0,1.0,0.0,3.7
2020-06-01 20:00:00,0.0,0.0,127458.0,22,4135001,,0.25,True,0.0,0.0,23.947261533333336,21.9522502,0.0,False,28.3,76,100,33,73,100,1.9,0.0,0.0,0.0,0.0,10.7
2020-06-01 20:15:00,0.0,0.0,127458.0,22,4135001,,0.25,True,0.0,0.0,23.938940785714287,21.795329428571428,0.0,False,28.3,76,100,33,73,100,1.9,0.0,0.0,0.0,0.0,10.7
2020-06-01 20:30:00,0.0,0.0,127458.0,22,4135001,,0.25,True,0.0,0.0,23.8475444,21.392598400000004,0.0,False,28.3,76,100,33,73,100,1.9,0.0,0.0,0.0,0.0,10.7
2020-06-01 20:45:00,0.0,0.0,127458.0,22,4135001,,0.25,True,0.0,0.0,23.6931112,21.093284000000004,0.0,False,28.3,76,100,33,73,100,1.9,0.0,0.0,0.0,0.0,10.7
2020-06-01 21:00:00,0.0,0.0,127458.0,22,4135001,,0.25,True,0.0,0.0,23.645367466666663,21.15811773333333,0.0,False,27.2,82,100,0,33,100,2.1,0.0,0.0,0.0,0.0,7.4
2020-06-01 21:15:00,0.0,0.0,127458.0,22,4135001,,0.25,True,0.0,0.0,23.468129466666667,20.998059,0.0,False,27.2,82,100,0,33,100,2.1,0.0,0.0,0.0,0.0,7.4
2020-06-01 21:30:00,0.0,0.0,127458.0,22,4135001,,0.25,True,0.0,0.0,23.392171266666665,21.06486206666667,0.0,False,27.2,82,100,0,33,100,2.1,0.0,0.0,0.0,0.0,7.4
2020-06-01 21:45:00,0.0,0.0,127458.0,22,4135001,,0.25,True,0.0,0.0,23.3535358,20.933164466666664,0.0,False,27.2,82,100,0,33,100,2.1,0.0,0.0,0.0,0.0,7.4
2020-06-01 22:00:00,0.0,0.0,127458.0,22,4135001,,0.25,True,0.0,0.0,23.199686666666665,20.57610073333333,0.0,False,27.1,83,100,14,24,100,0.2,0.0,0.0,0.0,0.0,8.6
2020-06-01 22:15:00,0.0,0.0,127458.0,22,4135001,,0.25,True,0.0,0.0,23.0557068,20.388511133333328,0.0,False,27.1,83,100,14,24,100,0.2,0.0,0.0,0.0,0.0,8.6
2020-06-01 22:30:00,0.0,0.0,127458.0,22,4135001,,0.25,True,0.0,0.0,22.929178933333333,20.3185078,0.0,False,27.1,83,100,14,24,100,0.2,0.0,0.0,0.0,0.0,8.6
2020-06-01 22:45:00,0.0,0.0,127458.0,22,4135001,,0.25,True,0.0,0.0,22.69777992857143,20.19735485714285,0.0,False,27.1,83,100,14,24,100,0.2,0.0,0.0,0.0,0.0,8.6
2020-06-01 23:00:00,0.0,0.0,127458.0,22,4135001,,0.25,True,0.0,0.0,22.48435466666667,20.19821986666667,0.0,False,26.6,86,100,11,19,100,0.5,0.0,0.0,0.0,0.0,7.6
2020-06-01 23:15:00,0.0,0.0,127458.0,22,4135001,,0.25,True,0.0,0.0,22.33361413333333,20.1576844,0.0,False,26.6,86,100,11,19,100,0.5,0.0,0.0,0.0,0.0,7.6
2020-06-01 23:30:00,0.0,0.0,127458.0,22,4135001,,0.25,True,0.0,0.0,22.1236104,20.050547466666668,0.0,False,26.6,86,100,11,19,100,0.5,0.0,0.0,0.0,0.0,7.6
2020-06-01 23:45:00,0.0,0.0,115927.125,22,4135001,,0.25,True,0.0,0.0,22.122522,20.021327733333333,0.0,False,26.6,86,100,11,19,100,0.5,0.0,0.0,0.0,0.0,7.6
2020-06-02 00:00:00,0.0,0.0,1676.2857143,22,4135001,,0.25,True,0.0,0.0,22.54657193333333,20.3145366,0.0,False,25.3,92,100,95,68,100,3.2,0.0,0.0,0.0,0.0,5.2
2020-06-02 00:15:00,0.0,0.0,0.0,22,4135001,,0.25,True,0.0,0.0,22.673152733333332,20.379530866666663,0.0,False,25.3,92,100,95,68,100,3.2,0.0,0.0,0.0,0.0,5.2
2020-06-02 00:30:00,0.0,0.0,0.0,22,4135001,,0.25,True,0.0,0.0,22.564072666666664,20.113968933333336,0.0,False,25.3,92,100,95,68,100,3.2,0.0,0.0,0.0,0.0,5.2
2020-06-02 00:45:00,0.0,0.0,0.0,22,4135001,,0.25,True,0.0,0.0,22.329016133333333,20.000305133333327,0.0,False,25.3,92,100,95,68,100,3.2,0.0,0.0,0.0,0.0,5.2
2020-06-02 01:00:00,0.0,0.0,0.0,22,4135001,,0.25,True,0.0,0.0,22.119201642857146,20.14195692857143,0.0,False,25.1,92,100,0,17,100,0.5,0.0,0.0,0.0,0.0,6.4
2020-06-02 01:15:00,0.0,0.0,0.0,22,4135001,,0.25,True,0.0,0.0,21.952612266666662,20.08414726666667,0.0,False,25.1,92,100,0,17,100,0.5,0.0,0.0,0.0,0.0,6.4
2020-06-02 01:30:00,0.0,0.0,0.0,22,4135001,,0.25,True,0.0,0.0,21.824880066666665,19.989398066666663,0.0,False,25.1,92,100,0,17,100,0.5,0.0,0.0,0.0,0.0,6.4
2020-06-02 01:45:00,0.0,0.0,0.0,22,4135001,,0.25,True,0.0,0.0,21.7592834,19.943420266666667,0.0,False,25.1,92,100,0,17,100,0.5,0.0,0.0,0.0,0.0,6.4
2020-06-02 02:00:00,0.0,0.0,0.0,22,4135001,,0.25,True,0.0,0.0,21.683178800000004,19.743534333333333,0.0,False,25.0,94,100,2,7,100,0.3,0.0,0.0,0.0,0.0,6.7
2020-06-02 02:15:00,0.0,0.0,0.0,22,4135001,,0.25,True,0.0,0.0,21.65743613333333,19.616025800000003,0.0,False,25.0,94,100,2,7,100,0.3,0.0,0.0,0.0,0.0,6.7
2020-06-02 02:30:00,0.0,0.0,0.0,22,4135001,,0.25,True,0.0,0.0,21.54586786666667,19.50660173333333,0.0,False,25.0,94,100,2,7,100,0.3,0.0,0.0,0.0,0.0,6.7
2020-06-02 02:45:00,0.0,0.0,0.0,22,4135001,,0.25,True,0.0,0.0,21.469700066666668,19.74697253333333,0.0,False,25.0,94,100,2,7,100,0.3,0.0,0.0,0.0,0.0,6.7
2020-06-02 03:00:00,0.0,0.0,0.0,22,4135001,,0.25,True,0.0,0.0,21.4014854,19.5980612,0.0,False,25.0,94,100,4,18,100,0.2,0.0,0.0,0.0,0.0,4.0
2020-06-02 03:15:00,0.0,0.0,0.0,22,4135001,,0.25,True,0.0,0.0,21.200297,19.403820666666665,0.0,False,25.0,94,100,4,18,100,0.2,0.0,0.0,0.0,0.0,4.0
2020-06-02 03:30:00,0.0,0.0,0.0,22,4135001,,0.25,True,0.0,0.0,21.25917921428572,19.736718428571425,0.0,False,25.0,94,100,4,18,100,0.2,0.0,0.0,0.0,0.0,4.0
2020-06-02 03:45:00,0.0,0.0,0.0,22,4135001,,0.25,True,0.0,0.0,21.363769533333336,19.8283386,0.0,False,25.0,94,100,4,18,100,0.2,0.0,0.0,0.0,0.0,4.0
2020-06-02 04:00:00,0.0,0.0,0.0,22,4135001,,0.25,True,0.0,0.0,21.408616066666664,19.79703366666667,0.0,False,25.1,94,100,14,9,100,0.2,0.0,0.0,0.0,0.0,4.2
2020-06-02 04:15:00,0.0,0.0,0.0,22,4135001,,0.25,True,0.0,0.0,21.423315266666663,19.733837800000003,0.0,False,25.1,94,100,14,9,100,0.2,0.0,0.0,0.0,0.0,4.2
2020-06-02 04:30:00,0.0,0.0,0.0,22,4135001,,0.25,True,0.0,0.0,21.5165366,20.011324,0.0,False,25.1,94,100,14,9,100,0.2,0.0,0.0,0.0,0.0,4.2
2020-06-02 04:45:00,0.0,0.0,0.0,22,4135001,,0.25,True,0.0,0.0,21.640098066666663,20.305562266666666,0.0,False,25.1,94,100,14,9,100,0.2,0.0,0.0,0.0,0.0,4.2
2020-06-02 05:00:00,0.0,0.0,0.0,22,4135001,,0.25,True,0.0,0.0,21.7093078,20.37031453333333,0.0,False,25.0,92,100,2,13,100,0.0,0.0,0.0,0.0,0.0,5.1
2020-06-02 05:15:00,0.0,0.0,0.0,22,4135001,,0.25,True,0.0,0.0,21.725348,20.16880693333333,0.0,False,25.0,92,100,2,13,100,0.0,0.0,0.0,0.0,0.0,5.1
2020-06-02 05:30:00,0.0,0.0,0.0,22,4135001,,0.25,True,0.0,0.0,21.639232142857143,20.188685785714288,0.0,False,25.0,92,100,2,13,100,0.0,0.0,0.0,0.0,0.0,5.1
2020-06-02 05:45:00,0.0,0.0,0.0,22,4135001,,0.25,True,0.0,0.0,21.658839866666664,19.984273200000004,7.79209073e-05,False,25.0,92,100,2,13,100,0.0,0.0,0.0,0.0,0.0,5.1
2020-06-02 06:00:00,1699.64285714,163.996428574,7.732142859,22,4135001,0.09648875814414203,0.25,True,40.9991071435,424.910714285,21.586885533333334,20.010978066666667,0.0079012560333333,False,25.7,89,99,6,17,99,0.0,17.0,1.0,16.0,10.0,5.8
2020-06-02 06:15:00,8831.8571429,853.83928573,128.124999999,22,4135001,0.09667720751307761,0.25,True,213.4598214325,2207.964285725,21.792812133333328,21.38340246666667,0.0291271211333333,False,25.7,89,99,6,17,99,0.0,17.0,1.0,16.0,10.0,5.8
2020-06-02 06:30:00,10652.9821429,1030.2,382.05357144,22,4135001,0.09670531558025823,0.25,True,257.55,2663.245535725,22.081197066666665,22.1293234,0.0350118484,False,25.7,89,99,6,17,99,0.0,17.0,1.0,16.0,10.0,5.8
2020-06-02 06:45:00,17781.8392857,1725.19821428,693.82142856,22,4135001,0.09702023432791845,0.25,True,431.29955357,4445.459821425,22.335227666666665,22.75865906666667,0.0563297377333333,False,25.7,89,99,6,17,99,0.0,17.0,1.0,16.0,10.0,5.8
2020-06-02 07:00:00,37047.446428,3624.7660714,1329.25,22,4135001,0.09784118531474402,0.25,True,906.19151785,9261.861607,22.607889933333336,23.6078104,0.117114942,False,27.3,79,84,0,9,83,0.0,136.0,35.0,101.0,129.8,4.7
2020-06-02 07:15:00,38318.982144,3749.8696428,2314.0892858,22,4135001,0.09785932279485549,0.25,True,937.4674107,9579.745536,23.023956333333334,24.594645266666667,0.1162776123333333,False,27.3,79,84,0,9,83,0.0,136.0,35.0,101.0,129.8,4.7
2020-06-02 07:30:00,46107.232142,4520.2160716,3305.5178572,22,4135001,0.09803702936838068,0.25,True,1130.0540179,11526.8080355,23.249164,25.248394733333328,0.141257299,False,27.3,79,84,0,9,83,0.0,136.0,35.0,101.0,129.8,4.7
2020-06-02 07:45:00,51862.910714,5085.3821428,4519.9642857,22,4135001,0.09805431420622598,0.25,True,1271.3455357,12965.7276785,23.54752671428572,27.405646214285717,0.1599368057142857,False,27.3,79,84,0,9,83,0.0,136.0,35.0,101.0,129.8,4.7
2020-06-02 08:00:00,92347.285716,9063.2571429,6090.4285715,22,4135001,0.09814318929494761,0.25,True,2265.814285725,23086.821429,24.027254133333333,30.348887333333334,0.278052918,False,29.2,67,95,0,10,95,0.0,339.0,189.0,150.0,385.5,6.5
2020-06-02 08:15:00,181513.464286,17763.5089285,9576.9642857,22,4135001,0.09786331277613154,0.25,True,4440.877232125,45378.3660715,24.937853933333333,40.45452453333333,0.6295824313333332,False,29.2,67,95,0,10,95,0.0,339.0,189.0,150.0,385.5,6.5
2020-06-02 08:30:00,180844.160714,17696.9642858,14099.4107145,22,4135001,0.09785753776029991,0.25,True,4424.24107145,45211.0401785,25.4514526,47.501263533333336,0.6403686593333334,False,29.2,67,95,0,10,95,0.0,339.0,189.0,150.0,385.5,6.5
2020-06-02 08:45:00,162367.642857,15895.6160714,18405.6607143,22,4135001,0.09789891502828273,0.25,True,3973.90401785,40591.91071425,26.107157266666665,45.982417866666665,0.546798932,False,29.2,67,95,0,10,95,0.0,339.0,189.0,150.0,385.5,6.5
2020-06-02 09:00:00,145043.089285,14206.2714284,22152.4285699,22,4135001,0.09794517959063616,0.25,True,3551.5678571,36260.77232125,26.1504356,43.0666302,0.4845541833333333,False,31.0,59,98,0,8,98,0.0,540.0,357.0,183.0,521.8,7.5
2020-06-02 09:15:00,196786.964292,19243.5214285,26333.482142,22,4135001,0.09778859843554337,0.25,True,4810.880357125,49196.741073,26.43365886666667,45.66096399999999,0.6400822713333334,False,31.0,59,98,0,8,98,0.0,540.0,357.0,183.0,521.8,7.5
2020-06-02 09:30:00,209640.05358100001,20480.7928576,30821.982141,22,4135001,0.09769503731636237,0.25,True,5120.1982144,52410.013395250004,26.793420266666665,47.4213378,0.717151316,False,31.0,59,98,0,8,98,0.0,540.0,357.0,183.0,521.8,7.5
2020-06-02 09:45:00,217646.071425,21274.7357142,36328.339287,22,4135001,0.0977492291724236,0.25,True,5318.68392855,54411.51785625,27.397644133333333,51.1395304,0.7472785953333334,False,31.0,59,98,0,8,98,0.0,540.0,357.0,183.0,521.8,7.5
2020-06-02 10:00:00,207903.178571,20333.4946429,41710.071427,22,4135001,0.09780271173658853,0.25,True,5083.373660725,51975.79464275,27.539448499999995,50.47200221428572,0.7029814421428571,False,32.5,52,97,2,3,97,0.0,650.0,369.0,281.0,440.3,8.9
2020-06-02 10:15:00,155127.446429,15189.1553572,46231.571429,22,4135001,0.09791404233648554,0.25,True,3797.2888393,38781.86160725,27.562856066666672,46.39747086666667,0.5029802726666666,False,32.5,52,97,2,3,97,0.0,650.0,369.0,281.0,440.3,8.9
2020-06-02 10:30:00,153095.017857,14991.1428571,49680.321429,22,4135001,0.09792051411563656,0.25,True,3747.785714275,38273.75446425,27.00929553333333,40.641495866666666,0.4806645453333333,False,32.5,52,97,2,3,97,0.0,650.0,369.0,281.0,440.3,8.9
2020-06-02 10:45:00,203475.160714,19899.0964285,54073.571429,22,4135001,0.09779619467395194,0.25,True,4974.774107125,50868.7901785,27.363865266666664,43.500976533333336,0.6438703946666667,False,32.5,52,97,2,3,97,0.0,650.0,369.0,281.0,440.3,8.9
2020-06-02 11:00:00,203963.57143,19943.4178571,59267.607143,22,4135001,0.09777931283157862,0.25,True,4985.854464275,50990.8928575,27.677307066666668,46.2067344,0.67195934,False,34.2,46,84,1,2,84,0.0,853.0,628.0,225.0,667.2,9.8
2020-06-02 11:15:00,152586.374999,14941.9410716,63744.767857,22,4135001,0.09792447767173135,0.25,True,3735.4852679,38146.59374975,27.63629753333333,44.50241260000001,0.483302472,False,34.2,46,84,1,2,84,0.0,853.0,628.0,225.0,667.2,9.8
2020-06-02 11:30:00,140316.339285,13746.0892856,67092.392857,22,4135001,0.09796499363969279,0.25,True,3436.5223214,35079.08482125,27.51463213333333,40.48357553333333,0.4341641846666666,False,34.2,46,84,1,2,84,0.0,853.0,628.0,225.0,667.2,9.8
2020-06-02 11:45:00,135540.982144,13280.0428572,70570.5,22,4135001,0.09797806277581166,0.25,True,3320.0107143,33885.245536,27.42642006666667,39.88621046666666,0.416091588,False,34.2,46,84,1,2,84,0.0,853.0,628.0,225.0,667.2,9.8
2020-06-02 12:00:00,181179.446429,17731.1142858,74317.232143,22,4135001,0.09786493244833049,0.25,True,4432.77857145,45294.86160725,27.46658328571429,40.11592957142858,0.5638615457142857,False,35.2,43,65,3,3,65,0.0,895.0,691.0,204.0,700.1,8.9
2020-06-02 12:15:00,211227.285714,20651.7571426,79282.428572,22,4135001,0.09777030970592648,0.25,True,5162.93928565,52806.8214285,28.011470400000004,45.227401,0.6928162013333334,False,35.2,43,65,3,3,65,0.0,895.0,691.0,204.0,700.1,8.9
2020-06-02 12:30:00,197603.803572,19319.019642799998,83867.946429,22,4135001,0.0977664361392761,0.25,True,4829.7549106999995,49400.950893,27.616939333333335,44.15874253333334,0.6629108933333333,False,35.2,43,65,3,3,65,0.0,895.0,691.0,204.0,700.1,8.9
2020-06-02 12:45:00,240134.37501,23453.337498,89568.017858,22,4135001,0.09766755591332281,0.25,True,5863.3343745,60033.5937525,27.777927533333337,47.3377034,0.7908823293333332,False,35.2,43,65,3,3,65,0.0,895.0,691.0,204.0,700.1,8.9
2020-06-02 13:00:00,272950.94643,26622.589286,95876.392856,22,4135001,0.09753616770413921,0.25,True,6655.6473215,68237.7366075,27.964561,48.2827824,0.8852643266666665,False,36.0,41,45,7,8,42,0.0,848.0,658.0,190.0,676.9,9.8
2020-06-02 13:15:00,264521.07143,25811.291071,102338.535714,22,4135001,0.09757744791923097,0.25,True,6452.82276775,66130.2678575,27.962351466666668,49.06862826666667,0.8743407746666668,False,36.0,41,45,7,8,42,0.0,848.0,658.0,190.0,676.9,9.8
2020-06-02 13:30:00,223013.05358,21793.3910717,108279.642857,22,4135001,0.09772249077734906,0.25,True,5448.347767925,55753.263395,27.636714733333328,45.63386426666667,0.7079364073333333,False,36.0,41,45,7,8,42,0.0,848.0,658.0,190.0,676.9,9.8
2020-06-02 13:45:00,279887.28569,27303.510716,114406.625,22,4135001,0.09755180785968628,0.25,True,6825.877679,69971.8214225,27.7742168,49.33662146666668,0.9342755213333332,False,36.0,41,45,7,8,42,0.0,848.0,658.0,190.0,676.9,9.8
2020-06-02 14:00:00,147842.250002,14480.649999899999,119529.982143,22,4135001,0.09794662892173318,0.25,True,3620.1624999749997,36960.5625005,27.262479733333336,43.4918152,0.4637642506666667,False,36.0,39,99,13,99,8,0.0,767.0,559.0,208.0,622.8,13.4
2020-06-02 14:15:00,160173.339288,15683.8446428,123298.910714,22,4135001,0.09791794759675725,0.25,True,3920.9611607,40043.334822,26.947897642857143,39.81178307142858,0.5004139214285713,False,36.0,39,99,13,99,8,0.0,767.0,559.0,208.0,622.8,13.4
2020-06-02 14:30:00,196330.928571,19186.4607144,127178.267857,22,4135001,0.09772510553507374,0.25,True,4796.6151786,49082.73214275,26.913202066666663,39.42475606666666,0.642086792,False,36.0,39,99,13,99,8,0.0,767.0,559.0,208.0,622.8,13.4
2020-06-02 14:45:00,196410.80357,19195.7321428,132881.51785899999,22,4135001,0.09773256762812806,0.25,True,4798.9330357,49102.7008925,27.6148946,45.10698460000001,0.6382544986666667,False,36.0,39,99,13,99,8,0.0,767.0,559.0,208.0,622.8,13.4
2020-06-02 15:00:00,146198.964285,14315.9285715,136944.410715,22,4135001,0.09792086176200644,0.25,True,3578.982142875,36549.74107125,27.04379893333333,40.5363764,0.4526467746666667,False,30.0,69,93,18,70,83,4.6,500.0,321.0,179.0,417.8,16.0
2020-06-02 15:15:00,118655.035715,11630.4196428,139962.714286,22,4135001,0.09801876146862697,0.25,True,2907.6049107,29663.75892875,26.5449136,36.56665873333333,0.3633331566666667,False,30.0,69,93,18,70,83,4.6,500.0,321.0,179.0,417.8,16.0
2020-06-02 15:30:00,131311.553572,12866.8303571,142993.714285,22,4135001,0.09798703927484136,0.25,True,3216.707589275,32827.888393,26.279598133333334,36.349589,0.4026979686666666,False,30.0,69,93,18,70,83,4.6,500.0,321.0,179.0,417.8,16.0
2020-06-02 15:45:00,143383.107142,14041.7089285,146222.553571,22,4135001,0.0979314035550488,0.25,True,3510.427232125,35845.7767855,26.519590333333333,37.54320873333334,0.4304919446666666,False,30.0,69,93,18,70,83,4.6,500.0,321.0,179.0,417.8,16.0
2020-06-02 16:00:00,151051.339287,14791.2517857,149845.857142,22,4135001,0.09792201681572898,0.25,True,3697.812946425,37762.83482175,26.6184204,38.264609666666665,0.4788621826666666,False,31.5,60,91,0,33,89,0.2,344.0,171.0,173.0,288.1,9.4
2020-06-02 16:15:00,109280.875,10719.4892857,153292.553572,22,4135001,0.09809117364497676,0.25,True,2679.872321425,27320.21875,26.8432725,37.85230385714286,0.331931245,False,31.5,60,91,0,33,89,0.2,344.0,171.0,173.0,288.1,9.4
2020-06-02 16:30:00,100150.624999,9828.367857,155607.803573,22,4135001,0.09813586142970286,0.25,True,2457.09196425,25037.65624975,26.13088566666667,34.19353846666667,0.3038333933333333,False,31.5,60,91,0,33,89,0.2,344.0,171.0,173.0,288.1,9.4
2020-06-02 16:45:00,68394.089285,6713.3660715000005,157759.607143,22,4135001,0.09815710892099498,0.25,True,1678.3415178750001,17098.52232125,25.7980978,31.919557666666662,0.21379486,False,31.5,60,91,0,33,89,0.2,344.0,171.0,173.0,288.1,9.4
2020-06-02 17:00:00,61327.017856,6018.7464287,159313.589286,22,4135001,0.09814184089029773,0.25,True,1504.686607175,15331.754464,25.5590068,29.73031406666666,0.1890867986666666,False,31.2,55,92,0,29,60,0.0,162.0,53.0,109.0,137.7,6.5
2020-06-02 17:15:00,33945.928571,3316.7607143,160481.928571,22,4135001,0.09770717296369699,0.25,True,829.190178575,8486.48214275,25.315805933333333,28.12346393333333,0.1091103762666666,False,31.2,55,92,0,29,60,0.0,162.0,53.0,109.0,137.7,6.5
2020-06-02 17:30:00,20496.0714287,1990.35,161135.928571,22,4135001,0.09710885361245257,0.25,True,497.5875,5124.017857175,25.183624333333327,26.1870504,0.0669730784,False,31.2,55,92,0,29,60,0.0,162.0,53.0,109.0,137.7,6.5
2020-06-02 17:45:00,13233.1607142,1281.05357144,161542.517857,22,4135001,0.09680631854378904,0.25,True,320.26339286,3308.29017855,25.066615933333328,25.4084758,0.0453966223333333,False,31.2,55,92,0,29,60,0.0,162.0,53.0,109.0,137.7,6.5
2020-06-02 18:00:00,7549.327381,729.57797619,161777.886904,22,4135001,0.0966414541812278,0.25,True,182.3944940475,1887.33184525,24.707338533333328,24.479459666666667,0.0277481900666666,False,30.8,58,73,0,25,69,0.0,71.0,24.0,47.0,150.0,4.6
2020-06-02 18:15:00,4171.8571428,402.9375,103026.232142,14,4135001,0.09658468308182838,0.25,True,100.734375,1042.9642857,24.5652384,23.850461733333333,0.0213697816666666,False,30.8,58,73,0,25,69,0.0,71.0,24.0,47.0,150.0,4.6
2020-06-02 18:30:00,887.6428571399999,85.567857141,103091.535714,14,4135001,0.0963989699829288,0.25,True,21.39196428525,221.91071428499998,24.523747071428573,23.540012857142862,0.0064823013785714,False,30.8,58,73,0,25,69,0.0,71.0,24.0,47.0,150.0,4.6
2020-06-02 18:45:00,0.0,0.0,103099.0,14,4135001,,0.25,True,0.0,0.0,24.480450466666667,23.12403173333333,0.0001651499813333,False,30.8,58,73,0,25,69,0.0,71.0,24.0,47.0,150.0,4.6
2020-06-02 19:00:00,0.0,0.0,103099.0,22,4135001,,0.25,True,0.0,0.0,24.41660966666667,22.7959472,0.0,False,29.8,66,61,6,24,54,0.0,1.0,0.0,1.0,0.0,5.3
2020-06-02 19:15:00,0.0,0.0,103099.0,22,4135001,,0.25,True,0.0,0.0,24.300563533333328,22.399615600000004,0.0,False,29.8,66,61,6,24,54,0.0,1.0,0.0,1.0,0.0,5.3
2020-06-02 19:30:00,0.0,0.0,103099.0,22,4135001,,0.25,True,0.0,0.0,24.10461833333333,21.834912200000005,0.0,False,29.8,66,61,6,24,54,0.0,1.0,0.0,1.0,0.0,5.3
2020-06-02 19:45:00,0.0,0.0,103099.0,22,4135001,,0.25,True,0.0,0.0,24.030802466666668,21.673779266666664,0.0,False,29.8,66,61,6,24,54,0.0,1.0,0.0,1.0,0.0,5.3
2020-06-02 20:00:00,0.0,0.0,103099.0,22,4135001,,0.25,True,0.0,0.0,23.870035866666665,21.517218066666665,0.0,False,29.2,69,87,4,9,86,0.0,0.0,0.0,0.0,0.0,7.9
2020-06-02 20:15:00,0.0,0.0,103099.0,22,4135001,,0.25,True,0.0,0.0,23.69544473333333,21.070044,0.0,False,29.2,69,87,4,9,86,0.0,0.0,0.0,0.0,0.0,7.9
2020-06-02 20:30:00,0.0,0.0,103099.0,22,4135001,,0.25,True,0.0,0.0,23.532930466666656,20.721944066666666,0.0,False,29.2,69,87,4,9,86,0.0,0.0,0.0,0.0,0.0,7.9
2020-06-02 20:45:00,0.0,0.0,103099.0,22,4135001,,0.25,True,0.0,0.0,23.400419,20.67472835714285,0.0,False,29.2,69,87,4,9,86,0.0,0.0,0.0,0.0,0.0,7.9
2020-06-02 21:00:00,0.0,0.0,103099.0,22,4135001,,0.25,True,0.0,0.0,23.181156533333333,20.4064982,0.0,False,28.6,72,89,11,5,88,0.0,0.0,0.0,0.0,0.0,2.9
2020-06-02 21:15:00,0.0,0.0,103099.0,22,4135001,,0.25,True,0.0,0.0,23.0872802,20.397253666666668,0.0,False,28.6,72,89,11,5,88,0.0,0.0,0.0,0.0,0.0,2.9
2020-06-02 21:30:00,0.0,0.0,103099.0,22,4135001,,0.25,True,0.0,0.0,23.0178122,20.391391933333328,0.0,False,28.6,72,89,11,5,88,0.0,0.0,0.0,0.0,0.0,2.9
2020-06-02 21:45:00,0.0,0.0,103099.0,22,4135001,,0.25,True,0.0,0.0,23.030607066666665,20.322650133333333,0.0,False,28.6,72,89,11,5,88,0.0,0.0,0.0,0.0,0.0,2.9
2020-06-02 22:00:00,0.0,0.0,103099.0,22,4135001,,0.25,True,0.0,0.0,23.1034912,20.658549266666665,0.0,False,28.5,74,88,8,3,88,0.0,0.0,0.0,0.0,0.0,3.6
2020-06-02 22:15:00,0.0,0.0,103099.0,22,4135001,,0.25,True,0.0,0.0,23.0956054,20.8178508,0.0,False,28.5,74,88,8,3,88,0.0,0.0,0.0,0.0,0.0,3.6
2020-06-02 22:30:00,0.0,0.0,103099.0,22,4135001,,0.25,True,0.0,0.0,23.077539066666667,21.05610346666667,0.0,False,28.5,74,88,8,3,88,0.0,0.0,0.0,0.0,0.0,3.6
2020-06-02 22:45:00,0.0,0.0,103099.0,22,4135001,,0.25,True,0.0,0.0,23.097322666666663,21.322857666666668,0.0,False,28.5,74,88,8,3,88,0.0,0.0,0.0,0.0,0.0,3.6
2020-06-02 23:00:00,0.0,0.0,103099.0,22,4135001,,0.25,True,0.0,0.0,23.029817857142856,21.02276614285714,0.0,False,28.0,78,94,6,4,94,0.0,0.0,0.0,0.0,0.0,4.3
2020-06-02 23:15:00,0.0,0.0,103099.0,22,4135001,,0.25,True,0.0,0.0,23.154599933333333,21.314619866666668,0.0,False,28.0,78,94,6,4,94,0.0,0.0,0.0,0.0,0.0,4.3
2020-06-02 23:30:00,0.0,0.0,103099.0,22,4135001,,0.25,True,0.0,0.0,23.1262676,21.27200126666667,0.0,False,28.0,78,94,6,4,94,0.0,0.0,0.0,0.0,0.0,4.3
2020-06-02 23:45:00,0.0,0.0,88402.75,22,4135001,,0.25,True,0.0,0.0,23.185095266666664,21.173158933333333,0.0,False,28.0,78,94,6,4,94,0.0,0.0,0.0,0.0,0.0,4.3
2020-06-03 00:00:00,0.0,0.0,1063.714286,22,4135001,,0.25,True,0.0,0.0,23.1571288,20.89146513333333,0.0,False,27.8,79,92,18,5,91,0.0,0.0,0.0,0.0,0.0,8.9
2020-06-03 00:15:00,0.0,0.0,0.0,22,4135001,,0.25,True,0.0,0.0,22.974324466666666,20.576291866666665,0.0,False,27.8,79,92,18,5,91,0.0,0.0,0.0,0.0,0.0,8.9
2020-06-03 00:30:00,0.0,0.0,0.0,22,4135001,,0.25,True,0.0,0.0,22.67297173333333,20.458264266666664,0.0,False,27.8,79,92,18,5,91,0.0,0.0,0.0,0.0,0.0,8.9
2020-06-03 00:45:00,0.0,0.0,0.0,22,4135001,,0.25,True,0.0,0.0,22.598681599999995,20.54110713333333,0.0,False,27.8,79,92,18,5,91,0.0,0.0,0.0,0.0,0.0,8.9
2020-06-03 01:00:00,0.0,0.0,0.0,22,4135001,,0.25,True,0.0,0.0,22.704483933333336,21.236881666666665,0.0,False,28.1,65,89,0,3,88,0.0,0.0,0.0,0.0,0.0,12.8
2020-06-03 01:15:00,0.0,0.0,0.0,22,4135001,,0.25,True,0.0,0.0,22.80064392857143,21.723000642857144,0.0,False,28.1,65,89,0,3,88,0.0,0.0,0.0,0.0,0.0,12.8
2020-06-03 01:30:00,0.0,0.0,0.0,22,4135001,,0.25,True,0.0,0.0,22.88334766666667,21.585738133333333,0.0,False,28.1,65,89,0,3,88,0.0,0.0,0.0,0.0,0.0,12.8
2020-06-03 01:45:00,0.0,0.0,0.0,22,4135001,,0.25,True,0.0,0.0,22.937446866666665,21.3681458,0.0,False,28.1,65,89,0,3,88,0.0,0.0,0.0,0.0,0.0,12.8
2020-06-03 02:00:00,0.0,0.0,0.0,22,4135001,,0.25,True,0.0,0.0,22.842895466666665,21.206132000000004,0.0,False,27.4,64,92,0,1,92,0.0,0.0,0.0,0.0,0.0,12.4
2020-06-03 02:15:00,0.0,0.0,0.0,22,4135001,,0.25,True,0.0,0.0,22.660235666666665,20.99209193333333,0.0,False,27.4,64,92,0,1,92,0.0,0.0,0.0,0.0,0.0,12.4
2020-06-03 02:30:00,0.0,0.0,0.0,22,4135001,,0.25,True,0.0,0.0,22.50123506666667,21.111612933333337,0.0,False,27.4,64,92,0,1,92,0.0,0.0,0.0,0.0,0.0,12.4
2020-06-03 02:45:00,0.0,0.0,0.0,22,4135001,,0.25,True,0.0,0.0,22.459503133333328,21.399143466666665,0.0,False,27.4,64,92,0,1,92,0.0,0.0,0.0,0.0,0.0,12.4
2020-06-03 03:00:00,0.0,0.0,0.0,22,4135001,,0.25,True,0.0,0.0,22.44995926666667,21.3038554,0.0,False,26.9,67,93,0,6,92,0.0,0.0,0.0,0.0,0.0,11.6
2020-06-03 03:15:00,0.0,0.0,0.0,22,4135001,,0.25,True,0.0,0.0,22.509222928571425,20.78928271428571,0.0,False,26.9,67,93,0,6,92,0.0,0.0,0.0,0.0,0.0,11.6
2020-06-03 03:30:00,0.0,0.0,0.0,22,4135001,,0.25,True,0.0,0.0,22.4485492,20.51603193333333,0.0,False,26.9,67,93,0,6,92,0.0,0.0,0.0,0.0,0.0,11.6
2020-06-03 03:45:00,0.0,0.0,0.0,22,4135001,,0.25,True,0.0,0.0,22.349910333333334,20.45167633333333,0.0,False,26.9,67,93,0,6,92,0.0,0.0,0.0,0.0,0.0,11.6
2020-06-03 04:00:00,0.0,0.0,0.0,22,4135001,,0.25,True,0.0,0.0,22.364552866666667,20.554268266666668,0.0,False,26.7,68,87,0,3,87,0.0,0.0,0.0,0.0,0.0,11.5
2020-06-03 04:15:00,0.0,0.0,0.0,22,4135001,,0.25,True,0.0,0.0,22.34726146666667,20.68842773333333,0.0,False,26.7,68,87,0,3,87,0.0,0.0,0.0,0.0,0.0,11.5
2020-06-03 04:30:00,0.0,0.0,0.0,22,4135001,,0.25,True,0.0,0.0,22.3204386,20.8757264,0.0,False,26.7,68,87,0,3,87,0.0,0.0,0.0,0.0,0.0,11.5
2020-06-03 04:45:00,0.0,0.0,0.0,22,4135001,,0.25,True,0.0,0.0,22.3295206,21.20482786666667,0.0,False,26.7,68,87,0,3,87,0.0,0.0,0.0,0.0,0.0,11.5
2020-06-03 05:00:00,0.0,0.0,0.0,22,4135001,,0.25,True,0.0,0.0,22.29955246666667,21.041841466666664,0.0,False,26.9,67,93,1,92,97,0.0,0.0,0.0,0.0,0.0,7.8
2020-06-03 05:15:00,0.0,0.0,0.0,22,4135001,,0.25,True,0.0,0.0,22.230548066666667,21.1730612,0.0,False,26.9,67,93,1,92,97,0.0,0.0,0.0,0.0,0.0,7.8
2020-06-03 05:30:00,0.0,0.0,0.0,22,4135001,,0.25,True,0.0,0.0,22.029776500000004,21.009530285714284,0.0,False,26.9,67,93,1,92,97,0.0,0.0,0.0,0.0,0.0,7.8
2020-06-03 05:45:00,0.0,0.0,0.0,22,4135001,,0.25,True,0.0,0.0,21.9093404,20.571130533333328,0.000166865986,False,26.9,67,93,1,92,97,0.0,0.0,0.0,0.0,0.0,7.8
2020-06-03 06:00:00,1264.83928572,122.067857143,2.321428571,22,4135001,0.09650859087090564,0.25,True,30.51696428575,316.20982143,21.8664428,20.341811066666665,0.0066135848333333,False,27.7,64,99,0,88,98,0.0,16.0,2.0,14.0,19.9,7.2
2020-06-03 06:15:00,7380.5535715,713.25357144,90.803571428,22,4135001,0.09663957649385921,0.25,True,178.31339286,1845.138392875,21.8627444,20.6966776,0.0238564609333333,False,27.7,64,99,0,88,98,0.0,16.0,2.0,14.0,19.9,7.2
2020-06-03 06:30:00,13328.3928572,1289.94821429,344.91071429,22,4135001,0.09678197725040567,0.25,True,322.4870535725,3332.0982143,21.970450733333333,21.57549253333333,0.0422210322666666,False,27.7,64,99,0,88,98,0.0,16.0,2.0,14.0,19.9,7.2
2020-06-03 06:45:00,19988.9999998,1940.85357142,736.01785715,22,4135001,0.09709608141675018,0.25,True,485.213392855,4997.24999995,22.115535533333336,22.72741286666667,0.0625831249333333,False,27.7,64,99,0,88,98,0.0,16.0,2.0,14.0,19.9,7.2
2020-06-03 07:00:00,31571.660714,3079.2482142999997,1350.78571428,22,4135001,0.09753203172282132,0.25,True,769.8120535749999,7892.9151785,22.39704986666667,24.1448362,0.099085612,False,28.6,61,98,0,54,97,0.0,105.0,6.0,99.0,22.3,8.0
2020-06-03 07:15:00,48720.696428,4776.7857143,2325.1964286,22,4135001,0.0980442822971381,0.25,True,1194.196428575,12180.174107,22.7777608,26.293044066666663,0.1566565473333333,False,28.6,61,98,0,54,97,0.0,105.0,6.0,99.0,22.3,8.0
2020-06-03 07:30:00,61366.107141,6019.3732144,3689.9821427,22,4135001,0.0980895398916111,0.25,True,1504.8433036,15341.52678525,23.2902242,28.91189793333333,0.196718574,False,28.6,61,98,0,54,97,0.0,105.0,6.0,99.0,22.3,8.0
2020-06-03 07:45:00,72749.571428,7151.7071429,5333.7321429,22,4135001,0.09830583194538843,0.25,True,1787.926785725,18187.392857,23.853275466666663,30.580068,0.2355113593333333,False,28.6,61,98,0,54,97,0.0,105.0,6.0,99.0,22.3,8.0
2020-06-03 08:00:00,94628.410714,9289.5000001,7329.2321429,22,4135001,0.09816819208954174,0.25,True,2322.375000025,23657.1026785,24.27014585714286,31.983365928571427,0.3050666364285714,False,29.8,56,98,0,77,94,0.0,260.0,74.0,186.0,151.0,10.8
2020-06-03 08:15:00,98757.017856,9695.282143,9774.1250001,22,4135001,0.09817309547699107,0.25,True,2423.82053575,24689.254464,24.698665266666666,34.0502216,0.3131774186666666,False,29.8,56,98,0,77,94,0.0,260.0,74.0,186.0,151.0,10.8
2020-06-03 08:30:00,99424.750001,9759.3125,12194.1071427,22,4135001,0.09815777761474727,0.25,True,2439.828125,24856.18750025,25.202730200000005,34.808233666666666,0.3114204379999999,False,29.8,56,98,0,77,94,0.0,260.0,74.0,186.0,151.0,10.8
2020-06-03 08:45:00,112502.25000100001,11029.310714199999,14747.0178572,22,4135001,0.09803635673154948,0.25,True,2757.3276785499997,28125.562500250002,25.524094533333333,34.50640073333333,0.3506713633333333,False,29.8,56,98,0,77,94,0.0,260.0,74.0,186.0,151.0,10.8
2020-06-03 09:00:00,138657.10714100001,13583.9678571,17854.8750001,22,4135001,0.09796806047083113,0.25,True,3395.991964275,34664.276785250004,25.790447933333336,36.467413466666656,0.4392469226666666,False,31.2,52,94,0,0,94,0.0,484.0,260.0,224.0,380.3,12.9
2020-06-03 09:15:00,137880.303571,13507.9142858,21131.375,22,4135001,0.09796841126654644,0.25,True,3376.97857145,34470.07589275,25.9910524,37.30622160000001,0.4313674273333333,False,31.2,52,94,0,0,94,0.0,484.0,260.0,224.0,380.3,12.9
2020-06-03 09:30:00,126995.982144,12446.7767856,24392.589286,22,4135001,0.09800921710646461,0.25,True,3111.6941964,31748.995536,26.019221933333327,36.83065146666666,0.3919119666666666,False,31.2,52,94,0,0,94,0.0,484.0,260.0,224.0,380.3,12.9
2020-06-03 09:45:00,130291.49999899999,12767.2232143,27660.571429,22,4135001,0.097989686314134,0.25,True,3191.805803575,32572.874999749998,25.796405,36.3065082,0.4066447513333333,False,31.2,52,94,0,0,94,0.0,484.0,260.0,224.0,380.3,12.9
2020-06-03 10:00:00,129318.553572,12672.3339286,30804.839284,22,4135001,0.09799316168150993,0.25,True,3168.08348215,32329.638393,25.976375266666665,36.446625000000004,0.401583068,False,33.0,47,89,1,0,89,0.0,735.0,516.0,219.0,616.1,15.5
2020-06-03 10:15:00,133436.250001,13074.2821427,33939.607144,22,4135001,0.0979814866095384,0.25,True,3268.570535675,33359.06250025,26.170804866666664,36.67445066666666,0.4154079433333333,False,33.0,47,89,1,0,89,0.0,735.0,516.0,219.0,616.1,15.5
2020-06-03 10:30:00,193996.732143,18979.1160714,37824.482142,22,4135001,0.09783214315904044,0.25,True,4744.77901785,48499.18303575,26.6612375,39.588428785714285,0.615580315,False,33.0,47,89,1,0,89,0.0,735.0,516.0,219.0,616.1,15.5
2020-06-03 10:45:00,237416.714286,23196.2196436,43208.624998,22,4135001,0.09770255524493979,0.25,True,5799.0549109,59354.1785715,27.452661200000005,45.572745666666655,0.77591557,False,33.0,47,89,1,0,89,0.0,735.0,516.0,219.0,616.1,15.5
2020-06-03 11:00:00,214267.321437,20952.2249998,48780.767857,22,4135001,0.0977854432457657,0.25,True,5238.05624995,53566.83035925,27.96947633333333,47.941911000000005,0.7143712646666666,False,34.5,42,47,32,5,26,0.0,854.0,637.0,217.0,677.0,20.4
2020-06-03 11:15:00,205570.232142,20107.1267857,53908.339286,22,4135001,0.09781147093228347,0.25,True,5026.781696425,51392.5580355,27.98884273333333,46.194077866666674,0.6610665566666664,False,34.5,42,47,32,5,26,0.0,854.0,637.0,217.0,677.0,20.4
2020-06-03 11:30:00,236707.48214,23121.991071,59077.446428,22,4135001,0.09768170765858833,0.25,True,5780.49776775,59176.870535,27.941221066666667,45.770940866666656,0.8066293299999999,False,34.5,42,47,32,5,26,0.0,854.0,637.0,217.0,677.0,20.4
2020-06-03 11:45:00,286506.39286,27944.460717,65868.25,22,4135001,0.09753520833531602,0.25,True,6986.11517925,71626.598215,28.590588400000005,54.7813884,1.0191046553333334,False,34.5,42,47,32,5,26,0.0,854.0,637.0,217.0,677.0,20.4
2020-06-03 12:00:00,205396.607142,20088.4053571,71864.857143,22,4135001,0.097803004814057,0.25,True,5022.101339275,51349.1517855,28.481665066666665,50.63946126666667,0.663942404,False,35.8,38,90,33,80,64,0.0,816.0,545.0,271.0,552.4,16.9
2020-06-03 12:15:00,222223.196433,21724.2678579,77111.321428,22,4135001,0.09775877679110712,0.25,True,5431.066964475,55555.79910825,28.058274466666663,47.815446,0.7152714659999999,False,35.8,38,90,33,80,64,0.0,816.0,545.0,271.0,552.4,16.9
2020-06-03 12:30:00,247843.55358,24199.192858,82882.321429,22,4135001,0.09763898438532063,0.25,True,6049.7982145,61960.888395,28.570162142857143,49.940274928571434,0.8113028464285714,False,35.8,38,90,33,80,64,0.0,816.0,545.0,271.0,552.4,16.9
2020-06-03 12:45:00,275618.51785,26886.401787,89147.517856,22,4135001,0.09754933012749309,0.25,True,6721.60044675,68904.6294625,28.792797866666664,51.43322746666667,0.8961615320000001,False,35.8,38,90,33,80,64,0.0,816.0,545.0,271.0,552.4,16.9
2020-06-03 13:00:00,241384.85712,23576.955356,95491.482142,22,4135001,0.09767371341061032,0.25,True,5894.238839,60346.21428,29.06769213333333,51.64617686666667,0.7998929533333332,False,35.8,37,100,10,100,75,0.0,595.0,312.0,283.0,321.0,17.1
2020-06-03 13:15:00,217896.303578,21300.5375008,100963.785715,22,4135001,0.09775538708565142,0.25,True,5325.1343752,54474.0758945,28.884842666666664,48.98813886666667,0.711361128,False,35.8,37,100,10,100,75,0.0,595.0,312.0,283.0,321.0,17.1
2020-06-03 13:30:00,226154.51786,22098.1285707,106477.714286,22,4135001,0.09771252318903376,0.25,True,5524.532142675,56538.629465,28.559281400000003,48.776688333333325,0.7504526286666667,False,35.8,37,100,10,100,75,0.0,595.0,312.0,283.0,321.0,17.1
2020-06-03 13:45:00,183598.0,17974.7666667,109848.666666,22,4135001,0.09790284571019293,0.25,True,4493.691666675,45899.5,27.86218783333333,46.6314395,0.6152726233333333,False,35.8,37,100,10,100,75,0.0,595.0,312.0,283.0,321.0,17.1
2020-06-03 14:00:00,29698.0,2907.7,22406.0,4,4135001,0.09790895009764966,0.25,True,726.925,7424.5,28.11209034523809,48.62924114285714,0.6659765388095238,True,34.3,42,44,0,41,20,0.0,417.0,117.0,300.0,130.3,20.6
2020-06-03 14:15:00,214739.160718,20992.7964291,123811.25,22,4135001,0.09775951605151416,0.25,True,5248.199107275,53684.7901795,28.36199285714285,50.62704278571428,0.7166804542857143,False,34.3,42,44,0,41,20,0.0,417.0,117.0,300.0,130.3,20.6
2020-06-03 14:30:00,205743.035707,20113.8607144,129244.571428,22,4135001,0.09776204888433881,0.25,True,5028.4651786,51435.75892675,28.309356666666663,47.377396733333335,0.673311722,False,34.3,42,44,0,41,20,0.0,417.0,117.0,300.0,130.3,20.6
2020-06-03 14:45:00,219961.857153,21493.7196427,134089.25,22,4135001,0.09771566725657124,0.25,True,5373.429910675,54990.46428825,28.27815892857143,45.06816992857143,0.73095554,False,34.3,42,44,0,41,20,0.0,417.0,117.0,300.0,130.3,20.6
2020-06-03 15:00:00,262008.32144,25571.585713,140255.678572,22,4135001,0.09759837234351315,0.25,True,6392.89642825,65502.08036,28.8466328,50.68633446666667,0.867350566,False,35.4,39,88,3,85,33,0.0,523.0,320.0,203.0,416.3,18.9
2020-06-03 15:15:00,241593.23214,23589.492858,146497.339286,22,4135001,0.09764136457403,0.25,True,5897.3732145,60398.308035,28.85288293333333,50.806604,0.7781302413333333,False,35.4,39,88,3,85,33,0.0,523.0,320.0,203.0,416.3,18.9
2020-06-03 15:30:00,152544.214286,14937.2482143,151284.589285,22,4135001,0.09792077847210028,0.25,True,3734.312053575,38136.0535715,28.367865,46.1937744,0.5263113173333333,False,35.4,39,88,3,85,33,0.0,523.0,320.0,203.0,416.3,18.9
2020-06-03 15:45:00,123982.785714,12151.4892858,154652.160714,22,4135001,0.09800948749313243,0.25,True,3037.87232145,30995.6964285,28.200909666666668,40.34545073333332,0.4154654033333333,False,35.4,39,88,3,85,33,0.0,523.0,320.0,203.0,416.3,18.9
2020-06-03 16:00:00,113119.785714,11093.6196428,157548.535714,22,4135001,0.09806966635216163,0.25,True,2773.4049107,28279.9464285,27.406433066666665,36.756546933333325,0.3453362106666667,False,34.0,41,97,0,37,96,0.1,318.0,169.0,149.0,284.5,17.7
2020-06-03 16:15:00,84684.446428,8308.6767857,160187.571429,22,4135001,0.09811337425183694,0.25,True,2077.169196425,21171.111607,27.123667466666664,35.691247399999995,0.2754312246666665,False,34.0,41,97,0,37,96,0.1,318.0,169.0,149.0,284.5,17.7
2020-06-03 16:30:00,56646.035714,5555.4696429,161781.357141,22,4135001,0.0980734057180805,0.25,True,1388.867410725,14161.5089285,26.773728333333327,32.29846993333332,0.1812308813333333,False,34.0,41,97,0,37,96,0.1,318.0,169.0,149.0,284.5,17.7
2020-06-03 16:45:00,96084.535715,9421.2964286,163435.196429,22,4135001,0.09805216165632383,0.25,True,2355.32410715,24021.13392875,26.6105695,32.19503142857143,0.2930501007142857,False,34.0,41,97,0,37,96,0.1,318.0,169.0,149.0,284.5,17.7
2020-06-03 17:00:00,120070.250001,11770.2178571,166343.321428,22,4135001,0.0980277617228412,0.25,True,2942.554464275,30017.56250025,27.07719326666667,36.6476562,0.3938906479999999,False,33.1,44,100,6,50,90,0.0,206.0,99.0,107.0,256.7,21.3
2020-06-03 17:15:00,61668.178572000004,6053.5928571,168511.178571,22,4135001,0.09816396393209821,0.25,True,1513.398214275,15417.044643000001,26.4934388,33.26473993333333,0.2100267246666666,False,33.1,44,100,6,50,90,0.0,206.0,99.0,107.0,256.7,21.3
2020-06-03 17:30:00,46231.392858,4531.9928569,169762.44643,22,4135001,0.0980284732242449,0.25,True,1132.998214225,11557.8482145,26.160349600000004,29.8308308,0.1741178993333333,False,33.1,44,100,6,50,90,0.0,206.0,99.0,107.0,256.7,21.3
2020-06-03 17:45:00,26128.464284,2542.3142856,170633.732142,22,4135001,0.09730056301689376,0.25,True,635.5785714,6532.116071,25.95564166666666,27.818965666666667,0.1089596830666666,False,33.1,44,100,6,50,90,0.0,206.0,99.0,107.0,256.7,21.3
2020-06-03 18:00:00,14761.2500001,1430.30000001,171154.714283,22,4135001,0.09689558811078401,0.25,True,357.5750000025,3690.312500025,25.628292,26.26652213333333,0.0555260570666666,False,31.9,49,89,3,20,88,0.0,69.0,19.0,50.0,118.4,18.2
2020-06-03 18:15:00,7999.5535713,773.09821428,171421.339287,22,4135001,0.09664266979268,0.25,True,193.27455357,1999.888392825,25.138563999999995,24.528363066666664,0.0276320394666666,False,31.9,49,89,3,20,88,0.0,69.0,19.0,50.0,118.4,18.2
2020-06-03 18:30:00,2083.39285718,200.994642856,171548.035713,22,4135001,0.09647467214995571,0.25,True,50.248660714,520.848214295,24.8869608,23.35773320000001,0.00798223048,False,31.9,49,89,3,20,88,0.0,69.0,19.0,50.0,118.4,18.2
2020-06-03 18:45:00,0.0,0.0,171562.0,22,4135001,,0.25,True,0.0,0.0,24.68722533333333,22.586967066666663,8.352672366666667e-05,False,31.9,49,89,3,20,88,0.0,69.0,19.0,50.0,118.4,18.2
2020-06-03 19:00:00,0.0,0.0,171562.0,22,4135001,,0.25,True,0.0,0.0,24.47928673333333,21.997491533333328,0.0,False,31.0,52,88,1,36,86,0.0,1.0,0.0,1.0,0.0,15.1
2020-06-03 19:15:00,0.0,0.0,171562.0,22,4135001,,0.25,True,0.0,0.0,24.196650928571422,21.709464,0.0,False,31.0,52,88,1,36,86,0.0,1.0,0.0,1.0,0.0,15.1
2020-06-03 19:30:00,0.0,0.0,171562.0,22,4135001,,0.25,True,0.0,0.0,23.983721866666667,21.4879578,0.0,False,31.0,52,88,1,36,86,0.0,1.0,0.0,1.0,0.0,15.1
2020-06-03 19:45:00,0.0,0.0,171562.0,22,4135001,,0.25,True,0.0,0.0,23.86744786666667,21.385422733333336,0.0,False,31.0,52,88,1,36,86,0.0,1.0,0.0,1.0,0.0,15.1
2020-06-03 20:00:00,0.0,0.0,171562.0,22,4135001,,0.25,True,0.0,0.0,23.7355346,21.4588258,0.0,False,30.6,54,93,1,24,92,0.0,0.0,0.0,0.0,0.0,15.6
2020-06-03 20:15:00,0.0,0.0,171562.0,22,4135001,,0.25,True,0.0,0.0,23.68221646666667,21.54895426666667,0.0,False,30.6,54,93,1,24,92,0.0,0.0,0.0,0.0,0.0,15.6
2020-06-03 20:30:00,0.0,0.0,171562.0,22,4135001,,0.25,True,0.0,0.0,23.664009666666665,21.192350066666663,0.0,False,30.6,54,93,1,24,92,0.0,0.0,0.0,0.0,0.0,15.6
2020-06-03 20:45:00,0.0,0.0,171562.0,22,4135001,,0.25,True,0.0,0.0,23.60763366666666,21.040781666666668,0.0,False,30.6,54,93,1,24,92,0.0,0.0,0.0,0.0,0.0,15.6
2020-06-03 21:00:00,0.0,0.0,171562.0,22,4135001,,0.25,True,0.0,0.0,23.581404733333333,21.031243933333336,0.0,False,30.1,55,91,0,28,89,0.0,0.0,0.0,0.0,0.0,15.4
2020-06-03 21:15:00,0.0,0.0,171562.0,22,4135001,,0.25,True,0.0,0.0,23.54292971428572,21.000418571428572,0.0,False,30.1,55,91,0,28,89,0.0,0.0,0.0,0.0,0.0,15.4
2020-06-03 21:30:00,0.0,0.0,171562.0,22,4135001,,0.25,True,0.0,0.0,23.35550553333333,20.846651266666665,0.0,False,30.1,55,91,0,28,89,0.0,0.0,0.0,0.0,0.0,15.4
2020-06-03 21:45:00,0.0,0.0,171562.0,22,4135001,,0.25,True,0.0,0.0,23.153045666666667,20.723840333333328,0.0,False,30.1,55,91,0,28,89,0.0,0.0,0.0,0.0,0.0,15.4
2020-06-03 22:00:00,0.0,0.0,171562.0,22,4135001,,0.25,True,0.0,0.0,23.12093293333333,20.880371199999995,0.0,False,29.6,57,90,0,14,89,0.0,0.0,0.0,0.0,0.0,15.2
2020-06-03 22:15:00,0.0,0.0,171562.0,22,4135001,,0.25,True,0.0,0.0,23.2737874,21.277950066666666,0.0,False,29.6,57,90,0,14,89,0.0,0.0,0.0,0.0,0.0,15.2
2020-06-03 22:30:00,0.0,0.0,171562.0,22,4135001,,0.25,True,0.0,0.0,23.410107466666663,21.48009253333333,0.0,False,29.6,57,90,0,14,89,0.0,0.0,0.0,0.0,0.0,15.2
2020-06-03 22:45:00,0.0,0.0,171562.0,22,4135001,,0.25,True,0.0,0.0,23.3567708,21.421516933333333,0.0,False,29.6,57,90,0,14,89,0.0,0.0,0.0,0.0,0.0,15.2
2020-06-03 23:00:00,0.0,0.0,171562.0,22,4135001,,0.25,True,0.0,0.0,23.29439086666667,21.5673136,0.0,False,28.9,58,90,0,2,90,0.0,0.0,0.0,0.0,0.0,16.0
2020-06-03 23:15:00,0.0,0.0,171562.0,22,4135001,,0.25,True,0.0,0.0,23.268082733333333,21.781003666666667,0.0,False,28.9,58,90,0,2,90,0.0,0.0,0.0,0.0,0.0,16.0
2020-06-03 23:30:00,0.0,0.0,171562.0,22,4135001,,0.25,True,0.0,0.0,23.3125675,21.87289435714285,0.0,False,28.9,58,90,0,2,90,0.0,0.0,0.0,0.0,0.0,16.0
2020-06-03 23:45:00,0.0,0.0,154951.428571,22,4135001,,0.25,True,0.0,0.0,23.3070944,22.122367533333332,0.0,False,28.9,58,90,0,2,90,0.0,0.0,0.0,0.0,0.0,16.0
2020-06-04 00:00:00,0.0,0.0,9461.553572,22,4135001,,0.25,True,0.0,0.0,23.232509466666663,21.74905586666667,0.0,False,28.3,60,89,0,0,89,0.0,0.0,0.0,0.0,0.0,15.9
2020-06-04 00:15:00,0.0,0.0,0.0,22,4135001,,0.25,True,0.0,0.0,23.2305298,22.0874878,0.0,False,28.3,60,89,0,0,89,0.0,0.0,0.0,0.0,0.0,15.9
2020-06-04 00:30:00,0.0,0.0,0.0,22,4135001,,0.25,True,0.0,0.0,23.239691066666666,22.0754842,0.0,False,28.3,60,89,0,0,89,0.0,0.0,0.0,0.0,0.0,15.9
2020-06-04 00:45:00,0.0,0.0,0.0,22,4135001,,0.25,True,0.0,0.0,23.223148533333337,21.49751793333333,0.0,False,28.3,60,89,0,0,89,0.0,0.0,0.0,0.0,0.0,15.9
2020-06-04 01:00:00,0.0,0.0,0.0,22,4135001,,0.25,True,0.0,0.0,23.04567046666667,20.8985536,0.0,False,27.7,62,91,0,0,91,0.0,0.0,0.0,0.0,0.0,15.8
2020-06-04 01:15:00,0.0,0.0,0.0,22,4135001,,0.25,True,0.0,0.0,22.96156013333333,20.781929533333333,0.0,False,27.7,62,91,0,0,91,0.0,0.0,0.0,0.0,0.0,15.8
2020-06-04 01:30:00,0.0,0.0,0.0,22,4135001,,0.25,True,0.0,0.0,22.874760071428568,20.64805378571429,0.0,False,27.7,62,91,0,0,91,0.0,0.0,0.0,0.0,0.0,15.8
2020-06-04 01:45:00,0.0,0.0,0.0,22,4135001,,0.25,True,0.0,0.0,22.878147466666665,21.0011492,0.0,False,27.7,62,91,0,0,91,0.0,0.0,0.0,0.0,0.0,15.8
2020-06-04 02:00:00,0.0,0.0,0.0,22,4135001,,0.25,True,0.0,0.0,22.99037886666667,21.9415954,0.0,False,27.2,65,95,0,0,95,0.0,0.0,0.0,0.0,0.0,14.3
2020-06-04 02:15:00,0.0,0.0,0.0,22,4135001,,0.25,True,0.0,0.0,22.9795756,21.582159600000004,0.0,False,27.2,65,95,0,0,95,0.0,0.0,0.0,0.0,0.0,14.3
2020-06-04 02:30:00,0.0,0.0,0.0,22,4135001,,0.25,True,0.0,0.0,23.002805466666665,21.08051346666667,0.0,False,27.2,65,95,0,0,95,0.0,0.0,0.0,0.0,0.0,14.3
2020-06-04 02:45:00,0.0,0.0,0.0,22,4135001,,0.25,True,0.0,0.0,22.77749013333333,20.272725466666664,0.0,False,27.2,65,95,0,0,95,0.0,0.0,0.0,0.0,0.0,14.3
2020-06-04 03:00:00,0.0,0.0,0.0,22,4135001,,0.25,True,0.0,0.0,22.51006266666667,19.9091552,0.0,False,26.7,67,95,0,0,95,0.0,0.0,0.0,0.0,0.0,13.5
2020-06-04 03:15:00,0.0,0.0,0.0,22,4135001,,0.25,True,0.0,0.0,22.36554566666667,19.8938822,0.0,False,26.7,67,95,0,0,95,0.0,0.0,0.0,0.0,0.0,13.5
2020-06-04 03:30:00,0.0,0.0,0.0,22,4135001,,0.25,True,0.0,0.0,22.11158453333333,19.4302042,0.0,False,26.7,67,95,0,0,95,0.0,0.0,0.0,0.0,0.0,13.5
2020-06-04 03:45:00,0.0,0.0,0.0,22,4135001,,0.25,True,0.0,0.0,21.8316998,19.176412,0.0,False,26.7,67,95,0,0,95,0.0,0.0,0.0,0.0,0.0,13.5
2020-06-04 04:00:00,0.0,0.0,0.0,22,4135001,,0.25,True,0.0,0.0,21.814058571428568,19.201707928571427,0.0,False,26.4,70,89,0,1,89,0.0,0.0,0.0,0.0,0.0,11.6
2020-06-04 04:15:00,0.0,0.0,0.0,22,4135001,,0.25,True,0.0,0.0,21.781632533333337,19.239917066666667,0.0,False,26.4,70,89,0,1,89,0.0,0.0,0.0,0.0,0.0,11.6
2020-06-04 04:30:00,0.0,0.0,0.0,22,4135001,,0.25,True,0.0,0.0,21.7417174,19.2718446,0.0,False,26.4,70,89,0,1,89,0.0,0.0,0.0,0.0,0.0,11.6
2020-06-04 04:45:00,0.0,0.0,0.0,22,4135001,,0.25,True,0.0,0.0,21.9011658,19.596323666666663,0.0,False,26.4,70,89,0,1,89,0.0,0.0,0.0,0.0,0.0,11.6
2020-06-04 05:00:00,0.0,0.0,0.0,22,4135001,,0.25,True,0.0,0.0,22.10740133333333,19.78210866666667,0.0,False,26.6,70,89,0,66,94,0.0,0.0,0.0,0.0,0.0,9.5
2020-06-04 05:15:00,0.0,0.0,0.0,22,4135001,,0.25,True,0.0,0.0,22.293249466666666,20.07742533333333,0.0,False,26.6,70,89,0,66,94,0.0,0.0,0.0,0.0,0.0,9.5
2020-06-04 05:30:00,0.0,0.0,0.0,22,4135001,,0.25,True,0.0,0.0,22.30016693333333,20.21210933333333,0.0,False,26.6,70,89,0,66,94,0.0,0.0,0.0,0.0,0.0,9.5
2020-06-04 05:45:00,0.0,0.0,0.0,22,4135001,,0.25,True,0.0,0.0,22.331740266666667,20.44576413333333,0.000426552467,False,26.6,70,89,0,66,94,0.0,0.0,0.0,0.0,0.0,9.5
2020-06-04 06:00:00,1508.32142856,145.544642857,6.500000001,22,4135001,0.09649444747062436,0.25,True,36.38616071425,377.08035714,22.37077833333333,20.5307474,0.00815802132,False,26.6,76,98,0,82,95,0.9,17.0,2.0,15.0,20.0,12.6
2020-06-04 06:15:00,8426.1785713,814.48035716,118.857142859,22,4135001,0.09666070452555589,0.25,True,203.62008929,2106.544642825,22.37073828571429,20.5436425,0.027412691,False,26.6,76,98,0,82,95,0.9,17.0,2.0,15.0,20.0,12.6
2020-06-04 06:30:00,16244.3571428,1574.9428571400001,414.07142857,22,4135001,0.09695322771440441,0.25,True,393.73571428500003,4061.0892857,22.413663666666665,20.99587586666667,0.0525060624,False,26.6,76,98,0,82,95,0.9,17.0,2.0,15.0,20.0,12.6
2020-06-04 06:45:00,26523.625,2580.6410714,916.64285715,22,4135001,0.09729594168972001,0.25,True,645.16026785,6630.90625,22.569683933333334,21.829941666666667,0.0880664663333333,False,26.6,76,98,0,82,95,0.9,17.0,2.0,15.0,20.0,12.6
2020-06-04 07:00:00,40864.5,4004.1803572,1726.0892857,22,4135001,0.09798676986626534,0.25,True,1001.0450893,10216.125,22.91924653333333,22.999210466666668,0.1541802237333333,False,27.3,72,95,0,35,94,0.0,77.0,14.0,63.0,52.0,11.9
2020-06-04 07:15:00,55111.785715,5406.0696429,2902.6250001,22,4135001,0.09809280488308707,0.25,True,1351.517410725,13777.94642875,23.307012799999995,25.084910200000003,0.201037406,False,27.3,72,95,0,35,94,0.0,77.0,14.0,63.0,52.0,11.9
2020-06-04 07:30:00,56590.892858,5554.7750001,4367.9642856,22,4135001,0.09815669482434658,0.25,True,1388.693750025,14147.7232145,23.6712912,28.608892933333333,0.2021267246666666,False,27.3,72,95,0,35,94,0.0,77.0,14.0,63.0,52.0,11.9
2020-06-04 07:45:00,74608.785714,7318.0892856,5715.8392856,22,4135001,0.09808615990149795,0.25,True,1829.5223214,18652.1964285,24.115726666666664,29.42869673333333,0.2576330546666666,False,27.3,72,95,0,35,94,0.0,77.0,14.0,63.0,52.0,11.9
2020-06-04 08:00:00,108404.589286,10635.3874999,8264.1071429,22,4135001,0.09810827724129864,0.25,True,2658.846874975,27101.1473215,24.827956066666665,34.91220333333333,0.3536178413333332,False,29.0,64,93,0,62,90,0.0,280.0,124.0,156.0,253.3,15.8
2020-06-04 08:15:00,116275.267857,11401.3696427,10842.4107142,22,4135001,0.09805498497515278,0.25,True,2850.342410675,29068.81696425,25.16537493333333,36.236173666666666,0.3698281293333333,False,29.0,64,93,0,62,90,0.0,280.0,124.0,156.0,253.3,15.8
2020-06-04 08:30:00,140712.75,13783.9214286,14078.5714285,22,4135001,0.09795787111402485,0.25,True,3445.98035715,35178.1875,25.49385071428572,40.286078142857136,0.50896689,False,29.0,64,93,0,62,90,0.0,280.0,124.0,156.0,253.3,15.8
2020-06-04 08:45:00,106384.732143,10429.3982144,16910.5892858,22,4135001,0.09803472739284651,0.25,True,2607.3495536,26596.18303575,25.7016844,38.59687113333333,0.339791978,False,29.0,64,93,0,62,90,0.0,280.0,124.0,156.0,253.3,15.8
2020-06-04 09:00:00,168924.410714,16533.5017858,20423.8928571,22,4135001,0.09787514851120181,0.25,True,4133.37544645,42231.1026785,26.23224886666667,41.591343,0.5240877666666666,False,29.6,62,76,0,47,65,0.1,410.0,189.0,221.0,276.6,14.8
2020-06-04 09:15:00,144483.285714,14149.4196429,24191.285714999998,22,4135001,0.0979311868011385,0.25,True,3537.354910725,36120.8214285,26.67907113333333,42.56844686666666,0.4329602066666666,False,29.6,62,76,0,47,65,0.1,410.0,189.0,221.0,276.6,14.8
2020-06-04 09:30:00,146737.267857,14367.0321429,27772.517856,22,4135001,0.09790990627480618,0.25,True,3591.758035725,36684.31696425,26.958341533333336,42.141090666666656,0.4031702393333333,False,29.6,62,76,0,47,65,0.1,410.0,189.0,221.0,276.6,14.8
2020-06-04 09:45:00,147830.785714,14467.0732142,31430.285714999998,22,4135001,0.09786238464692085,0.25,True,3616.76830355,36957.6964285,27.355015066666667,42.377244466666674,0.5299622466666666,False,29.6,62,76,0,47,65,0.1,410.0,189.0,221.0,276.6,14.8
2020-06-04 10:00:00,213117.500017,20814.4410707,35840.678570000004,22,4135001,0.09766650354400586,0.25,True,5203.610267675,53279.37500425,27.51010546666667,45.047931266666666,0.6935108126666668,False,31.0,57,92,17,30,90,0.0,485.0,213.0,272.0,254.5,18.2
2020-06-04 10:15:00,178955.107143,17488.635714199998,40122.339287,22,4135001,0.09772638508844078,0.25,True,4372.1589285499995,44738.77678575,27.60956433333333,43.5676756,0.5722798133333333,False,31.0,57,92,17,30,90,0.0,485.0,213.0,272.0,254.5,18.2
2020-06-04 10:30:00,214412.499997,20934.758929,45141.196429,22,4135001,0.09763777265454632,0.25,True,5233.68973225,53603.12499925,27.759671857142852,46.865433142857135,0.740527077142857,False,31.0,57,92,17,30,90,0.0,485.0,213.0,272.0,254.5,18.2
2020-06-04 10:45:00,268669.44643,26206.369642999998,51457.196428,22,4135001,0.0975413095579809,0.25,True,6551.5924107499995,67167.3616075,28.609558066666665,53.49905786666666,0.9900746606666666,False,31.0,57,92,17,30,90,0.0,485.0,213.0,272.0,254.5,18.2
2020-06-04 11:00:00,217730.60713299998,21265.6392862,57139.160714,22,4135001,0.09766949886475979,0.25,True,5316.40982155,54432.651783249996,28.900441466666667,52.5498042,0.7482029,False,33.5,47,97,10,36,96,0.0,754.0,485.0,269.0,515.7,19.2
2020-06-04 11:15:00,216385.553578,21137.1750002,62657.285714,22,4135001,0.09768293054083545,0.25,True,5284.29375005,54096.3883945,29.128914533333333,53.990102,0.7289688126666665,False,33.5,47,97,10,36,96,0.0,754.0,485.0,269.0,515.7,19.2
2020-06-04 11:30:00,206619.19643,20198.3410713,67403.803573,22,4135001,0.09775636252724923,0.25,True,5049.585267825,51654.7991075,28.9166118,49.0042542,0.6855142546666666,False,33.5,47,97,10,36,96,0.0,754.0,485.0,269.0,515.7,19.2
2020-06-04 11:45:00,234062.76785,22858.1857137,72863.928573,22,4135001,0.09765835858332135,0.25,True,5714.546428425,58515.6919625,28.901027466666665,50.7513082,0.819862228,False,33.5,47,97,10,36,96,0.0,754.0,485.0,269.0,515.7,19.2
2020-06-04 12:00:00,254973.625,24877.5821443,78923.821429,22,4135001,0.09756923738406276,0.25,True,6219.395536075,63743.40625,29.428778066666663,54.02926233333333,0.8495404559999999,False,34.3,45,98,7,10,98,0.0,745.0,429.0,316.0,434.9,16.1
2020-06-04 12:15:00,241891.80358,23609.391073,84741.125,22,4135001,0.09760310487408372,0.25,True,5902.34776825,60472.950895,29.520699200000003,53.681734000000006,0.873090314,False,34.3,45,98,7,10,98,0.0,745.0,429.0,316.0,434.9,16.1
2020-06-04 12:30:00,205627.125004,20087.0196426,90474.642856,22,4135001,0.09768662399092169,0.25,True,5021.75491065,51406.781251,29.7818786,52.660978,0.7917845233333333,False,34.3,45,98,7,10,98,0.0,745.0,429.0,316.0,434.9,16.1
2020-06-04 12:45:00,179072.892858,17502.694642899998,94812.428571,22,4135001,0.09774061480527466,0.25,True,4375.6736607249995,44768.2232145,29.397380285714288,47.38953071428571,0.5456316214285714,False,34.3,45,98,7,10,98,0.0,745.0,429.0,316.0,434.9,16.1
2020-06-04 13:00:00,271756.74999,26511.916072,100606.535715,22,4135001,0.09755752551859549,0.25,True,6627.979018,67939.1874975,30.0188802,53.659336200000006,0.9989916353333332,False,35.6,40,99,1,24,99,0.0,792.0,491.0,301.0,505.2,15.2
2020-06-04 13:15:00,273825.74999,26711.939287,107259.428571,22,4135001,0.09755086688514689,0.25,True,6677.98482175,68456.4374975,30.470314466666665,57.810960066666674,1.0396661320000002,False,35.6,40,99,1,24,99,0.0,792.0,491.0,301.0,505.2,15.2
2020-06-04 13:30:00,173753.571428,17004.8053571,112855.928573,22,4135001,0.09786737168822138,0.25,True,4251.201339275,43438.392857,29.7998332,51.68366739999999,0.5834999766666668,False,35.6,40,99,1,24,99,0.0,792.0,491.0,301.0,505.2,15.2
2020-06-04 13:45:00,248432.49998,24249.825001,118011.803572,22,4135001,0.0976113230070632,0.25,True,6062.45625025,62108.124995,29.653444333333336,49.9063132,0.8152746660000002,False,35.6,40,99,1,24,99,0.0,792.0,491.0,301.0,505.2,15.2
2020-06-04 14:00:00,177648.946428,17367.2857143,123410.107144,22,4135001,0.09776182782676311,0.25,True,4341.821428575,44412.236607,29.892468333333333,49.5533302,0.638300066,False,34.9,40,100,3,31,100,0.2,716.0,432.0,284.0,481.2,21.3
2020-06-04 14:15:00,161086.892856,15758.557143,127024.160715,22,4135001,0.09782643928135736,0.25,True,3939.63928575,40271.723214,29.012854,42.45200799999999,0.5060438120000001,False,34.9,40,100,3,31,100,0.2,716.0,432.0,284.0,481.2,21.3
2020-06-04 14:30:00,154733.964286,15151.360714299999,131269.892857,22,4135001,0.09791877810546641,0.25,True,3787.8401785749998,38683.4910715,29.053249066666663,43.63637693333334,0.4784254099999999,False,34.9,40,100,3,31,100,0.2,716.0,432.0,284.0,481.2,21.3
2020-06-04 14:45:00,223138.4107,21798.5303571,135691.232144,22,4135001,0.09769062300263125,0.25,True,5449.632589275,55784.602675,29.025638800000003,45.191560933333335,0.6831317153333333,False,34.9,40,100,3,31,100,0.2,716.0,432.0,284.0,481.2,21.3
2020-06-04 15:00:00,248848.51786,24283.514285,141730.535715,22,4135001,0.09758351986111363,0.25,True,6070.87857125,62212.129465,29.316604714285717,50.0400065,0.828218792857143,False,35.3,38,100,0,11,100,0.0,593.0,324.0,269.0,421.3,20.8
2020-06-04 15:15:00,183528.464286,17951.3964284,146938.089285,22,4135001,0.09781260088585275,0.25,True,4487.8491071,45882.1160715,28.8240906,47.455545866666654,0.5762455473333332,False,35.3,38,100,0,11,100,0.0,593.0,324.0,269.0,421.3,20.8
2020-06-04 15:30:00,189792.874999,18567.2446428,151423.964285,22,4135001,0.09782898669350906,0.25,True,4641.8111607,47448.21874975,28.671067200000003,44.87971400000001,0.6145960239999999,False,35.3,38,100,0,11,100,0.0,593.0,324.0,269.0,421.3,20.8
2020-06-04 15:45:00,180917.696429,17704.2517858,156033.339284,22,4135001,0.09785804338243893,0.25,True,4426.06294645,45229.42410725,28.89003293333333,46.50682566666666,0.6258264913333333,False,35.3,38,100,0,11,100,0.0,593.0,324.0,269.0,421.3,20.8
2020-06-04 16:00:00,171303.25,16769.1517857,160275.285715,22,4135001,0.09789161493258301,0.25,True,4192.287946425,42825.8125,28.524460866666665,44.30379226666666,0.5470587466666667,False,34.5,41,99,1,22,99,0.1,409.0,223.0,186.0,375.0,21.8
2020-06-04 16:15:00,148346.678572,14530.0446428,164207.892858,22,4135001,0.09794654509738719,0.25,True,3632.5111607,37086.669643,28.310963866666665,41.930027,0.4802661793333333,False,34.5,41,99,1,22,99,0.1,409.0,223.0,186.0,375.0,21.8
2020-06-04 16:30:00,130135.946428,12752.0071428,167609.053571,22,4135001,0.09798989051695468,0.25,True,3188.0017857,32533.986607,28.2263,39.781593666666666,0.423149908,False,34.5,41,99,1,22,99,0.1,409.0,223.0,186.0,375.0,21.8
2020-06-04 16:45:00,84376.321428,8280.9571429,170333.089286,22,4135001,0.09814314019326272,0.25,True,2070.239285725,21094.080357,27.911383066666662,36.725531333333336,0.2771371,False,34.5,41,99,1,22,99,0.1,409.0,223.0,186.0,375.0,21.8
2020-06-04 17:00:00,88979.321429,8741.7482143,172288.107144,22,4135001,0.09824471656906683,0.25,True,2185.437053575,22244.83035725,27.408913857142856,33.94200785714286,0.2966284521428571,False,34.4,38,99,0,12,96,0.0,207.0,79.0,128.0,204.4,17.8
2020-06-04 17:15:00,84051.482142,8259.8446429,174487.392857,22,4135001,0.09827125509750657,0.25,True,2064.961160725,21012.8705355,27.39092606666667,34.17826959999999,0.286518426,False,34.4,38,99,0,12,96,0.0,207.0,79.0,128.0,204.4,17.8
2020-06-04 17:30:00,66929.339287,6572.8910715,176380.392858,22,4135001,0.09820642399164822,0.25,True,1643.222767875,16732.33482175,27.4676554,33.31872753333333,0.2333632346666666,False,34.4,38,99,0,12,96,0.0,207.0,79.0,128.0,204.4,17.8
2020-06-04 17:45:00,41641.928570000004,4078.2071429,177712.839285,22,4135001,0.09793511691094088,0.25,True,1019.551785725,10410.482142500001,27.015501000000004,30.925701933333333,0.1478736336,False,34.4,38,99,0,12,96,0.0,207.0,79.0,128.0,204.4,17.8
2020-06-04 18:00:00,19163.8571429,1860.20714286,178445.517858,22,4135001,0.09706851439086137,0.25,True,465.051785715,4790.964285725,26.4737508,28.1798118,0.0703570209333333,False,33.6,40,100,2,14,100,0.0,73.0,22.0,51.0,136.7,18.4
2020-06-04 18:15:00,6454.625,623.68035716,178742.214286,22,4135001,0.0966253434025989,0.25,True,155.92008929,1613.65625,25.879600133333334,25.6452434,0.0225988850666666,False,33.6,40,100,2,14,100,0.0,73.0,22.0,51.0,136.7,18.4
2020-06-04 18:30:00,1034.70833335,99.761904761,178826.113098,22,4135001,0.09641548400215172,0.25,True,24.94047619025,258.6770833375,25.49142246666667,23.901588933333336,0.0048826057146666,False,33.6,40,100,2,14,100,0.0,73.0,22.0,51.0,136.7,18.4
2020-06-04 18:45:00,0.0,0.0,80142.0,10,4135001,,0.25,True,0.0,0.0,25.1925436,22.83024093333333,0.0,False,33.6,40,100,2,14,100,0.0,73.0,22.0,51.0,136.7,18.4
2020-06-04 19:00:00,0.0,0.0,80142.0,10,4135001,,0.25,True,0.0,0.0,24.911574333333327,22.163502866666665,0.0,False,32.3,46,100,0,2,100,0.0,1.0,0.0,1.0,0.0,17.3
2020-06-04 19:15:00,0.0,0.0,80142.0,10,4135001,,0.25,True,0.0,0.0,24.712389285714284,21.731079,0.0,False,32.3,46,100,0,2,100,0.0,1.0,0.0,1.0,0.0,17.3
2020-06-04 19:30:00,0.0,0.0,80142.0,10,4135001,,0.25,True,0.0,0.0,24.54659833333333,21.6505168,0.0,False,32.3,46,100,0,2,100,0.0,1.0,0.0,1.0,0.0,17.3
2020-06-04 19:45:00,0.0,0.0,80142.0,10,4135001,,0.25,True,0.0,0.0,24.379534866666667,21.8173706,0.0,False,32.3,46,100,0,2,100,0.0,1.0,0.0,1.0,0.0,17.3
2020-06-04 20:00:00,0.0,0.0,80142.0,22,4135001,,0.25,True,0.0,0.0,24.203576466666668,21.570215,0.0,False,31.4,50,98,0,1,98,0.0,0.0,0.0,0.0,0.0,15.5
2020-06-04 20:15:00,0.0,0.0,80142.0,22,4135001,,0.25,True,0.0,0.0,24.101764000000003,21.23585813333333,0.0,False,31.4,50,98,0,1,98,0.0,0.0,0.0,0.0,0.0,15.5
2020-06-04 20:30:00,0.0,0.0,80142.0,22,4135001,,0.25,True,0.0,0.0,23.965206,21.24692586666667,0.0,False,31.4,50,98,0,1,98,0.0,0.0,0.0,0.0,0.0,15.5
2020-06-04 20:45:00,0.0,0.0,80142.0,22,4135001,,0.25,True,0.0,0.0,23.835375866666677,21.202567533333333,0.0,False,31.4,50,98,0,1,98,0.0,0.0,0.0,0.0,0.0,15.5
2020-06-04 21:00:00,0.0,0.0,80142.0,22,4135001,,0.25,True,0.0,0.0,23.622412133333327,20.969897533333327,0.0,False,30.6,54,92,0,3,92,0.0,0.0,0.0,0.0,0.0,13.7
2020-06-04 21:15:00,0.0,0.0,80142.0,22,4135001,,0.25,True,0.0,0.0,23.4776306,20.89159753333333,0.0,False,30.6,54,92,0,3,92,0.0,0.0,0.0,0.0,0.0,13.7
2020-06-04 21:30:00,0.0,0.0,80142.0,22,4135001,,0.25,True,0.0,0.0,23.413728857142857,20.771161785714288,0.0,False,30.6,54,92,0,3,92,0.0,0.0,0.0,0.0,0.0,13.7
2020-06-04 21:45:00,0.0,0.0,80142.0,22,4135001,,0.25,True,0.0,0.0,23.33440973333333,20.6240682,0.0,False,30.6,54,92,0,3,92,0.0,0.0,0.0,0.0,0.0,13.7
2020-06-04 22:00:00,0.0,0.0,80142.0,22,4135001,,0.25,True,0.0,0.0,23.249265666666663,20.51773266666667,0.0,False,30.1,55,93,0,4,93,0.0,0.0,0.0,0.0,0.0,13.3
2020-06-04 22:15:00,0.0,0.0,80142.0,22,4135001,,0.25,True,0.0,0.0,23.155983466666665,20.41728313333333,0.0,False,30.1,55,93,0,4,93,0.0,0.0,0.0,0.0,0.0,13.3
2020-06-04 22:30:00,0.0,0.0,80142.0,22,4135001,,0.25,True,0.0,0.0,23.038757333333333,20.23143106666667,0.0,False,30.1,55,93,0,4,93,0.0,0.0,0.0,0.0,0.0,13.3
2020-06-04 22:45:00,0.0,0.0,80142.0,22,4135001,,0.25,True,0.0,0.0,22.871164866666668,19.952642666666662,0.0,False,30.1,55,93,0,4,93,0.0,0.0,0.0,0.0,0.0,13.3
2020-06-04 23:00:00,0.0,0.0,80142.0,22,4135001,,0.25,True,0.0,0.0,22.668090866666663,19.605348533333327,0.0,False,29.7,57,94,0,1,94,0.0,0.0,0.0,0.0,0.0,14.8
2020-06-04 23:15:00,0.0,0.0,80142.0,22,4135001,,0.25,True,0.0,0.0,22.45358486666667,19.460750333333333,0.0,False,29.7,57,94,0,1,94,0.0,0.0,0.0,0.0,0.0,14.8
2020-06-04 23:30:00,0.0,0.0,80142.0,22,4135001,,0.25,True,0.0,0.0,22.224973357142854,19.48148457142857,0.0,False,29.7,57,94,0,1,94,0.0,0.0,0.0,0.0,0.0,14.8
2020-06-04 23:45:00,0.0,0.0,75878.0,22,4135001,,0.25,True,0.0,0.0,22.242348199999995,19.674829133333336,0.0,False,29.7,57,94,0,1,94,0.0,0.0,0.0,0.0,0.0,14.8
2020-06-05 00:00:00,0.0,0.0,5449.964286,22,4135001,,0.25,True,0.0,0.0,22.369673533333334,19.865987266666668,0.0,False,29.2,59,96,0,1,96,0.0,0.0,0.0,0.0,0.0,15.1
2020-06-05 00:15:00,0.0,0.0,0.0,22,4135001,,0.25,True,0.0,0.0,22.405242866666665,19.973746666666667,0.0,False,29.2,59,96,0,1,96,0.0,0.0,0.0,0.0,0.0,15.1
2020-06-05 00:30:00,0.0,0.0,0.0,22,4135001,,0.25,True,0.0,0.0,22.451550266666665,20.014420466666664,0.0,False,29.2,59,96,0,1,96,0.0,0.0,0.0,0.0,0.0,15.1
2020-06-05 00:45:00,0.0,0.0,0.0,22,4135001,,0.25,True,0.0,0.0,22.355903933333337,19.858323266666662,0.0,False,29.2,59,96,0,1,96,0.0,0.0,0.0,0.0,0.0,15.1
2020-06-05 01:00:00,0.0,0.0,0.0,22,4135001,,0.25,True,0.0,0.0,22.390741066666664,19.870471266666662,0.0,False,28.5,61,86,0,2,86,0.0,0.0,0.0,0.0,0.0,13.0
2020-06-05 01:15:00,0.0,0.0,0.0,22,4135001,,0.25,True,0.0,0.0,22.2637308,19.622493400000003,0.0,False,28.5,61,86,0,2,86,0.0,0.0,0.0,0.0,0.0,13.0
2020-06-05 01:30:00,0.0,0.0,0.0,22,4135001,,0.25,True,0.0,0.0,22.06980021428572,19.27036821428572,0.0,False,28.5,61,86,0,2,86,0.0,0.0,0.0,0.0,0.0,13.0
2020-06-05 01:45:00,0.0,0.0,0.0,22,4135001,,0.25,True,0.0,0.0,21.935835733333334,19.1575074,0.0,False,28.5,61,86,0,2,86,0.0,0.0,0.0,0.0,0.0,13.0
2020-06-05 02:00:00,0.0,0.0,0.0,22,4135001,,0.25,True,0.0,0.0,22.032619133333327,19.467915866666672,0.0,False,27.9,64,13,1,3,10,0.0,0.0,0.0,0.0,0.0,12.6
2020-06-05 02:15:00,0.0,0.0,0.0,22,4135001,,0.25,True,0.0,0.0,21.996008466666662,19.4962546,0.0,False,27.9,64,13,1,3,10,0.0,0.0,0.0,0.0,0.0,12.6
2020-06-05 02:30:00,0.0,0.0,0.0,22,4135001,,0.25,True,0.0,0.0,21.915641266666665,19.503106733333333,0.0,False,27.9,64,13,1,3,10,0.0,0.0,0.0,0.0,0.0,12.6
2020-06-05 02:45:00,0.0,0.0,0.0,22,4135001,,0.25,True,0.0,0.0,21.971559666666664,19.6524252,0.0,False,27.9,64,13,1,3,10,0.0,0.0,0.0,0.0,0.0,12.6
2020-06-05 03:00:00,0.0,0.0,0.0,22,4135001,,0.25,True,0.0,0.0,21.960252,19.703836933333335,0.0,False,27.4,67,64,0,4,62,0.0,0.0,0.0,0.0,0.0,13.3
2020-06-05 03:15:00,0.0,0.0,0.0,22,4135001,,0.25,True,0.0,0.0,21.962046333333333,19.6375468,0.0,False,27.4,67,64,0,4,62,0.0,0.0,0.0,0.0,0.0,13.3
2020-06-05 03:30:00,0.0,0.0,0.0,22,4135001,,0.25,True,0.0,0.0,21.864501933333333,19.492871133333328,0.0,False,27.4,67,64,0,4,62,0.0,0.0,0.0,0.0,0.0,13.3
2020-06-05 03:45:00,0.0,0.0,0.0,22,4135001,,0.25,True,0.0,0.0,21.829637785714283,19.66063135714285,0.0,False,27.4,67,64,0,4,62,0.0,0.0,0.0,0.0,0.0,13.3
2020-06-05 04:00:00,0.0,0.0,0.0,22,4135001,,0.25,True,0.0,0.0,21.81910206666667,19.6920982,0.0,False,26.9,70,4,0,2,2,0.0,0.0,0.0,0.0,0.0,13.0
2020-06-05 04:15:00,0.0,0.0,0.0,22,4135001,,0.25,True,0.0,0.0,21.70368653333333,19.42711973333333,0.0,False,26.9,70,4,0,2,2,0.0,0.0,0.0,0.0,0.0,13.0
2020-06-05 04:30:00,0.0,0.0,0.0,22,4135001,,0.25,True,0.0,0.0,21.62841786666667,19.356872600000003,0.0,False,26.9,70,4,0,2,2,0.0,0.0,0.0,0.0,0.0,13.0
2020-06-05 04:45:00,0.0,0.0,0.0,22,4135001,,0.25,True,0.0,0.0,21.594506866666663,19.278796600000003,0.0,False,26.9,70,4,0,2,2,0.0,0.0,0.0,0.0,0.0,13.0
2020-06-05 05:00:00,0.0,0.0,0.0,22,4135001,,0.25,True,0.0,0.0,21.4732484,19.290275066666663,0.0,False,26.9,69,1,0,0,36,0.0,0.0,0.0,0.0,0.0,13.0
2020-06-05 05:15:00,0.0,0.0,0.0,22,4135001,,0.25,True,0.0,0.0,21.5055624,19.3941224,0.0,False,26.9,69,1,0,0,36,0.0,0.0,0.0,0.0,0.0,13.0
2020-06-05 05:30:00,0.0,0.0,0.0,22,4135001,,0.25,True,0.0,0.0,21.6951396,19.82488413333333,0.0,False,26.9,69,1,0,0,36,0.0,0.0,0.0,0.0,0.0,13.0
2020-06-05 05:45:00,0.0,0.0,0.0,22,4135001,,0.25,True,0.0,0.0,21.663992714285715,19.751652214285716,0.0008480133085714,False,26.9,69,1,0,0,36,0.0,0.0,0.0,0.0,0.0,13.0
2020-06-05 06:00:00,2011.80357139,194.141071423,8.767857143,22,4135001,0.09650100744620092,0.25,True,48.53526785575,502.9508928475,21.581693466666664,19.651005,0.0091445350066666,False,27.3,68,60,0,0,59,0.0,20.0,4.0,16.0,40.0,14.1
2020-06-05 06:15:00,6623.5,639.90714285,108.160714284,22,4135001,0.09661163174303616,0.25,True,159.9767857125,1655.875,21.653328466666665,19.7878378,0.0237962576,False,27.3,68,60,0,0,59,0.0,20.0,4.0,16.0,40.0,14.1
2020-06-05 06:30:00,12674.5357143,1226.90000001,330.696428586,22,4135001,0.09680038998397034,0.25,True,306.7250000025,3168.633928575,21.863590533333333,20.2624066,0.0381347714,False,27.3,68,60,0,0,59,0.0,20.0,4.0,16.0,40.0,14.1
2020-06-05 06:45:00,30194.535713999998,2945.0107144,838.16071428,22,4135001,0.09753455864646782,0.25,True,736.2526786,7548.6339284999995,22.2525206,21.710430866666663,0.0946579585333333,False,27.3,68,60,0,0,59,0.0,20.0,4.0,16.0,40.0,14.1
2020-06-05 07:00:00,31957.999999,3119.5607143,1610.03571428,22,4135001,0.09761439121339303,0.25,True,779.890178575,7989.49999975,22.578601066666668,23.143766266666663,0.1046293030666666,False,28.3,64,59,0,0,59,0.0,150.0,61.0,89.0,226.9,17.0
2020-06-05 07:15:00,42082.910716,4123.6089285,2477.2321428,22,4135001,0.0979877308470537,0.25,True,1030.902232125,10520.727679,22.747050133333335,24.6323364,0.1354008960666666,False,28.3,64,59,0,0,59,0.0,150.0,61.0,89.0,226.9,17.0
2020-06-05 07:30:00,47104.285714,4618.1517857,3617.8214287,22,4135001,0.0980410108273317,0.25,True,1154.537946425,11776.0714285,22.947841333333333,26.071952400000004,0.1550759426666666,False,28.3,64,59,0,0,59,0.0,150.0,61.0,89.0,226.9,17.0
2020-06-05 07:45:00,51633.285714,5062.8857144,4807.6428572,22,4135001,0.09805468787021693,0.25,True,1265.7214286,12908.3214285,23.115711714285712,26.6308375,0.1674217992857143,False,28.3,64,59,0,0,59,0.0,150.0,61.0,89.0,226.9,17.0
2020-06-05 08:00:00,62388.375,6123.9642857,6247.4107143,22,4135001,0.09815874008098463,0.25,True,1530.991071425,15597.09375,23.45101913333333,28.194765,0.2060087846666666,False,29.8,58,73,0,2,72,0.0,355.0,203.0,152.0,415.0,18.0
2020-06-05 08:15:00,115911.625001,11358.0035715,8451.3928572,22,4135001,0.09798847675030017,0.25,True,2839.500892875,28977.90625025,23.990735,31.34313753333333,0.3701208159999999,False,29.8,58,73,0,2,72,0.0,355.0,203.0,152.0,415.0,18.0
2020-06-05 08:30:00,152916.196429,14974.9874999,11546.4999999,22,4135001,0.09792937471377,0.25,True,3743.746874975,38229.04910725,24.78111993333333,37.137320933333335,0.5538165126666666,False,29.8,58,73,0,2,72,0.0,355.0,203.0,152.0,415.0,18.0
2020-06-05 08:45:00,162986.678572,15955.066071500001,15594.25,22,4135001,0.09789184129212,0.25,True,3988.7665178750003,40746.669643,25.71807246666667,42.10721,0.6010126913333332,False,29.8,58,73,0,2,72,0.0,355.0,203.0,152.0,415.0,18.0
2020-06-05 09:00:00,160229.875,15682.039285800001,19729.0535715,22,4135001,0.09787213081081167,0.25,True,3920.5098214500003,40057.46875,26.1081848,44.455601,0.4937874026666666,False,31.7,51,72,0,2,72,0.0,575.0,429.0,146.0,628.4,18.0
2020-06-05 09:15:00,194120.767857,18987.082142799998,23605.5892861,22,4135001,0.0978106688553124,0.25,True,4746.7705356999995,48530.19196425,26.326908333333336,43.22573646666668,0.661408742,False,31.7,51,72,0,2,72,0.0,575.0,429.0,146.0,628.4,18.0
2020-06-05 09:30:00,214914.821446,20997.9249993,28725.267857,22,4135001,0.09770347553519472,0.25,True,5249.481249825,53728.7053615,27.173240066666672,47.9939452,0.6939978406666665,False,31.7,51,72,0,2,72,0.0,575.0,429.0,146.0,628.4,18.0
2020-06-05 09:45:00,126922.37499899999,12437.1160714,33077.928571,22,4135001,0.0979899412652654,0.25,True,3109.27901785,31730.593749749998,27.300339800000003,45.74378906666668,0.403045044,False,31.7,51,72,0,2,72,0.0,575.0,429.0,146.0,628.4,18.0
2020-06-05 10:00:00,233653.875,22814.8785739,37069.696426,22,4135001,0.09764391270592025,0.25,True,5703.719643475,58413.46875,27.44654421428572,46.09474850000001,0.7867404085714285,False,33.4,46,75,3,11,72,0.0,750.0,592.0,158.0,707.7,17.6
2020-06-05 10:15:00,142557.410714,13963.2571428,42163.660713,22,4135001,0.09794830779308426,0.25,True,3490.8142857,35639.3526785,27.920831266666664,48.78672900000001,0.4621650586666667,False,33.4,46,75,3,11,72,0.0,750.0,592.0,158.0,707.7,17.6
2020-06-05 10:30:00,223672.000019,21842.9339284,45984.964285,22,4135001,0.09765609431017086,0.25,True,5460.7334821,55918.00000475,27.469006399999994,45.76378179999999,0.7480077733333332,False,33.4,46,75,3,11,72,0.0,750.0,592.0,158.0,707.7,17.6
2020-06-05 10:45:00,221946.76785,21670.926786199998,52206.142856,22,4135001,0.09764019992778641,0.25,True,5417.7316965499995,55486.6919625,28.038039066666663,54.683736466666666,0.7114153480000001,False,33.4,46,75,3,11,72,0.0,750.0,592.0,158.0,707.7,17.6
2020-06-05 11:00:00,208669.785712,20387.4267856,56948.482144,22,4135001,0.09770186285492302,0.25,True,5096.8566964,52167.446428,27.55344846666667,47.8497312,0.6841737733333335,False,34.3,42,80,7,23,74,0.1,806.0,605.0,201.0,643.6,17.6
2020-06-05 11:15:00,235069.96428000001,22948.0250001,62553.035715,22,4135001,0.09762210612652243,0.25,True,5737.006250025,58767.491070000004,28.1088298,54.984794066666666,0.9138139586666668,False,34.3,42,80,7,23,74,0.1,806.0,605.0,201.0,643.6,17.6
2020-06-05 11:30:00,272287.25001,26560.648216,68571.303573,22,4135001,0.0975464264853552,0.25,True,6640.162054,68071.8125025,28.699442466666667,59.51716313333333,1.0468158086666666,False,34.3,42,80,7,23,74,0.1,806.0,605.0,201.0,643.6,17.6
2020-06-05 11:45:00,253446.92858,24727.8160724,75286.821428,22,4135001,0.09756605144494665,0.25,True,6181.9540181,63361.732145,28.785264266666665,60.75704953333334,0.9516839406666668,False,34.3,42,80,7,23,74,0.1,806.0,605.0,201.0,643.6,17.6
2020-06-05 12:00:00,103761.964289,10178.8160713,79298.446428,22,4135001,0.09809775808551338,0.25,True,2544.704017825,25940.49107225,28.726664714285715,48.51885335714286,0.3794895364285714,False,35.1,40,25,0,20,11,0.1,833.0,628.0,205.0,636.9,16.6
2020-06-05 12:15:00,102664.839287,10071.8928571,82200.928572,22,4135001,0.09810459868294324,0.25,True,2517.973214275,25666.20982175,27.64007353333333,40.50380226666666,0.323248656,False,35.1,40,25,0,20,11,0.1,833.0,628.0,205.0,636.9,16.6
2020-06-05 12:30:00,79516.0,7815.9214286,84266.928572,22,4135001,0.09829369471049851,0.25,True,1953.98035715,19879.0,24.78254793333333,27.2943788,0.2201477426666666,False,35.1,40,25,0,20,11,0.1,833.0,628.0,205.0,636.9,16.6
2020-06-05 12:45:00,117978.464285,11566.9482142,86497.517855,22,4135001,0.09804287828546217,0.25,True,2891.73705355,29494.61607125,23.833673,27.06917933333333,0.3283600913333332,False,35.1,40,25,0,20,11,0.1,833.0,628.0,205.0,636.9,16.6
2020-06-05 13:00:00,185168.339286,18117.6553569,90352.517857,22,4135001,0.09784423960791994,0.25,True,4529.413839225,46292.0848215,24.98657813333333,35.3831992,0.549665794,False,36.0,38,98,0,18,97,0.0,799.0,542.0,257.0,557.8,16.2
2020-06-05 13:15:00,177855.696426,17395.5839286,95096.035715,22,4135001,0.09780729140625383,0.25,True,4348.89598215,44463.9241065,25.75082,43.90548686666667,0.5586564773333333,False,36.0,38,98,0,18,97,0.0,799.0,542.0,257.0,557.8,16.2
2020-06-05 13:30:00,226115.642874,22080.364286199998,99281.142858,22,4135001,0.09765075960933844,0.25,True,5520.0910715499995,56528.9107185,26.45047,45.249314466666654,0.7687173853333333,False,36.0,38,98,0,18,97,0.0,799.0,542.0,257.0,557.8,16.2
2020-06-05 13:45:00,288057.26787,28086.414284,105964.232144,22,4135001,0.09750288368587658,0.25,True,7021.603571,72014.3169675,28.032407666666664,55.623793733333336,0.9986998006666664,False,36.0,38,98,0,18,97,0.0,799.0,542.0,257.0,557.8,16.2
2020-06-05 14:00:00,261629.35715,25522.689285,112699.017856,22,4135001,0.09755284943182838,0.25,True,6380.67232125,65407.3392875,29.018203714285715,57.50350071428572,0.88675423,False,36.4,37,95,20,22,93,0.0,666.0,412.0,254.0,458.9,16.2
2020-06-05 14:15:00,136818.553571,13393.0892857,117702.839286,22,4135001,0.09788942315305103,0.25,True,3348.272321425,34204.63839275,28.8636616,49.925148466666656,0.4664396726666666,False,36.4,37,95,20,22,93,0.0,666.0,412.0,254.0,458.9,16.2
2020-06-05 14:30:00,253413.83929,24731.517857,122416.107144,22,4135001,0.0975933987121276,0.25,True,6182.87946425,63353.4598225,29.279667000000003,49.60990173333333,0.8546898013333333,False,36.4,37,95,20,22,93,0.0,666.0,412.0,254.0,458.9,16.2
2020-06-05 14:45:00,237612.482141,23219.1250024,128366.19643,22,4135001,0.09771845651030109,0.25,True,5804.7812506,59403.12053525,29.678208266666665,52.84774173333333,0.7957694813333333,False,36.4,37,95,20,22,93,0.0,666.0,412.0,254.0,458.9,16.2
2020-06-05 15:00:00,194058.446428,18968.6678573,133762.160715,22,4135001,0.09774719011953853,0.25,True,4742.166964325,48514.611607,29.9443218,51.73378113333333,0.6257630746666667,False,36.2,37,100,8,20,100,0.0,512.0,333.0,179.0,432.8,16.9
2020-06-05 15:15:00,150550.839284,14727.819643,138015.357142,22,4135001,0.0978262207839131,0.25,True,3681.95491075,37637.709821,29.553806533333333,46.45627853333334,0.495956084,False,36.2,37,100,8,20,100,0.0,512.0,333.0,179.0,432.8,16.9
2020-06-05 15:30:00,94967.25,9300.3642857,140523.678572,22,4135001,0.09793233231140208,0.25,True,2325.091071425,23741.8125,28.67100406666667,38.05905166666666,0.330956198,False,36.2,37,100,8,20,100,0.0,512.0,333.0,179.0,432.8,16.9
2020-06-05 15:45:00,193999.785715,18979.2482143,144473.535714,22,4135001,0.0978312844230762,0.25,True,4744.812053575,48499.94642875,28.982812333333328,44.096299066666674,0.630338126,False,36.2,37,100,8,20,100,0.0,512.0,333.0,179.0,432.8,16.9
2020-06-05 16:00:00,163172.69643,15976.5374999,148774.071429,22,4135001,0.09791183114237391,0.25,True,3994.134374975,40793.1741075,29.360011642857145,44.37733914285714,0.5304860364285712,False,35.6,39,99,0,18,99,0.0,392.0,202.0,190.0,339.3,16.3
2020-06-05 16:15:00,143349.535716,14042.355357,152509.571428,22,4135001,0.09795884783903529,0.25,True,3510.58883925,35837.383929,29.21803193333333,42.5737022,0.4668261126666666,False,35.6,39,99,0,18,99,0.0,392.0,202.0,190.0,339.3,16.3
2020-06-05 16:30:00,133570.035714,13086.2589284,155990.571427,22,4135001,0.09797301362126071,0.25,True,3271.5647321,33392.5089285,29.177992733333337,41.37456040000001,0.4489735653333333,False,35.6,39,99,0,18,99,0.0,392.0,202.0,190.0,339.3,16.3
2020-06-05 16:45:00,101859.839286,9993.5553571,158710.821429,22,4135001,0.09811084944911701,0.25,True,2498.388839275,25464.9598215,28.7667054,38.25223593333334,0.341884376,False,35.6,39,99,0,18,99,0.0,392.0,202.0,190.0,339.3,16.3
2020-06-05 17:00:00,90269.267855,8857.9875001,161172.767857,22,4135001,0.09812849611596089,0.25,True,2214.496875025,22567.31696375,28.383642466666668,36.3026832,0.2911635239999999,False,35.1,38,99,0,9,100,0.0,222.0,111.0,111.0,286.6,14.5
2020-06-05 17:15:00,85255.160714,8366.2250001,163366.428572,22,4135001,0.09813159614073846,0.25,True,2091.556250025,21313.7901785,28.329986466666664,35.2929974,0.2869888493333333,False,35.1,38,99,0,9,100,0.0,222.0,111.0,111.0,286.6,14.5
2020-06-05 17:30:00,80975.785716,7957.3732143,165376.357144,22,4135001,0.0982685520608379,0.25,True,1989.343303575,20243.946429,28.312951533333333,34.75277326666667,0.274644008,False,35.1,38,99,0,9,100,0.0,222.0,111.0,111.0,286.6,14.5
2020-06-05 17:45:00,49747.339287,4878.0285713,167007.571428,22,4135001,0.09805606975597042,0.25,True,1219.507142825,12436.83482175,28.13737193333333,33.33803933333334,0.1736663853333333,False,35.1,38,99,0,9,100,0.0,222.0,111.0,111.0,286.6,14.5
2020-06-05 18:00:00,25551.999999,2487.19642839,167924.946428,22,4135001,0.09733862040103862,0.25,True,621.7991070975,6387.99999975,27.676138642857143,30.6434,0.0959535507857142,False,34.3,40,99,2,35,99,0.0,73.0,20.0,53.0,123.9,17.2
2020-06-05 18:15:00,11954.3214286,1157.17678573,168368.910714,22,4135001,0.09679987213339634,0.25,True,289.2941964325,2988.58035715,27.09036053333333,28.24562973333333,0.0424932424666666,False,34.3,40,99,2,35,99,0.0,73.0,20.0,53.0,123.9,17.2
2020-06-05 18:30:00,2621.52976197,253.080952384,168520.666666,22,4135001,0.0965394160521822,0.25,True,63.270238096,655.3824404925,26.31346433333333,25.84845173333333,0.0086745569666666,False,34.3,40,99,2,35,99,0.0,73.0,20.0,53.0,123.9,17.2
2020-06-05 18:45:00,0.0,0.0,107249.0,14,4135001,,0.25,True,0.0,0.0,25.68867206666667,23.948681533333335,0.000129449935,False,34.3,40,99,2,35,99,0.0,73.0,20.0,53.0,123.9,17.2
2020-06-05 19:00:00,0.0,0.0,107249.0,14,4135001,,0.25,True,0.0,0.0,25.31771846666667,23.1047118,0.0,False,32.9,45,98,4,24,98,0.0,1.0,0.0,1.0,0.0,11.9
2020-06-05 19:15:00,0.0,0.0,107249.0,14,4135001,,0.25,True,0.0,0.0,24.977532733333334,22.49722306666667,0.0,False,32.9,45,98,4,24,98,0.0,1.0,0.0,1.0,0.0,11.9
2020-06-05 19:30:00,0.0,0.0,107249.0,14,4135001,,0.25,True,0.0,0.0,24.760622133333335,22.101621533333333,0.0,False,32.9,45,98,4,24,98,0.0,1.0,0.0,1.0,0.0,11.9
2020-06-05 19:45:00,0.0,0.0,107249.0,22,4135001,,0.25,True,0.0,0.0,24.567763266666667,21.854593933333334,0.0,False,32.9,45,98,4,24,98,0.0,1.0,0.0,1.0,0.0,11.9
2020-06-05 20:00:00,0.0,0.0,107249.0,22,4135001,,0.25,True,0.0,0.0,24.40181171428572,21.609599642857145,0.0,False,32.7,47,97,7,24,96,0.0,0.0,0.0,0.0,0.0,12.8
2020-06-05 20:15:00,0.0,0.0,107249.0,22,4135001,,0.25,True,0.0,0.0,24.2519918,21.444433733333334,0.0,False,32.7,47,97,7,24,96,0.0,0.0,0.0,0.0,0.0,12.8
2020-06-05 20:30:00,0.0,0.0,107249.0,22,4135001,,0.25,True,0.0,0.0,24.041046266666665,21.321700266666667,0.0,False,32.7,47,97,7,24,96,0.0,0.0,0.0,0.0,0.0,12.8
2020-06-05 20:45:00,0.0,0.0,107249.0,22,4135001,,0.25,True,0.0,0.0,23.881455466666665,21.0441874,0.0,False,32.7,47,97,7,24,96,0.0,0.0,0.0,0.0,0.0,12.8
2020-06-05 21:00:00,0.0,0.0,107249.0,22,4135001,,0.25,True,0.0,0.0,23.661025,20.71221926666667,0.0,False,32.0,50,96,2,27,95,0.0,0.0,0.0,0.0,0.0,13.8
2020-06-05 21:15:00,0.0,0.0,107249.0,22,4135001,,0.25,True,0.0,0.0,23.538511133333333,20.65864653333333,0.0,False,32.0,50,96,2,27,95,0.0,0.0,0.0,0.0,0.0,13.8
2020-06-05 21:30:00,0.0,0.0,107249.0,22,4135001,,0.25,True,0.0,0.0,23.4621744,20.5305968,0.0,False,32.0,50,96,2,27,95,0.0,0.0,0.0,0.0,0.0,13.8
2020-06-05 21:45:00,0.0,0.0,107249.0,22,4135001,,0.25,True,0.0,0.0,23.38109546666667,20.44203673333333,0.0,False,32.0,50,96,2,27,95,0.0,0.0,0.0,0.0,0.0,13.8
2020-06-05 22:00:00,0.0,0.0,107249.0,22,4135001,,0.25,True,0.0,0.0,23.249294066666664,20.27038166666667,0.0,False,31.6,51,95,0,14,95,0.0,0.0,0.0,0.0,0.0,14.2
2020-06-05 22:15:00,0.0,0.0,107249.0,22,4135001,,0.25,True,0.0,0.0,23.104354857142855,20.18705107142857,0.0,False,31.6,51,95,0,14,95,0.0,0.0,0.0,0.0,0.0,14.2
2020-06-05 22:30:00,0.0,0.0,107249.0,22,4135001,,0.25,True,0.0,0.0,22.92467253333333,20.01558633333333,0.0,False,31.6,51,95,0,14,95,0.0,0.0,0.0,0.0,0.0,14.2
2020-06-05 22:45:00,0.0,0.0,107249.0,22,4135001,,0.25,True,0.0,0.0,22.75687046666667,19.76906513333333,0.0,False,31.6,51,95,0,14,95,0.0,0.0,0.0,0.0,0.0,14.2
2020-06-05 23:00:00,0.0,0.0,107249.0,22,4135001,,0.25,True,0.0,0.0,22.555259266666667,19.601790333333337,0.0,False,30.9,53,97,0,11,97,0.0,0.0,0.0,0.0,0.0,14.8
2020-06-05 23:15:00,0.0,0.0,107249.0,22,4135001,,0.25,True,0.0,0.0,22.5601338,19.6811666,0.0,False,30.9,53,97,0,11,97,0.0,0.0,0.0,0.0,0.0,14.8
2020-06-05 23:30:00,0.0,0.0,107249.0,22,4135001,,0.25,True,0.0,0.0,22.5417704,19.7616006,0.0,False,30.9,53,97,0,11,97,0.0,0.0,0.0,0.0,0.0,14.8
2020-06-05 23:45:00,0.0,0.0,93497.642857,22,4135001,,0.25,True,0.0,0.0,22.524619466666667,19.7942504,0.0,False,30.9,53,97,0,11,97,0.0,0.0,0.0,0.0,0.0,14.8
2020-06-06 00:00:00,0.0,0.0,2000.821429,22,4135001,,0.25,True,0.0,0.0,22.4748738,19.6556172,0.0,False,30.1,56,97,0,8,97,0.0,0.0,0.0,0.0,0.0,14.4
2020-06-06 00:15:00,0.0,0.0,0.0,22,4135001,,0.25,True,0.0,0.0,22.446710466666666,19.7401856,0.0,False,30.1,56,97,0,8,97,0.0,0.0,0.0,0.0,0.0,14.4
2020-06-06 00:30:00,0.0,0.0,0.0,22,4135001,,0.25,True,0.0,0.0,22.32631013333333,19.624399800000003,0.0,False,30.1,56,97,0,8,97,0.0,0.0,0.0,0.0,0.0,14.4
2020-06-06 00:45:00,0.0,0.0,0.0,22,4135001,,0.25,True,0.0,0.0,22.243926857142856,19.516771785714287,0.0,False,30.1,56,97,0,8,97,0.0,0.0,0.0,0.0,0.0,14.4
2020-06-06 01:00:00,0.0,0.0,0.0,22,4135001,,0.25,True,0.0,0.0,22.207804266666663,19.5121276,0.0,False,29.3,60,97,0,6,97,0.0,0.0,0.0,0.0,0.0,16.6
2020-06-06 01:15:00,0.0,0.0,0.0,22,4135001,,0.25,True,0.0,0.0,22.23102213333333,19.660040066666667,0.0,False,29.3,60,97,0,6,97,0.0,0.0,0.0,0.0,0.0,16.6
2020-06-06 01:30:00,0.0,0.0,0.0,22,4135001,,0.25,True,0.0,0.0,22.152329466666668,19.582956933333328,0.0,False,29.3,60,97,0,6,97,0.0,0.0,0.0,0.0,0.0,16.6
2020-06-06 01:45:00,0.0,0.0,0.0,22,4135001,,0.25,True,0.0,0.0,21.9829162,19.36170873333333,0.0,False,29.3,60,97,0,6,97,0.0,0.0,0.0,0.0,0.0,16.6
2020-06-06 02:00:00,0.0,0.0,0.0,22,4135001,,0.25,True,0.0,0.0,21.92101433333333,19.488366666666664,0.0,False,28.6,64,97,0,5,97,0.0,0.0,0.0,0.0,0.0,17.3
2020-06-06 02:15:00,0.0,0.0,0.0,22,4135001,,0.25,True,0.0,0.0,21.976127066666663,19.5315044,0.0,False,28.6,64,97,0,5,97,0.0,0.0,0.0,0.0,0.0,17.3
2020-06-06 02:30:00,0.0,0.0,0.0,22,4135001,,0.25,True,0.0,0.0,21.894398866666663,19.451336666666677,0.0,False,28.6,64,97,0,5,97,0.0,0.0,0.0,0.0,0.0,17.3
2020-06-06 02:45:00,0.0,0.0,0.0,22,4135001,,0.25,True,0.0,0.0,21.701495466666668,19.232078066666663,0.0,False,28.6,64,97,0,5,97,0.0,0.0,0.0,0.0,0.0,17.3
2020-06-06 03:00:00,0.0,0.0,0.0,22,4135001,,0.25,True,0.0,0.0,21.51942878571429,19.068950142857144,0.0,False,27.9,67,95,0,3,95,0.0,0.0,0.0,0.0,0.0,17.7
2020-06-06 03:15:00,0.0,0.0,0.0,22,4135001,,0.25,True,0.0,0.0,21.438657733333336,19.052948066666666,0.0,False,27.9,67,95,0,3,95,0.0,0.0,0.0,0.0,0.0,17.7
2020-06-06 03:30:00,0.0,0.0,0.0,22,4135001,,0.25,True,0.0,0.0,21.588897933333328,19.275600133333327,0.0,False,27.9,67,95,0,3,95,0.0,0.0,0.0,0.0,0.0,17.7
2020-06-06 03:45:00,0.0,0.0,0.0,22,4135001,,0.25,True,0.0,0.0,21.5690164,19.236916333333333,0.0,False,27.9,67,95,0,3,95,0.0,0.0,0.0,0.0,0.0,17.7
2020-06-06 04:00:00,0.0,0.0,0.0,22,4135001,,0.25,True,0.0,0.0,21.469618733333327,19.0515952,0.0,False,27.3,69,94,1,3,94,0.0,0.0,0.0,0.0,0.0,17.0
2020-06-06 04:15:00,0.0,0.0,0.0,22,4135001,,0.25,True,0.0,0.0,21.32059926666667,18.93925773333333,0.0,False,27.3,69,94,1,3,94,0.0,0.0,0.0,0.0,0.0,17.0
2020-06-06 04:30:00,0.0,0.0,0.0,22,4135001,,0.25,True,0.0,0.0,21.27923166666667,19.024615466666663,0.0,False,27.3,69,94,1,3,94,0.0,0.0,0.0,0.0,0.0,17.0
2020-06-06 04:45:00,0.0,0.0,0.0,22,4135001,,0.25,True,0.0,0.0,21.113210066666667,18.840543666666665,0.0,False,27.3,69,94,1,3,94,0.0,0.0,0.0,0.0,0.0,17.0
2020-06-06 05:00:00,0.0,0.0,0.0,22,4135001,,0.25,True,0.0,0.0,20.971514,18.501708928571425,0.0,False,27.2,70,59,1,1,91,0.0,0.0,0.0,0.0,0.0,16.2
2020-06-06 05:15:00,0.0,0.0,0.0,22,4135001,,0.25,True,0.0,0.0,20.875439533333328,18.285264066666663,0.0,False,27.2,70,59,1,1,91,0.0,0.0,0.0,0.0,0.0,16.2
2020-06-06 05:30:00,0.0,0.0,0.0,22,4135001,,0.25,True,0.0,0.0,20.4631672,18.140415466666663,0.0,False,27.2,70,59,1,1,91,0.0,0.0,0.0,0.0,0.0,16.2
2020-06-06 05:45:00,0.0,0.0,0.0,22,4135001,,0.25,True,0.0,0.0,20.398504866666663,18.242307533333335,0.001050105428,False,27.2,70,59,1,1,91,0.0,0.0,0.0,0.0,0.0,16.2
2020-06-06 06:00:00,2962.8928571,285.94107142,14.410714286,22,4135001,0.0965073950395464,0.25,True,71.485267855,740.723214275,20.426454666666668,18.25406093333333,0.0112804514933333,False,27.4,70,92,0,3,92,0.0,21.0,4.0,17.0,40.1,18.7
2020-06-06 06:15:00,9305.0892856,899.54821428,165.732142858,22,4135001,0.09667271174625773,0.25,True,224.88705357,2326.2723214,21.026063933333333,19.1683044,0.0318784349333333,False,27.4,70,92,0,3,92,0.0,21.0,4.0,17.0,40.1,18.7
2020-06-06 06:30:00,16430.6607142,1593.2660714200001,455.89285715,22,4135001,0.09696908110597398,0.25,True,398.31651785500003,4107.66517855,21.30387786666667,19.903894,0.0505427079333333,False,27.4,70,92,0,3,92,0.0,21.0,4.0,17.0,40.1,18.7
2020-06-06 06:45:00,31964.69643,3120.1482143,1017.14285715,22,4135001,0.09761232117854966,0.25,True,780.037053575,7991.1741075,21.7675536,21.045220800000003,0.1083668231333333,False,27.4,70,92,0,3,92,0.0,21.0,4.0,17.0,40.1,18.7
2020-06-06 07:00:00,58156.535715,5705.4499999,2131.12499992,22,4135001,0.09810505267817086,0.25,True,1426.362499975,14539.13392875,22.418231133333336,24.00137146666667,0.241690604,False,28.5,65,91,0,0,91,0.0,169.0,86.0,83.0,320.4,18.7
2020-06-06 07:15:00,73587.589285,7228.6678571,3690.3392859,22,4135001,0.09823216016907192,0.25,True,1807.166964275,18396.89732125,23.072224285714285,26.810551285714286,0.291636115,False,28.5,65,91,0,0,91,0.0,169.0,86.0,83.0,320.4,18.7
2020-06-06 07:30:00,84269.464286,8281.2750001,5687.6250001,22,4135001,0.09827136164049163,0.25,True,2070.318750025,21067.3660715,23.4391542,29.62755733333333,0.3192179526666666,False,28.5,65,91,0,0,91,0.0,169.0,86.0,83.0,320.4,18.7
2020-06-06 07:45:00,100269.196428,9840.0767856,7925.4821429,22,4135001,0.09813658766743817,0.25,True,2460.0191964,25067.299107,24.040710200000003,33.153322333333335,0.3658943839999999,False,28.5,65,91,0,0,91,0.0,169.0,86.0,83.0,320.4,18.7
2020-06-06 08:00:00,114398.053571,11214.4892858,10591.0178571,22,4135001,0.09803042041130394,0.25,True,2803.62232145,28599.51339275,24.8309816,37.33390526666666,0.4089987206666667,False,30.2,58,91,0,0,91,0.0,380.0,254.0,126.0,519.9,17.1
2020-06-06 08:15:00,118549.125,11620.667857,13398.3571429,22,4135001,0.09802407109289082,0.25,True,2905.16696425,29637.28125,25.26646733333333,38.90950326666666,0.4213385493333333,False,30.2,58,91,0,0,91,0.0,380.0,254.0,126.0,519.9,17.1
2020-06-06 08:30:00,154086.160714,15088.875,16850.5892857,22,4135001,0.09792492025293906,0.25,True,3772.21875,38521.5401785,25.8001344,42.2704184,0.5379956300000001,False,30.2,58,91,0,0,91,0.0,380.0,254.0,126.0,519.9,17.1
2020-06-06 08:45:00,133829.910714,13112.1392856,20395.5535715,22,4135001,0.0979761490958563,0.25,True,3278.0348214,33457.4776785,26.29952173333333,42.8193886,0.458073066,False,30.2,58,91,0,0,91,0.0,380.0,254.0,126.0,519.9,17.1
2020-06-06 09:00:00,84156.339286,8266.8624999,23061.625,22,4135001,0.09823220175732206,0.25,True,2066.715624975,21039.0848215,26.346307466666666,38.737007666666656,0.2645778099999999,False,32.2,49,86,3,5,86,0.0,578.0,405.0,173.0,593.7,15.5
2020-06-06 09:15:00,115874.178572,11361.5125001,25449.071429,22,4135001,0.09805042538480968,0.25,True,2840.378125025,28968.544643,26.485955866666668,36.686997266666665,0.3741500186666666,False,32.2,49,86,3,5,86,0.0,578.0,405.0,173.0,593.7,15.5
2020-06-06 09:30:00,201501.285716,19701.6482144,29173.071429,22,4135001,0.09777430523281078,0.25,True,4925.4120536,50375.321429,26.816632928571423,41.40657221428572,0.6841655264285715,False,32.2,49,86,3,5,86,0.0,578.0,405.0,173.0,593.7,15.5
2020-06-06 09:45:00,152192.75,14890.9053572,34003.821428,22,4135001,0.09784240942620459,0.25,True,3722.7263393,38048.1875,27.40662013333333,45.656620466666666,0.5831875886666666,False,32.2,49,86,3,5,86,0.0,578.0,405.0,173.0,593.7,15.5
2020-06-06 10:00:00,230977.017861,22555.9553573,38459.964287,22,4135001,0.09765454401560411,0.25,True,5638.988839325,57744.25446525,27.516166266666666,48.38149606666668,0.7896276833333333,False,33.8,43,69,10,9,67,0.0,718.0,521.0,197.0,623.2,15.9
2020-06-06 10:15:00,189796.535718,18540.1107147,44107.553571000004,22,4135001,0.09768413656531079,0.25,True,4635.027678675,47449.1339295,27.909726666666668,53.5194478,0.660908664,False,33.8,43,69,10,9,67,0.0,718.0,521.0,197.0,623.2,15.9
2020-06-06 10:30:00,202476.910709,19755.5982142,47718.857144,22,4135001,0.09756963470562213,0.25,True,4938.89955355,50619.22767725,27.891768466666665,46.3823122,0.7134718886666666,False,33.8,43,69,10,9,67,0.0,718.0,521.0,197.0,623.2,15.9
2020-06-06 10:45:00,186613.678572,18238.1928572,53398.196429999996,22,4135001,0.09773234736468298,0.25,True,4559.5482143,46653.419643,28.858711866666663,49.9206544,0.592244042,False,33.8,43,69,10,9,67,0.0,718.0,521.0,197.0,623.2,15.9
2020-06-06 11:00:00,222312.410723,21711.976784899998,58275.678571,22,4135001,0.09766425866324215,0.25,True,5427.9941962249995,55578.10268075,29.0410462,52.9128622,0.833716566,False,35.1,39,45,17,11,39,0.0,791.0,585.0,206.0,622.6,14.6
2020-06-06 11:15:00,248055.178586,24206.9821416,63831.732143,22,4135001,0.09758708638774705,0.25,True,6051.7455354,62013.7946465,29.5964662,54.43137613333333,0.8457802326666666,False,35.1,39,45,17,11,39,0.0,791.0,585.0,206.0,622.6,14.6
2020-06-06 11:30:00,166092.928572,16228.2607143,68889.249997,22,4135001,0.09770590990130669,0.25,True,4057.065178575,41523.232143,29.662364357142856,49.18731492857143,0.442447935,False,35.1,39,45,17,11,39,0.0,791.0,585.0,206.0,622.6,14.6
2020-06-06 11:45:00,115043.392856,11254.1428572,72133.875,22,4135001,0.09782519949917358,0.25,True,2813.5357143,28760.848214,29.043869866666665,43.17022886666666,0.4059969573333333,False,35.1,39,45,17,11,39,0.0,791.0,585.0,206.0,622.6,14.6
2020-06-06 12:00:00,179581.357143,17545.1928571,75153.517856,22,4135001,0.0977005249109952,0.25,True,4386.298214275,44895.33928575,28.9149232,43.233393066666665,0.6368961286666666,False,36.2,35,24,19,9,4,0.0,863.0,672.0,191.0,681.7,13.8
2020-06-06 12:15:00,192486.446427,18802.7517856,80805.982143,22,4135001,0.0976835103698114,0.25,True,4700.6879464,48121.61160675,29.854372133333328,53.01691526666667,0.6880469099999998,False,36.2,35,24,19,9,4,0.0,863.0,672.0,191.0,681.7,13.8
2020-06-06 12:30:00,222525.142846,21723.0803576,85026.5,22,4135001,0.09762079053077433,0.25,True,5430.7700894,55631.2857115,29.957515466666667,48.48572366666667,0.7764533440000001,False,36.2,35,24,19,9,4,0.0,863.0,672.0,191.0,681.7,13.8
2020-06-06 12:45:00,191614.678572,18722.9892857,90195.857143,22,4135001,0.09771166502082335,0.25,True,4680.747321425,47903.669643,30.168788466666665,52.53135606666668,0.7886542966666666,False,36.2,35,24,19,9,4,0.0,863.0,672.0,191.0,681.7,13.8
2020-06-06 13:00:00,275518.35714,26873.823213,95891.428572,22,4135001,0.0975391385603556,0.25,True,6718.45580325,68879.589285,30.398728400000003,55.526068,0.9654513833333332,False,37.3,33,38,8,38,0,0.0,854.0,648.0,206.0,666.9,15.2
2020-06-06 13:15:00,89819.25,8794.2357142,100674.160713,22,4135001,0.09791036681112344,0.25,True,2198.55892855,22454.8125,29.198299066666667,45.0946062,0.3182395246666667,False,37.3,33,38,8,38,0,0.0,854.0,648.0,206.0,666.9,15.2
2020-06-06 13:30:00,184538.178571,18039.3196429,103280.232143,22,4135001,0.09775386200617277,0.25,True,4509.829910725,46134.54464275,26.463971,30.740364866666663,0.5331907740000001,False,37.3,33,38,8,38,0,0.0,854.0,648.0,206.0,666.9,15.2
2020-06-06 13:45:00,224238.232154,21893.8250023,109277.589286,22,4135001,0.09763645026983618,0.25,True,5473.456250575,56059.5580385,28.371896071428573,46.56454507142857,0.76237895,False,37.3,33,38,8,38,0,0.0,854.0,648.0,206.0,666.9,15.2
2020-06-06 14:00:00,166435.482142,16278.775,113311.214286,22,4135001,0.0978083206206668,0.25,True,4069.69375,41608.8705355,28.25725513333333,43.641306466666656,0.456957692,False,37.4,32,39,0,33,9,0.0,728.0,510.0,218.0,568.0,14.8
2020-06-06 14:15:00,263168.660714,25675.475003,119002.82143,22,4135001,0.0975628136471119,0.25,True,6418.86875075,65792.1651785,27.5224672,50.04055993333334,0.9430199413333334,False,37.4,32,39,0,33,9,0.0,728.0,510.0,218.0,568.0,14.8
2020-06-06 14:30:00,99824.625,9758.7785714,123729.964286,22,4135001,0.09775923096530541,0.25,True,2439.69464285,24956.15625,28.193302266666667,48.016939066666666,0.3527128088,False,37.4,32,39,0,33,9,0.0,728.0,510.0,218.0,568.0,14.8
2020-06-06 14:45:00,53143.500001,5212.4803572,125010.839287,22,4135001,0.09808312130555791,0.25,True,1303.1200893,13285.87500025,25.385963933333336,27.446895466666668,0.1509989932,False,37.4,32,39,0,33,9,0.0,728.0,510.0,218.0,568.0,14.8
2020-06-06 15:00:00,89581.69643,8795.9767857,126712.410715,22,4135001,0.09818944199804545,0.25,True,2198.994196425,22395.4241075,25.10567633333333,26.625590066666664,0.254934934,False,37.6,32,37,2,37,7,0.0,581.0,374.0,207.0,485.8,14.1
2020-06-06 15:15:00,109195.14285599999,10706.4089287,129260.125,22,4135001,0.09804839893674548,0.25,True,2676.602232175,27298.785713999998,25.97744133333333,31.4134398,0.325346652,False,37.6,32,37,2,37,7,0.0,581.0,374.0,207.0,485.8,14.1
2020-06-06 15:30:00,94754.285714,9302.2035715,131833.999999,22,4135001,0.0981718505015926,0.25,True,2325.550892875,23688.5714285,26.587683066666667,34.3489056,0.28833439,False,37.6,32,37,2,37,7,0.0,581.0,374.0,207.0,485.8,14.1
2020-06-06 15:45:00,72790.553572,7151.175,133813.714286,22,4135001,0.09824317372344876,0.25,True,1787.79375,18197.638393,26.64763521428571,33.14010199999999,0.2204616164285714,False,37.6,32,37,2,37,7,0.0,581.0,374.0,207.0,485.8,14.1
2020-06-06 16:00:00,58893.499999,5777.3214287,135497.071429,22,4135001,0.09809777698384538,0.25,True,1444.330357175,14723.37499975,26.31139526666667,31.449766266666668,0.1760581826666666,False,37.0,33,67,2,59,19,0.0,402.0,253.0,149.0,424.5,15.9
2020-06-06 16:15:00,33936.196429,3314.5517857,136663.732143,22,4135001,0.09767010255950684,0.25,True,828.637946425,8484.04910725,26.046683800000004,29.318176333333334,0.1018763052666666,False,37.0,33,67,2,59,19,0.0,402.0,253.0,149.0,424.5,15.9
2020-06-06 16:30:00,30037.750001,2924.4464285999998,137406.624999,22,4135001,0.09735903749457402,0.25,True,731.1116071499999,7509.43750025,25.648555266666666,27.703678333333333,0.0869533126666666,False,37.0,33,67,2,59,19,0.0,402.0,253.0,149.0,424.5,15.9
2020-06-06 16:45:00,28280.642856,2751.4000001,138126.76785899999,22,4135001,0.09728916043774674,0.25,True,687.850000025,7070.160714,25.334818533333337,27.200339666666668,0.0816072844666666,False,37.0,33,67,2,59,19,0.0,402.0,253.0,149.0,424.5,15.9
2020-06-06 17:00:00,20407.3035712,1982.03392858,138706.571428,22,4135001,0.0971237538396383,0.25,True,495.508482145,5101.8258928,24.9111592,26.31437593333333,0.0596414616666666,False,36.7,31,78,0,20,43,0.0,226.0,112.0,114.0,288.5,15.2
2020-06-06 17:15:00,14156.0535714,1370.6517857000001,139129.642858,22,4135001,0.0968244277112075,0.25,True,342.66294642500003,3539.01339285,24.6149332,25.334737333333333,0.0415707431333333,False,36.7,31,78,0,20,43,0.0,226.0,112.0,114.0,288.5,15.2
2020-06-06 17:30:00,9950.0178572,962.1428571399999,139417.589285,22,4135001,0.09669760104438176,0.25,True,240.53571428499998,2487.5044643,24.514550666666665,24.669201600000005,0.0294998014666666,False,36.7,31,78,0,20,43,0.0,226.0,112.0,114.0,288.5,15.2
2020-06-06 17:45:00,7256.6785715,701.0607143,139626.946428,22,4135001,0.09660903502786489,0.25,True,175.265178575,1814.169642875,24.373624600000003,24.219653266666665,0.0218913211333333,False,36.7,31,78,0,20,43,0.0,226.0,112.0,114.0,288.5,15.2
2020-06-06 18:00:00,4828.2321428,466.09285715,139747.982143,22,4135001,0.09653488965832996,0.25,True,116.5232142875,1207.0580357,24.214307571428574,23.84339257142857,0.0164651889285714,False,35.8,32,100,0,100,35,0.0,76.0,31.0,45.0,191.5,16.6
2020-06-06 18:15:00,1074.55357142,103.639285727,63088.392857,10,4135001,0.0964486913295936,0.25,True,25.90982143175,268.638392855,24.0314636,23.445373466666663,0.0088829525333333,False,35.8,32,100,0,100,35,0.0,76.0,31.0,45.0,191.5,16.6
2020-06-06 18:30:00,0.0,0.0,63099.0,10,4135001,,0.25,True,0.0,0.0,23.8018982,23.067795866666664,0.002114633124,False,35.8,32,100,0,100,35,0.0,76.0,31.0,45.0,191.5,16.6
2020-06-06 18:45:00,0.0,0.0,63099.0,10,4135001,,0.25,True,0.0,0.0,23.566296399999995,22.568906800000004,0.0,False,35.8,32,100,0,100,35,0.0,76.0,31.0,45.0,191.5,16.6
2020-06-06 19:00:00,0.0,0.0,63099.0,10,4135001,,0.25,True,0.0,0.0,23.388924066666664,22.3684164,0.0,False,34.3,36,66,0,35,49,0.0,1.0,0.0,1.0,0.0,18.8
2020-06-06 19:15:00,0.0,0.0,63099.0,10,4135001,,0.25,True,0.0,0.0,23.178334533333334,22.046354066666662,0.0,False,34.3,36,66,0,35,49,0.0,1.0,0.0,1.0,0.0,18.8
2020-06-06 19:30:00,0.0,0.0,63099.0,22,4135001,,0.25,True,0.0,0.0,23.032047533333333,21.725838133333333,0.0,False,34.3,36,66,0,35,49,0.0,1.0,0.0,1.0,0.0,18.8
2020-06-06 19:45:00,0.0,0.0,63099.0,22,4135001,,0.25,True,0.0,0.0,22.61733606666667,21.18924546666667,0.0,False,34.3,36,66,0,35,49,0.0,1.0,0.0,1.0,0.0,18.8
2020-06-06 20:00:00,0.0,0.0,63099.0,22,4135001,,0.25,True,0.0,0.0,22.435105266666664,20.8517252,0.0,False,34.0,37,68,0,23,59,0.0,0.0,0.0,0.0,0.0,14.5
2020-06-06 20:15:00,0.0,0.0,63099.0,22,4135001,,0.25,True,0.0,0.0,22.393408266666665,20.394838466666663,0.0,False,34.0,37,68,0,23,59,0.0,0.0,0.0,0.0,0.0,14.5
2020-06-06 20:30:00,0.0,0.0,63099.0,22,4135001,,0.25,True,0.0,0.0,22.334638285714284,20.134107285714283,0.0,False,34.0,37,68,0,23,59,0.0,0.0,0.0,0.0,0.0,14.5
2020-06-06 20:45:00,0.0,0.0,63099.0,22,4135001,,0.25,True,0.0,0.0,22.187079066666666,20.1460408,0.0,False,34.0,37,68,0,23,59,0.0,0.0,0.0,0.0,0.0,14.5
2020-06-06 21:00:00,0.0,0.0,63099.0,22,4135001,,0.25,True,0.0,0.0,22.1833922,20.334501,0.0,False,33.3,39,85,0,35,80,0.0,0.0,0.0,0.0,0.0,14.0
2020-06-06 21:15:00,0.0,0.0,63099.0,22,4135001,,0.25,True,0.0,0.0,22.210577533333336,20.432326266666664,0.0,False,33.3,39,85,0,35,80,0.0,0.0,0.0,0.0,0.0,14.0
2020-06-06 21:30:00,0.0,0.0,63099.0,22,4135001,,0.25,True,0.0,0.0,22.211206066666666,20.508386266666665,0.0,False,33.3,39,85,0,35,80,0.0,0.0,0.0,0.0,0.0,14.0
2020-06-06 21:45:00,0.0,0.0,63099.0,22,4135001,,0.25,True,0.0,0.0,22.21850393333333,20.4641012,0.0,False,33.3,39,85,0,35,80,0.0,0.0,0.0,0.0,0.0,14.0
2020-06-06 22:00:00,0.0,0.0,63099.0,22,4135001,,0.25,True,0.0,0.0,22.19037266666667,20.292954466666668,0.0,False,32.0,46,97,4,23,96,0.0,0.0,0.0,0.0,0.0,20.1
2020-06-06 22:15:00,0.0,0.0,63099.0,22,4135001,,0.25,True,0.0,0.0,22.1516112,20.19132286666667,0.0,False,32.0,46,97,4,23,96,0.0,0.0,0.0,0.0,0.0,20.1
2020-06-06 22:30:00,0.0,0.0,63099.0,22,4135001,,0.25,True,0.0,0.0,22.1585,20.181113866666664,0.0,False,32.0,46,97,4,23,96,0.0,0.0,0.0,0.0,0.0,20.1
2020-06-06 22:45:00,0.0,0.0,63099.0,22,4135001,,0.25,True,0.0,0.0,22.119533266666664,20.250876933333327,0.0,False,32.0,46,97,4,23,96,0.0,0.0,0.0,0.0,0.0,20.1
2020-06-06 23:00:00,0.0,0.0,63099.0,22,4135001,,0.25,True,0.0,0.0,22.125963571428567,20.27607721428572,0.0,False,30.8,54,99,0,22,99,0.0,0.0,0.0,0.0,0.0,19.8
2020-06-06 23:15:00,0.0,0.0,63099.0,22,4135001,,0.25,True,0.0,0.0,22.194932066666663,20.21912826666667,0.0,False,30.8,54,99,0,22,99,0.0,0.0,0.0,0.0,0.0,19.8
2020-06-06 23:30:00,0.0,0.0,63099.0,22,4135001,,0.25,True,0.0,0.0,22.081917266666665,20.148321600000003,0.0,False,30.8,54,99,0,22,99,0.0,0.0,0.0,0.0,0.0,19.8
2020-06-06 23:45:00,0.0,0.0,58519.375,22,4135001,,0.25,True,0.0,0.0,22.123830266666666,20.20074466666667,0.0,False,30.8,54,99,0,22,99,0.0,0.0,0.0,0.0,0.0,19.8
2020-06-07 00:00:00,0.0,0.0,3313.8571429,22,4135001,,0.25,True,0.0,0.0,22.05573953333333,20.297180266666665,0.0,False,30.0,58,100,0,17,100,0.0,0.0,0.0,0.0,0.0,21.3
2020-06-07 00:15:00,0.0,0.0,0.0,22,4135001,,0.25,True,0.0,0.0,22.10319206666666,20.39622393333333,0.0,False,30.0,58,100,0,17,100,0.0,0.0,0.0,0.0,0.0,21.3
2020-06-07 00:30:00,0.0,0.0,0.0,22,4135001,,0.25,True,0.0,0.0,22.224560666666665,20.518798866666668,0.0,False,30.0,58,100,0,17,100,0.0,0.0,0.0,0.0,0.0,21.3
2020-06-07 00:45:00,0.0,0.0,0.0,22,4135001,,0.25,True,0.0,0.0,22.30642906666667,20.727630533333336,0.0,False,30.0,58,100,0,17,100,0.0,0.0,0.0,0.0,0.0,21.3
2020-06-07 01:00:00,0.0,0.0,0.0,22,4135001,,0.25,True,0.0,0.0,22.26318146666667,20.769368466666663,0.0,False,29.1,60,99,0,18,99,0.0,0.0,0.0,0.0,0.0,21.6
2020-06-07 01:15:00,0.0,0.0,0.0,22,4135001,,0.25,True,0.0,0.0,22.224988642857145,20.794174357142857,0.0,False,29.1,60,99,0,18,99,0.0,0.0,0.0,0.0,0.0,21.6
2020-06-07 01:30:00,0.0,0.0,0.0,22,4135001,,0.25,True,0.0,0.0,22.250954266666668,20.80826,0.0,False,29.1,60,99,0,18,99,0.0,0.0,0.0,0.0,0.0,21.6
2020-06-07 01:45:00,0.0,0.0,0.0,22,4135001,,0.25,True,0.0,0.0,22.245330666666668,20.7225952,0.0,False,29.1,60,99,0,18,99,0.0,0.0,0.0,0.0,0.0,21.6
2020-06-07 02:00:00,0.0,0.0,0.0,22,4135001,,0.25,True,0.0,0.0,22.1836792,20.5272158,0.0,False,28.3,64,92,0,13,91,0.0,0.0,0.0,0.0,0.0,20.9
2020-06-07 02:15:00,0.0,0.0,0.0,22,4135001,,0.25,True,0.0,0.0,22.071877,20.389953666666667,0.0,False,28.3,64,92,0,13,91,0.0,0.0,0.0,0.0,0.0,20.9
2020-06-07 02:30:00,0.0,0.0,0.0,22,4135001,,0.25,True,0.0,0.0,22.029390266666667,20.386875133333337,0.0,False,28.3,64,92,0,13,91,0.0,0.0,0.0,0.0,0.0,20.9
2020-06-07 02:45:00,0.0,0.0,0.0,22,4135001,,0.25,True,0.0,0.0,21.9825462,20.358048333333333,0.0,False,28.3,64,92,0,13,91,0.0,0.0,0.0,0.0,0.0,20.9
2020-06-07 03:00:00,0.0,0.0,0.0,22,4135001,,0.25,True,0.0,0.0,21.9359068,20.357409733333327,0.0,False,27.6,67,93,0,9,93,0.0,0.0,0.0,0.0,0.0,19.1
2020-06-07 03:15:00,0.0,0.0,0.0,22,4135001,,0.25,True,0.0,0.0,21.953224666666664,20.305244866666676,0.0,False,27.6,67,93,0,9,93,0.0,0.0,0.0,0.0,0.0,19.1
2020-06-07 03:30:00,0.0,0.0,0.0,22,4135001,,0.25,True,0.0,0.0,21.89431971428571,20.10399957142857,0.0,False,27.6,67,93,0,9,93,0.0,0.0,0.0,0.0,0.0,19.1
2020-06-07 03:45:00,0.0,0.0,0.0,22,4135001,,0.25,True,0.0,0.0,21.831136,20.094527266666667,0.0,False,27.6,67,93,0,9,93,0.0,0.0,0.0,0.0,0.0,19.1
2020-06-07 04:00:00,0.0,0.0,0.0,22,4135001,,0.25,True,0.0,0.0,21.918208866666667,20.265173333333333,0.0,False,27.0,69,95,0,1,95,0.0,0.0,0.0,0.0,0.0,19.1
2020-06-07 04:15:00,0.0,0.0,0.0,22,4135001,,0.25,True,0.0,0.0,21.9437256,20.334055600000003,0.0,False,27.0,69,95,0,1,95,0.0,0.0,0.0,0.0,0.0,19.1
2020-06-07 04:30:00,0.0,0.0,0.0,22,4135001,,0.25,True,0.0,0.0,21.946582066666668,20.434261,0.0,False,27.0,69,95,0,1,95,0.0,0.0,0.0,0.0,0.0,19.1
2020-06-07 04:45:00,0.0,0.0,0.0,22,4135001,,0.25,True,0.0,0.0,21.94075313333333,20.4068746,0.0,False,27.0,69,95,0,1,95,0.0,0.0,0.0,0.0,0.0,19.1
2020-06-07 05:00:00,0.0,0.0,0.0,22,4135001,,0.25,True,0.0,0.0,21.97220246666667,20.491691,0.0,False,27.0,69,94,0,8,91,0.0,0.0,0.0,0.0,0.0,18.0
2020-06-07 05:15:00,0.0,0.0,0.0,22,4135001,,0.25,True,0.0,0.0,22.067002399999996,20.666540466666667,0.0,False,27.0,69,94,0,8,91,0.0,0.0,0.0,0.0,0.0,18.0
2020-06-07 05:30:00,0.0,0.0,0.0,22,4135001,,0.25,True,0.0,0.0,22.19018973333333,20.891292133333334,0.0,False,27.0,69,94,0,8,91,0.0,0.0,0.0,0.0,0.0,18.0
2020-06-07 05:45:00,0.0,0.0,0.0,22,4135001,,0.25,True,0.0,0.0,22.18672828571429,20.98682278571429,0.0002446326267021,False,27.0,69,94,0,8,91,0.0,0.0,0.0,0.0,0.0,18.0
2020-06-07 06:00:00,1328.58928571,128.26607143,1.8035714299999999,22,4135001,0.09654305721835958,0.25,True,32.0665178575,332.1473214275,22.086163266666663,20.94403673333333,0.0071169433199999,False,27.2,69,98,0,5,98,0.0,20.0,5.0,15.0,50.2,18.4
2020-06-07 06:15:00,8796.5357143,850.41607142,107.982142857,22,4135001,0.09667624835962749,0.25,True,212.604017855,2199.133928575,22.0659282,21.123944133333328,0.0289893672,False,27.2,69,98,0,5,98,0.0,20.0,5.0,15.0,50.2,18.4
2020-06-07 06:30:00,17416.2321429,1689.54464285,421.32142857,22,4135001,0.09700976818563878,0.25,True,422.3861607125,4354.058035725,22.062723666666667,21.586832733333328,0.0563336587333333,False,27.2,69,98,0,5,98,0.0,20.0,5.0,15.0,50.2,18.4
2020-06-07 06:45:00,32486.517857,3173.9928571,990.83928571,22,4135001,0.09770184884299894,0.25,True,793.498214275,8121.62946425,22.173250333333336,22.970973666666666,0.1072139355999999,False,27.2,69,98,0,5,98,0.0,20.0,5.0,15.0,50.2,18.4
2020-06-07 07:00:00,38716.285711,3794.2089285,1929.91071429,22,4135001,0.09800033393756047,0.25,True,948.552232125,9679.07142775,22.4537842,25.09706033333333,0.1285492849999999,False,28.3,64,95,0,3,95,0.0,163.0,77.0,86.0,287.3,17.6
2020-06-07 07:15:00,40661.821428,3985.7321428,2874.9821429,22,4135001,0.09802148558095329,0.25,True,996.4330357,10165.455357,22.4785766,25.566410266666665,0.1265910513333333,False,28.3,64,95,0,3,95,0.0,163.0,77.0,86.0,287.3,17.6
2020-06-07 07:30:00,45322.857142,4443.157143,3937.4285713,22,4135001,0.09803347412717708,0.25,True,1110.78928575,11330.7142855,22.61050626666667,26.383687266666666,0.1389610499999999,False,28.3,64,95,0,3,95,0.0,163.0,77.0,86.0,287.3,17.6
2020-06-07 07:45:00,55007.839285,5394.3785715,5126.4107143,22,4135001,0.09806563285555164,0.25,True,1348.594642875,13751.95982125,22.6054098,27.0571594,0.1693729433333333,False,28.3,64,95,0,3,95,0.0,163.0,77.0,86.0,287.3,17.6
2020-06-07 08:00:00,74230.94643,7296.4964287,6712.0357144,22,4135001,0.0982945358992643,0.25,True,1824.124107175,18557.7366075,22.874956357142857,28.931237142857142,0.2271388021428571,False,30.1,57,97,0,2,97,0.0,371.0,235.0,136.0,481.5,16.9
2020-06-07 08:15:00,77860.821428,7653.5607143,8619.9107143,22,4135001,0.09829797032616017,0.25,True,1913.390178575,19465.205357,23.19970913333333,30.617470133333327,0.2377031446666667,False,30.1,57,97,0,2,97,0.0,371.0,235.0,136.0,481.5,16.9
2020-06-07 08:30:00,79503.25000100001,7814.6196429,10521.1607142,22,4135001,0.09829308415444282,0.25,True,1953.654910725,19875.812500250002,23.165612733333333,30.43214306666667,0.2436291773333333,False,30.1,57,97,0,2,97,0.0,371.0,235.0,136.0,481.5,16.9
2020-06-07 08:45:00,110159.517857,10804.35,12731.8035715,22,4135001,0.09807913297174481,0.25,True,2701.0875,27539.87946425,23.40423586666667,31.958345733333328,0.3413168086666666,False,30.1,57,97,0,2,97,0.0,371.0,235.0,136.0,481.5,16.9
2020-06-07 09:00:00,202221.678573,19779.9767857,16571.4107144,22,4135001,0.0978133349761491,0.25,True,4944.994196425,50555.41964325,23.9829488,38.8167622,0.6309158766666667,False,32.1,49,98,1,1,98,0.0,574.0,398.0,176.0,583.9,17.8
2020-06-07 09:15:00,184292.874999,18034.4464285,21285.9821428,22,4135001,0.09785753479942107,0.25,True,4508.611607125,46073.21874975,24.389473466666665,42.34455979999999,0.5920114606666667,False,32.1,49,98,1,1,98,0.0,574.0,398.0,176.0,583.9,17.8
2020-06-07 09:30:00,152519.160714,14935.6678571,25709.660716,22,4135001,0.09792650174037464,0.25,True,3733.916964275,38129.7901785,24.661753399999995,42.03903773333332,0.4748543633333333,False,32.1,49,98,1,1,98,0.0,574.0,398.0,176.0,583.9,17.8
2020-06-07 09:45:00,136199.857142,13344.1964286,28962.374999,22,4135001,0.0979751132535149,0.25,True,3336.04910715,34049.9642855,24.460260066666663,38.327647133333336,0.4301018386666667,False,32.1,49,98,1,1,98,0.0,574.0,398.0,176.0,583.9,17.8
2020-06-07 10:00:00,147079.482145,14406.2428571,32563.80357,22,4135001,0.0979486917345646,0.25,True,3601.560714275,36769.87053625,24.88059273333333,39.5672728,0.4554531606666666,False,33.9,42,99,6,7,99,0.0,746.0,564.0,182.0,675.1,20.3
2020-06-07 10:15:00,171416.053572,16777.7017857,36294.267857,22,4135001,0.09787707414844228,0.25,True,4194.425446425,42854.013393,25.090109714285717,39.83215985714286,0.537035125,False,33.9,42,99,6,7,99,0.0,746.0,564.0,182.0,675.1,20.3
2020-06-07 10:30:00,211331.089285,20661.7660714,40973.357143,22,4135001,0.09776964734013012,0.25,True,5165.44151785,52832.77232125,25.68664953333333,43.83857633333333,0.6541739533333331,False,33.9,42,99,6,7,99,0.0,746.0,564.0,182.0,675.1,20.3
2020-06-07 10:45:00,287642.82143,28052.47857,47133.875,22,4135001,0.0975253907973044,0.25,True,7013.1196425,71910.7053575,26.655895933333333,52.52440386666667,1.0379223366666668,False,33.9,42,99,6,7,99,0.0,746.0,564.0,182.0,675.1,20.3
2020-06-07 11:00:00,251659.67857,24566.551786,53543.339286,22,4135001,0.09761814814989017,0.25,True,6141.6379465,62914.9196425,27.075844133333334,53.64908433333333,0.8485740693333333,False,35.0,38,99,8,11,98,0.0,777.0,548.0,229.0,583.5,19.8
2020-06-07 11:15:00,297395.28571,28999.726786,60431.517856,22,4135001,0.09751239572196377,0.25,True,7249.9316965,74348.8214275,27.4672506,58.268178266666666,1.093312369333333,False,35.0,38,99,8,11,98,0.0,777.0,548.0,229.0,583.5,19.8
2020-06-07 11:30:00,255639.39286,24954.532143,67128.178571,22,4135001,0.09761614539847645,0.25,True,6238.63303575,63909.848215,27.8593812,57.1712628,0.855925206,False,35.0,38,99,8,11,98,0.0,777.0,548.0,229.0,583.5,19.8
2020-06-07 11:45:00,244257.14284,23855.1428573,73091.57143,22,4135001,0.09766405428285162,0.25,True,5963.785714325,61064.28571,27.78503,53.52336233333334,0.8263966746666666,False,35.0,38,99,8,11,98,0.0,777.0,548.0,229.0,583.5,19.8
2020-06-07 12:00:00,288753.03572,28154.635715,79695.839285,22,4135001,0.0975042068208806,0.25,True,7038.65892875,72188.25893,28.042243,56.312655,1.017537535,False,36.4,34,76,16,16,70,0.0,880.0,644.0,236.0,653.5,17.5
2020-06-07 12:15:00,254458.17857699998,24809.6964287,86498.410715,22,4135001,0.09750009438660072,0.25,True,6202.424107175,63614.544644249996,28.7483338,59.98777086666667,1.0242290946666668,False,36.4,34,76,16,16,70,0.0,880.0,644.0,236.0,653.5,17.5
2020-06-07 12:30:00,236053.64286,23015.158929,92361.071428,22,4135001,0.09749969816246369,0.25,True,5753.78973225,59013.410715,28.884908,59.149143266666655,1.00650392,False,36.4,34,76,16,16,70,0.0,880.0,644.0,236.0,653.5,17.5
2020-06-07 12:45:00,216342.749986,21093.375,97971.767858,22,4135001,0.09749980066983986,0.25,True,5273.34375,54085.6874965,29.4468058,57.7418068,0.9985397593333332,False,36.4,34,76,16,16,70,0.0,880.0,644.0,236.0,653.5,17.5
2020-06-07 13:00:00,202254.80357,19719.926785,103008.892857,22,4135001,0.09750041253371257,0.25,True,4929.98169625,50563.7008925,30.082822666666665,56.89508453333334,0.9434325606666668,False,37.0,33,96,0,15,96,0.0,843.0,625.0,218.0,643.3,18.5
2020-06-07 13:15:00,203338.85713,19826.3875,107957.267857,22,4135001,0.09750417495129551,0.25,True,4956.596875,50834.7142825,30.003688533333328,56.585726,0.954714792,False,37.0,33,96,0,15,96,0.0,843.0,625.0,218.0,643.3,18.5
2020-06-07 13:30:00,178954.125001,17463.3696424,112725.910714,22,4135001,0.09758573401033598,0.25,True,4365.8424106,44738.53125025,29.89033,55.8342632,0.8324597433333333,False,37.0,33,96,0,15,96,0.0,843.0,625.0,218.0,643.3,18.5
2020-06-07 13:45:00,126293.803571,12356.475,116428.017858,22,4135001,0.09783912314473467,0.25,True,3089.11875,31573.45089275,29.951885866666665,49.84045633333334,0.5917694113333333,False,37.0,33,96,0,15,96,0.0,843.0,625.0,218.0,643.3,18.5
2020-06-07 14:00:00,209657.928568,20480.0107138,120484.32143,22,4135001,0.09768297747517597,0.25,True,5120.00267845,52414.482142,29.934474666666667,48.0433046,0.7634629593333334,False,37.0,32,97,0,14,97,0.0,747.0,553.0,194.0,615.7,19.1
2020-06-07 14:15:00,187727.64285899999,18339.2642856,125637.071429,22,4135001,0.09769080358279682,0.25,True,4584.8160714,46931.910714749996,30.526469571428567,52.11067421428572,0.6577993407142857,False,37.0,32,97,0,14,97,0.0,747.0,553.0,194.0,615.7,19.1
2020-06-07 14:30:00,154606.321427,15115.644642899999,129463.12499899999,22,4135001,0.09776860676448543,0.25,True,3778.9111607249997,38651.58035675,30.276324400000004,46.78619793333333,0.5078556253333332,False,37.0,32,97,0,14,97,0.0,747.0,553.0,194.0,615.7,19.1
2020-06-07 14:45:00,99299.3928564,9739.98035718,132803.607143,22,4135001,0.09808700815789775,0.25,True,2434.995089295,24824.8482141,29.847798466666667,42.69290366666666,0.3273317526666667,False,37.0,32,97,0,14,97,0.0,747.0,553.0,194.0,615.7,19.1
2020-06-07 15:00:00,201447.857144,19677.5392857,136482.821429,22,4135001,0.09768055895295029,0.25,True,4919.384821425,50361.964286,30.049153666666665,45.10961906666667,0.62916335,False,37.2,31,97,0,20,97,0.0,655.0,476.0,179.0,618.0,19.5
2020-06-07 15:15:00,153825.821428,15057.2267857,140564.535714,22,4135001,0.0978849106471225,0.25,True,3764.306696425,38456.455357,30.311199866666666,45.478786266666674,0.493897726,False,37.2,31,97,0,20,97,0.0,655.0,476.0,179.0,618.0,19.5
2020-06-07 15:30:00,172906.946428,16922.5000002,144537.857143,22,4135001,0.09787056188194661,0.25,True,4230.62500005,43226.736607,30.26257326666667,45.12008893333333,0.5565673573333334,False,37.2,31,97,0,20,97,0.0,655.0,476.0,179.0,618.0,19.5
2020-06-07 15:45:00,139874.910714,13696.7892857,148914.035714,22,4135001,0.09792170172466175,0.25,True,3424.197321425,34968.7276785,30.42411086666667,46.23066786666667,0.4599821506666666,False,37.2,31,97,0,20,97,0.0,655.0,476.0,179.0,618.0,19.5
2020-06-07 16:00:00,160844.857143,15749.1857143,152294.857146,22,4135001,0.09791538252477727,0.25,True,3937.296428575,40211.21428575,30.24165666666667,42.94891766666666,0.5092201013333332,False,37.0,31,99,0,36,98,0.0,446.0,290.0,156.0,486.1,20.2
2020-06-07 16:15:00,134304.071429,13158.8375,155903.0,22,4135001,0.09797794929066193,0.25,True,3289.709375,33576.01785725,30.361437285714285,42.96282521428572,0.4548798128571428,False,37.0,31,99,0,36,98,0.0,446.0,290.0,156.0,486.1,20.2
2020-06-07 16:30:00,76102.910714,7465.4392855,158503.499999,22,4135001,0.0980966327760529,0.25,True,1866.359821375,19025.7276785,29.8172668,39.14588853333333,0.263809032,False,37.0,31,99,0,36,98,0.0,446.0,290.0,156.0,486.1,20.2
2020-06-07 16:45:00,111607.928571,10942.3499999,160675.982142,22,4135001,0.09804276577840941,0.25,True,2735.587499975,27901.98214275,29.1737934,37.11314493333333,0.3538028446666666,False,37.0,31,99,0,36,98,0.0,446.0,290.0,156.0,486.1,20.2
2020-06-07 17:00:00,73527.857142,7216.2053573,163176.017857,22,4135001,0.09814246787260195,0.25,True,1804.051339325,18381.9642855,28.939170133333327,36.249540200000006,0.2442546013333333,False,36.7,30,98,0,43,99,0.0,196.0,86.0,110.0,221.0,17.8
2020-06-07 17:15:00,74857.767857,7354.7625001,164938.357144,22,4135001,0.09824982377446419,0.25,True,1838.690625025,18714.44196425,28.74334113333333,34.1222822,0.2501518,False,36.7,30,98,0,43,99,0.0,196.0,86.0,110.0,221.0,17.8
2020-06-07 17:30:00,47777.892857,4683.3107144,166483.178572,22,4135001,0.0980225462938942,0.25,True,1170.8276786,11944.47321425,28.263501133333328,32.293276,0.1567773945333333,False,36.7,30,98,0,43,99,0.0,196.0,86.0,110.0,221.0,17.8
2020-06-07 17:45:00,25891.142859,2518.1321428,167345.249999,22,4135001,0.09725843917023826,0.25,True,629.5330357,6472.78571475,27.518345000000004,29.254244,0.0808109167333333,False,36.7,30,98,0,43,99,0.0,196.0,86.0,110.0,221.0,17.8
2020-06-07 18:00:00,14620.6071429,1416.5589285800002,167839.857143,22,4135001,0.09688783199868028,0.25,True,354.13973214500004,3655.151785725,26.890378866666666,27.107940666666668,0.0459691700666666,False,35.3,33,98,0,49,97,0.0,65.0,21.0,44.0,129.3,20.1
2020-06-07 18:15:00,6636.1785715,641.175,168089.303571,22,4135001,0.09661810529837397,0.25,True,160.29375,1659.044642875,26.388253500000005,25.75343757142857,0.02162753825,False,35.3,33,98,0,49,97,0.0,65.0,21.0,44.0,129.3,20.1
2020-06-07 18:30:00,1331.19642856,128.403571429,168189.089286,22,4135001,0.09645726856997242,0.25,True,32.10089285725,332.79910714,25.811604733333333,24.302943866666663,0.0059234326933333,False,35.3,33,98,0,49,97,0.0,65.0,21.0,44.0,129.3,20.1
2020-06-07 18:45:00,0.0,0.0,168197.0,22,4135001,,0.25,True,0.0,0.0,25.57590346666667,23.5736836,6.189576866666667e-05,False,35.3,33,98,0,49,97,0.0,65.0,21.0,44.0,129.3,20.1
2020-06-07 19:00:00,0.0,0.0,168197.0,22,4135001,,0.25,True,0.0,0.0,25.26825146666667,23.117767266666668,0.0,False,33.2,40,98,1,28,97,0.0,1.0,0.0,1.0,0.0,20.1
2020-06-07 19:15:00,0.0,0.0,168197.0,22,4135001,,0.25,True,0.0,0.0,24.971708133333333,22.590867266666667,0.0,False,33.2,40,98,1,28,97,0.0,1.0,0.0,1.0,0.0,20.1
2020-06-07 19:30:00,0.0,0.0,168197.0,22,4135001,,0.25,True,0.0,0.0,24.6788004,22.31903893333333,0.0,False,33.2,40,98,1,28,97,0.0,1.0,0.0,1.0,0.0,20.1
2020-06-07 19:45:00,0.0,0.0,168197.0,22,4135001,,0.25,True,0.0,0.0,24.43683873333333,22.21263826666667,0.0,False,33.2,40,98,1,28,97,0.0,1.0,0.0,1.0,0.0,20.1
2020-06-07 20:00:00,0.0,0.0,168197.0,22,4135001,,0.25,True,0.0,0.0,24.214486357142857,22.019662,0.0,False,32.8,41,98,0,33,97,0.0,0.0,0.0,0.0,0.0,19.4
2020-06-07 20:15:00,0.0,0.0,168197.0,22,4135001,,0.25,True,0.0,0.0,24.0908446,22.044309533333337,0.0,False,32.8,41,98,0,33,97,0.0,0.0,0.0,0.0,0.0,19.4
2020-06-07 20:30:00,0.0,0.0,168197.0,22,4135001,,0.25,True,0.0,0.0,24.030011066666667,22.1147014,0.0,False,32.8,41,98,0,33,97,0.0,0.0,0.0,0.0,0.0,19.4
2020-06-07 20:45:00,0.0,0.0,168197.0,22,4135001,,0.25,True,0.0,0.0,23.948044733333337,22.21106766666667,0.0,False,32.8,41,98,0,33,97,0.0,0.0,0.0,0.0,0.0,19.4
2020-06-07 21:00:00,0.0,0.0,168197.0,22,4135001,,0.25,True,0.0,0.0,23.908459466666663,22.34423213333333,0.0,False,31.7,48,98,0,27,97,0.0,0.0,0.0,0.0,0.0,18.0
2020-06-07 21:15:00,0.0,0.0,168197.0,22,4135001,,0.25,True,0.0,0.0,23.7859924,22.157234666666668,0.0,False,31.7,48,98,0,27,97,0.0,0.0,0.0,0.0,0.0,18.0
2020-06-07 21:30:00,0.0,0.0,168197.0,22,4135001,,0.25,True,0.0,0.0,23.628920533333336,22.05108853333333,0.0,False,31.7,48,98,0,27,97,0.0,0.0,0.0,0.0,0.0,18.0
2020-06-07 21:45:00,0.0,0.0,168197.0,22,4135001,,0.25,True,0.0,0.0,23.4653096,21.887560933333337,0.0,False,31.7,48,98,0,27,97,0.0,0.0,0.0,0.0,0.0,18.0
2020-06-07 22:00:00,0.0,0.0,168197.0,22,4135001,,0.25,True,0.0,0.0,23.3559875,21.672494,0.0,False,31.1,50,97,0,24,96,0.0,0.0,0.0,0.0,0.0,18.4
2020-06-07 22:15:00,0.0,0.0,168197.0,22,4135001,,0.25,True,0.0,0.0,23.23333333333333,21.3967896,0.0,False,31.1,50,97,0,24,96,0.0,0.0,0.0,0.0,0.0,18.4
2020-06-07 22:30:00,0.0,0.0,168197.0,22,4135001,,0.25,True,0.0,0.0,23.10634146666667,21.14976193333333,0.0,False,31.1,50,97,0,24,96,0.0,0.0,0.0,0.0,0.0,18.4
2020-06-07 22:45:00,0.0,0.0,168197.0,22,4135001,,0.25,True,0.0,0.0,23.106390333333334,21.290132733333333,0.0,False,31.1,50,97,0,24,96,0.0,0.0,0.0,0.0,0.0,18.4
2020-06-07 23:00:00,0.0,0.0,168197.0,22,4135001,,0.25,True,0.0,0.0,23.136674066666668,21.55108446666667,0.0,False,30.5,51,92,0,38,88,0.0,0.0,0.0,0.0,0.0,17.3
2020-06-07 23:15:00,0.0,0.0,168197.0,22,4135001,,0.25,True,0.0,0.0,23.212194733333337,21.89227706666667,0.0,False,30.5,51,92,0,38,88,0.0,0.0,0.0,0.0,0.0,17.3
2020-06-07 23:30:00,0.0,0.0,168197.0,22,4135001,,0.25,True,0.0,0.0,23.321769133333333,22.1704956,0.0,False,30.5,51,92,0,38,88,0.0,0.0,0.0,0.0,0.0,17.3
2020-06-07 23:45:00,0.0,0.0,153216.5,22,4135001,,0.25,True,0.0,0.0,23.338594466666667,22.251352866666664,0.0,False,30.5,51,92,0,38,88,0.0,0.0,0.0,0.0,0.0,17.3
2020-06-08 00:00:00,0.0,0.0,3853.6964286,22,4135001,,0.25,True,0.0,0.0,23.31643,22.217734214285716,0.0,False,30.2,53,95,1,57,91,0.0,0.0,0.0,0.0,0.0,16.9
2020-06-08 00:15:00,0.0,0.0,0.0,22,4135001,,0.25,True,0.0,0.0,23.257477,22.07641986666667,0.0,False,30.2,53,95,1,57,91,0.0,0.0,0.0,0.0,0.0,16.9
2020-06-08 00:30:00,0.0,0.0,0.0,22,4135001,,0.25,True,0.0,0.0,23.057411733333332,21.816440933333336,0.0,False,30.2,53,95,1,57,91,0.0,0.0,0.0,0.0,0.0,16.9
2020-06-08 00:45:00,0.0,0.0,0.0,22,4135001,,0.25,True,0.0,0.0,22.822715266666663,21.3458352,0.0,False,30.2,53,95,1,57,91,0.0,0.0,0.0,0.0,0.0,16.9
2020-06-08 01:00:00,0.0,0.0,0.0,22,4135001,,0.25,True,0.0,0.0,22.663851,20.767582200000003,0.0,False,29.7,54,92,2,45,88,0.0,0.0,0.0,0.0,0.0,19.1
2020-06-08 01:15:00,0.0,0.0,0.0,22,4135001,,0.25,True,0.0,0.0,22.5861776,20.7061768,0.0,False,29.7,54,92,2,45,88,0.0,0.0,0.0,0.0,0.0,19.1
2020-06-08 01:30:00,0.0,0.0,0.0,22,4135001,,0.25,True,0.0,0.0,22.593149866666668,21.09493413333333,0.0,False,29.7,54,92,2,45,88,0.0,0.0,0.0,0.0,0.0,19.1
2020-06-08 01:45:00,0.0,0.0,0.0,22,4135001,,0.25,True,0.0,0.0,22.584224142857146,21.25341378571429,0.0,False,29.7,54,92,2,45,88,0.0,0.0,0.0,0.0,0.0,19.1
2020-06-08 02:00:00,0.0,0.0,0.0,22,4135001,,0.25,True,0.0,0.0,22.550337733333336,21.27018826666666,0.0,False,28.9,57,89,2,24,88,0.0,0.0,0.0,0.0,0.0,17.6
2020-06-08 02:15:00,0.0,0.0,0.0,22,4135001,,0.25,True,0.0,0.0,22.486499,21.208319133333337,0.0,False,28.9,57,89,2,24,88,0.0,0.0,0.0,0.0,0.0,17.6
2020-06-08 02:30:00,0.0,0.0,0.0,22,4135001,,0.25,True,0.0,0.0,22.406974266666666,21.0984478,0.0,False,28.9,57,89,2,24,88,0.0,0.0,0.0,0.0,0.0,17.6
2020-06-08 02:45:00,0.0,0.0,0.0,22,4135001,,0.25,True,0.0,0.0,22.321024533333333,21.0637756,0.0,False,28.9,57,89,2,24,88,0.0,0.0,0.0,0.0,0.0,17.6
2020-06-08 03:00:00,0.0,0.0,0.0,22,4135001,,0.25,True,0.0,0.0,22.250909466666663,21.1413372,0.0,False,28.3,60,88,1,17,86,0.0,0.0,0.0,0.0,0.0,18.4
2020-06-08 03:15:00,0.0,0.0,0.0,22,4135001,,0.25,True,0.0,0.0,22.15685633333333,21.056901000000003,0.0,False,28.3,60,88,1,17,86,0.0,0.0,0.0,0.0,0.0,18.4
2020-06-08 03:30:00,0.0,0.0,0.0,22,4135001,,0.25,True,0.0,0.0,22.115911933333336,20.916247533333333,0.0,False,28.3,60,88,1,17,86,0.0,0.0,0.0,0.0,0.0,18.4
2020-06-08 03:45:00,0.0,0.0,0.0,22,4135001,,0.25,True,0.0,0.0,22.099921214285715,20.814019357142858,0.0,False,28.3,60,88,1,17,86,0.0,0.0,0.0,0.0,0.0,18.4
2020-06-08 04:00:00,0.0,0.0,0.0,22,4135001,,0.25,True,0.0,0.0,22.113940533333327,20.84771533333333,0.0,False,27.7,63,78,5,13,75,0.0,0.0,0.0,0.0,0.0,18.4
2020-06-08 04:15:00,0.0,0.0,0.0,22,4135001,,0.25,True,0.0,0.0,22.091783785714288,20.774348642857145,0.0,False,27.7,63,78,5,13,75,0.0,0.0,0.0,0.0,0.0,18.4
2020-06-08 04:30:00,0.0,0.0,0.0,22,4135001,,0.25,True,0.0,0.0,21.984562066666665,20.695650066666666,0.0,False,27.7,63,78,5,13,75,0.0,0.0,0.0,0.0,0.0,18.4
2020-06-08 04:45:00,0.0,0.0,0.0,22,4135001,,0.25,True,0.0,0.0,21.846445666666664,20.4833924,0.0,False,27.7,63,78,5,13,75,0.0,0.0,0.0,0.0,0.0,18.4
2020-06-08 05:00:00,0.0,0.0,0.0,22,4135001,,0.25,True,0.0,0.0,21.70021153333333,20.267336066666665,0.0,False,27.6,66,94,6,33,55,0.0,0.0,0.0,0.0,0.0,17.0
2020-06-08 05:15:00,0.0,0.0,0.0,22,4135001,,0.25,True,0.0,0.0,21.57822073333333,20.21853233333333,0.0,False,27.6,66,94,6,33,55,0.0,0.0,0.0,0.0,0.0,17.0
2020-06-08 05:30:00,0.0,0.0,0.0,22,4135001,,0.25,True,0.0,0.0,21.538749066666668,20.1673342,0.0,False,27.6,66,94,6,33,55,0.0,0.0,0.0,0.0,0.0,17.0
2020-06-08 05:45:00,0.0,0.0,0.0,22,4135001,,0.25,True,0.0,0.0,21.5162558,20.20396513333333,0.0010356957873333,False,27.6,66,94,6,33,55,0.0,0.0,0.0,0.0,0.0,17.0
2020-06-08 06:00:00,2240.16071436,216.208928577,11.571428574,22,4135001,0.09651491841234683,0.25,True,54.05223214425,560.04017859,21.456706357142856,20.32755842857143,0.0094697153714285,False,27.7,66,33,4,24,24,0.0,17.0,3.0,14.0,30.2,18.2
2020-06-08 06:15:00,9909.2678571,958.27857143,150.999999999,22,4135001,0.09670528491601856,0.25,True,239.5696428575,2477.316964275,21.47708533333333,20.763635333333333,0.0306464463999999,False,27.7,66,33,4,24,24,0.0,17.0,3.0,14.0,30.2,18.2
2020-06-08 06:30:00,18557.1785715,1800.97321429,493.05357144,22,4135001,0.09704994794068121,0.25,True,450.2433035725,4639.294642875,21.680248933333328,21.65212806666667,0.0579955505333333,False,27.7,66,33,4,24,24,0.0,17.0,3.0,14.0,30.2,18.2
2020-06-08 06:45:00,24334.107143,2365.4696428,1020.03571428,22,4135001,0.09720798995826137,0.25,True,591.3674107,6083.52678575,21.8746846,22.385380200000004,0.0781386402,False,27.7,66,33,4,24,24,0.0,17.0,3.0,14.0,30.2,18.2
2020-06-08 07:00:00,34055.642858,3326.6035715,1693.30357141,22,4135001,0.09768142053200292,0.25,True,831.650892875,8513.9107145,22.075207466666665,23.212565,0.1196465384666666,False,28.5,63,35,0,16,31,0.0,135.0,60.0,75.0,224.3,20.0
2020-06-08 07:15:00,42460.232143,4162.0178571,2692.6607143,22,4135001,0.09802155209804124,0.25,True,1040.504464275,10615.05803575,22.4391438,25.193231133333327,0.1471483106666666,False,28.5,63,35,0,16,31,0.0,135.0,60.0,75.0,224.3,20.0
2020-06-08 07:30:00,54023.428572,5299.4767859,3796.7857143,22,4135001,0.09809589887167372,0.25,True,1324.869196475,13505.857143,22.7113486,26.3737446,0.18606803,False,28.5,63,35,0,16,31,0.0,135.0,60.0,75.0,224.3,20.0
2020-06-08 07:45:00,85853.482143,8431.5464286,5550.9464286,22,4135001,0.09820855506543319,0.25,True,2107.88660715,21463.37053575,23.1475484,30.10846553333333,0.2930392133333333,False,28.5,63,35,0,16,31,0.0,135.0,60.0,75.0,224.3,20.0
2020-06-08 08:00:00,90897.696429,8927.3571429,7768.5714287,22,4135001,0.09821323854860436,0.25,True,2231.839285725,22724.42410725,23.706215533333328,33.3340642,0.3029486386666666,False,30.2,56,31,0,8,29,0.0,340.0,210.0,130.0,430.8,20.5
2020-06-08 08:15:00,73041.339285,7179.9767856,9712.4464285,22,4135001,0.09830017981439865,0.25,True,1794.9941964,18260.33482125,23.957190357142856,33.04921178571428,0.2416248742857143,False,30.2,56,31,0,8,29,0.0,340.0,210.0,130.0,430.8,20.5
2020-06-08 08:30:00,119955.69643,11759.5196428,11916.1249999,22,4135001,0.09803219015665716,0.25,True,2939.8799107,29988.9241075,24.36926893333333,33.90226446666667,0.3876267686666667,False,30.2,56,31,0,8,29,0.0,340.0,210.0,130.0,430.8,20.5
2020-06-08 08:45:00,159208.446429,15589.5535714,15479.5535715,22,4135001,0.0979191363339649,0.25,True,3897.38839285,39802.11160725,24.83987853333333,40.04876733333333,0.519743282,False,30.2,56,31,0,8,29,0.0,340.0,210.0,130.0,430.8,20.5
2020-06-08 09:00:00,149134.767858,14606.6232141,19197.4285716,22,4135001,0.097942441081263,0.25,True,3651.655803525,37283.6919645,25.66906733333333,41.449745733333344,0.4867305466666667,False,32.3,47,61,5,4,59,0.0,559.0,393.0,166.0,577.1,20.5
2020-06-08 09:15:00,205203.45,20065.7540477,23230.566666,22,4135001,0.09778468172781694,0.25,True,5016.438511925,51300.8625,26.13696276923077,42.4293093076923,0.6613730869230768,False,32.3,47,61,5,4,59,0.0,559.0,393.0,166.0,577.1,20.5
2020-06-08 09:30:00,246240.714277,24043.5642863,29294.571427,22,4135001,0.09764252169628221,0.25,True,6010.891071575,61560.17856925,26.860954846153845,51.02621476923077,0.8462327415384615,False,32.3,47,61,5,4,59,0.0,559.0,393.0,166.0,577.1,20.5
2020-06-08 09:45:00,250850.29167,24487.776784,35369.749999,22,4135001,0.0976190883453877,0.25,True,6121.944196,62712.5729175,27.848698214285715,52.77142364285714,0.8597301164285714,False,32.3,47,61,5,4,59,0.0,559.0,393.0,166.0,577.1,20.5
2020-06-08 10:00:00,267452.32143,26084.226786,41490.053570000004,22,4135001,0.09752851142414554,0.25,True,6521.0566965,66863.0803575,27.8729086,53.675834,0.9226384173333332,False,33.8,41,60,7,7,58,0.0,630.0,373.0,257.0,446.8,19.1
2020-06-08 10:15:00,237521.82144,23182.3839269,47701.696429,22,4135001,0.09760107002529055,0.25,True,5795.595981725,59380.45536,28.32269292857143,53.273069,0.7926809900000001,False,33.8,41,60,7,7,58,0.0,630.0,373.0,257.0,446.8,19.1
2020-06-08 10:30:00,252739.464271,24659.3267859,53740.660715,22,4135001,0.09756816909075595,0.25,True,6164.831696475,63184.86606775,28.07024346666667,50.669427600000006,0.890231224,False,33.8,41,60,7,7,58,0.0,630.0,373.0,257.0,446.8,19.1
2020-06-08 10:45:00,252120.60714,24601.319642,59865.964285,22,4135001,0.09757758368533175,0.25,True,6150.3299105,63030.151785,28.479555266666665,50.63910959999999,0.8419270273333334,False,33.8,41,60,7,7,58,0.0,630.0,373.0,257.0,446.8,19.1
2020-06-08 11:00:00,261569.80357,25516.403571,66211.625001,22,4135001,0.09755102929597692,0.25,True,6379.10089275,65392.4508925,28.487312733333336,52.2207926,0.8870374373333332,False,35.8,35,29,8,7,27,0.0,779.0,570.0,209.0,607.2,18.4
2020-06-08 11:15:00,246354.33929,24042.4428576,72310.392856,22,4135001,0.09759293433552249,0.25,True,6010.6107144,61588.5848225,28.845757866666663,51.12463166666667,0.8209725893333333,False,35.8,35,29,8,7,27,0.0,779.0,570.0,209.0,607.2,18.4
2020-06-08 11:30:00,225426.589279,22017.519642799998,78102.696429,22,4135001,0.09767046431044538,0.25,True,5504.3799106999995,56356.64731975,28.81794433333333,49.03407186666667,0.7561285946666667,False,35.8,35,29,8,7,27,0.0,779.0,570.0,209.0,607.2,18.4
2020-06-08 11:45:00,227722.482148,22241.432141600002,83698.785711,22,4135001,0.09766902210008842,0.25,True,5560.3580354000005,56930.620537,28.96788953333333,48.28042806666666,0.7681858726666667,False,35.8,35,29,8,7,27,0.0,779.0,570.0,209.0,607.2,18.4
2020-06-08 12:00:00,224724.660709,21969.385714,89200.374999,22,4135001,0.09776134779639763,0.25,True,5492.3464285,56181.16517725,28.983550933333333,47.150412800000005,0.7595703319999999,False,37.1,31,79,1,19,78,0.0,864.0,654.0,210.0,663.8,17.9
2020-06-08 12:15:00,193844.803574,18961.9142856,94302.107145,22,4135001,0.09782008047670628,0.25,True,4740.4785714,48461.2008935,29.0513102,46.425813733333335,0.6268856413333332,False,37.1,31,79,1,19,78,0.0,864.0,654.0,210.0,663.8,17.9
2020-06-08 12:30:00,258515.17857,25230.098214,99708.446429,22,4135001,0.09759619668586798,0.25,True,6307.5245535,64628.7946425,29.023849428571427,47.74052392857144,0.8942029785714286,False,37.1,31,79,1,19,78,0.0,864.0,654.0,210.0,663.8,17.9
2020-06-08 12:45:00,169242.732142,16557.0142857,105215.089284,22,4135001,0.09782998700238509,0.25,True,4139.253571425,42310.6830355,29.55849613333333,48.52688860000001,0.5889013319999999,False,37.1,31,79,1,19,78,0.0,864.0,654.0,210.0,663.8,17.9
2020-06-08 13:00:00,213213.928575,20824.255357000002,109735.464286,22,4135001,0.09766836292627512,0.25,True,5206.0638392500005,53303.48214375,29.653950933333327,48.487363866666655,0.7446046793333331,False,38.0,29,82,0,23,80,0.0,868.0,651.0,217.0,670.1,18.2
2020-06-08 13:15:00,195440.517858,19091.5392857,115418.37500100001,22,4135001,0.0976846535966059,0.25,True,4772.884821425,48860.1294645,30.076267400000003,53.77259313333333,0.7097949053333333,False,38.0,29,82,0,23,80,0.0,868.0,651.0,217.0,670.1,18.2
2020-06-08 13:30:00,177761.607143,17375.4946429,119334.017858,22,4135001,0.09774604832933534,0.25,True,4343.873660725,44440.40178575,29.864121533333336,48.110203000000006,0.6660282526666667,False,38.0,29,82,0,23,80,0.0,868.0,651.0,217.0,670.1,18.2
2020-06-08 13:45:00,219581.285706,21441.9821424,124397.464286,22,4135001,0.09764940611154325,0.25,True,5360.4955356,54895.3214265,30.200903066666665,51.813018666666665,0.8238694766666665,False,38.0,29,82,0,23,80,0.0,868.0,651.0,217.0,670.1,18.2
2020-06-08 14:00:00,218756.928572,21360.464286,130111.392858,22,4135001,0.09764474398793534,0.25,True,5340.1160715,54689.232143,30.39099113333333,53.7158892,0.7729503573333332,False,38.4,27,91,0,15,91,0.0,774.0,569.0,205.0,633.4,18.7
2020-06-08 14:15:00,230892.732146,22539.7589282,135487.303572,22,4135001,0.09762004511232288,0.25,True,5634.93973205,57723.1830365,30.42245486666667,51.15997893333333,0.8049972373333332,False,38.4,27,91,0,15,91,0.0,774.0,569.0,205.0,633.4,18.7
2020-06-08 14:30:00,243628.46429,23797.646427,141384.035716,22,4135001,0.09768007402728106,0.25,True,5949.41160675,60907.1160725,30.9528036,53.510760266666665,0.7918533413333332,False,38.4,27,91,0,15,91,0.0,774.0,569.0,205.0,633.4,18.7
2020-06-08 14:45:00,211796.232142,20703.3839286,147114.892858,22,4135001,0.09775142701650753,0.25,True,5175.84598215,52949.0580355,30.929628642857143,52.4254235,0.6676724242857142,False,38.4,27,91,0,15,91,0.0,774.0,569.0,205.0,633.4,18.7
2020-06-08 15:00:00,218279.428579,21341.3732137,152273.678571,22,4135001,0.09777088639379547,0.25,True,5335.343303425,54569.85714475,30.896520866666663,49.9358562,0.7478432246666665,False,38.0,26,97,0,14,97,0.0,620.0,412.0,208.0,534.6,19.3
2020-06-08 15:15:00,204789.535714,20029.1803571,157517.839285,22,4135001,0.09780372950828828,0.25,True,5007.295089275,51197.3839285,31.104663,49.31515293333333,0.7102237526666668,False,38.0,26,97,0,14,97,0.0,620.0,412.0,208.0,534.6,19.3
2020-06-08 15:30:00,151651.946427,14846.4464284,161685.696426,22,4135001,0.09789815942485491,0.25,True,3711.6116071,37912.98660675,30.64887906666667,45.644804066666666,0.4696780846666667,False,38.0,26,97,0,14,97,0.0,620.0,412.0,208.0,534.6,19.3
2020-06-08 15:45:00,157131.321429,15379.8589286,165405.357143,22,4135001,0.09787901475486166,0.25,True,3844.96473215,39282.83035725,30.492716666666663,44.21325053333334,0.4645947773333333,False,38.0,26,97,0,14,97,0.0,620.0,412.0,208.0,534.6,19.3
2020-06-08 16:00:00,105533.857143,10329.0589286,168851.410714,22,4135001,0.09787436191784372,0.25,True,2582.26473215,26383.46428575,30.0527444,42.11031486666668,0.3384765497333333,False,37.7,26,99,0,17,99,0.0,410.0,215.0,195.0,360.0,17.7
2020-06-08 16:15:00,74117.946428,7271.6053572,170787.928571,22,4135001,0.09810856489748832,0.25,True,1817.9013393,18529.486607,29.425960266666667,36.528108333333336,0.250397254,False,37.7,26,99,0,17,99,0.0,410.0,215.0,195.0,360.0,17.7
2020-06-08 16:30:00,120259.071428,11788.4607143,172927.517857,22,4135001,0.09802554247525384,0.25,True,2947.115178575,30064.767857,28.0150064,35.23329273333334,0.383318604,False,37.7,26,99,0,17,99,0.0,410.0,215.0,195.0,360.0,17.7
2020-06-08 16:45:00,119533.428571,11717.5000001,176022.714286,22,4135001,0.09802697153574982,0.25,True,2929.375000025,29883.35714275,28.595495666666668,38.5366638,0.388584996,False,37.7,26,99,0,17,99,0.0,410.0,215.0,195.0,360.0,17.7
2020-06-08 17:00:00,72443.946429,7109.5017858,178442.785715,22,4135001,0.09813796923346516,0.25,True,1777.37544645,18110.98660725,28.989379857142858,37.32118635714286,0.2491690678571428,False,37.0,26,99,0,9,100,0.0,220.0,85.0,135.0,217.9,17.3
2020-06-08 17:15:00,51089.142857,5007.5910714,179854.982143,22,4135001,0.09801673685182767,0.25,True,1251.89776785,12772.28571425,28.7508078,33.324613199999995,0.174294533,False,37.0,26,99,0,9,100,0.0,220.0,85.0,135.0,217.9,17.3
2020-06-08 17:30:00,42752.999998,4188.1571429,180970.357143,22,4135001,0.0979617136363746,0.25,True,1047.039285725,10688.2499995,28.5177898,31.437489733333333,0.154667054,False,37.0,26,99,0,9,100,0.0,220.0,85.0,135.0,217.9,17.3
2020-06-08 17:45:00,27943.053572,2723.3482142,181898.999999,22,4135001,0.09746065179250481,0.25,True,680.83705355,6985.763393,28.333721866666668,30.3950194,0.1064024638666666,False,37.0,26,99,0,9,100,0.0,220.0,85.0,135.0,217.9,17.3
2020-06-08 18:00:00,17814.8928571,1728.24285714,182432.321429,22,4135001,0.09701112832970091,0.25,True,432.060714285,4453.723214275,27.9018616,28.519918,0.0711483807333333,False,36.3,26,99,0,8,99,0.0,59.0,6.0,53.0,36.8,15.5
2020-06-08 18:15:00,9856.6964285,953.08392857,182768.910714,22,4135001,0.09669405317325383,0.25,True,238.2709821425,2464.174107125,27.304530933333336,26.9788308,0.0355560784666666,False,36.3,26,99,0,8,99,0.0,59.0,6.0,53.0,36.8,15.5
2020-06-08 18:30:00,2645.3928572,255.36249998,182921.767858,22,4135001,0.0965310310281426,0.25,True,63.840624995,661.3482143,26.836218333333328,25.515785533333336,0.00998024594,False,36.3,26,99,0,8,99,0.0,59.0,6.0,53.0,36.8,15.5
2020-06-08 18:45:00,0.0,0.0,182943.0,22,4135001,,0.25,True,0.0,0.0,26.470400066666667,24.559830733333328,0.0008603421582,False,36.3,26,99,0,8,99,0.0,59.0,6.0,53.0,36.8,15.5
2020-06-08 19:00:00,0.0,0.0,182943.0,22,4135001,,0.25,True,0.0,0.0,25.99734293333333,23.86692093333333,0.0,False,35.4,29,99,0,20,99,0.0,1.0,0.0,1.0,0.0,20.0
2020-06-08 19:15:00,0.0,0.0,182943.0,22,4135001,,0.25,True,0.0,0.0,25.64765271428572,23.230061,0.0,False,35.4,29,99,0,20,99,0.0,1.0,0.0,1.0,0.0,20.0
2020-06-08 19:30:00,0.0,0.0,182943.0,22,4135001,,0.25,True,0.0,0.0,25.331020066666667,22.70933033333333,0.0,False,35.4,29,99,0,20,99,0.0,1.0,0.0,1.0,0.0,20.0
2020-06-08 19:45:00,0.0,0.0,182943.0,22,4135001,,0.25,True,0.0,0.0,25.03207186666667,22.2262248,0.0,False,35.4,29,99,0,20,99,0.0,1.0,0.0,1.0,0.0,20.0
2020-06-08 20:00:00,0.0,0.0,182943.0,22,4135001,,0.25,True,0.0,0.0,24.80070386666667,21.85834973333333,0.0,False,34.1,34,97,0,16,96,0.0,0.0,0.0,0.0,0.0,18.1
2020-06-08 20:15:00,0.0,0.0,182943.0,22,4135001,,0.25,True,0.0,0.0,24.524369400000005,21.2573832,0.0,False,34.1,34,97,0,16,96,0.0,0.0,0.0,0.0,0.0,18.1
2020-06-08 20:30:00,0.0,0.0,182943.0,22,4135001,,0.25,True,0.0,0.0,24.091544666666664,20.82428393333333,0.0,False,34.1,34,97,0,16,96,0.0,0.0,0.0,0.0,0.0,18.1
2020-06-08 20:45:00,0.0,0.0,182943.0,22,4135001,,0.25,True,0.0,0.0,23.884928333333328,20.60881153333333,0.0,False,34.1,34,97,0,16,96,0.0,0.0,0.0,0.0,0.0,18.1
2020-06-08 21:00:00,0.0,0.0,182943.0,22,4135001,,0.25,True,0.0,0.0,23.782458333333334,20.775785200000005,0.0,False,33.5,37,62,0,21,57,0.0,0.0,0.0,0.0,0.0,18.1
2020-06-08 21:15:00,0.0,0.0,182943.0,22,4135001,,0.25,True,0.0,0.0,23.71181633333333,20.849894133333333,0.0,False,33.5,37,62,0,21,57,0.0,0.0,0.0,0.0,0.0,18.1
2020-06-08 21:30:00,0.0,0.0,182943.0,22,4135001,,0.25,True,0.0,0.0,23.427514142857145,20.46247421428572,0.0,False,33.5,37,62,0,21,57,0.0,0.0,0.0,0.0,0.0,18.1
2020-06-08 21:45:00,0.0,0.0,182943.0,22,4135001,,0.25,True,0.0,0.0,23.135550933333327,20.27771806666667,0.0,False,33.5,37,62,0,21,57,0.0,0.0,0.0,0.0,0.0,18.1
2020-06-08 22:00:00,0.0,0.0,182943.0,22,4135001,,0.25,True,0.0,0.0,23.16300233333333,20.393292266666663,0.0,False,32.7,41,72,0,5,71,0.0,0.0,0.0,0.0,0.0,17.8
2020-06-08 22:15:00,0.0,0.0,182943.0,22,4135001,,0.25,True,0.0,0.0,23.182796133333337,20.5698486,0.0,False,32.7,41,72,0,5,71,0.0,0.0,0.0,0.0,0.0,17.8
2020-06-08 22:30:00,0.0,0.0,182943.0,22,4135001,,0.25,True,0.0,0.0,23.24828273333333,20.992332,0.0,False,32.7,41,72,0,5,71,0.0,0.0,0.0,0.0,0.0,17.8
2020-06-08 22:45:00,0.0,0.0,182943.0,22,4135001,,0.25,True,0.0,0.0,23.1708048,21.03197846666667,0.0,False,32.7,41,72,0,5,71,0.0,0.0,0.0,0.0,0.0,17.8
2020-06-08 23:00:00,0.0,0.0,182943.0,22,4135001,,0.25,True,0.0,0.0,23.1155682,20.764007666666664,0.0,False,32.1,43,99,0,3,99,0.0,0.0,0.0,0.0,0.0,17.3
2020-06-08 23:15:00,0.0,0.0,182943.0,22,4135001,,0.25,True,0.0,0.0,22.929185,20.342742933333334,0.0,False,32.1,43,99,0,3,99,0.0,0.0,0.0,0.0,0.0,17.3
2020-06-08 23:30:00,0.0,0.0,182943.0,22,4135001,,0.25,True,0.0,0.0,22.61636746666667,20.058746266666667,0.0,False,32.1,43,99,0,3,99,0.0,0.0,0.0,0.0,0.0,17.3
2020-06-08 23:45:00,0.0,0.0,165866.875,22,4135001,,0.25,True,0.0,0.0,22.369203733333336,19.744277,0.0,False,32.1,43,99,0,3,99,0.0,0.0,0.0,0.0,0.0,17.3
2020-06-09 00:00:00,0.0,0.0,7767.642857000001,22,4135001,,0.25,True,0.0,0.0,22.394712071428568,19.520928571428573,0.0,False,31.2,47,97,0,3,97,0.0,0.0,0.0,0.0,0.0,20.2
2020-06-09 00:15:00,0.0,0.0,0.0,22,4135001,,0.25,True,0.0,0.0,22.2603392,19.43515213333333,0.0,False,31.2,47,97,0,3,97,0.0,0.0,0.0,0.0,0.0,20.2
2020-06-09 00:30:00,0.0,0.0,0.0,22,4135001,,0.25,True,0.0,0.0,22.07046713333333,19.244576066666664,0.0,False,31.2,47,97,0,3,97,0.0,0.0,0.0,0.0,0.0,20.2
2020-06-09 00:45:00,0.0,0.0,0.0,22,4135001,,0.25,True,0.0,0.0,22.147100866666666,19.34456793333333,0.0,False,31.2,47,97,0,3,97,0.0,0.0,0.0,0.0,0.0,20.2
2020-06-09 01:00:00,0.0,0.0,0.0,22,4135001,,0.25,True,0.0,0.0,22.046030666666667,19.464695133333336,0.0,False,30.2,53,100,0,4,100,0.0,0.0,0.0,0.0,0.0,20.9
2020-06-09 01:15:00,0.0,0.0,0.0,22,4135001,,0.25,True,0.0,0.0,21.911110466666667,19.602132133333328,0.0,False,30.2,53,100,0,4,100,0.0,0.0,0.0,0.0,0.0,20.9
2020-06-09 01:30:00,0.0,0.0,0.0,22,4135001,,0.25,True,0.0,0.0,21.777062866666668,19.580401600000005,0.0,False,30.2,53,100,0,4,100,0.0,0.0,0.0,0.0,0.0,20.9
2020-06-09 01:45:00,0.0,0.0,0.0,22,4135001,,0.25,True,0.0,0.0,21.64939373333333,19.30126753333333,0.0,False,30.2,53,100,0,4,100,0.0,0.0,0.0,0.0,0.0,20.9
2020-06-09 02:00:00,0.0,0.0,0.0,22,4135001,,0.25,True,0.0,0.0,21.49035633333333,18.986755333333328,0.0,False,29.4,57,96,0,3,96,0.0,0.0,0.0,0.0,0.0,20.2
2020-06-09 02:15:00,0.0,0.0,0.0,22,4135001,,0.25,True,0.0,0.0,21.363643,19.02554985714286,0.0,False,29.4,57,96,0,3,96,0.0,0.0,0.0,0.0,0.0,20.2
2020-06-09 02:30:00,0.0,0.0,0.0,22,4135001,,0.25,True,0.0,0.0,21.38877553333333,19.293451,0.0,False,29.4,57,96,0,3,96,0.0,0.0,0.0,0.0,0.0,20.2
2020-06-09 02:45:00,0.0,0.0,0.0,22,4135001,,0.25,True,0.0,0.0,21.4268412,19.4470174,0.0,False,29.4,57,96,0,3,96,0.0,0.0,0.0,0.0,0.0,20.2
2020-06-09 03:00:00,0.0,0.0,0.0,22,4135001,,0.25,True,0.0,0.0,21.33233446666667,19.382389266666667,0.0,False,28.7,60,95,0,2,95,0.0,0.0,0.0,0.0,0.0,19.1
2020-06-09 03:15:00,0.0,0.0,0.0,22,4135001,,0.25,True,0.0,0.0,21.3412516,19.418463133333333,0.0,False,28.7,60,95,0,2,95,0.0,0.0,0.0,0.0,0.0,19.1
2020-06-09 03:30:00,0.0,0.0,0.0,22,4135001,,0.25,True,0.0,0.0,21.33793146666667,19.33086346666667,0.0,False,28.7,60,95,0,2,95,0.0,0.0,0.0,0.0,0.0,19.1
2020-06-09 03:45:00,0.0,0.0,0.0,22,4135001,,0.25,True,0.0,0.0,21.24451273333333,19.1137146,0.0,False,28.7,60,95,0,2,95,0.0,0.0,0.0,0.0,0.0,19.1
2020-06-09 04:00:00,0.0,0.0,0.0,22,4135001,,0.25,True,0.0,0.0,21.1673442,19.38418393333333,0.0,False,28.1,63,98,0,2,98,0.0,0.0,0.0,0.0,0.0,17.3
2020-06-09 04:15:00,0.0,0.0,0.0,22,4135001,,0.25,True,0.0,0.0,21.2718855,19.7034935,0.0,False,28.1,63,98,0,2,98,0.0,0.0,0.0,0.0,0.0,17.3
2020-06-09 04:30:00,0.0,0.0,0.0,22,4135001,,0.25,True,0.0,0.0,21.4086548,19.872054066666667,0.0,False,28.1,63,98,0,2,98,0.0,0.0,0.0,0.0,0.0,17.3
2020-06-09 04:45:00,0.0,0.0,0.0,22,4135001,,0.25,True,0.0,0.0,21.372410133333336,19.7928222,0.0,False,28.1,63,98,0,2,98,0.0,0.0,0.0,0.0,0.0,17.3
2020-06-09 05:00:00,0.0,0.0,0.0,22,4135001,,0.25,True,0.0,0.0,21.358131866666668,19.8575724,0.0,False,27.9,65,93,0,5,99,0.0,0.0,0.0,0.0,0.0,15.5
2020-06-09 05:15:00,0.0,0.0,0.0,22,4135001,,0.25,True,0.0,0.0,21.25706573333333,19.69253353333333,0.0,False,27.9,65,93,0,5,99,0.0,0.0,0.0,0.0,0.0,15.5
2020-06-09 05:30:00,0.0,0.0,0.0,22,4135001,,0.25,True,0.0,0.0,21.154750333333336,19.1813436,0.0,False,27.9,65,93,0,5,99,0.0,0.0,0.0,0.0,0.0,15.5
2020-06-09 05:45:00,0.0,0.0,0.0,22,4135001,,0.25,True,0.0,0.0,21.082100399999995,18.921358066666667,0.0009824882666666,False,27.9,65,93,0,5,99,0.0,0.0,0.0,0.0,0.0,15.5
2020-06-09 06:00:00,3535.7142857,341.32678570999997,23.160714285,22,4135001,0.0965368686860466,0.25,True,85.33169642749999,883.928571425,21.290627133333327,19.30538333333333,0.0129515775266666,False,27.8,66,93,0,2,93,0.0,17.0,1.0,16.0,10.1,18.4
2020-06-09 06:15:00,10691.3392855,1034.04464286,191.69642857,22,4135001,0.09671797099007143,0.25,True,258.511160715,2672.834821375,21.44021593333333,19.8552002,0.0358883196666666,False,27.8,66,93,0,2,93,0.0,17.0,1.0,16.0,10.1,18.4
2020-06-09 06:30:00,18583.1071429,1803.32678572,543.30357142,22,4135001,0.0970411875609829,0.25,True,450.83169643,4645.776785725,21.67111642857143,20.642885571428568,0.0578216434285714,False,27.8,66,93,0,2,93,0.0,17.0,1.0,16.0,10.1,18.4
2020-06-09 06:45:00,31469.142855000002,3071.8321431,1118.73214285,22,4135001,0.09761410271814662,0.25,True,767.958035775,7867.2857137500005,22.135064666666665,21.531044466666668,0.0975767968666666,False,27.8,66,93,0,2,93,0.0,17.0,1.0,16.0,10.1,18.4
2020-06-09 07:00:00,49069.517857,4811.1017858000005,2117.46428568,22,4135001,0.09804664883442857,0.25,True,1202.7754464500001,12267.37946425,22.7244914,23.87672733333333,0.2020374493333333,False,28.4,63,95,0,1,95,0.0,139.0,47.0,92.0,176.1,20.8
2020-06-09 07:15:00,58874.75,5775.3464284,3440.6607142,22,4135001,0.09809547264999002,0.25,True,1443.8366071,14718.6875,23.15576373333333,26.169586200000005,0.2366774426666666,False,28.4,63,95,0,1,95,0.0,139.0,47.0,92.0,176.1,20.8
2020-06-09 07:30:00,60386.160714,5928.5946428,4998.2321426,22,4135001,0.09817803570720315,0.25,True,1482.1486607,15096.5401785,23.595208533333327,28.269993133333333,0.2372982906666666,False,28.4,63,95,0,1,95,0.0,139.0,47.0,92.0,176.1,20.8
2020-06-09 07:45:00,55292.196428,5425.5678571,6273.9464287,22,4135001,0.09812538129435727,0.25,True,1356.391964275,13823.049107,23.671679533333336,28.50362966666667,0.1992273946666666,False,28.4,63,95,0,1,95,0.0,139.0,47.0,92.0,176.1,20.8
2020-06-09 08:00:00,115604.642857,11333.9660715,8335.517857,22,4135001,0.09804075157707834,0.25,True,2833.491517875,28901.16071425,24.25037833333333,33.30309460000001,0.4016198786666667,False,30.0,57,94,0,1,94,0.0,340.0,164.0,176.0,336.8,21.2
2020-06-09 08:15:00,137029.142857,13425.3196428,11497.5178572,22,4135001,0.09797419266360229,0.25,True,3356.3299107,34257.28571425,25.00489506666667,39.233233733333336,0.4785613493333333,False,30.0,57,94,0,1,94,0.0,340.0,164.0,176.0,336.8,21.2
2020-06-09 08:30:00,151945.428572,14880.8982143,15028.7857144,22,4135001,0.09793580731024508,0.25,True,3720.224553575,37986.357143,25.744004266666664,41.03405133333333,0.5463582793333333,False,30.0,57,94,0,1,94,0.0,340.0,164.0,176.0,336.8,21.2
2020-06-09 08:45:00,167744.446429,16420.1428571,18904.2857143,22,4135001,0.0978878478939691,0.25,True,4105.035714275,41936.11160725,26.306878285714287,42.7021635,0.5768498564285715,False,30.0,57,94,0,1,94,0.0,340.0,164.0,176.0,336.8,21.2
2020-06-09 09:00:00,189591.57143,18551.4249999,23259.55357,22,4135001,0.09784941841019265,0.25,True,4637.856249975,47397.8928575,26.633241666666667,45.43911179999999,0.6503182173333333,False,31.7,49,100,0,0,100,0.0,486.0,238.0,248.0,349.8,19.9
2020-06-09 09:15:00,178563.089286,17469.632142899998,27969.303571,22,4135001,0.09783450887164775,0.25,True,4367.4080357249995,44640.7723215,27.3424154,47.41862173333334,0.5939330333333332,False,31.7,49,100,0,0,100,0.0,486.0,238.0,248.0,349.8,19.9
2020-06-09 09:30:00,194360.857146,18990.4125003,32237.732142,22,4135001,0.09770698060893394,0.25,True,4747.603125075,48590.2142865,27.63543293333333,46.078991866666655,0.693143726,False,31.7,49,100,0,0,100,0.0,486.0,238.0,248.0,349.8,19.9
2020-06-09 09:45:00,212101.30358,20716.2232142,37675.767857,22,4135001,0.09767136205453018,0.25,True,5179.05580355,53025.325895,28.3880454,49.06960486666667,0.7191839106666666,False,31.7,49,100,0,0,100,0.0,486.0,238.0,248.0,349.8,19.9
2020-06-09 10:00:00,124785.10714200001,12221.2446429,41269.982144,22,4135001,0.09793832711937937,0.25,True,3055.311160725,31196.276785500002,27.494000133333333,40.65558086666666,0.4062958466666666,False,33.5,43,92,0,0,92,0.0,619.0,271.0,348.0,324.8,18.1
2020-06-09 10:15:00,217012.357149,21183.8553576,45188.874999,22,4135001,0.0976158944859312,0.25,True,5295.9638394,54253.08928725,27.778367,44.30236186666666,0.7673879126666666,False,33.5,43,92,0,0,92,0.0,619.0,271.0,348.0,324.8,18.1
2020-06-09 10:30:00,272063.55357,26531.776783,51464.321427,22,4135001,0.09752051105284694,0.25,True,6632.94419575,68015.8883925,28.7513204,52.048053133333326,0.907252704,False,33.5,43,92,0,0,92,0.0,619.0,271.0,348.0,324.8,18.1
2020-06-09 10:45:00,261122.69643,25473.548214,58064.142856,22,4135001,0.09755394135503183,0.25,True,6368.3870535,65280.6741075,29.42598253333333,55.1536072,0.9500225986666668,False,33.5,43,92,0,0,92,0.0,619.0,271.0,348.0,324.8,18.1
2020-06-09 11:00:00,254276.446447,24809.4107143,64226.964286,22,4135001,0.09756865435616012,0.25,True,6202.352678575,63569.11161175,29.910441928571423,55.183059642857145,0.94011294,False,35.5,37,100,7,1,100,0.0,818.0,532.0,286.0,567.0,16.9
2020-06-09 11:15:00,256626.214294,25040.3982142,70875.910714,22,4135001,0.09757537156945642,0.25,True,6260.09955355,64156.5535735,30.3790954,57.830800333333336,0.9227545226666668,False,35.5,37,100,7,1,100,0.0,818.0,532.0,286.0,567.0,16.9
2020-06-09 11:30:00,189619.23214100001,18530.7142856,75578.928571,22,4135001,0.09772592197726358,0.25,True,4632.6785714,47404.808035250004,29.469486666666665,48.266762,0.622338436,False,35.5,37,100,7,1,100,0.0,818.0,532.0,286.0,567.0,16.9
2020-06-09 11:45:00,264261.5893,25781.141072000002,81808.714286,22,4135001,0.09755916908049869,0.25,True,6445.2852680000005,66065.397325,30.10877073333333,56.5026448,0.917001178,False,35.5,37,100,7,1,100,0.0,818.0,532.0,286.0,567.0,16.9
2020-06-09 12:00:00,202514.607149,19788.4196428,87096.892855,22,4135001,0.09771354235322237,0.25,True,4947.1049107,50628.65178725,30.3104532,51.566701466666665,0.6967051026666666,False,37.0,32,100,4,12,100,0.0,852.0,553.0,299.0,561.4,17.1
2020-06-09 12:15:00,178488.785715,17443.9571429,92566.035715,22,4135001,0.09773139008718142,0.25,True,4360.989285725,44622.19642875,30.598740733333337,51.564969866666665,0.6296874326666666,False,37.0,32,100,4,12,100,0.0,852.0,553.0,299.0,561.4,17.1
2020-06-09 12:30:00,231006.500011,22548.9339275,96781.035715,22,4135001,0.09761168593276064,0.25,True,5637.233481875,57751.62500275,30.08868206666667,48.752494133333336,0.7802876913333333,False,37.0,32,100,4,12,100,0.0,852.0,553.0,299.0,561.4,17.1
2020-06-09 12:45:00,218935.75,21382.5303564,102499.5,22,4135001,0.09766577800290724,0.25,True,5345.6325891,54733.9375,30.58775246666667,52.985744666666655,0.7895503819999999,False,37.0,32,100,4,12,100,0.0,852.0,553.0,299.0,561.4,17.1
2020-06-09 13:00:00,231780.517869,22625.0178564,108101.267857,22,4135001,0.09761397577507973,0.25,True,5656.2544641,57945.12946725,30.5386128,54.49439886666666,0.84871055,False,37.8,30,100,0,8,100,0.0,800.0,500.0,300.0,514.7,18.1
2020-06-09 13:15:00,231578.00001,22611.383928,114162.87500100001,22,4135001,0.09764046639587351,0.25,True,5652.845982,57894.5000025,31.37843957142857,59.80717471428572,0.8512261735714286,False,37.8,30,100,0,8,100,0.0,800.0,500.0,300.0,514.7,18.1
2020-06-09 13:30:00,206502.089283,20174.0267855,119329.535714,22,4135001,0.09769405653737759,0.25,True,5043.506696375,51625.52232075,31.16986893333333,54.52318526666667,0.6648343986666667,False,37.8,30,100,0,8,100,0.0,800.0,500.0,300.0,514.7,18.1
2020-06-09 13:45:00,198741.803574,19421.2625,123723.17857,22,4135001,0.09772107403044998,0.25,True,4855.315625,49685.4508935,31.263549933333337,50.6611794,0.6735253459999999,False,37.8,30,100,0,8,100,0.0,800.0,500.0,300.0,514.7,18.1
2020-06-09 14:00:00,134033.982143,13130.0053572,128252.035715,22,4135001,0.09796027206885251,0.25,True,3282.5013393,33508.49553575,31.3439494,48.177488333333336,0.437669044,False,38.2,28,100,0,14,100,0.0,726.0,413.0,313.0,459.7,19.1
2020-06-09 14:15:00,143309.910714,14036.007142999999,131141.053573,22,4135001,0.09794163622787615,0.25,True,3509.0017857499997,35827.4776785,30.51236366666667,42.5576074,0.466744864,False,38.2,28,100,0,14,100,0.0,726.0,413.0,313.0,459.7,19.1
2020-06-09 14:30:00,191380.803571,18709.3482144,135646.821428,22,4135001,0.09775979547216739,0.25,True,4677.3370536,47845.20089275,30.8700052,46.78769106666667,0.5976702813333334,False,38.2,28,100,0,14,100,0.0,726.0,413.0,313.0,459.7,19.1
2020-06-09 14:45:00,171476.625002,16781.4928572,139677.732145,22,4135001,0.09786460899265,0.25,True,4195.3732143,42869.1562505,30.576977533333327,44.940977,0.5432410099999999,False,38.2,28,100,0,14,100,0.0,726.0,413.0,313.0,459.7,19.1
2020-06-09 15:00:00,181534.714286,17765.2624999,144331.75,22,4135001,0.09786151684416461,0.25,True,4441.315624975,45383.6785715,31.041467333333333,47.85286426666667,0.5735764053333332,False,38.1,27,82,0,6,81,0.0,647.0,438.0,209.0,568.0,19.2
2020-06-09 15:15:00,180087.285714,17625.392857,148669.660713,22,4135001,0.097871389349447,0.25,True,4406.34821425,45021.8214285,30.592580066666667,44.846677466666655,0.581595316,False,38.1,27,82,0,6,81,0.0,647.0,438.0,209.0,568.0,19.2
2020-06-09 15:30:00,185542.053573,18156.8035716,153094.410714,22,4135001,0.0978581578782427,0.25,True,4539.2008929,46385.51339325,30.38283207142857,44.99036521428571,0.6008947264285714,False,38.1,27,82,0,6,81,0.0,647.0,438.0,209.0,568.0,19.2
2020-06-09 15:45:00,165202.803572,16174.4571431,157460.696429,22,4135001,0.0979066746651834,0.25,True,4043.614285775,41300.700893,30.2250672,44.1388428,0.5342717266666666,False,38.1,27,82,0,6,81,0.0,647.0,438.0,209.0,568.0,19.2
2020-06-09 16:00:00,140947.625,13807.9303571,161248.642857,22,4135001,0.0979649735644712,0.25,True,3451.982589275,35236.90625,30.180094333333333,42.5790158,0.46231383,False,37.6,28,100,0,3,100,0.0,430.0,229.0,201.0,383.0,18.8
2020-06-09 16:15:00,122571.642856,12013.1464285,164414.589283,22,4135001,0.0980091818024608,0.25,True,3003.286607125,30642.910714,29.8809834,40.778582533333335,0.3971458206666666,False,37.6,28,100,0,3,100,0.0,430.0,229.0,201.0,383.0,18.8
2020-06-09 16:30:00,113117.553571,11089.4749999,167328.053571,22,4135001,0.0980349614168372,0.25,True,2772.368749975,28279.38839275,29.803035600000005,39.41787906666666,0.3661181566666667,False,37.6,28,100,0,3,100,0.0,430.0,229.0,201.0,383.0,18.8
2020-06-09 16:45:00,92526.142855,9086.7428572,169888.500001,22,4135001,0.09820730203181667,0.25,True,2271.6857143,23131.53571375,29.61870526666667,37.96412553333333,0.302090306,False,37.6,28,100,0,3,100,0.0,430.0,229.0,201.0,383.0,18.8
2020-06-09 17:00:00,70844.089285,6961.8553572,171889.767856,22,4135001,0.09827009461852243,0.25,True,1740.4638393,17711.02232125,29.1915486,35.55735073333334,0.2322751866666666,False,37.0,27,100,0,1,100,0.0,232.0,89.0,143.0,227.7,16.2
2020-06-09 17:15:00,59516.803572000004,5837.3928572,173490.535715,22,4135001,0.09807974398588558,0.25,True,1459.3482143,14879.200893000001,28.551151466666663,33.27215386666667,0.194773326,False,37.0,27,100,0,1,100,0.0,232.0,89.0,143.0,227.7,16.2
2020-06-09 17:30:00,46194.982142,4528.8803571,174796.928573,22,4135001,0.09803836146485678,0.25,True,1132.220089275,11548.7455355,28.141567066666667,31.68454,0.1512628246666666,False,37.0,27,100,0,1,100,0.0,232.0,89.0,143.0,227.7,16.2
2020-06-09 17:45:00,31438.464285,3067.3285713,175756.303572,22,4135001,0.09756610703034536,0.25,True,766.832142825,7859.61607125,27.744334714285717,30.04228421428571,0.1033491631428571,False,37.0,27,100,0,1,100,0.0,232.0,89.0,143.0,227.7,16.2
2020-06-09 18:00:00,18738.0892858,1818.5214285700001,176364.732144,22,4135001,0.0970494590367921,0.25,True,454.63035714250003,4684.52232145,27.397143533333328,28.361094066666663,0.0619993643333333,False,36.1,28,100,0,2,100,0.0,88.0,31.0,57.0,189.0,12.3
2020-06-09 18:15:00,9341.2678572,903.20892858,176702.928572,22,4135001,0.09669018621319489,0.25,True,225.802232145,2335.3169643,27.1000306,26.8339234,0.03094462,False,36.1,28,100,0,2,100,0.0,88.0,31.0,57.0,189.0,12.3
2020-06-09 18:30:00,2046.39285712,197.450000001,176839.749999,22,4135001,0.09648684968480692,0.25,True,49.36250000025,511.59821428,26.634965,25.6072164,0.0084486021133333,False,36.1,28,100,0,2,100,0.0,88.0,31.0,57.0,189.0,12.3
2020-06-09 18:45:00,0.0,0.0,176854.0,22,4135001,,0.25,True,0.0,0.0,26.056652733333333,24.46637366666667,0.0001658766313333,False,36.1,28,100,0,2,100,0.0,88.0,31.0,57.0,189.0,12.3
2020-06-09 19:00:00,0.0,0.0,176854.0,22,4135001,,0.25,True,0.0,0.0,25.74157933333333,23.5481262,0.0,False,35.2,30,100,0,11,100,0.0,1.0,0.0,1.0,0.0,11.9
2020-06-09 19:15:00,0.0,0.0,176854.0,22,4135001,,0.25,True,0.0,0.0,25.408785,23.105635666666664,0.0,False,35.2,30,100,0,11,100,0.0,1.0,0.0,1.0,0.0,11.9
2020-06-09 19:30:00,0.0,0.0,176854.0,22,4135001,,0.25,True,0.0,0.0,25.168434733333328,22.873846333333336,0.0,False,35.2,30,100,0,11,100,0.0,1.0,0.0,1.0,0.0,11.9
2020-06-09 19:45:00,0.0,0.0,176854.0,22,4135001,,0.25,True,0.0,0.0,25.07621266666667,22.721396933333335,0.0,False,35.2,30,100,0,11,100,0.0,1.0,0.0,1.0,0.0,11.9
2020-06-09 20:00:00,0.0,0.0,176854.0,22,4135001,,0.25,True,0.0,0.0,24.950962571428573,22.476462357142857,0.0,False,34.3,37,99,0,24,100,0.0,0.0,0.0,0.0,0.0,23.0
2020-06-09 20:15:00,0.0,0.0,176854.0,22,4135001,,0.25,True,0.0,0.0,24.670693000000004,22.23764033333333,0.0,False,34.3,37,99,0,24,100,0.0,0.0,0.0,0.0,0.0,23.0
2020-06-09 20:30:00,0.0,0.0,176854.0,22,4135001,,0.25,True,0.0,0.0,24.41775913333333,22.03767506666667,0.0,False,34.3,37,99,0,24,100,0.0,0.0,0.0,0.0,0.0,23.0
2020-06-09 20:45:00,0.0,0.0,176854.0,22,4135001,,0.25,True,0.0,0.0,24.260123600000004,21.96341146666666,0.0,False,34.3,37,99,0,24,100,0.0,0.0,0.0,0.0,0.0,23.0
2020-06-09 21:00:00,0.0,0.0,176854.0,22,4135001,,0.25,True,0.0,0.0,24.0924174,21.810034266666666,0.0,False,33.0,46,100,0,16,100,0.0,0.0,0.0,0.0,0.0,23.1
2020-06-09 21:15:00,0.0,0.0,176854.0,22,4135001,,0.25,True,0.0,0.0,23.906719933333328,21.5963338,0.0,False,33.0,46,100,0,16,100,0.0,0.0,0.0,0.0,0.0,23.1
2020-06-09 21:30:00,0.0,0.0,176854.0,22,4135001,,0.25,True,0.0,0.0,23.705725066666663,21.280470866666665,0.0,False,33.0,46,100,0,16,100,0.0,0.0,0.0,0.0,0.0,23.1
2020-06-09 21:45:00,0.0,0.0,176854.0,22,4135001,,0.25,True,0.0,0.0,23.53315420000001,21.05003653333333,0.0,False,33.0,46,100,0,16,100,0.0,0.0,0.0,0.0,0.0,23.1
2020-06-09 22:00:00,0.0,0.0,176854.0,22,4135001,,0.25,True,0.0,0.0,23.41632073333333,20.97011306666667,0.0,False,31.7,52,97,0,13,97,0.0,0.0,0.0,0.0,0.0,20.2
2020-06-09 22:15:00,0.0,0.0,176854.0,22,4135001,,0.25,True,0.0,0.0,23.200923357142855,20.7300525,0.0,False,31.7,52,97,0,13,97,0.0,0.0,0.0,0.0,0.0,20.2
2020-06-09 22:30:00,0.0,0.0,176854.0,22,4135001,,0.25,True,0.0,0.0,23.082973333333328,20.659122666666665,0.0,False,31.7,52,97,0,13,97,0.0,0.0,0.0,0.0,0.0,20.2
2020-06-09 22:45:00,0.0,0.0,176854.0,22,4135001,,0.25,True,0.0,0.0,22.946915466666667,20.55419913333333,0.0,False,31.7,52,97,0,13,97,0.0,0.0,0.0,0.0,0.0,20.2
2020-06-09 23:00:00,0.0,0.0,176854.0,22,4135001,,0.25,True,0.0,0.0,22.88319513333333,20.490859,0.0,False,31.2,54,93,0,4,93,0.0,0.0,0.0,0.0,0.0,19.5
2020-06-09 23:15:00,0.0,0.0,176854.0,22,4135001,,0.25,True,0.0,0.0,22.89231373333333,20.5713644,0.0,False,31.2,54,93,0,4,93,0.0,0.0,0.0,0.0,0.0,19.5
2020-06-09 23:30:00,0.0,0.0,176854.0,22,4135001,,0.25,True,0.0,0.0,22.8668152,20.661737066666667,0.0,False,31.2,54,93,0,4,93,0.0,0.0,0.0,0.0,0.0,19.5
2020-06-09 23:45:00,0.0,0.0,162100.714285,22,4135001,,0.25,True,0.0,0.0,22.825907333333337,20.686539866666667,0.0,False,31.2,54,93,0,4,93,0.0,0.0,0.0,0.0,0.0,19.5
2020-06-10 00:00:00,0.0,0.0,6229.464286,22,4135001,,0.25,True,0.0,0.0,22.8427876,20.7872398,0.0,False,30.5,56,81,0,8,81,0.0,0.0,0.0,0.0,0.0,19.1
2020-06-10 00:15:00,0.0,0.0,0.0,22,4135001,,0.25,True,0.0,0.0,22.775156466666665,20.82377526666667,0.0,False,30.5,56,81,0,8,81,0.0,0.0,0.0,0.0,0.0,19.1
2020-06-10 00:30:00,0.0,0.0,0.0,22,4135001,,0.25,True,0.0,0.0,22.709958785714285,20.85670028571428,0.0,False,30.5,56,81,0,8,81,0.0,0.0,0.0,0.0,0.0,19.1
2020-06-10 00:45:00,0.0,0.0,0.0,22,4135001,,0.25,True,0.0,0.0,22.7072754,20.97303453333333,0.0,False,30.5,56,81,0,8,81,0.0,0.0,0.0,0.0,0.0,19.1
2020-06-10 01:00:00,0.0,0.0,0.0,22,4135001,,0.25,True,0.0,0.0,22.628609266666665,20.859824600000003,0.0,False,29.9,57,93,0,12,93,0.0,0.0,0.0,0.0,0.0,19.1
2020-06-10 01:15:00,0.0,0.0,0.0,22,4135001,,0.25,True,0.0,0.0,22.56594833333333,20.73139866666667,0.0,False,29.9,57,93,0,12,93,0.0,0.0,0.0,0.0,0.0,19.1
2020-06-10 01:30:00,0.0,0.0,0.0,22,4135001,,0.25,True,0.0,0.0,22.507914333333336,20.614268066666664,0.0,False,29.9,57,93,0,12,93,0.0,0.0,0.0,0.0,0.0,19.1
2020-06-10 01:45:00,0.0,0.0,0.0,22,4135001,,0.25,True,0.0,0.0,22.3333334,20.51122013333333,0.0,False,29.9,57,93,0,12,93,0.0,0.0,0.0,0.0,0.0,19.1
2020-06-10 02:00:00,0.0,0.0,0.0,22,4135001,,0.25,True,0.0,0.0,22.2797972,20.55592453333333,0.0,False,29.3,59,94,0,7,93,0.0,0.0,0.0,0.0,0.0,17.7
2020-06-10 02:15:00,0.0,0.0,0.0,22,4135001,,0.25,True,0.0,0.0,22.323323733333336,20.62407426666667,0.0,False,29.3,59,94,0,7,93,0.0,0.0,0.0,0.0,0.0,17.7
2020-06-10 02:30:00,0.0,0.0,0.0,22,4135001,,0.25,True,0.0,0.0,22.42767333333333,20.7307984,0.0,False,29.3,59,94,0,7,93,0.0,0.0,0.0,0.0,0.0,17.7
2020-06-10 02:45:00,0.0,0.0,0.0,22,4135001,,0.25,True,0.0,0.0,22.395074,20.697845428571423,0.0,False,29.3,59,94,0,7,93,0.0,0.0,0.0,0.0,0.0,17.7
2020-06-10 03:00:00,0.0,0.0,0.0,22,4135001,,0.25,True,0.0,0.0,22.332193866666668,20.47033066666667,0.0,False,28.8,61,97,0,23,96,0.0,0.0,0.0,0.0,0.0,18.4
2020-06-10 03:15:00,0.0,0.0,0.0,22,4135001,,0.25,True,0.0,0.0,22.251780066666665,20.1620504,0.0,False,28.8,61,97,0,23,96,0.0,0.0,0.0,0.0,0.0,18.4
2020-06-10 03:30:00,0.0,0.0,0.0,22,4135001,,0.25,True,0.0,0.0,22.111023000000003,19.952040666666665,0.0,False,28.8,61,97,0,23,96,0.0,0.0,0.0,0.0,0.0,18.4
2020-06-10 03:45:00,0.0,0.0,0.0,22,4135001,,0.25,True,0.0,0.0,22.039939333333336,19.941762333333333,0.0,False,28.8,61,97,0,23,96,0.0,0.0,0.0,0.0,0.0,18.4
2020-06-10 04:00:00,0.0,0.0,0.0,22,4135001,,0.25,True,0.0,0.0,21.9428224,19.8509522,0.0,False,28.4,63,98,0,11,98,0.0,0.0,0.0,0.0,0.0,17.6
2020-06-10 04:15:00,0.0,0.0,0.0,22,4135001,,0.25,True,0.0,0.0,21.84420573333333,19.80890100000001,0.0,False,28.4,63,98,0,11,98,0.0,0.0,0.0,0.0,0.0,17.6
2020-06-10 04:30:00,0.0,0.0,0.0,22,4135001,,0.25,True,0.0,0.0,21.8886394,19.82512,0.0,False,28.4,63,98,0,11,98,0.0,0.0,0.0,0.0,0.0,17.6
2020-06-10 04:45:00,0.0,0.0,0.0,22,4135001,,0.25,True,0.0,0.0,21.924647928571428,19.850221714285716,0.0,False,28.4,63,98,0,11,98,0.0,0.0,0.0,0.0,0.0,17.6
2020-06-10 05:00:00,0.0,0.0,0.0,22,4135001,,0.25,True,0.0,0.0,21.943217000000004,19.759975333333333,0.0,False,27.8,68,100,2,99,98,0.0,0.0,0.0,0.0,0.0,11.2
2020-06-10 05:15:00,0.0,0.0,0.0,22,4135001,,0.25,True,0.0,0.0,21.934802266666665,19.634918133333333,0.0,False,27.8,68,100,2,99,98,0.0,0.0,0.0,0.0,0.0,11.2
2020-06-10 05:30:00,0.0,0.0,0.0,22,4135001,,0.25,True,0.0,0.0,21.806713866666662,19.316455,0.0,False,27.8,68,100,2,99,98,0.0,0.0,0.0,0.0,0.0,11.2
2020-06-10 05:45:00,0.0,0.0,0.0,22,4135001,,0.25,True,0.0,0.0,21.7722168,19.202215400000007,0.0002504884802,False,27.8,68,100,2,99,98,0.0,0.0,0.0,0.0,0.0,11.2
2020-06-10 06:00:00,2128.00000004,205.332142852,12.160714285,22,4135001,0.09649066863164492,0.25,True,51.333035713,532.00000001,21.767089866666662,19.326090533333332,0.0090791752333333,False,28.4,65,100,4,99,99,0.0,6.0,0.0,6.0,0.0,14.8
2020-06-10 06:15:00,9459.892857,914.67857141,144.517857143,22,4135001,0.0966901618482041,0.25,True,228.6696428525,2364.97321425,21.83029386666667,19.779553133333337,0.0315773199333333,False,28.4,65,100,4,99,99,0.0,6.0,0.0,6.0,0.0,14.8
2020-06-10 06:30:00,19100.1071427,1853.9625000199999,481.83928573000003,22,4135001,0.09706555498190378,0.25,True,463.49062500499997,4775.026785675,22.186450266666665,20.73989253333333,0.0600698337999999,False,28.4,65,100,4,99,99,0.0,6.0,0.0,6.0,0.0,14.8
2020-06-10 06:45:00,29365.928571,2861.2946428,1069.92857141,22,4135001,0.0974358646920377,0.25,True,715.3236607,7341.48214275,22.50998785714286,22.357663928571423,0.0952975517857143,False,28.4,65,100,4,99,99,0.0,6.0,0.0,6.0,0.0,14.8
2020-06-10 07:00:00,44351.410713,4347.275,1971.83928567,22,4135001,0.09801886637003307,0.25,True,1086.81875,11087.85267825,22.87512186666667,23.57799266666667,0.1765047716666666,False,28.7,64,100,1,36,100,0.0,63.0,2.0,61.0,7.5,18.2
2020-06-10 07:15:00,56348.464285,5526.9607141999995,3174.0535714,22,4135001,0.0980853832368113,0.25,True,1381.7401785499999,14087.11607125,23.399713266666662,26.031282600000004,0.224655888,False,28.7,64,100,1,36,100,0.0,63.0,2.0,61.0,7.5,18.2
2020-06-10 07:30:00,73655.553571,7239.0160714,4762.0714286,22,4135001,0.09828201297030478,0.25,True,1809.75401785,18413.88839275,23.833986466666666,30.019337866666667,0.2815921433333333,False,28.7,64,100,1,36,100,0.0,63.0,2.0,61.0,7.5,18.2
2020-06-10 07:45:00,91334.910715,8970.7428572,6759.9285715999995,22,4135001,0.0982181160190999,0.25,True,2242.6857143,22833.72767875,24.35052086666667,33.07170006666667,0.337822402,False,28.7,64,100,1,36,100,0.0,63.0,2.0,61.0,7.5,18.2
2020-06-10 08:00:00,94401.196429,9264.9178571,9163.3749999,22,4135001,0.09814407240133051,0.25,True,2316.229464275,23600.29910725,24.7890238,35.48205766666666,0.2994385973333333,False,29.3,62,100,0,60,100,0.1,178.0,14.0,164.0,28.8,18.8
2020-06-10 08:15:00,64861.928572,6369.2589286,10987.8571428,22,4135001,0.09819718699128416,0.25,True,1592.31473215,16215.482143,25.02677213333333,33.531537,0.2062544126666666,False,29.3,62,100,0,60,100,0.1,178.0,14.0,164.0,28.8,18.8
2020-06-10 08:30:00,78516.357145,7716.1446429,12762.9642858,22,4135001,0.09827435866198196,0.25,True,1929.036160725,19629.08928625,25.16503906666667,32.88677139999999,0.2482180333333333,False,29.3,62,100,0,60,100,0.1,178.0,14.0,164.0,28.8,18.8
2020-06-10 08:45:00,144351.142858,14139.9607144,15357.5535716,22,4135001,0.09795530838512068,0.25,True,3534.9901786,36087.7857145,25.693823266666666,36.7325926,0.47398864,False,29.3,62,100,0,60,100,0.1,178.0,14.0,164.0,28.8,18.8
2020-06-10 09:00:00,151578.392857,14844.8071429,19152.3571429,22,4135001,0.09793484983644524,0.25,True,3711.201785725,37894.59821425,26.275140333333333,41.8781982,0.47842251,False,29.4,62,100,0,99,100,0.2,228.0,9.0,219.0,13.2,18.3
2020-06-10 09:15:00,169201.857142,16562.0124999,22789.1428563,22,4135001,0.09788316026579183,0.25,True,4140.503124975,42300.4642855,26.62600271428571,41.63306128571429,0.5869376799999999,False,29.4,62,100,0,99,100,0.2,228.0,9.0,219.0,13.2,18.3
2020-06-10 09:30:00,179210.553572,17536.225,27230.642856,22,4135001,0.09785263563149817,0.25,True,4384.05625,44802.638393,27.044360466666664,43.41336893333333,0.576820234,False,29.4,62,100,0,99,100,0.2,228.0,9.0,219.0,13.2,18.3
2020-06-10 09:45:00,130040.696428,12742.8874999,31374.035713,22,4135001,0.09799153534182578,0.25,True,3185.721874975,32510.174107,27.166434800000005,41.88674519999999,0.4474333473333334,False,29.4,62,100,0,99,100,0.2,228.0,9.0,219.0,13.2,18.3
2020-06-10 10:00:00,105182.839286,10319.8696428,34067.482144,22,4135001,0.09811362493019896,0.25,True,2579.9674107,26295.7098215,26.92045893333333,36.647984066666666,0.3198755806666667,False,29.9,60,100,0,96,100,0.1,190.0,0.0,190.0,0.0,16.2
2020-06-10 10:15:00,152638.964286,14947.4339285,37031.553572,22,4135001,0.09792672531826774,0.25,True,3736.858482125,38159.7410715,27.128527933333327,38.26693913333333,0.480099376,False,29.9,60,100,0,96,100,0.1,190.0,0.0,190.0,0.0,16.2
2020-06-10 10:30:00,150427.089286,14727.241071299999,41063.392857,22,4135001,0.09790285208071654,0.25,True,3681.8102678249998,37606.7723215,27.5968486,42.3875894,0.5104950893333333,False,29.9,60,100,0,96,100,0.1,190.0,0.0,190.0,0.0,16.2
2020-06-10 10:45:00,129342.75,12672.3589286,44451.160714,22,4135001,0.09797502317369934,0.25,True,3168.08973215,32335.6875,27.74402266666667,40.183040466666654,0.4285554833333333,False,29.9,60,100,0,96,100,0.1,190.0,0.0,190.0,0.0,16.2
2020-06-10 11:00:00,106168.535714,10414.1339286,47382.410714,22,4135001,0.0980905864299938,0.25,True,2603.53348215,26542.1339285,27.95182086666667,38.8228558,0.320387256,False,32.7,48,100,5,76,100,0.0,373.0,92.0,281.0,98.1,14.4
2020-06-10 11:15:00,168623.625,16495.2821428,50329.892858,22,4135001,0.09782307872221345,0.25,True,4123.8205357,42155.90625,27.86605026666667,39.599638000000006,0.601040456,False,32.7,48,100,5,76,100,0.0,373.0,92.0,281.0,98.1,14.4
2020-06-10 11:30:00,194893.982152,19046.7839281,55158.660715,22,4135001,0.0977289484148628,0.25,True,4761.695982025,48723.495538,28.374143285714283,47.20608521428572,0.683142175,False,32.7,48,100,5,76,100,0.0,373.0,92.0,281.0,98.1,14.4
2020-06-10 11:45:00,201123.803575,19649.3571432,59481.124999,22,4135001,0.09769781991952366,0.25,True,4912.3392858,50280.95089375,28.499033466666667,45.56717713333333,0.6853178500000001,False,32.7,48,100,5,76,100,0.0,373.0,92.0,281.0,98.1,14.4
2020-06-10 12:00:00,291503.85713,28424.751787,65854.660715,22,4135001,0.0975107227288715,0.25,True,7106.18794675,72875.9642825,29.79234406666667,53.1358704,1.0311831480000002,False,35.1,41,100,96,85,100,0.0,473.0,150.0,323.0,152.3,13.8
2020-06-10 12:15:00,228835.071432,22341.7339284,72469.482142,22,4135001,0.09763247297973296,0.25,True,5585.4334821,57208.767858,30.189037933333328,54.239634266666656,0.869060306,False,35.1,41,100,96,85,100,0.0,473.0,150.0,323.0,152.3,13.8
2020-06-10 12:30:00,267808.94643999997,26125.028572,78178.67857,22,4135001,0.09755099267325285,0.25,True,6531.257143,66952.23660999999,30.080072133333328,53.7302392,0.8686483159999999,False,35.1,41,100,96,85,100,0.0,473.0,150.0,323.0,152.3,13.8
2020-06-10 12:45:00,253846.48212,24765.705357,84763.785713,22,4135001,0.09756174342133522,0.25,True,6191.42633925,63461.62053,30.85634553333333,54.68991706666667,0.8653040006666666,False,35.1,41,100,96,85,100,0.0,473.0,150.0,323.0,152.3,13.8
2020-06-10 13:00:00,211440.035711,20659.5089287,90507.125,22,4135001,0.09770859553267285,0.25,True,5164.877232175,52860.00892775,30.978605133333332,51.86274186666666,0.7052360026666665,False,31.8,51,100,15,100,100,0.2,228.0,14.0,214.0,14.4,16.6
2020-06-10 13:15:00,172381.125,16861.7589285,94975.125,22,4135001,0.09781673561127995,0.25,True,4215.439732125,43095.28125,30.685426933333336,46.79792493333333,0.5753350319999999,False,31.8,51,100,15,100,100,0.2,228.0,14.0,214.0,14.4,16.6
2020-06-10 13:30:00,252923.5893,24680.351787,100367.482143,22,4135001,0.09758026863095763,0.25,True,6170.08794675,63230.897325,31.166330933333327,50.69978426666668,0.8527403740000001,False,31.8,51,100,15,100,100,0.2,228.0,14.0,214.0,14.4,16.6
2020-06-10 13:45:00,207197.017862,20263.8839285,106093.107143,22,4135001,0.09780007520183717,0.25,True,5065.970982125,51799.2544655,31.30421228571429,51.35374028571429,0.6546923735714285,False,31.8,51,100,15,100,100,0.2,228.0,14.0,214.0,14.4,16.6
2020-06-10 14:00:00,158553.196429,15522.7428571,110485.464287,22,4135001,0.09790242774481732,0.25,True,3880.685714275,39638.29910725,31.09232593333333,46.04329853333333,0.5378590466666667,False,32.2,49,100,0,100,100,0.1,186.0,1.0,185.0,1.1,13.4
2020-06-10 14:15:00,204807.267857,20031.7375001,114841.571428,22,4135001,0.09780774730165585,0.25,True,5007.934375025,51201.81696425,31.361989333333334,48.560525000000005,0.6801754139999999,False,32.2,49,100,0,100,100,0.1,186.0,1.0,185.0,1.1,13.4
2020-06-10 14:30:00,130074.25000100001,12736.875,119509.160716,22,4135001,0.09792003413359739,0.25,True,3184.21875,32518.562500250002,31.511543666666668,48.153831,0.444713674,False,32.2,49,100,0,100,100,0.1,186.0,1.0,185.0,1.1,13.4
2020-06-10 14:45:00,21468.7321427,2085.5357143,120955.464285,22,4135001,0.09714293794518013,0.25,True,521.383928575,5367.183035675,26.491621866666662,29.685520466666663,0.0639606361333333,False,32.2,49,100,0,100,100,0.1,186.0,1.0,185.0,1.1,13.4
2020-06-10 15:00:00,46592.625,4563.617857,121681.696431,22,4135001,0.09794721497232663,0.25,True,1140.90446425,11648.15625,23.6877706,23.490259000000005,0.1306238946666666,False,32.9,46,100,0,100,100,0.0,190.0,16.0,174.0,20.7,8.0
2020-06-10 15:15:00,76069.892859,7473.2428571,123197.00000100001,22,4135001,0.09824179548868424,0.25,True,1868.310714275,19017.47321475,24.0490642,25.863409466666663,0.2161701353333333,False,32.9,46,100,0,100,100,0.0,190.0,16.0,174.0,20.7,8.0
2020-06-10 15:30:00,102774.01785599999,10084.1303573,125519.160713,22,4135001,0.09811945244204817,0.25,True,2521.032589325,25693.504463999998,25.028104666666668,29.65835566666667,0.2919487846666666,False,32.9,46,100,0,100,100,0.0,190.0,16.0,174.0,20.7,8.0
2020-06-10 15:45:00,83870.892857,8242.3874999,127752.785714,22,4135001,0.09827470793655772,0.25,True,2060.596874975,20967.72321425,25.1799176,32.45616233333334,0.2474112733333333,False,32.9,46,100,0,100,100,0.0,190.0,16.0,174.0,20.7,8.0
2020-06-10 16:00:00,91614.892857,8999.0482143,129884.571428,22,4135001,0.09822691413661805,0.25,True,2249.762053575,22903.72321425,25.529737071428567,33.1866565,0.2724546621428571,False,34.3,40,100,0,99,100,0.0,223.0,31.0,192.0,51.8,9.7
2020-06-10 16:15:00,116815.964286,11450.5053573,132432.160716,22,4135001,0.09802175094206969,0.25,True,2862.626339325,29203.9910715,26.168872133333338,35.321976600000006,0.3537411073333333,False,34.3,40,100,0,99,100,0.0,223.0,31.0,192.0,51.8,9.7
2020-06-10 16:30:00,76904.482142,7551.8892856,134933.767859,22,4135001,0.09819829839899114,0.25,True,1887.9723214,19226.1205355,26.560512333333328,35.3695456,0.2438012486666666,False,34.3,40,100,0,99,100,0.0,223.0,31.0,192.0,51.8,9.7
2020-06-10 16:45:00,61062.946428,5993.3785714,136585.535714,22,4135001,0.09815082504194027,0.25,True,1498.34464285,15265.736607,26.307415666666667,32.08403093333333,0.1932886153333333,False,34.3,40,100,0,99,100,0.0,223.0,31.0,192.0,51.8,9.7
2020-06-10 17:00:00,53525.482142,5248.7321429,137915.696429,22,4135001,0.09806043650341006,0.25,True,1312.183035725,13381.3705355,26.02376913333333,30.4908548,0.1673700179999999,False,34.1,42,100,0,99,100,0.0,134.0,23.0,111.0,58.7,8.1
2020-06-10 17:15:00,53977.410715,5293.1857143,139316.249999,22,4135001,0.09806297938683924,0.25,True,1323.296428575,13494.35267875,26.0763428,30.701261466666665,0.17003262,False,34.1,42,100,0,99,100,0.0,134.0,23.0,111.0,58.7,8.1
2020-06-10 17:30:00,32748.45,3196.125,140257.95,22,4135001,0.0975962221112755,0.25,True,799.03125,8187.1125,25.9601472,29.5002533,0.1014331655,False,34.1,42,100,0,99,100,0.0,134.0,23.0,111.0,58.7,8.1
2020-06-10 17:45:00,26049.571429,2533.4714283,141066.857142,22,4135001,0.09725578154731492,0.25,True,633.367857075,6512.39285725,25.69048421428572,27.858786357142854,0.0826623008571428,False,34.1,42,100,0,99,100,0.0,134.0,23.0,111.0,58.7,8.1
2020-06-10 18:00:00,12324.7142857,1193.09999999,141504.571429,22,4135001,0.09680548954991343,0.25,True,298.2749999975,3081.178571425,25.403283666666667,26.133491933333328,0.0386987639333333,False,32.9,44,100,8,99,100,0.0,20.0,0.0,20.0,0.0,4.1
2020-06-10 18:15:00,2560.625,247.125,141668.25,22,4135001,0.0965096412008787,0.25,True,61.78125,640.15625,25.1838216,24.934887866666667,0.0091324596666666,False,32.9,44,100,8,99,100,0.0,20.0,0.0,20.0,0.0,4.1
2020-06-10 18:30:00,0.0,0.0,141696.0,22,4135001,,0.25,True,0.0,0.0,25.0308594,24.326002933333328,0.0013383184030266,False,32.9,44,100,8,99,100,0.0,20.0,0.0,20.0,0.0,4.1
2020-06-10 18:45:00,0.0,0.0,141696.0,22,4135001,,0.25,True,0.0,0.0,24.898394866666667,24.0229962,0.0,False,32.9,44,100,8,99,100,0.0,20.0,0.0,20.0,0.0,4.1
2020-06-10 19:00:00,0.0,0.0,141696.0,22,4135001,,0.25,True,0.0,0.0,24.796325666666664,23.751652,0.0,False,30.3,58,100,6,100,100,0.5,0.0,0.0,0.0,0.0,15.1
2020-06-10 19:15:00,0.0,0.0,141696.0,22,4135001,,0.25,True,0.0,0.0,24.6726442,23.437866333333336,0.0,False,30.3,58,100,6,100,100,0.5,0.0,0.0,0.0,0.0,15.1
2020-06-10 19:30:00,0.0,0.0,141696.0,22,4135001,,0.25,True,0.0,0.0,24.4905418,22.90063273333333,0.0,False,30.3,58,100,6,100,100,0.5,0.0,0.0,0.0,0.0,15.1
2020-06-10 19:45:00,0.0,0.0,141696.0,22,4135001,,0.25,True,0.0,0.0,24.240319214285712,22.724879500000004,0.0,False,30.3,58,100,6,100,100,0.5,0.0,0.0,0.0,0.0,15.1
2020-06-10 20:00:00,0.0,0.0,141696.0,22,4135001,,0.25,True,0.0,0.0,23.8389954,22.53573606666667,0.0,False,26.2,87,100,0,83,100,1.2,0.0,0.0,0.0,0.0,10.8
2020-06-10 20:15:00,0.0,0.0,141696.0,22,4135001,,0.25,True,0.0,0.0,23.097306266666667,21.900569666666662,0.0,False,26.2,87,100,0,83,100,1.2,0.0,0.0,0.0,0.0,10.8
2020-06-10 20:30:00,0.0,0.0,141696.0,22,4135001,,0.25,True,0.0,0.0,22.638631266666664,21.44738153333333,0.0,False,26.2,87,100,0,83,100,1.2,0.0,0.0,0.0,0.0,10.8
2020-06-10 20:45:00,0.0,0.0,141696.0,22,4135001,,0.25,True,0.0,0.0,22.402168866666667,21.304317066666663,0.0,False,26.2,87,100,0,83,100,1.2,0.0,0.0,0.0,0.0,10.8
2020-06-10 21:00:00,0.0,0.0,141696.0,22,4135001,,0.25,True,0.0,0.0,22.29684226666667,21.24188433333333,0.0,False,26.1,89,99,6,71,99,0.6,0.0,0.0,0.0,0.0,12.7
2020-06-10 21:15:00,0.0,0.0,141696.0,22,4135001,,0.25,True,0.0,0.0,22.301875866666663,21.22502233333333,0.0,False,26.1,89,99,6,71,99,0.6,0.0,0.0,0.0,0.0,12.7
2020-06-10 21:30:00,0.0,0.0,141696.0,22,4135001,,0.25,True,0.0,0.0,22.351090466666665,21.098295066666672,0.0,False,26.1,89,99,6,71,99,0.6,0.0,0.0,0.0,0.0,12.7
2020-06-10 21:45:00,0.0,0.0,141696.0,22,4135001,,0.25,True,0.0,0.0,22.359759533333328,20.81857506666667,0.0,False,26.1,89,99,6,71,99,0.6,0.0,0.0,0.0,0.0,12.7
2020-06-10 22:00:00,0.0,0.0,141696.0,22,4135001,,0.25,True,0.0,0.0,22.1506266,20.516988066666663,0.0,False,25.6,89,100,43,86,100,3.4,0.0,0.0,0.0,0.0,13.6
2020-06-10 22:15:00,0.0,0.0,141696.0,22,4135001,,0.25,True,0.0,0.0,22.00165442857143,20.468538571428567,0.0,False,25.6,89,100,43,86,100,3.4,0.0,0.0,0.0,0.0,13.6
2020-06-10 22:30:00,0.0,0.0,141696.0,22,4135001,,0.25,True,0.0,0.0,21.997644,20.7359436,0.0,False,25.6,89,100,43,86,100,3.4,0.0,0.0,0.0,0.0,13.6
2020-06-10 22:45:00,0.0,0.0,141696.0,22,4135001,,0.25,True,0.0,0.0,22.014015666666666,20.856579533333335,0.0,False,25.6,89,100,43,86,100,3.4,0.0,0.0,0.0,0.0,13.6
2020-06-10 23:00:00,0.0,0.0,141696.0,22,4135001,,0.25,True,0.0,0.0,22.087756466666665,20.8401488,0.0,False,25.1,93,100,0,96,100,0.8,0.0,0.0,0.0,0.0,13.0
2020-06-10 23:15:00,0.0,0.0,141696.0,22,4135001,,0.25,True,0.0,0.0,22.24785753333333,20.93400873333333,0.0,False,25.1,93,100,0,96,100,0.8,0.0,0.0,0.0,0.0,13.0
2020-06-10 23:30:00,0.0,0.0,141696.0,22,4135001,,0.25,True,0.0,0.0,22.4090638,21.169836533333328,0.0,False,25.1,93,100,0,96,100,0.8,0.0,0.0,0.0,0.0,13.0
2020-06-10 23:45:00,0.0,0.0,129070.857144,22,4135001,,0.25,True,0.0,0.0,22.643738066666664,21.613045333333336,0.0,False,25.1,93,100,0,96,100,0.8,0.0,0.0,0.0,0.0,13.0
2020-06-11 00:00:00,0.0,0.0,7990.5,22,4135001,,0.25,True,0.0,0.0,22.739367733333328,21.784452266666666,0.0,False,25.0,94,100,1,90,100,1.4,0.0,0.0,0.0,0.0,11.5
2020-06-11 00:15:00,0.0,0.0,0.0,22,4135001,,0.25,True,0.0,0.0,22.770773785714287,21.83486957142857,0.0,False,25.0,94,100,1,90,100,1.4,0.0,0.0,0.0,0.0,11.5
2020-06-11 00:30:00,0.0,0.0,0.0,22,4135001,,0.25,True,0.0,0.0,22.346177133333327,21.4652264,0.0,False,25.0,94,100,1,90,100,1.4,0.0,0.0,0.0,0.0,11.5
2020-06-11 00:45:00,0.0,0.0,0.0,22,4135001,,0.25,True,0.0,0.0,22.243847666666667,21.32475,0.0,False,25.0,94,100,1,90,100,1.4,0.0,0.0,0.0,0.0,11.5
2020-06-11 01:00:00,0.0,0.0,0.0,22,4135001,,0.25,True,0.0,0.0,22.373763,21.36869693333333,0.0,False,25.5,93,100,1,100,100,0.9,0.0,0.0,0.0,0.0,15.0
2020-06-11 01:15:00,0.0,0.0,0.0,22,4135001,,0.25,True,0.0,0.0,22.274361200000005,21.019885333333328,0.0,False,25.5,93,100,1,100,100,0.9,0.0,0.0,0.0,0.0,15.0
2020-06-11 01:30:00,0.0,0.0,0.0,22,4135001,,0.25,True,0.0,0.0,22.2262044,20.8927876,0.0,False,25.5,93,100,1,100,100,0.9,0.0,0.0,0.0,0.0,15.0
2020-06-11 01:45:00,0.0,0.0,0.0,22,4135001,,0.25,True,0.0,0.0,22.188857066666667,20.82486373333333,0.0,False,25.5,93,100,1,100,100,0.9,0.0,0.0,0.0,0.0,15.0
2020-06-11 02:00:00,0.0,0.0,0.0,22,4135001,,0.25,True,0.0,0.0,22.104992666666668,20.830979533333338,0.0,False,25.3,91,100,0,100,100,1.4,0.0,0.0,0.0,0.0,18.4
2020-06-11 02:15:00,0.0,0.0,0.0,22,4135001,,0.25,True,0.0,0.0,22.014145733333336,20.67282113333334,0.0,False,25.3,91,100,0,100,100,1.4,0.0,0.0,0.0,0.0,18.4
2020-06-11 02:30:00,0.0,0.0,0.0,22,4135001,,0.25,True,0.0,0.0,21.882257133333333,20.452899066666667,0.0,False,25.3,91,100,0,100,100,1.4,0.0,0.0,0.0,0.0,18.4
2020-06-11 02:45:00,0.0,0.0,0.0,22,4135001,,0.25,True,0.0,0.0,21.722754285714284,20.269165,0.0,False,25.3,91,100,0,100,100,1.4,0.0,0.0,0.0,0.0,18.4
2020-06-11 03:00:00,0.0,0.0,0.0,22,4135001,,0.25,True,0.0,0.0,21.6394612,20.0675924,0.0,False,24.9,91,100,3,61,100,5.1,0.0,0.0,0.0,0.0,16.3
2020-06-11 03:15:00,0.0,0.0,0.0,22,4135001,,0.25,True,0.0,0.0,21.511769733333328,19.800008133333336,0.0,False,24.9,91,100,3,61,100,5.1,0.0,0.0,0.0,0.0,16.3
2020-06-11 03:30:00,0.0,0.0,0.0,22,4135001,,0.25,True,0.0,0.0,21.408011866666666,19.59883613333333,0.0,False,24.9,91,100,3,61,100,5.1,0.0,0.0,0.0,0.0,16.3
2020-06-11 03:45:00,0.0,0.0,0.0,22,4135001,,0.25,True,0.0,0.0,21.25261846666667,19.653346666666668,0.0,False,24.9,91,100,3,61,100,5.1,0.0,0.0,0.0,0.0,16.3
2020-06-11 04:00:00,0.0,0.0,0.0,22,4135001,,0.25,True,0.0,0.0,21.17042653333333,19.669116266666663,0.0,False,24.7,91,100,4,94,100,7.1,0.0,0.0,0.0,0.0,19.9
2020-06-11 04:15:00,0.0,0.0,0.0,22,4135001,,0.25,True,0.0,0.0,21.137506066666667,19.666155866666664,0.0,False,24.7,91,100,4,94,100,7.1,0.0,0.0,0.0,0.0,19.9
2020-06-11 04:30:00,0.0,0.0,0.0,22,4135001,,0.25,True,0.0,0.0,21.11148893333333,19.4949688,0.0,False,24.7,91,100,4,94,100,7.1,0.0,0.0,0.0,0.0,19.9
2020-06-11 04:45:00,0.0,0.0,0.0,22,4135001,,0.25,True,0.0,0.0,21.1515158,19.529553,0.0,False,24.7,91,100,4,94,100,7.1,0.0,0.0,0.0,0.0,19.9
2020-06-11 05:00:00,0.0,0.0,0.0,22,4135001,,0.25,True,0.0,0.0,21.679722142857145,19.958999571428567,0.0,False,24.7,90,100,1,98,100,6.7,0.0,0.0,0.0,0.0,18.7
2020-06-11 05:15:00,0.0,0.0,0.0,22,4135001,,0.25,True,0.0,0.0,21.8479166,20.282653666666665,0.0,False,24.7,90,100,1,98,100,6.7,0.0,0.0,0.0,0.0,18.7
2020-06-11 05:30:00,0.0,0.0,0.0,22,4135001,,0.25,True,0.0,0.0,21.764787,20.28937980000001,0.0,False,24.7,90,100,1,98,100,6.7,0.0,0.0,0.0,0.0,18.7
2020-06-11 05:45:00,0.0,0.0,0.0,22,4135001,,0.25,True,0.0,0.0,21.841320666666665,20.434340400000004,0.0,False,24.7,90,100,1,98,100,6.7,0.0,0.0,0.0,0.0,18.7
2020-06-11 06:00:00,0.0,0.0,0.0,22,4135001,,0.25,True,0.0,0.0,21.80440273333333,20.4181316,0.0024945839982,False,24.8,91,100,4,94,100,1.5,4.0,0.0,4.0,0.0,16.3
2020-06-11 06:15:00,3295.1964285,318.075,26.982142857,22,4135001,0.09652687082596478,0.25,True,79.51875,823.799107125,21.87074993333333,20.6757548,0.0115848330599999,False,24.8,91,100,4,94,100,1.5,4.0,0.0,4.0,0.0,16.3
2020-06-11 06:30:00,8000.8035713,773.16071429,161.660714285,22,4135001,0.09663538260874639,0.25,True,193.2901785725,2000.200892825,21.9280518,21.149878,0.0245571073333333,False,24.8,91,100,4,94,100,1.5,4.0,0.0,4.0,0.0,16.3
2020-06-11 06:45:00,11662.2142858,1128.39821429,403.30357143,22,4135001,0.09675677248221601,0.25,True,282.0995535725,2915.55357145,21.8738464,21.782067666666663,0.0349704387333333,False,24.8,91,100,4,94,100,1.5,4.0,0.0,4.0,0.0,16.3
2020-06-11 07:00:00,17283.3035715,1676.67678571,733.89285714,22,4135001,0.09701136005473072,0.25,True,419.1691964275,4320.825892875,22.074057499999995,22.67060192857143,0.0519139962857142,False,25.0,92,100,11,83,100,1.4,24.0,0.0,24.0,0.0,15.3
2020-06-11 07:15:00,26441.785714999998,2571.3660712,1270.30357142,22,4135001,0.09724630926652225,0.25,True,642.8415178,6610.4464287499995,22.155832933333333,23.475118133333336,0.0771933347333333,False,25.0,92,100,11,83,100,1.4,24.0,0.0,24.0,0.0,15.3
2020-06-11 07:30:00,32344.928572,3155.8571428,1979.99999999,22,4135001,0.0975688394480465,0.25,True,788.9642857,8086.232143,22.33260493333333,24.388740933333327,0.0940940934,False,25.0,92,100,11,83,100,1.4,24.0,0.0,24.0,0.0,15.3
2020-06-11 07:45:00,44391.196428,4351.6089286,2898.5535713,22,4135001,0.0980286470912777,0.25,True,1087.90223215,11097.799107,22.53172193333333,25.608616266666665,0.1302281486666666,False,25.0,92,100,11,83,100,1.4,24.0,0.0,24.0,0.0,15.3
2020-06-11 08:00:00,56867.482143,5576.7678571,4141.2142857,22,4135001,0.09806602379680814,0.25,True,1394.191964275,14216.87053575,22.849924866666672,27.304630533333327,0.1688907413333333,False,25.3,91,100,1,46,100,0.6,79.0,0.0,79.0,0.0,16.6
2020-06-11 08:15:00,63561.000002,6234.8428573,5636.5714285,22,4135001,0.09809227131580396,0.25,True,1558.710714325,15890.2500005,23.1288086,28.704862466666665,0.1892255126666666,False,25.3,91,100,1,46,100,0.6,79.0,0.0,79.0,0.0,16.6
2020-06-11 08:30:00,66370.75,6517.8875,7207.5,22,4135001,0.09820421646583774,0.25,True,1629.471875,16592.6875,23.5816488,29.4664654,0.1961367113333333,False,25.3,91,100,1,46,100,0.6,79.0,0.0,79.0,0.0,16.6
2020-06-11 08:45:00,74854.57143,7359.1142858,8956.7142856,22,4135001,0.09831215576034459,0.25,True,1839.77857145,18713.6428575,24.069722533333334,30.364528333333336,0.219947506,False,25.3,91,100,1,46,100,0.6,79.0,0.0,79.0,0.0,16.6
2020-06-11 09:00:00,83335.875,8189.85,10902.75,22,4135001,0.09827520260632051,0.25,True,2047.4625,20833.96875,24.30036257142857,31.44437728571429,0.2430901692857142,False,27.2,78,100,13,37,100,0.2,261.0,15.0,246.0,22.1,21.3
2020-06-11 09:15:00,92008.42857,9038.5857145,13072.2857139,22,4135001,0.09823649697074704,0.25,True,2259.646428625,23002.1071425,24.295941266666667,32.440757133333335,0.2680125333333333,False,27.2,78,100,13,37,100,0.2,261.0,15.0,246.0,22.1,21.3
2020-06-11 09:30:00,97882.660715,9610.5607143,15374.125,22,4135001,0.09818450626595229,0.25,True,2402.640178575,24470.66517875,24.4268352,33.25334266666667,0.286548186,False,27.2,78,100,13,37,100,0.2,261.0,15.0,246.0,22.1,21.3
2020-06-11 09:45:00,104898.62500100001,10287.6714286,17859.9464286,22,4135001,0.0980725098017436,0.25,True,2571.91785715,26224.656250250002,24.623516666666664,34.098657333333335,0.30827921,False,27.2,78,100,13,37,100,0.2,261.0,15.0,246.0,22.1,21.3
2020-06-11 10:00:00,113149.071428,11091.9714286,20536.4464287,22,4135001,0.09802971680291818,0.25,True,2772.99285715,28287.267857,24.80515553333333,34.56906553333334,0.3341347466666667,False,28.1,71,100,14,25,100,0.1,316.0,20.0,296.0,24.0,24.0
2020-06-11 10:15:00,123134.196428,12068.0660714,23415.6607133,22,4135001,0.0980074294670574,0.25,True,3017.01651785,30783.549107,25.031361933333333,35.71532393333333,0.3664925886666666,False,28.1,71,100,14,25,100,0.1,316.0,20.0,296.0,24.0,24.0
2020-06-11 10:30:00,125721.196428,12320.907143,26486.660713999998,22,4135001,0.09800182859424292,0.25,True,3080.22678575,31430.299107,25.47613733333333,36.90983686666667,0.3750224913333333,False,28.1,71,100,14,25,100,0.1,316.0,20.0,296.0,24.0,24.0
2020-06-11 10:45:00,130335.696428,12771.4357142,29531.678572,22,4135001,0.09798877870158305,0.25,True,3192.85892855,32583.924107,25.753749666666668,36.50444326666668,0.388530498,False,28.1,71,100,14,25,100,0.1,316.0,20.0,296.0,24.0,24.0
2020-06-11 11:00:00,158339.37499799998,15504.9285714,33075.160716,22,4135001,0.09792212816045184,0.25,True,3876.23214285,39584.843749499996,26.2963116,38.61497386666667,0.4865309580000001,False,28.6,68,100,11,30,100,0.2,347.0,17.0,330.0,18.1,24.2
2020-06-11 11:15:00,171464.625001,16784.8607143,37251.214286,22,4135001,0.09789109977759033,0.25,True,4196.215178575,42866.15625025,26.492523071428568,40.41920307142857,0.5315657121428571,False,28.6,68,100,11,30,100,0.2,347.0,17.0,330.0,18.1,24.2
2020-06-11 11:30:00,161230.392858,15787.1125,41256.714287,22,4135001,0.09791647976634367,0.25,True,3946.778125,40307.5982145,26.57368573333333,40.655814933333325,0.4960136759999999,False,28.6,68,100,11,30,100,0.2,347.0,17.0,330.0,18.1,24.2
2020-06-11 11:45:00,181510.267857,17764.0821428,45436.5,22,4135001,0.09786819419381362,0.25,True,4441.0205357,45377.56696425,26.907450200000007,42.12864373333333,0.5611673299999999,False,28.6,68,100,11,30,100,0.2,347.0,17.0,330.0,18.1,24.2
2020-06-11 12:00:00,204194.196429,19972.9375002,50091.857143,22,4135001,0.09781344352333127,0.25,True,4993.23437505,51048.54910725,27.16000973333333,43.574774533333326,0.6383058133333332,False,29.2,65,100,7,30,100,0.2,422.0,60.0,362.0,60.9,24.6
2020-06-11 12:15:00,196331.821428,19207.239285800002,55094.053572,22,4135001,0.09783049505728646,0.25,True,4801.8098214500005,49082.955357,27.4697428,43.46879073333333,0.6140467053333332,False,29.2,65,100,7,30,100,0.2,422.0,60.0,362.0,60.9,24.6
2020-06-11 12:30:00,174191.749999,17050.2160714,59685.642856,22,4135001,0.09788188057986605,0.25,True,4262.55401785,43547.93749975,27.567753066666665,42.5188598,0.5518808986666666,False,29.2,65,100,7,30,100,0.2,422.0,60.0,362.0,60.9,24.6
2020-06-11 12:45:00,127862.375,12529.1107142,63349.910715,22,4135001,0.09798903480558686,0.25,True,3132.27767855,31965.59375,27.667081733333337,39.6965698,0.384930638,False,29.2,65,100,7,30,100,0.2,422.0,60.0,362.0,60.9,24.6
2020-06-11 13:00:00,148878.142859,14581.6714284,66770.142858,22,4135001,0.09794366821333912,0.25,True,3645.4178571,37219.53571475,27.793925066666667,40.65225413333333,0.4614137253333333,False,29.4,65,100,13,73,100,0.1,424.0,62.0,362.0,63.8,23.3
2020-06-11 13:15:00,160402.625,15706.0875,70525.125,22,4135001,0.0979166488079606,0.25,True,3926.521875,40100.65625,27.97164264285714,40.74435871428572,0.5024805850000001,False,29.4,65,100,13,73,100,0.1,424.0,62.0,362.0,63.8,23.3
2020-06-11 13:30:00,106145.142858,10412.4285715,73944.857143,22,4135001,0.09809613790269849,0.25,True,2603.107142875,26536.2857145,28.019702266666663,39.3556314,0.3363512746666666,False,29.4,65,100,13,73,100,0.1,424.0,62.0,362.0,63.8,23.3
2020-06-11 13:45:00,140998.017857,13812.7107143,76852.946428,22,4135001,0.09796386448715068,0.25,True,3453.177678575,35249.50446425,27.88819186666667,37.721638866666666,0.4294617333333333,False,29.4,65,100,13,73,100,0.1,424.0,62.0,362.0,63.8,23.3
2020-06-11 14:00:00,148474.285715,14541.3357143,80422.80357,22,4135001,0.09793841165339866,0.25,True,3635.333928575,37118.57142875,28.2268556,39.822216533333325,0.463052552,False,29.5,64,100,12,72,100,0.1,365.0,29.0,336.0,32.3,22.7
2020-06-11 14:15:00,206915.000003,20225.8785719,84691.125,22,4135001,0.09774969708144288,0.25,True,5056.469642975,51728.75000075,28.652787199999995,42.90342799999999,0.6541221086666666,False,29.5,64,100,12,72,100,0.1,365.0,29.0,336.0,32.3,22.7
2020-06-11 14:30:00,227661.517851,22239.7392857,90093.892857,22,4135001,0.09768774053529536,0.25,True,5559.934821425,56915.37946275,28.91200753333333,46.4054178,0.702585196,False,29.5,64,100,12,72,100,0.1,365.0,29.0,336.0,32.3,22.7
2020-06-11 14:45:00,135841.678571,13308.830357,94389.821429,22,4135001,0.0979730999867166,0.25,True,3327.20758925,33960.41964275,28.541935266666663,42.981264133333326,0.4346433879999999,False,29.5,64,100,12,72,100,0.1,365.0,29.0,336.0,32.3,22.7
2020-06-11 15:00:00,162871.767858,15944.307142900001,98010.875002,22,4135001,0.09789484913555473,0.25,True,3986.0767857250003,40717.9419645,28.410937533333332,41.019122266666656,0.5243561353333333,False,29.9,60,100,7,79,100,0.1,354.0,45.0,309.0,58.3,21.5
2020-06-11 15:15:00,138751.607144,13594.1071429,101949.410713,22,4135001,0.09797441213629825,0.25,True,3398.526785725,34687.901786,28.499876,40.864774533333325,0.4330104273333333,False,29.9,60,100,7,79,100,0.1,354.0,45.0,309.0,58.3,21.5
2020-06-11 15:30:00,157548.928569,15428.0410715,105479.892857,22,4135001,0.09792539506064077,0.25,True,3857.010267875,39387.23214225,28.5198495,39.834891285714285,0.5047613450000001,False,29.9,60,100,7,79,100,0.1,354.0,45.0,309.0,58.3,21.5
2020-06-11 15:45:00,139426.303571,13658.9732142,109161.357143,22,4135001,0.0979655406789469,0.25,True,3414.74330355,34856.57589275,28.490726733333336,39.98254813333334,0.4242669086666667,False,29.9,60,100,7,79,100,0.1,354.0,45.0,309.0,58.3,21.5
2020-06-11 16:00:00,105724.339286,10372.2375,112238.482144,22,4135001,0.09810643008079303,0.25,True,2593.059375,26431.0848215,28.066652533333336,37.5957134,0.3353831253333333,False,29.2,63,100,6,94,100,0.0,182.0,9.0,173.0,15.0,19.1
2020-06-11 16:15:00,97948.624998,9614.2482143,114658.714286,22,4135001,0.09815603041386556,0.25,True,2403.562053575,24487.1562495,27.5691588,35.038138866666664,0.3022549713333332,False,29.2,63,100,6,94,100,0.0,182.0,9.0,173.0,15.0,19.1
2020-06-11 16:30:00,79283.053571,7792.792857,116832.125,22,4135001,0.09829077597296824,0.25,True,1948.19821425,19820.76339275,27.460978266666665,33.56361520000001,0.2453987326666666,False,29.2,63,100,6,94,100,0.0,182.0,9.0,173.0,15.0,19.1
2020-06-11 16:45:00,69329.982146,6811.3982144,118644.696431,22,4135001,0.09824606906801266,0.25,True,1702.8495536,17332.4955365,27.1531046,30.6198468,0.2141466953333333,False,29.2,63,100,6,94,100,0.0,182.0,9.0,173.0,15.0,19.1
2020-06-11 17:00:00,52606.642858,5158.4232143,120152.428571,22,4135001,0.09805649883844561,0.25,True,1289.605803575,13151.6607145,26.86789553333333,27.269881133333328,0.163458322,False,27.2,75,100,0,100,100,0.3,79.0,2.0,77.0,5.1,12.2
2020-06-11 17:15:00,41500.857144,4068.0857143,121300.714286,22,4135001,0.09802413719274577,0.25,True,1017.021428575,10375.214286,26.575002,28.584523666666666,0.1298209161333333,False,27.2,75,100,0,100,100,0.3,79.0,2.0,77.0,5.1,12.2
2020-06-11 17:30:00,31294.0,3051.2,122193.625,22,4135001,0.09750111842525723,0.25,True,762.8,7823.5,26.33208213333333,27.7955018,0.0971864702,False,27.2,75,100,0,100,100,0.3,79.0,2.0,77.0,5.1,12.2
2020-06-11 17:45:00,21670.8571439,2105.48571429,122846.714287,22,4135001,0.09715747283593998,0.25,True,526.3714285725,5417.714285975,26.070382142857145,26.87296621428572,0.0679638256428571,False,27.2,75,100,0,100,100,0.3,79.0,2.0,77.0,5.1,12.2
2020-06-11 18:00:00,13898.0357143,1345.97500001,123275.517858,22,4135001,0.09684641971563623,0.25,True,336.4937500025,3474.508928575,25.856518466666664,25.91061213333333,0.04432217,False,25.9,86,100,2,100,100,0.8,17.0,0.0,17.0,0.0,12.6
2020-06-11 18:15:00,6553.3928572,633.1517857,123526.071428,22,4135001,0.09661434916180504,0.25,True,158.287946425,1638.3482143,25.545349066666663,24.837803066666662,0.0214776268,False,25.9,86,100,2,100,100,0.8,17.0,0.0,17.0,0.0,12.6
2020-06-11 18:30:00,1289.98214286,124.462499999,123618.410715,22,4135001,0.09648389374061882,0.25,True,31.11562499975,322.495535715,25.260909000000005,23.9481894,0.0059466362266666,False,25.9,86,100,2,100,100,0.8,17.0,0.0,17.0,0.0,12.6
2020-06-11 18:45:00,0.0,0.0,123626.0,22,4135001,,0.25,True,0.0,0.0,25.032338466666666,23.32562873333333,5.161001586666666e-05,False,25.9,86,100,2,100,100,0.8,17.0,0.0,17.0,0.0,12.6
2020-06-11 19:00:00,0.0,0.0,123626.0,22,4135001,,0.25,True,0.0,0.0,24.81229646666667,23.04192926666667,0.0,False,25.5,88,100,2,100,100,0.9,0.0,0.0,0.0,0.0,14.8
2020-06-11 19:15:00,0.0,0.0,123626.0,22,4135001,,0.25,True,0.0,0.0,24.601367133333333,22.8550334,0.0,False,25.5,88,100,2,100,100,0.9,0.0,0.0,0.0,0.0,14.8
2020-06-11 19:30:00,0.0,0.0,123626.0,22,4135001,,0.25,True,0.0,0.0,24.368300400000003,22.5817038,0.0,False,25.5,88,100,2,100,100,0.9,0.0,0.0,0.0,0.0,14.8
2020-06-11 19:45:00,0.0,0.0,123626.0,22,4135001,,0.25,True,0.0,0.0,24.173594857142856,22.5616825,0.0,False,25.5,88,100,2,100,100,0.9,0.0,0.0,0.0,0.0,14.8
2020-06-11 20:00:00,0.0,0.0,123626.0,22,4135001,,0.25,True,0.0,0.0,24.0864298,22.66164153333333,0.0,False,25.2,89,100,1,100,100,0.7,0.0,0.0,0.0,0.0,17.0
2020-06-11 20:15:00,0.0,0.0,123626.0,22,4135001,,0.25,True,0.0,0.0,24.059523533333333,22.747019333333327,0.0,False,25.2,89,100,1,100,100,0.7,0.0,0.0,0.0,0.0,17.0
2020-06-11 20:30:00,0.0,0.0,123626.0,22,4135001,,0.25,True,0.0,0.0,24.018544466666665,22.83385,0.0,False,25.2,89,100,1,100,100,0.7,0.0,0.0,0.0,0.0,17.0
2020-06-11 20:45:00,0.0,0.0,123626.0,22,4135001,,0.25,True,0.0,0.0,23.949184266666663,22.594362466666663,0.0,False,25.2,89,100,1,100,100,0.7,0.0,0.0,0.0,0.0,17.0
2020-06-11 21:00:00,0.0,0.0,123626.0,22,4135001,,0.25,True,0.0,0.0,23.82512006666667,22.368981933333338,0.0,False,25.0,89,100,1,99,100,0.7,0.0,0.0,0.0,0.0,19.2
2020-06-11 21:15:00,0.0,0.0,123626.0,22,4135001,,0.25,True,0.0,0.0,23.73761393333333,22.361889533333333,0.0,False,25.0,89,100,1,99,100,0.7,0.0,0.0,0.0,0.0,19.2
2020-06-11 21:30:00,0.0,0.0,123626.0,22,4135001,,0.25,True,0.0,0.0,23.686230533333333,22.271466200000003,0.0,False,25.0,89,100,1,99,100,0.7,0.0,0.0,0.0,0.0,19.2
2020-06-11 21:45:00,0.0,0.0,123626.0,22,4135001,,0.25,True,0.0,0.0,23.684969285714285,22.301834000000003,0.0,False,25.0,89,100,1,99,100,0.7,0.0,0.0,0.0,0.0,19.2
2020-06-11 22:00:00,0.0,0.0,123626.0,22,4135001,,0.25,True,0.0,0.0,23.6376038,22.34254746666667,0.0,False,24.8,90,100,3,98,100,0.5,0.0,0.0,0.0,0.0,18.2
2020-06-11 22:15:00,0.0,0.0,123626.0,22,4135001,,0.25,True,0.0,0.0,23.57180973333333,22.367293333333333,0.0,False,24.8,90,100,3,98,100,0.5,0.0,0.0,0.0,0.0,18.2
2020-06-11 22:30:00,0.0,0.0,123626.0,22,4135001,,0.25,True,0.0,0.0,23.48927,22.27728473333333,0.0,False,24.8,90,100,3,98,100,0.5,0.0,0.0,0.0,0.0,18.2
2020-06-11 22:45:00,0.0,0.0,123626.0,22,4135001,,0.25,True,0.0,0.0,23.419014533333332,22.2010274,0.0,False,24.8,90,100,3,98,100,0.5,0.0,0.0,0.0,0.0,18.2
2020-06-11 23:00:00,0.0,0.0,123626.0,22,4135001,,0.25,True,0.0,0.0,23.328574733333333,21.94969073333333,0.0,False,24.6,90,100,1,99,100,0.5,0.0,0.0,0.0,0.0,18.4
2020-06-11 23:15:00,0.0,0.0,123626.0,22,4135001,,0.25,True,0.0,0.0,23.195113266666677,21.619791733333333,0.0,False,24.6,90,100,1,99,100,0.5,0.0,0.0,0.0,0.0,18.4
2020-06-11 23:30:00,0.0,0.0,123626.0,22,4135001,,0.25,True,0.0,0.0,23.027634733333333,21.0713054,0.0,False,24.6,90,100,1,99,100,0.5,0.0,0.0,0.0,0.0,18.4
2020-06-11 23:45:00,0.0,0.0,110166.607143,22,4135001,,0.25,True,0.0,0.0,22.883350857142855,20.635208142857145,0.0,False,24.6,90,100,1,99,100,0.5,0.0,0.0,0.0,0.0,18.4
2020-06-12 00:00:00,0.0,0.0,4212.5,22,4135001,,0.25,True,0.0,0.0,22.799922733333336,20.528210533333333,0.0,False,24.4,90,100,1,100,100,0.6,0.0,0.0,0.0,0.0,18.3
2020-06-12 00:15:00,0.0,0.0,0.0,22,4135001,,0.25,True,0.0,0.0,22.69196986666667,20.668831466666663,0.0,False,24.4,90,100,1,100,100,0.6,0.0,0.0,0.0,0.0,18.3
2020-06-12 00:30:00,0.0,0.0,0.0,22,4135001,,0.25,True,0.0,0.0,22.757900000000003,21.138439800000004,0.0,False,24.4,90,100,1,100,100,0.6,0.0,0.0,0.0,0.0,18.3
2020-06-12 00:45:00,0.0,0.0,0.0,22,4135001,,0.25,True,0.0,0.0,22.682067866666667,20.969073466666664,0.0,False,24.4,90,100,1,100,100,0.6,0.0,0.0,0.0,0.0,18.3
2020-06-12 01:00:00,0.0,0.0,0.0,22,4135001,,0.25,True,0.0,0.0,22.602435133333337,20.8421712,0.0,False,24.2,90,100,0,98,93,0.4,0.0,0.0,0.0,0.0,18.4
2020-06-12 01:15:00,0.0,0.0,0.0,22,4135001,,0.25,True,0.0,0.0,22.522731466666663,20.5014038,0.0,False,24.2,90,100,0,98,93,0.4,0.0,0.0,0.0,0.0,18.4
2020-06-12 01:30:00,0.0,0.0,0.0,22,4135001,,0.25,True,0.0,0.0,22.480474866666665,20.49038893333333,0.0,False,24.2,90,100,0,98,93,0.4,0.0,0.0,0.0,0.0,18.4
2020-06-12 01:45:00,0.0,0.0,0.0,22,4135001,,0.25,True,0.0,0.0,22.407838933333327,20.556685333333338,0.0,False,24.2,90,100,0,98,93,0.4,0.0,0.0,0.0,0.0,18.4
2020-06-12 02:00:00,0.0,0.0,0.0,22,4135001,,0.25,True,0.0,0.0,22.360552285714288,20.44197957142857,0.0,False,24.3,87,99,3,96,90,0.1,0.0,0.0,0.0,0.0,19.6
2020-06-12 02:15:00,0.0,0.0,0.0,22,4135001,,0.25,True,0.0,0.0,22.22029006666667,19.791581266666668,0.0,False,24.3,87,99,3,96,90,0.1,0.0,0.0,0.0,0.0,19.6
2020-06-12 02:30:00,0.0,0.0,0.0,22,4135001,,0.25,True,0.0,0.0,22.049361200000003,19.63535353333333,0.0,False,24.3,87,99,3,96,90,0.1,0.0,0.0,0.0,0.0,19.6
2020-06-12 02:45:00,0.0,0.0,0.0,22,4135001,,0.25,True,0.0,0.0,21.818412266666662,19.3708762,0.0,False,24.3,87,99,3,96,90,0.1,0.0,0.0,0.0,0.0,19.6
2020-06-12 03:00:00,0.0,0.0,0.0,22,4135001,,0.25,True,0.0,0.0,21.680625333333328,19.39233373333333,0.0,False,24.6,84,100,4,100,97,0.0,0.0,0.0,0.0,0.0,19.1
2020-06-12 03:15:00,0.0,0.0,0.0,22,4135001,,0.25,True,0.0,0.0,21.79938153333333,20.0586528,0.0,False,24.6,84,100,4,100,97,0.0,0.0,0.0,0.0,0.0,19.1
2020-06-12 03:30:00,0.0,0.0,0.0,22,4135001,,0.25,True,0.0,0.0,22.14472873333333,20.548067333333336,0.0,False,24.6,84,100,4,100,97,0.0,0.0,0.0,0.0,0.0,19.1
2020-06-12 03:45:00,0.0,0.0,0.0,22,4135001,,0.25,True,0.0,0.0,22.11750466666667,21.4555846,0.0,False,24.6,84,100,4,100,97,0.0,0.0,0.0,0.0,0.0,19.1
2020-06-12 04:00:00,0.0,0.0,0.0,22,4135001,,0.25,True,0.0,0.0,21.33571573333333,20.44492186666667,0.0,False,24.1,88,99,3,66,98,1.8,0.0,0.0,0.0,0.0,19.1
2020-06-12 04:15:00,0.0,0.0,0.0,22,4135001,,0.25,True,0.0,0.0,21.16746521428572,19.544621,0.0,False,24.1,88,99,3,66,98,1.8,0.0,0.0,0.0,0.0,19.1
2020-06-12 04:30:00,0.0,0.0,0.0,22,4135001,,0.25,True,0.0,0.0,21.14945466666667,19.437854,0.0,False,24.1,88,99,3,66,98,1.8,0.0,0.0,0.0,0.0,19.1
2020-06-12 04:45:00,0.0,0.0,0.0,22,4135001,,0.25,True,0.0,0.0,21.176210533333336,19.930458466666664,0.0,False,24.1,88,99,3,66,98,1.8,0.0,0.0,0.0,0.0,19.1
2020-06-12 05:00:00,0.0,0.0,0.0,22,4135001,,0.25,True,0.0,0.0,21.17710573333333,20.062982066666663,0.0,False,24.1,90,100,3,100,98,1.4,0.0,0.0,0.0,0.0,17.0
2020-06-12 05:15:00,0.0,0.0,0.0,22,4135001,,0.25,True,0.0,0.0,21.0787292,20.025736533333337,0.0,False,24.1,90,100,3,100,98,1.4,0.0,0.0,0.0,0.0,17.0
2020-06-12 05:30:00,0.0,0.0,0.0,22,4135001,,0.25,True,0.0,0.0,20.894081466666663,19.889562933333337,0.0,False,24.1,90,100,3,100,98,1.4,0.0,0.0,0.0,0.0,17.0
2020-06-12 05:45:00,0.0,0.0,0.0,22,4135001,,0.25,True,0.0,0.0,20.751308333333327,19.813110266666666,0.0001221914806666,False,24.1,90,100,3,100,98,1.4,0.0,0.0,0.0,0.0,17.0
2020-06-12 06:00:00,0.0,0.0,0.0,22,4135001,,0.25,True,0.0,0.0,20.89739573333333,20.124570866666662,0.0033814346733333,False,24.7,87,100,7,96,100,0.1,6.0,0.0,6.0,0.0,18.1
2020-06-12 06:15:00,3507.0535715,338.50357143,29.392857143,22,4135001,0.09652078718752471,0.25,True,84.6258928575,876.763392875,21.11287226666667,20.467968733333333,0.0133244222,False,24.7,87,100,7,96,100,0.1,6.0,0.0,6.0,0.0,18.1
2020-06-12 06:30:00,8024.3214286,775.65714287,166.44642857,22,4135001,0.09666326925856067,0.25,True,193.9142857175,2006.08035715,21.31159314285714,20.909787928571426,0.0257571987857142,False,24.7,87,100,7,96,100,0.1,6.0,0.0,6.0,0.0,18.1
2020-06-12 06:45:00,15296.6071428,1482.42678572,443.35714286,22,4135001,0.09691213037511834,0.25,True,370.60669643,3824.1517857,21.4945944,21.6351522,0.0471279440666666,False,24.7,87,100,7,96,100,0.1,6.0,0.0,6.0,0.0,18.1
2020-06-12 07:00:00,20510.8928572,1992.29642857,902.32142857,22,4135001,0.09713357884713625,0.25,True,498.0741071425,5127.7232143,21.6540956,22.649001066666667,0.0630958514666666,False,25.5,82,100,10,100,95,0.0,87.0,6.0,81.0,22.6,15.5
2020-06-12 07:15:00,23371.428571,2271.417857,1427.48214286,22,4135001,0.09718780561914157,0.25,True,567.85446425,5842.85714275,21.774928866666663,23.340763133333333,0.0711178362666666,False,25.5,82,100,10,100,95,0.0,87.0,6.0,81.0,22.6,15.5
2020-06-12 07:30:00,20556.4999998,1996.65000001,1954.85714287,22,4135001,0.09712986160238495,0.25,True,499.1625000025,5139.12499995,21.926344866666668,23.469942133333333,0.0617966885999999,False,25.5,82,100,10,100,95,0.0,87.0,6.0,81.0,22.6,15.5
2020-06-12 07:45:00,28652.303572,2789.9214286,2538.6964285,22,4135001,0.09737162743614114,0.25,True,697.48035715,7163.075893,22.160595666666666,23.656638733333327,0.084014334,False,25.5,82,100,10,100,95,0.0,87.0,6.0,81.0,22.6,15.5
2020-06-12 08:00:00,39434.571428,3858.1625,3328.517857,22,4135001,0.09783705921704432,0.25,True,964.540625,9858.642857,22.443727666666664,24.818983933333335,0.1192626860666666,False,26.5,76,100,17,99,97,0.0,152.0,13.0,139.0,26.8,16.6
2020-06-12 08:15:00,61462.25,6028.525,4606.2499999,22,4135001,0.09808500339639371,0.25,True,1507.13125,15365.5625,22.82434493333333,26.831990666666663,0.1853613693333333,False,26.5,76,100,17,99,97,0.0,152.0,13.0,139.0,26.8,16.6
2020-06-12 08:30:00,69459.482144,6826.2142859,6205.1428571,22,4135001,0.09827620470518664,0.25,True,1706.553571475,17364.870536,23.0203716,26.054441200000003,0.2082250053333333,False,26.5,76,100,17,99,97,0.0,152.0,13.0,139.0,26.8,16.6
2020-06-12 08:45:00,89941.946429,8834.8910714,8125.125,22,4135001,0.09822881783389295,0.25,True,2208.72276785,22485.48660725,23.184509285714288,27.96154764285714,0.2725619585714286,False,26.5,76,100,17,99,97,0.0,152.0,13.0,139.0,26.8,16.6
2020-06-12 09:00:00,109498.107143,10736.1910715,10600.642857,22,4135001,0.09804910195825557,0.25,True,2684.047767875,27374.52678575,23.590940333333336,31.234486866666668,0.340201678,False,27.9,68,100,17,99,97,0.0,330.0,70.0,260.0,103.2,27.5
2020-06-12 09:15:00,130918.589286,12828.2392857,13650.5000001,22,4135001,0.09798638494091846,0.25,True,3207.059821425,32729.6473215,23.993477333333328,34.5792848,0.4067895253333334,False,27.9,68,100,17,99,97,0.0,330.0,70.0,260.0,103.2,27.5
2020-06-12 09:30:00,116940.24999899999,11462.6214286,16624.625,22,4135001,0.09802118114762044,0.25,True,2865.65535715,29235.062499749998,24.37688393333333,35.00016073333333,0.35931397,False,27.9,68,100,17,99,97,0.0,330.0,70.0,260.0,103.2,27.5
2020-06-12 09:45:00,142755.553571,13984.3214286,19722.1785714,22,4135001,0.09795991174273193,0.25,True,3496.08035715,35688.88839275,24.682629266666662,35.93726406666667,0.4422391126666667,False,27.9,68,100,17,99,97,0.0,330.0,70.0,260.0,103.2,27.5
2020-06-12 10:00:00,127271.839286,12472.1267859,23150.982142,22,4135001,0.0979959656108462,0.25,True,3118.031696475,31817.9598215,24.942492866666665,36.7749714,0.3904689026666667,False,28.9,64,100,8,99,98,0.0,414.0,116.0,298.0,139.3,25.7
2020-06-12 10:15:00,169544.928571,16596.8767859,26555.178571,22,4135001,0.09789072976576682,0.25,True,4149.219196475,42386.23214275,25.262884466666662,37.78594966666667,0.50926205,False,28.9,64,100,8,99,98,0.0,414.0,116.0,298.0,139.3,25.7
2020-06-12 10:30:00,180048.44643,17620.9053572,30774.214287,22,4135001,0.09786757790243267,0.25,True,4405.2263393,45012.1116075,25.460363866666665,37.3852784,0.5591777066666666,False,28.9,64,100,8,99,98,0.0,414.0,116.0,298.0,139.3,25.7
2020-06-12 10:45:00,147060.214284,14403.7178571,35066.910713,22,4135001,0.09794435515566301,0.25,True,3600.929464275,36765.053571,25.431754533333333,38.33857613333334,0.4420255493333332,False,28.9,64,100,8,99,98,0.0,414.0,116.0,298.0,139.3,25.7
2020-06-12 11:00:00,133632.482143,13093.4642858,38301.660714,22,4135001,0.0979811500604224,0.25,True,3273.36607145,33408.12053575,25.35791885714286,35.92258564285714,0.3929380471428571,False,29.9,60,99,13,94,97,0.0,543.0,224.0,319.0,239.1,28.5
2020-06-12 11:15:00,182849.428571,17893.6839287,42079.75,22,4135001,0.09786021246302078,0.25,True,4473.420982175,45712.35714275,25.700242133333333,36.99481373333333,0.5402542266666664,False,29.9,60,99,13,94,97,0.0,543.0,224.0,319.0,239.1,28.5
2020-06-12 11:30:00,218689.392862,21376.3910722,47235.732143,22,4135001,0.0977477270042502,0.25,True,5344.09776805,54672.3482155,25.79386393333333,40.80645753333332,0.6753042113333334,False,29.9,60,99,13,94,97,0.0,543.0,224.0,319.0,239.1,28.5
2020-06-12 11:45:00,205136.732142,20064.9160715,52318.803571000004,22,4135001,0.09781239986610804,0.25,True,5016.229017875,51284.1830355,26.294516866666665,43.60148279999999,0.6536209333333333,False,29.9,60,99,13,94,97,0.0,543.0,224.0,319.0,239.1,28.5
2020-06-12 12:00:00,223680.66071,21859.641072,57757.321428,22,4135001,0.09772700510904173,0.25,True,5464.910268,55920.1651775,26.7209514,47.15762106666666,0.7228255413333333,False,30.7,57,99,13,96,99,0.0,543.0,215.0,328.0,218.4,26.7
2020-06-12 12:15:00,160811.571426,15746.2125,62325.410715,22,4135001,0.0979171608135542,0.25,True,3936.553125,40202.8928565,27.061141066666668,45.5239648,0.507273356,False,30.7,57,99,13,96,99,0.0,543.0,215.0,328.0,218.4,26.7
2020-06-12 12:30:00,155824.892856,15259.9000001,66198.303571,22,4135001,0.0979297961988775,0.25,True,3814.975000025,38956.223214,27.073685666666663,42.09396553333334,0.4839689073333333,False,30.7,57,99,13,96,99,0.0,543.0,215.0,328.0,218.4,26.7
2020-06-12 12:45:00,172727.124999,16907.9089285,70161.73214000001,22,4135001,0.09788797751712645,0.25,True,4226.977232125,43181.78124975,27.122843333333336,40.93966879999999,0.544320384,False,30.7,57,99,13,96,99,0.0,543.0,215.0,328.0,218.4,26.7
2020-06-12 13:00:00,176964.499999,17321.0625,74497.857143,22,4135001,0.09787874121701177,0.25,True,4330.265625,44241.12499975,27.410540933333333,42.2459552,0.563254726,False,30.6,56,100,11,96,99,0.0,270.0,55.0,215.0,56.6,23.0
2020-06-12 13:15:00,172236.142856,16860.192857000002,78828.946428,22,4135001,0.0978899816114447,0.25,True,4215.0482142500005,43059.035714,27.47486573333333,42.54781693333334,0.5366972139999999,False,30.6,56,100,11,96,99,0.0,270.0,55.0,215.0,56.6,23.0
2020-06-12 13:30:00,183226.339288,17931.0839285,83068.321428,22,4135001,0.09786302557906508,0.25,True,4482.770982125,45806.584822,27.546154666666663,42.22754713333333,0.576459514,False,30.6,56,100,11,96,99,0.0,270.0,55.0,215.0,56.6,23.0
2020-06-12 13:45:00,210055.357143,20542.939285700002,87886.178571,22,4135001,0.09779774039142894,0.25,True,5135.7348214250005,52513.83928575,28.10111792857143,44.812733142857134,0.6685085735714286,False,30.6,56,100,11,96,99,0.0,270.0,55.0,215.0,56.6,23.0
2020-06-12 14:00:00,192543.249999,18838.4232143,92914.785714,22,4135001,0.09783995655208812,0.25,True,4709.605803575,48135.81249975,28.347310466666663,45.494661266666654,0.6257596313333335,False,32.1,50,71,2,38,63,0.0,518.0,192.0,326.0,213.5,22.7
2020-06-12 14:15:00,162032.249999,15865.2071429,97244.875,22,4135001,0.09791388530985601,0.25,True,3966.301785725,40508.06249975,28.47677,43.1335732,0.5180401986666665,False,32.1,50,71,2,38,63,0.0,518.0,192.0,326.0,213.5,22.7
2020-06-12 14:30:00,140525.107143,13766.5625001,100917.910713,22,4135001,0.09796514501918141,0.25,True,3441.640625025,35131.27678575,28.4605286,40.83483906666668,0.4465655733333333,False,32.1,50,71,2,38,63,0.0,518.0,192.0,326.0,213.5,22.7
2020-06-12 14:45:00,131110.017857,12847.2589286,104255.857143,22,4135001,0.09798838516376636,0.25,True,3211.81473215,32777.50446425,28.428057933333328,39.44832773333333,0.4153775066666666,False,32.1,50,71,2,38,63,0.0,518.0,192.0,326.0,213.5,22.7
2020-06-12 15:00:00,126128.214288,12360.464285600001,107366.303571,22,4135001,0.09799920149012996,0.25,True,3090.1160714000002,31532.053572,28.2338074,38.32697326666667,0.3964643046666666,False,32.7,46,67,1,40,51,0.0,461.0,243.0,218.0,314.6,27.0
2020-06-12 15:15:00,107717.660716,10562.7,110234.696428,22,4135001,0.09805912911392305,0.25,True,2640.675,26929.415179,28.035068666666664,36.771075733333326,0.3378309306666666,False,32.7,46,67,1,40,51,0.0,461.0,243.0,218.0,314.6,27.0
2020-06-12 15:30:00,127943.196429,12537.6553572,113070.32143,22,4135001,0.09799392001400846,0.25,True,3134.4138393,31985.79910725,27.8538696,36.6129212,0.3998539546666666,False,32.7,46,67,1,40,51,0.0,461.0,243.0,218.0,314.6,27.0
2020-06-12 15:45:00,100876.75000100001,9898.8517856,116033.42857,22,4135001,0.09812817904523957,0.25,True,2474.7129464,25219.187500250002,27.934391200000004,36.66382873333334,0.3118431713333333,False,32.7,46,67,1,40,51,0.0,461.0,243.0,218.0,314.6,27.0
2020-06-12 16:00:00,63434.357143,6226.8660713,117992.482141,22,4135001,0.09816235793582305,0.25,True,1556.716517825,15858.58928575,27.573211642857142,33.399052142857144,0.1978581207142857,False,32.0,46,100,10,61,100,0.0,350.0,164.0,186.0,273.3,27.0
2020-06-12 16:15:00,59864.678572,5871.5035714,119452.267857,22,4135001,0.09807959737624364,0.25,True,1467.87589285,14966.169643,27.3096638,31.487119533333335,0.1830355166666666,False,32.0,46,100,10,61,100,0.0,350.0,164.0,186.0,273.3,27.0
2020-06-12 16:30:00,60263.267859,5910.5642858,120926.374999,22,4135001,0.09807905372189817,0.25,True,1477.64107145,15065.81696475,27.037646333333328,31.166569066666664,0.186726818,False,32.0,46,100,10,61,100,0.0,350.0,164.0,186.0,273.3,27.0
2020-06-12 16:45:00,57484.053572,5637.5125,122386.267856,22,4135001,0.0980708935729262,0.25,True,1409.378125,14371.013393,26.854547133333337,30.850948,0.1810615513333333,False,32.0,46,100,10,61,100,0.0,350.0,164.0,186.0,273.3,27.0
2020-06-12 17:00:00,42347.767856,4151.2553573000005,123643.660714,22,4135001,0.09802772536715496,0.25,True,1037.8138393250001,10586.941964,26.6788758,29.970585,0.1357463066666666,False,29.1,60,100,0,99,96,0.0,210.0,95.0,115.0,241.3,18.7
2020-06-12 17:15:00,39597.017857,3881.2017857,124616.107142,22,4135001,0.09801752747432917,0.25,True,970.300446425,9899.25446425,26.388924133333333,28.81902473333333,0.1273159356666666,False,29.1,60,100,0,99,96,0.0,210.0,95.0,115.0,241.3,18.7
2020-06-12 17:30:00,47835.517857,4689.9142858,125653.125,22,4135001,0.09804251100239113,0.25,True,1172.47857145,11958.87946425,26.4417156,28.935205133333334,0.1581062406666667,False,29.1,60,100,0,99,96,0.0,210.0,95.0,115.0,241.3,18.7
2020-06-12 17:45:00,34379.035713,3356.1285714,126744.85714400001,22,4135001,0.09762137016923143,0.25,True,839.03214285,8594.75892825,26.462915066666664,28.923132466666665,0.1159292518,False,29.1,60,100,0,99,96,0.0,210.0,95.0,115.0,241.3,18.7
2020-06-12 18:00:00,18212.2500001,1767.2875,127369.160714,22,4135001,0.09703839448669417,0.25,True,441.821875,4553.062500025,26.235536666666665,27.3688028,0.0596401831333333,False,28.7,59,97,0,92,93,0.0,28.0,4.0,24.0,23.9,21.5
2020-06-12 18:15:00,8186.125,791.18035715,127686.321429,22,4135001,0.09664894649788514,0.25,True,197.7950892875,2046.53125,25.90362353333333,26.05394893333333,0.0264554836,False,28.7,59,97,0,92,93,0.0,28.0,4.0,24.0,23.9,21.5
2020-06-12 18:30:00,1783.48214287,172.094642856,127804.803571,22,4135001,0.09649361701994018,0.25,True,43.023660714,445.8705357175,25.559803357142854,24.90223478571428,0.0077439426142857,False,28.7,59,97,0,92,93,0.0,28.0,4.0,24.0,23.9,21.5
2020-06-12 18:45:00,0.0,0.0,127815.0,22,4135001,,0.25,True,0.0,0.0,25.324770066666662,24.317897533333333,0.000143387096,False,28.7,59,97,0,92,93,0.0,28.0,4.0,24.0,23.9,21.5
2020-06-12 19:00:00,0.0,0.0,127815.0,22,4135001,,0.25,True,0.0,0.0,24.899776066666668,23.7660442,0.0,False,28.5,59,99,0,68,99,0.0,1.0,0.0,1.0,0.0,22.7
2020-06-12 19:15:00,0.0,0.0,127815.0,22,4135001,,0.25,True,0.0,0.0,24.384317933333328,23.15259813333333,0.0,False,28.5,59,99,0,68,99,0.0,1.0,0.0,1.0,0.0,22.7
2020-06-12 19:30:00,0.0,0.0,127815.0,22,4135001,,0.25,True,0.0,0.0,23.99760953333333,22.36348273333333,0.0,False,28.5,59,99,0,68,99,0.0,1.0,0.0,1.0,0.0,22.7
2020-06-12 19:45:00,0.0,0.0,127815.0,22,4135001,,0.25,True,0.0,0.0,23.60764766666667,21.81601153333333,0.0,False,28.5,59,99,0,68,99,0.0,1.0,0.0,1.0,0.0,22.7
2020-06-12 20:00:00,0.0,0.0,127815.0,22,4135001,,0.25,True,0.0,0.0,23.3088806,21.7585368,0.0,False,28.1,60,99,0,30,99,0.0,0.0,0.0,0.0,0.0,22.9
2020-06-12 20:15:00,0.0,0.0,127815.0,22,4135001,,0.25,True,0.0,0.0,23.036924333333328,21.592647466666666,0.0,False,28.1,60,99,0,30,99,0.0,0.0,0.0,0.0,0.0,22.9
2020-06-12 20:30:00,0.0,0.0,127815.0,22,4135001,,0.25,True,0.0,0.0,22.773077400000005,21.2763896,0.0,False,28.1,60,99,0,30,99,0.0,0.0,0.0,0.0,0.0,22.9
2020-06-12 20:45:00,0.0,0.0,127815.0,22,4135001,,0.25,True,0.0,0.0,22.748559142857147,21.08551028571429,0.0,False,28.1,60,99,0,30,99,0.0,0.0,0.0,0.0,0.0,22.9
2020-06-12 21:00:00,0.0,0.0,127815.0,22,4135001,,0.25,True,0.0,0.0,22.71641853333333,21.064766599999995,0.0,False,27.6,62,92,0,28,91,0.0,0.0,0.0,0.0,0.0,19.5
2020-06-12 21:15:00,0.0,0.0,127815.0,22,4135001,,0.25,True,0.0,0.0,22.585485866666662,21.05030713333333,0.0,False,27.6,62,92,0,28,91,0.0,0.0,0.0,0.0,0.0,19.5
2020-06-12 21:30:00,0.0,0.0,127815.0,22,4135001,,0.25,True,0.0,0.0,22.537847933333328,20.9415284,0.0,False,27.6,62,92,0,28,91,0.0,0.0,0.0,0.0,0.0,19.5
2020-06-12 21:45:00,0.0,0.0,127815.0,22,4135001,,0.25,True,0.0,0.0,22.53233033333333,20.917602666666667,0.0,False,27.6,62,92,0,28,91,0.0,0.0,0.0,0.0,0.0,19.5
2020-06-12 22:00:00,0.0,0.0,127815.0,22,4135001,,0.25,True,0.0,0.0,22.543857733333333,20.942254666666663,0.0,False,27.2,65,91,0,19,90,0.0,0.0,0.0,0.0,0.0,18.6
2020-06-12 22:15:00,0.0,0.0,127815.0,22,4135001,,0.25,True,0.0,0.0,22.565901533333328,20.975079333333333,0.0,False,27.2,65,91,0,19,90,0.0,0.0,0.0,0.0,0.0,18.6
2020-06-12 22:30:00,0.0,0.0,127815.0,22,4135001,,0.25,True,0.0,0.0,22.6292034,21.1653016,0.0,False,27.2,65,91,0,19,90,0.0,0.0,0.0,0.0,0.0,18.6
2020-06-12 22:45:00,0.0,0.0,127815.0,22,4135001,,0.25,True,0.0,0.0,22.599839266666667,21.0623922,0.0,False,27.2,65,91,0,19,90,0.0,0.0,0.0,0.0,0.0,18.6
2020-06-12 23:00:00,0.0,0.0,127815.0,22,4135001,,0.25,True,0.0,0.0,22.504606133333336,20.695809,0.0,False,26.7,68,95,0,29,93,0.0,0.0,0.0,0.0,0.0,19.8
2020-06-12 23:15:00,0.0,0.0,127815.0,22,4135001,,0.25,True,0.0,0.0,22.398563857142857,20.52727628571429,0.0,False,26.7,68,95,0,29,93,0.0,0.0,0.0,0.0,0.0,19.8
2020-06-12 23:30:00,0.0,0.0,127815.0,22,4135001,,0.25,True,0.0,0.0,22.1450378,19.8951722,0.0,False,26.7,68,95,0,29,93,0.0,0.0,0.0,0.0,0.0,19.8
2020-06-12 23:45:00,0.0,0.0,115458.196429,22,4135001,,0.25,True,0.0,0.0,21.820540333333334,19.3403564,0.0,False,26.7,68,95,0,29,93,0.0,0.0,0.0,0.0,0.0,19.8
2020-06-13 00:00:00,0.0,0.0,5683.2142858,22,4135001,,0.25,True,0.0,0.0,21.771612666666663,19.357529733333337,0.0,False,26.3,70,99,0,26,99,0.0,0.0,0.0,0.0,0.0,20.0
2020-06-13 00:15:00,0.0,0.0,0.0,22,4135001,,0.25,True,0.0,0.0,21.73004566666667,19.504081266666667,0.0,False,26.3,70,99,0,26,99,0.0,0.0,0.0,0.0,0.0,20.0
2020-06-13 00:30:00,0.0,0.0,0.0,22,4135001,,0.25,True,0.0,0.0,21.68706846666667,19.5628032,0.0,False,26.3,70,99,0,26,99,0.0,0.0,0.0,0.0,0.0,20.0
2020-06-13 00:45:00,0.0,0.0,0.0,22,4135001,,0.25,True,0.0,0.0,21.619232066666665,19.559181866666663,0.0,False,26.3,70,99,0,26,99,0.0,0.0,0.0,0.0,0.0,20.0
2020-06-13 01:00:00,0.0,0.0,0.0,22,4135001,,0.25,True,0.0,0.0,21.62596846666667,19.7870584,0.0,False,26.0,71,100,0,45,100,0.0,0.0,0.0,0.0,0.0,18.9
2020-06-13 01:15:00,0.0,0.0,0.0,22,4135001,,0.25,True,0.0,0.0,21.6098348,19.668430666666666,0.0,False,26.0,71,100,0,45,100,0.0,0.0,0.0,0.0,0.0,18.9
2020-06-13 01:30:00,0.0,0.0,0.0,22,4135001,,0.25,True,0.0,0.0,21.69312946666667,19.528464800000005,0.0,False,26.0,71,100,0,45,100,0.0,0.0,0.0,0.0,0.0,18.9
2020-06-13 01:45:00,0.0,0.0,0.0,22,4135001,,0.25,True,0.0,0.0,21.82476585714286,19.508193785714283,0.0,False,26.0,71,100,0,45,100,0.0,0.0,0.0,0.0,0.0,18.9
2020-06-13 02:00:00,0.0,0.0,0.0,22,4135001,,0.25,True,0.0,0.0,21.8943176,19.922452733333337,0.0,False,25.8,73,100,0,80,100,0.0,0.0,0.0,0.0,0.0,16.8
2020-06-13 02:15:00,0.0,0.0,0.0,22,4135001,,0.25,True,0.0,0.0,21.80948073333333,19.62547406666667,0.0,False,25.8,73,100,0,80,100,0.0,0.0,0.0,0.0,0.0,16.8
2020-06-13 02:30:00,0.0,0.0,0.0,22,4135001,,0.25,True,0.0,0.0,21.824768133333333,19.722699,0.0,False,25.8,73,100,0,80,100,0.0,0.0,0.0,0.0,0.0,16.8
2020-06-13 02:45:00,0.0,0.0,0.0,22,4135001,,0.25,True,0.0,0.0,21.762382066666667,19.78051553333333,0.0,False,25.8,73,100,0,80,100,0.0,0.0,0.0,0.0,0.0,16.8
2020-06-13 03:00:00,0.0,0.0,0.0,22,4135001,,0.25,True,0.0,0.0,21.80184526666667,19.9007874,0.0,False,25.8,74,100,2,17,100,0.0,0.0,0.0,0.0,0.0,17.0
2020-06-13 03:15:00,0.0,0.0,0.0,22,4135001,,0.25,True,0.0,0.0,21.800122066666667,19.8409138,0.0,False,25.8,74,100,2,17,100,0.0,0.0,0.0,0.0,0.0,17.0
2020-06-13 03:30:00,0.0,0.0,0.0,22,4135001,,0.25,True,0.0,0.0,21.771885066666663,19.845127266666665,0.0,False,25.8,74,100,2,17,100,0.0,0.0,0.0,0.0,0.0,17.0
2020-06-13 03:45:00,0.0,0.0,0.0,22,4135001,,0.25,True,0.0,0.0,21.751633733333332,19.8883016,0.0,False,25.8,74,100,2,17,100,0.0,0.0,0.0,0.0,0.0,17.0
2020-06-13 04:00:00,0.0,0.0,0.0,22,4135001,,0.25,True,0.0,0.0,21.695316785714287,19.801740357142855,0.0,False,25.6,76,100,1,3,100,0.0,0.0,0.0,0.0,0.0,15.7
2020-06-13 04:15:00,0.0,0.0,0.0,22,4135001,,0.25,True,0.0,0.0,21.687630066666667,19.7502948,0.0,False,25.6,76,100,1,3,100,0.0,0.0,0.0,0.0,0.0,15.7
2020-06-13 04:30:00,0.0,0.0,0.0,22,4135001,,0.25,True,0.0,0.0,21.6996928,19.72627573333333,0.0,False,25.6,76,100,1,3,100,0.0,0.0,0.0,0.0,0.0,15.7
2020-06-13 04:45:00,0.0,0.0,0.0,22,4135001,,0.25,True,0.0,0.0,21.70644933333333,19.613462266666662,0.0,False,25.6,76,100,1,3,100,0.0,0.0,0.0,0.0,0.0,15.7
2020-06-13 05:00:00,0.0,0.0,0.0,22,4135001,,0.25,True,0.0,0.0,21.69656973333333,19.487091133333333,0.0,False,25.4,75,100,3,27,100,0.0,0.0,0.0,0.0,0.0,13.2
2020-06-13 05:15:00,0.0,0.0,0.0,22,4135001,,0.25,True,0.0,0.0,21.651534,19.3644714,0.0,False,25.4,75,100,3,27,100,0.0,0.0,0.0,0.0,0.0,13.2
2020-06-13 05:30:00,0.0,0.0,0.0,22,4135001,,0.25,True,0.0,0.0,21.506585666666663,19.00236393333333,0.0,False,25.4,75,100,3,27,100,0.0,0.0,0.0,0.0,0.0,13.2
2020-06-13 05:45:00,0.0,0.0,0.0,22,4135001,,0.25,True,0.0,0.0,21.320007266666668,18.526363133333334,0.0001515382176666,False,25.4,75,100,3,27,100,0.0,0.0,0.0,0.0,0.0,13.2
2020-06-13 06:00:00,2059.85714285,198.864285714,12.214285714999999,22,4135001,0.09654275608591631,0.25,True,49.7160714285,514.9642857125,21.28513,18.491779714285716,0.0083566124785714,False,25.9,73,100,1,1,100,0.0,18.0,2.0,16.0,20.4,14.6
2020-06-13 06:15:00,7950.6785714,768.36607143,133.303571428,22,4135001,0.09664157147465992,0.25,True,192.0915178575,1987.66964285,21.227468,18.728928533333335,0.0266036344666666,False,25.9,73,100,1,1,100,0.0,18.0,2.0,16.0,20.4,14.6
2020-06-13 06:30:00,13108.0892858,1268.86428573,385.14285715,22,4135001,0.09680009481660773,0.25,True,317.2160714325,3277.02232145,21.14960933333333,19.30752746666667,0.0437152266,False,25.9,73,100,1,1,100,0.0,18.0,2.0,16.0,20.4,14.6
2020-06-13 06:45:00,23782.0357141,2311.65178565,817.73214285,22,4135001,0.09720159423860665,0.25,True,577.9129464125,5945.508928525,21.4259318,20.3191406,0.0749735576,False,25.9,73,100,1,1,100,0.0,18.0,2.0,16.0,20.4,14.6
2020-06-13 07:00:00,39451.196428,3861.6642857,1564.74999998,22,4135001,0.09788459249259247,0.25,True,965.416071425,9862.799107,22.15570466666667,22.733018,0.161645104,False,27.1,68,100,0,1,100,0.0,152.0,54.0,98.0,204.2,15.2
2020-06-13 07:15:00,57982.464285,5687.0892858,2758.2142858,22,4135001,0.09808291792922716,0.25,True,1421.77232145,14495.61607125,22.832635466666662,26.273624666666667,0.2261299179999999,False,27.1,68,100,0,1,100,0.0,152.0,54.0,98.0,204.2,15.2
2020-06-13 07:30:00,74035.767857,7275.5857142,4356.6785715,22,4135001,0.09827122652732914,0.25,True,1818.89642855,18508.94196425,23.55732406666667,29.705493133333327,0.27848515,False,27.1,68,100,0,1,100,0.0,152.0,54.0,98.0,204.2,15.2
2020-06-13 07:45:00,94234.089286,9254.0839284,6423.7321429,22,4135001,0.09820314493955473,0.25,True,2313.5209821,23558.5223215,24.221519,32.6289328,0.3412023106666666,False,27.1,68,100,0,1,100,0.0,152.0,54.0,98.0,204.2,15.2
2020-06-13 08:00:00,114529.499999,11227.2589285,8962.7142858,22,4135001,0.09802940664717849,0.25,True,2806.814732125,28632.37499975,24.7192118,35.47181186666666,0.4043418426666666,False,28.7,62,97,0,3,97,0.0,365.0,224.0,141.0,462.6,19.5
2020-06-13 08:15:00,137764.625002,13497.030357200001,12059.4107143,22,4135001,0.09797166984633435,0.25,True,3374.2575893000003,34441.1562505,25.18008221428571,37.9038915,0.4780336921428571,False,28.7,62,97,0,3,97,0.0,365.0,224.0,141.0,462.6,19.5
2020-06-13 08:30:00,151587.035713,14846.3482144,15607.6785713,22,4135001,0.09793943225137418,0.25,True,3711.5870536,37896.75892825,25.640753066666665,39.91504320000001,0.5138973833333333,False,28.7,62,97,0,3,97,0.0,365.0,224.0,141.0,462.6,19.5
2020-06-13 08:45:00,163322.285716,15990.1053571,19390.7678572,22,4135001,0.09790522638720035,0.25,True,3997.526339275,40830.571429,26.137734,41.55750153333333,0.5205082880000002,False,28.7,62,97,0,3,97,0.0,365.0,224.0,141.0,462.6,19.5
2020-06-13 09:00:00,174252.553571,17054.617857,23552.625,22,4135001,0.09787298669371304,0.25,True,4263.65446425,43563.13839275,26.32546173333333,43.22846253333333,0.5899908493333333,False,30.5,55,99,51,0,98,0.0,564.0,397.0,167.0,585.7,24.4
2020-06-13 09:15:00,184518.839287,18049.6357144,27784.75,22,4135001,0.09782001547454812,0.25,True,4512.4089286,46129.70982175,26.5877218,43.06868493333333,0.5980412346666665,False,30.5,55,99,51,0,98,0.0,564.0,397.0,167.0,585.7,24.4
2020-06-13 09:30:00,177820.232142,17396.0357145,32267.160716,22,4135001,0.09782933868069768,0.25,True,4349.008928625,44455.0580355,26.939325000000004,44.3578572,0.6172084186666666,False,30.5,55,99,51,0,98,0.0,564.0,397.0,167.0,585.7,24.4
2020-06-13 09:45:00,191531.946432,18726.4767865,36944.875,22,4135001,0.09777207998639799,0.25,True,4681.619196625,47882.986608,27.206691533333327,45.463765,0.6706322820000001,False,30.5,55,99,51,0,98,0.0,564.0,397.0,167.0,585.7,24.4
2020-06-13 10:00:00,196918.499991,19239.6124995,41910.910714,22,4135001,0.09770342806988339,0.25,True,4809.903124875,49229.62499775,27.573553600000004,46.448215666666655,0.6152538133333332,False,31.5,51,100,85,0,98,0.0,613.0,352.0,261.0,423.0,27.0
2020-06-13 10:15:00,226994.142853,22164.6535708,46535.446428,22,4135001,0.09764416514109658,0.25,True,5541.1633927,56748.53571325,27.727917533333333,45.92864793333334,0.7577599673333335,False,31.5,51,100,85,0,98,0.0,613.0,352.0,261.0,423.0,27.0
2020-06-13 10:30:00,254751.26785,24857.7125,52549.553572,22,4135001,0.09757640348481587,0.25,True,6214.428125,63687.8169625,28.03033873333333,50.452890999999994,0.864056662,False,31.5,51,100,85,0,98,0.0,613.0,352.0,261.0,423.0,27.0
2020-06-13 10:45:00,239880.464278,23407.5696423,58490.125,22,4135001,0.09758014147901899,0.25,True,5851.892410575,59970.1160695,28.622085714285717,50.49866800000001,0.7403816392857143,False,31.5,51,100,85,0,98,0.0,613.0,352.0,261.0,423.0,27.0
2020-06-13 11:00:00,242519.875005,23667.8285709,64206.714287,22,4135001,0.0975912946120892,0.25,True,5916.957142725,60629.96875125,28.6059632,49.59524293333333,0.8167528573333332,False,32.8,46,100,99,35,98,0.0,674.0,363.0,311.0,387.6,27.3
2020-06-13 11:15:00,280880.69643,27388.460715,70633.285715,22,4135001,0.09750923101198464,0.25,True,6847.11517875,70220.1741075,29.197790533333333,52.5881082,0.9622691533333332,False,32.8,46,100,99,35,98,0.0,674.0,363.0,311.0,387.6,27.3
2020-06-13 11:30:00,275000.37501,26818.498215,77353.69643,22,4135001,0.09752167870325552,0.25,True,6704.62455375,68750.0937525,29.45011986666667,53.953094466666656,0.8554001073333332,False,32.8,46,100,99,35,98,0.0,674.0,363.0,311.0,387.6,27.3
2020-06-13 11:45:00,279940.482144,27300.3803574,83957.928571,22,4135001,0.09752208808212603,0.25,True,6825.09508935,69985.120536,29.6048524,54.930332333333325,1.0166871813333331,False,32.8,46,100,99,35,98,0.0,674.0,363.0,311.0,387.6,27.3
2020-06-13 12:00:00,285532.60713,27843.317856,90942.089286,22,4135001,0.09751361897285248,0.25,True,6960.829464,71383.1517825,29.6144756,54.57635513333332,0.9582277686666664,False,33.6,44,99,22,34,99,0.0,739.0,380.0,359.0,386.1,25.7
2020-06-13 12:15:00,239571.553563,23390.0464287,97272.017856,22,4135001,0.09763282026114646,0.25,True,5847.511607175,59892.88839075,29.873128133333328,53.62572206666666,0.8893022273333333,False,33.6,44,99,22,34,99,0.0,739.0,380.0,359.0,386.1,25.7
2020-06-13 12:30:00,260659.98214,25436.933929,103511.392858,22,4135001,0.09758664801618021,0.25,True,6359.23348225,65164.995535,29.448215866666665,51.5198242,0.8805713933333333,False,33.6,44,99,22,34,99,0.0,739.0,380.0,359.0,386.1,25.7
2020-06-13 12:45:00,269511.98213,26291.596429,109884.535713,22,4135001,0.09755260683110616,0.25,True,6572.89910725,67377.9955325,29.577811800000003,51.7647218,0.9068482053333332,False,33.6,44,99,22,34,99,0.0,739.0,380.0,359.0,386.1,25.7
2020-06-13 13:00:00,215943.964286,21083.9535714,116682.392858,22,4135001,0.09763622540279034,0.25,True,5270.98839285,53985.9910715,30.0071574,52.9624858,0.725001628,False,34.5,40,98,1,30,98,0.1,754.0,443.0,311.0,456.0,24.6
2020-06-13 13:15:00,195601.357145,19115.5964287,120787.178571,22,4135001,0.09772732003351868,0.25,True,4778.899107175,48900.33928625,27.568512066666667,40.19833379999999,0.6002171826666667,False,34.5,40,98,1,30,98,0.1,754.0,443.0,311.0,456.0,24.6
2020-06-13 13:30:00,170580.410714,16697.9928572,125852.857142,22,4135001,0.09788927572226527,0.25,True,4174.4982143,42645.1026785,27.409600500000003,43.26149878571428,0.5372325964285714,False,34.5,40,98,1,30,98,0.1,754.0,443.0,311.0,456.0,24.6
2020-06-13 13:45:00,184119.392858,18010.3053569,129926.517857,22,4135001,0.09781862234789272,0.25,True,4502.576339225,46029.8482145,26.354994666666663,39.2412842,0.597535766,False,34.5,40,98,1,30,98,0.1,754.0,443.0,311.0,456.0,24.6
2020-06-13 14:00:00,268892.30358,26234.928571,135414.071428,22,4135001,0.09756667714810463,0.25,True,6558.73214275,67223.075895,26.66739493333333,44.267293333333335,0.8979147206666667,False,34.7,40,79,0,12,76,0.0,724.0,451.0,273.0,501.4,24.7
2020-06-13 14:15:00,245403.48214,23956.2767846,141862.928571,22,4135001,0.09761995459760105,0.25,True,5989.06919615,61350.870535,26.824531933333333,48.231018133333336,0.812712094,False,34.7,40,79,0,12,76,0.0,724.0,451.0,273.0,501.4,24.7
2020-06-13 14:30:00,193012.946428,18872.2107144,147293.553571,22,4135001,0.09777691633467675,0.25,True,4718.0526786,48253.236607,26.771419266666665,46.43292826666667,0.6269522933333334,False,34.7,40,79,0,12,76,0.0,724.0,451.0,273.0,501.4,24.7
2020-06-13 14:45:00,231994.982144,22672.3375011,152247.999998,22,4135001,0.09772770639938759,0.25,True,5668.084375275,57998.745536,26.828759866666665,46.3600118,0.7655651646666665,False,34.7,40,79,0,12,76,0.0,724.0,451.0,273.0,501.4,24.7
2020-06-13 15:00:00,228325.982147,22317.8821413,157885.142857,22,4135001,0.09774569644435552,0.25,True,5579.470535325,57081.49553675,27.583284533333337,47.94728993333333,0.7337197726666665,False,34.9,40,74,0,18,68,0.0,633.0,462.0,171.0,597.6,24.7
2020-06-13 15:15:00,218391.785718,21348.4714275,163362.035714,22,4135001,0.09775308790719066,0.25,True,5337.117856875,54597.9464295,28.077185133333334,46.80665106666667,0.7478824706666666,False,34.9,40,74,0,18,68,0.0,633.0,462.0,171.0,597.6,24.7
2020-06-13 15:30:00,167310.125001,16370.3642857,168341.410715,22,4135001,0.09784443281960464,0.25,True,4092.591071425,41827.53125025,28.1128438,46.23971173333333,0.5669934953333333,False,34.9,40,74,0,18,68,0.0,633.0,462.0,171.0,597.6,24.7
2020-06-13 15:45:00,127464.232144,12491.4357144,171672.999998,22,4135001,0.09799953684487793,0.25,True,3122.8589286,31866.058036,27.57890557142857,40.546388785714285,0.4037250264285714,False,34.9,40,74,0,18,68,0.0,633.0,462.0,171.0,597.6,24.7
2020-06-13 16:00:00,148466.089285,14540.5160715,175034.107143,22,4135001,0.09793829783976855,0.25,True,3635.129017875,37116.52232125,27.66269933333333,40.34541599999999,0.4595029573333333,False,33.8,45,80,1,21,76,0.0,464.0,326.0,138.0,542.6,25.9
2020-06-13 16:15:00,65477.500001,6426.1053571,177827.05357,22,4135001,0.09814219169946711,0.25,True,1606.526339275,16369.37500025,27.509313866666663,37.922645866666656,0.2199188633333333,False,33.8,45,80,1,21,76,0.0,464.0,326.0,138.0,542.6,25.9
2020-06-13 16:30:00,82483.19643,8098.9142857,179583.642857,22,4135001,0.09818865703844547,0.25,True,2024.728571425,20620.7991075,26.81922213333333,33.402895400000006,0.2536736326666666,False,33.8,45,80,1,21,76,0.0,464.0,326.0,138.0,542.6,25.9
2020-06-13 16:45:00,46147.910714,4521.4874998,181261.178572,22,4135001,0.09797816260462482,0.25,True,1130.37187495,11536.9776785,26.540883333333333,32.085792999999995,0.1492018317333333,False,33.8,45,80,1,21,76,0.0,464.0,326.0,138.0,542.6,25.9
2020-06-13 17:00:00,36114.892858,3533.3553572,182202.535714,22,4135001,0.09783651777932129,0.25,True,883.3388393,9028.7232145,26.300193266666668,29.8108662,0.1145979226666666,False,32.8,47,81,4,18,71,0.0,246.0,138.0,108.0,349.7,22.9
2020-06-13 17:15:00,38961.303572,3818.4089287,183154.714286,22,4135001,0.09800516355012683,0.25,True,954.602232175,9740.325893,26.03677973333333,29.186376866666667,0.1254085300666666,False,32.8,47,81,4,18,71,0.0,246.0,138.0,108.0,349.7,22.9
2020-06-13 17:30:00,27298.125001,2660.9964286,183998.249999,22,4135001,0.09747909164100174,0.25,True,665.24910715,6824.53125025,25.933880733333336,28.44586786666666,0.0888713367333333,False,32.8,47,81,4,18,71,0.0,246.0,138.0,108.0,349.7,22.9
2020-06-13 17:45:00,20738.8035714,2014.16964287,184553.017856,22,4135001,0.09712082164892363,0.25,True,503.5424107175,5184.70089285,25.574387666666663,27.23193773333333,0.0694941764,False,32.8,47,81,4,18,71,0.0,246.0,138.0,108.0,349.7,22.9
2020-06-13 18:00:00,13119.5,1269.97857144,184971.375001,22,4135001,0.09680083626967491,0.25,True,317.49464286,3279.875,25.404423357142857,26.38234157142857,0.0459627706428571,False,31.7,51,83,2,22,79,0.0,80.0,29.0,51.0,172.3,18.6
2020-06-13 18:15:00,6314.6250001,609.97678569,185201.571427,22,4135001,0.09659746789086293,0.25,True,152.4941964225,1578.656250025,25.2186848,25.28525993333333,0.0224368066666666,False,31.7,51,83,2,22,79,0.0,80.0,29.0,51.0,172.3,18.6
2020-06-13 18:30:00,1520.23214286,146.700000001,185298.624999,22,4135001,0.09649842011958418,0.25,True,36.67500000025,380.058035715,24.8120402,23.99075733333333,0.0072804718466666,False,31.7,51,83,2,22,79,0.0,80.0,29.0,51.0,172.3,18.6
2020-06-13 18:45:00,0.0,0.0,185308.0,22,4135001,,0.25,True,0.0,0.0,24.372711266666663,22.6416768,0.0001250367553333,False,31.7,51,83,2,22,79,0.0,80.0,29.0,51.0,172.3,18.6
2020-06-13 19:00:00,0.0,0.0,185308.0,22,4135001,,0.25,True,0.0,0.0,24.117745,21.8455302,0.0,False,30.9,54,65,0,9,62,0.0,2.0,0.0,2.0,0.0,18.8
2020-06-13 19:15:00,0.0,0.0,185308.0,22,4135001,,0.25,True,0.0,0.0,24.000767066666665,21.948254400000003,0.0,False,30.9,54,65,0,9,62,0.0,2.0,0.0,2.0,0.0,18.8
2020-06-13 19:30:00,0.0,0.0,185308.0,22,4135001,,0.25,True,0.0,0.0,23.966170266666676,22.251898266666664,0.0,False,30.9,54,65,0,9,62,0.0,2.0,0.0,2.0,0.0,18.8
2020-06-13 19:45:00,0.0,0.0,185308.0,22,4135001,,0.25,True,0.0,0.0,23.870741666666667,22.224393733333336,0.0,False,30.9,54,65,0,9,62,0.0,2.0,0.0,2.0,0.0,18.8
2020-06-13 20:00:00,0.0,0.0,185308.0,22,4135001,,0.25,True,0.0,0.0,23.7636984,21.9795776,0.0,False,30.1,57,87,0,13,86,0.0,0.0,0.0,0.0,0.0,16.6
2020-06-13 20:15:00,0.0,0.0,185308.0,22,4135001,,0.25,True,0.0,0.0,23.71126457142857,22.215547857142855,0.0,False,30.1,57,87,0,13,86,0.0,0.0,0.0,0.0,0.0,16.6
2020-06-13 20:30:00,0.0,0.0,185308.0,22,4135001,,0.25,True,0.0,0.0,23.6953736,22.675797466666666,0.0,False,30.1,57,87,0,13,86,0.0,0.0,0.0,0.0,0.0,16.6
2020-06-13 20:45:00,0.0,0.0,185308.0,22,4135001,,0.25,True,0.0,0.0,23.479001866666664,22.0222046,0.0,False,30.1,57,87,0,13,86,0.0,0.0,0.0,0.0,0.0,16.6
2020-06-13 21:00:00,0.0,0.0,185308.0,22,4135001,,0.25,True,0.0,0.0,23.2034668,21.3150636,0.0,False,29.5,59,77,0,11,75,0.0,0.0,0.0,0.0,0.0,18.8
2020-06-13 21:15:00,0.0,0.0,185308.0,22,4135001,,0.25,True,0.0,0.0,23.0506512,21.006146266666665,0.0,False,29.5,59,77,0,11,75,0.0,0.0,0.0,0.0,0.0,18.8
2020-06-13 21:30:00,0.0,0.0,185308.0,22,4135001,,0.25,True,0.0,0.0,22.873112066666668,20.6070172,0.0,False,29.5,59,77,0,11,75,0.0,0.0,0.0,0.0,0.0,18.8
2020-06-13 21:45:00,0.0,0.0,185308.0,22,4135001,,0.25,True,0.0,0.0,22.8499696,20.56525273333333,0.0,False,29.5,59,77,0,11,75,0.0,0.0,0.0,0.0,0.0,18.8
2020-06-13 22:00:00,0.0,0.0,185308.0,22,4135001,,0.25,True,0.0,0.0,22.700738533333336,20.3067446,0.0,False,28.6,63,94,0,66,88,0.0,0.0,0.0,0.0,0.0,17.0
2020-06-13 22:15:00,0.0,0.0,185308.0,22,4135001,,0.25,True,0.0,0.0,22.5735414,20.2055216,0.0,False,28.6,63,94,0,66,88,0.0,0.0,0.0,0.0,0.0,17.0
2020-06-13 22:30:00,0.0,0.0,185308.0,22,4135001,,0.25,True,0.0,0.0,22.44969607142857,20.013902785714283,0.0,False,28.6,63,94,0,66,88,0.0,0.0,0.0,0.0,0.0,17.0
2020-06-13 22:45:00,0.0,0.0,185308.0,22,4135001,,0.25,True,0.0,0.0,22.265993133333332,19.826631933333335,0.0,False,28.6,63,94,0,66,88,0.0,0.0,0.0,0.0,0.0,17.0
2020-06-13 23:00:00,0.0,0.0,185308.0,22,4135001,,0.25,True,0.0,0.0,22.2271688,19.828367333333336,0.0,False,28.1,65,84,0,18,83,0.0,0.0,0.0,0.0,0.0,16.8
2020-06-13 23:15:00,0.0,0.0,185308.0,22,4135001,,0.25,True,0.0,0.0,22.3342062,20.330838933333336,0.0,False,28.1,65,84,0,18,83,0.0,0.0,0.0,0.0,0.0,16.8
2020-06-13 23:30:00,0.0,0.0,185308.0,22,4135001,,0.25,True,0.0,0.0,22.237394333333327,20.012465333333328,0.0,False,28.1,65,84,0,18,83,0.0,0.0,0.0,0.0,0.0,16.8
2020-06-13 23:45:00,0.0,0.0,169395.589285,22,4135001,,0.25,True,0.0,0.0,22.205029333333336,20.459212133333327,0.0,False,28.1,65,84,0,18,83,0.0,0.0,0.0,0.0,0.0,16.8
2020-06-14 00:00:00,0.0,0.0,10641.339286,22,4135001,,0.25,True,0.0,0.0,22.309425866666672,21.2856466,0.0,False,27.4,69,94,0,0,94,0.0,0.0,0.0,0.0,0.0,16.9
2020-06-14 00:15:00,0.0,0.0,0.0,22,4135001,,0.25,True,0.0,0.0,22.28362820000001,20.812499933333328,0.0,False,27.4,69,94,0,0,94,0.0,0.0,0.0,0.0,0.0,16.9
2020-06-14 00:30:00,0.0,0.0,0.0,22,4135001,,0.25,True,0.0,0.0,22.41726073333333,20.8414306,0.0,False,27.4,69,94,0,0,94,0.0,0.0,0.0,0.0,0.0,16.9
2020-06-14 00:45:00,0.0,0.0,0.0,22,4135001,,0.25,True,0.0,0.0,22.447642785714287,20.77917907142857,0.0,False,27.4,69,94,0,0,94,0.0,0.0,0.0,0.0,0.0,16.9
2020-06-14 01:00:00,0.0,0.0,0.0,22,4135001,,0.25,True,0.0,0.0,22.3396992,20.416589466666668,0.0,False,27.0,71,87,2,2,86,0.0,0.0,0.0,0.0,0.0,17.2
2020-06-14 01:15:00,0.0,0.0,0.0,22,4135001,,0.25,True,0.0,0.0,22.3263162,20.45705973333333,0.0,False,27.0,71,87,2,2,86,0.0,0.0,0.0,0.0,0.0,17.2
2020-06-14 01:30:00,0.0,0.0,0.0,22,4135001,,0.25,True,0.0,0.0,22.5932068,21.25759886666667,0.0,False,27.0,71,87,2,2,86,0.0,0.0,0.0,0.0,0.0,17.2
2020-06-14 01:45:00,0.0,0.0,0.0,22,4135001,,0.25,True,0.0,0.0,22.831146266666664,21.715635266666663,0.0,False,27.0,71,87,2,2,86,0.0,0.0,0.0,0.0,0.0,17.2
2020-06-14 02:00:00,0.0,0.0,0.0,22,4135001,,0.25,True,0.0,0.0,22.801694666666663,21.8035766,0.0,False,26.6,74,61,1,4,59,0.0,0.0,0.0,0.0,0.0,17.8
2020-06-14 02:15:00,0.0,0.0,0.0,22,4135001,,0.25,True,0.0,0.0,22.66150713333333,21.765783666666668,0.0,False,26.6,74,61,1,4,59,0.0,0.0,0.0,0.0,0.0,17.8
2020-06-14 02:30:00,0.0,0.0,0.0,22,4135001,,0.25,True,0.0,0.0,22.49683426666666,21.054260400000004,0.0,False,26.6,74,61,1,4,59,0.0,0.0,0.0,0.0,0.0,17.8
2020-06-14 02:45:00,0.0,0.0,0.0,22,4135001,,0.25,True,0.0,0.0,22.413197866666668,20.7593812,0.0,False,26.6,74,61,1,4,59,0.0,0.0,0.0,0.0,0.0,17.8
2020-06-14 03:00:00,0.0,0.0,0.0,22,4135001,,0.25,True,0.0,0.0,22.301548357142856,20.912530071428574,0.0,False,26.3,76,85,1,5,84,0.0,0.0,0.0,0.0,0.0,16.8
2020-06-14 03:15:00,0.0,0.0,0.0,22,4135001,,0.25,True,0.0,0.0,22.193670666666662,20.3701516,0.0,False,26.3,76,85,1,5,84,0.0,0.0,0.0,0.0,0.0,16.8
2020-06-14 03:30:00,0.0,0.0,0.0,22,4135001,,0.25,True,0.0,0.0,22.1761332,20.17767333333333,0.0,False,26.3,76,85,1,5,84,0.0,0.0,0.0,0.0,0.0,16.8
2020-06-14 03:45:00,0.0,0.0,0.0,22,4135001,,0.25,True,0.0,0.0,22.184255066666665,20.324055933333334,0.0,False,26.3,76,85,1,5,84,0.0,0.0,0.0,0.0,0.0,16.8
2020-06-14 04:00:00,0.0,0.0,0.0,22,4135001,,0.25,True,0.0,0.0,22.235868333333336,20.6231182,0.0,False,26.1,76,88,0,6,87,0.0,0.0,0.0,0.0,0.0,15.4
2020-06-14 04:15:00,0.0,0.0,0.0,22,4135001,,0.25,True,0.0,0.0,22.29215506666667,20.591811133333334,0.0,False,26.1,76,88,0,6,87,0.0,0.0,0.0,0.0,0.0,15.4
2020-06-14 04:30:00,0.0,0.0,0.0,22,4135001,,0.25,True,0.0,0.0,22.25429486666667,20.381935666666667,0.0,False,26.1,76,88,0,6,87,0.0,0.0,0.0,0.0,0.0,15.4
2020-06-14 04:45:00,0.0,0.0,0.0,22,4135001,,0.25,True,0.0,0.0,22.1893432,20.356459600000004,0.0,False,26.1,76,88,0,6,87,0.0,0.0,0.0,0.0,0.0,15.4
2020-06-14 05:00:00,0.0,0.0,0.0,22,4135001,,0.25,True,0.0,0.0,22.2997984,20.906852200000003,0.0,False,26.3,74,74,1,17,82,0.0,0.0,0.0,0.0,0.0,14.8
2020-06-14 05:15:00,0.0,0.0,0.0,22,4135001,,0.25,True,0.0,0.0,22.43938771428571,21.318453142857145,0.0,False,26.3,74,74,1,17,82,0.0,0.0,0.0,0.0,0.0,14.8
2020-06-14 05:30:00,0.0,0.0,0.0,22,4135001,,0.25,True,0.0,0.0,22.441363466666665,21.168267866666667,0.0,False,26.3,74,74,1,17,82,0.0,0.0,0.0,0.0,0.0,14.8
2020-06-14 05:45:00,0.0,0.0,0.0,22,4135001,,0.25,True,0.0,0.0,22.522914733333334,21.450738666666663,0.0005078938726666,False,26.3,74,74,1,17,82,0.0,0.0,0.0,0.0,0.0,14.8
2020-06-14 06:00:00,1066.1607143,102.885714285,3.732142858,22,4135001,0.09650113055661667,0.25,True,25.72142857125,266.540178575,22.556378266666663,21.5976542,0.0071151917066666,False,26.9,72,92,3,27,90,0.0,18.0,4.0,14.0,41.0,14.8
2020-06-14 06:15:00,7055.7321429,681.80178571,94.214285713,22,4135001,0.09663090546826943,0.25,True,170.4504464275,1763.933035725,22.56817026666667,21.94776,0.0241719286666666,False,26.9,72,92,3,27,90,0.0,18.0,4.0,14.0,41.0,14.8
2020-06-14 06:30:00,14613.625,1415.70357144,350.03571429,22,4135001,0.09687559188360177,0.25,True,353.92589286,3653.40625,22.65616866666667,22.658846066666666,0.0487669142,False,26.9,72,92,3,27,90,0.0,18.0,4.0,14.0,41.0,14.8
2020-06-14 06:45:00,23775.874999,2310.9482142,829.66071427,22,4135001,0.09719718892773441,0.25,True,577.73705355,5943.96874975,22.915026866666665,23.98563853333333,0.0770268140666666,False,26.9,72,92,3,27,90,0.0,18.0,4.0,14.0,41.0,14.8
2020-06-14 07:00:00,43265.892857,4238.5339287,1565.26785714,22,4135001,0.09796478585820392,0.25,True,1059.633482175,10816.47321425,23.208211133333336,25.60406513333333,0.1471822867333333,False,28.1,68,77,3,33,66,0.0,136.0,60.0,76.0,227.5,15.9
2020-06-14 07:15:00,70420.74999899999,6918.0517858,3003.4464287,22,4135001,0.09823882571398686,0.25,True,1729.51294645,17605.187499749998,23.6073304,28.074818866666668,0.2255217446666666,False,28.1,68,77,3,33,66,0.0,136.0,60.0,76.0,227.5,15.9
2020-06-14 07:30:00,70400.678572,6915.775,4729.3571429,22,4135001,0.09823449347760357,0.25,True,1728.94375,17600.169643,23.587081,28.0358926,0.2196392886666666,False,28.1,68,77,3,33,66,0.0,136.0,60.0,76.0,227.5,15.9
2020-06-14 07:45:00,94476.410715,9274.9964286,6686.375,22,4135001,0.09817261640664139,0.25,True,2318.74910715,23619.10267875,23.75348328571429,30.263634785714284,0.3072239171428571,False,28.1,68,77,3,33,66,0.0,136.0,60.0,76.0,227.5,15.9
2020-06-14 08:00:00,92975.285714,9131.7571429,9046.2678571,22,4135001,0.09821703770817196,0.25,True,2282.939285725,23243.8214285,23.90954793333333,31.63181366666667,0.298065064,False,29.2,64,88,4,21,86,0.0,296.0,139.0,157.0,287.5,18.1
2020-06-14 08:15:00,78654.071428,7727.117857,11211.6607142,22,4135001,0.09824180384703175,0.25,True,1931.77946425,19663.517857,23.763501066666667,28.384606933333338,0.2447378533333333,False,29.2,64,88,4,21,86,0.0,296.0,139.0,157.0,287.5,18.1
2020-06-14 08:30:00,106708.26785799999,10717.5285713,13487.5714285,22,4135001,0.10043765854734094,0.25,True,2679.382142825,26677.066964499998,23.90183135714286,29.702830928571423,0.3353547692857142,False,29.2,64,88,4,21,86,0.0,296.0,139.0,157.0,287.5,18.1
2020-06-14 08:45:00,119097.017856,11674.7464285,16073.857143,22,4135001,0.09802719361634996,0.25,True,2918.686607125,29774.254464,24.130067933333336,33.0580506,0.3819702386666666,False,29.2,64,88,4,21,86,0.0,296.0,139.0,157.0,287.5,18.1
2020-06-14 09:00:00,132657.339286,12997.8499999,19185.5178571,22,4135001,0.09798063243133151,0.25,True,3249.462499975,33164.3348215,24.52345993333333,35.5528282,0.4278343173333333,False,31.2,57,92,48,29,87,0.0,535.0,335.0,200.0,494.7,25.7
2020-06-14 09:15:00,178531.553571,17473.3892856,22977.3035704,22,4135001,0.09787283500365121,0.25,True,4368.3473214,44632.88839275,25.093788666666665,38.5421514,0.5664324566666666,False,31.2,57,92,48,29,87,0.0,535.0,335.0,200.0,494.7,25.7
2020-06-14 09:30:00,176766.321429,17301.757142899998,27378.392857,22,4135001,0.09787926231100208,0.25,True,4325.4392857249995,44191.58035725,25.808286599999995,41.24847206666666,0.5574083926666665,False,31.2,57,92,48,29,87,0.0,535.0,335.0,200.0,494.7,25.7
2020-06-14 09:45:00,180728.482143,17687.067857000002,31665.339285000002,22,4135001,0.09786541472198747,0.25,True,4421.7669642500005,45182.12053575,26.1179402,42.4683164,0.5722872473333334,False,31.2,57,92,48,29,87,0.0,535.0,335.0,200.0,494.7,25.7
2020-06-14 10:00:00,186527.517857,18251.4624999,36285.339286,22,4135001,0.09784863225324403,0.25,True,4562.865624975,46631.87946425,26.354372285714287,43.27517914285714,0.5856356821428572,False,31.7,56,94,55,32,92,0.0,510.0,267.0,243.0,321.1,24.6
2020-06-14 10:15:00,170646.785715,16705.044643,40546.232143,22,4135001,0.09789252445047146,0.25,True,4176.26116075,42661.69642875,26.09553013333333,40.98323173333333,0.5289236226666665,False,31.7,56,94,55,32,92,0.0,510.0,267.0,243.0,321.1,24.6
2020-06-14 10:30:00,232813.392851,22742.3160715,45242.642857,22,4135001,0.09768474138450886,0.25,True,5685.579017875,58203.34821275,26.36005846666667,38.9274884,0.7195252226666667,False,31.7,56,94,55,32,92,0.0,510.0,267.0,243.0,321.1,24.6
2020-06-14 10:45:00,251087.73214,24517.432143,51268.589286,22,4135001,0.09764488266328247,0.25,True,6129.35803575,62771.933035,26.533363733333328,42.528473,0.8330450946666667,False,31.7,56,94,55,32,92,0.0,510.0,267.0,243.0,321.1,24.6
2020-06-14 11:00:00,200341.928574,19578.0464286,56994.464286,22,4135001,0.09772316043852242,0.25,True,4894.51160715,50085.4821435,27.081068733333336,47.275213466666656,0.6406613233333333,False,32.6,54,99,29,27,99,0.0,574.0,245.0,329.0,261.7,22.7
2020-06-14 11:15:00,190305.482146,18606.6125,61320.267856,22,4135001,0.09777234102864803,0.25,True,4651.653125,47576.3705365,26.948706133333328,43.94926386666666,0.6502135673333332,False,32.6,54,99,29,27,99,0.0,574.0,245.0,329.0,261.7,22.7
2020-06-14 11:30:00,193259.089287,18894.5803573,66354.75,22,4135001,0.0977681330643163,0.25,True,4723.645089325,48314.77232175,26.8470704,46.03145753333334,0.6621523706666665,False,32.6,54,99,29,27,99,0.0,574.0,245.0,329.0,261.7,22.7
2020-06-14 11:45:00,126677.285715,12405.7303572,69845.92857,22,4135001,0.09793176643451734,0.25,True,3101.4325893,31669.32142875,25.92304106666667,38.486489133333336,0.4262345726666666,False,32.6,54,99,29,27,99,0.0,574.0,245.0,329.0,261.7,22.7
2020-06-14 12:00:00,148617.839285,14550.9910715,73512.303571,22,4135001,0.0979087782563976,0.25,True,3637.747767875,37154.45982125,25.218285714285717,37.81592471428572,0.4920235971428571,False,34.2,48,97,17,14,96,0.0,690.0,398.0,292.0,404.5,21.7
2020-06-14 12:15:00,142175.214285,13922.9750001,77004.964286,22,4135001,0.09792828567284899,0.25,True,3480.743750025,35543.80357125,24.93256013333333,36.6068582,0.4727646679999999,False,34.2,48,97,17,14,96,0.0,690.0,398.0,292.0,404.5,21.7
2020-06-14 12:30:00,138934.964285,13606.7857144,80471.839286,22,4135001,0.09793636745382636,0.25,True,3401.6964286,34733.74107125,24.945296133333336,35.61483133333333,0.454945416,False,34.2,48,97,17,14,96,0.0,690.0,398.0,292.0,404.5,21.7
2020-06-14 12:45:00,157338.089287,15401.6553572,84047.160715,22,4135001,0.09788891823330763,0.25,True,3850.4138393,39334.52232175,25.431060866666662,37.15700086666667,0.519268844,False,34.2,48,97,17,14,96,0.0,690.0,398.0,292.0,404.5,21.7
2020-06-14 13:00:00,175030.285714,17124.8982142,88040.232143,22,4135001,0.09783962897816514,0.25,True,4281.22455355,43757.5714285,25.37993566666667,34.78068233333334,0.5761803393333333,False,35.1,44,96,21,13,95,0.0,749.0,461.0,288.0,474.5,22.3
2020-06-14 13:15:00,217680.10715,21258.801786,93045.142857,22,4135001,0.09766074660809905,0.25,True,5314.7004465,54420.0267875,25.898872933333333,42.364294333333326,0.7343688020000001,False,35.1,44,96,21,13,95,0.0,749.0,461.0,288.0,474.5,22.3
2020-06-14 13:30:00,206429.625003,20177.8321427,98115.35714200001,22,4135001,0.0977467848541931,0.25,True,5044.458035675,51607.40625075,26.6301878,45.9655842,0.7277635133333333,False,35.1,44,96,21,13,95,0.0,749.0,461.0,288.0,474.5,22.3
2020-06-14 13:45:00,236500.125,23086.444643,103225.660713,22,4135001,0.09761705048993102,0.25,True,5771.61116075,59125.03125,27.04890353333333,47.9602314,0.9066149006666668,False,35.1,44,96,21,13,95,0.0,749.0,461.0,288.0,474.5,22.3
2020-06-14 14:00:00,286103.07143,27895.039285,109916.357143,22,4135001,0.0974999644204274,0.25,True,6973.75982125,71525.7678575,27.848915600000005,59.386079333333335,1.2216518466666668,False,32.6,52,98,10,43,97,0.1,702.0,477.0,225.0,530.2,25.1
2020-06-14 14:15:00,243677.69644,23782.435715,116473.946427,22,4135001,0.09759791750516598,0.25,True,5945.60892875,60919.42411,28.22232285714286,58.59664692857143,0.91048926,False,32.6,52,98,10,43,97,0.1,702.0,477.0,225.0,530.2,25.1
2020-06-14 14:30:00,173954.499999,17019.6410715,121583.642855,22,4135001,0.09783961364378524,0.25,True,4254.910267875,43488.62499975,27.5785664,49.444277133333344,0.5639184546666666,False,32.6,52,98,10,43,97,0.1,702.0,477.0,225.0,530.2,25.1
2020-06-14 14:45:00,141626.125,13873.9267856,125376.982143,22,4135001,0.09796163515453099,0.25,True,3468.4816964,35406.53125,27.1061442,42.90284833333333,0.4497933986666666,False,32.6,52,98,10,43,97,0.1,702.0,477.0,225.0,530.2,25.1
2020-06-14 15:00:00,189159.660716,18501.017857,129205.964285,22,4135001,0.09780635991294678,0.25,True,4625.25446425,47289.915179,26.949993866666667,41.82487593333333,0.5869389626666666,False,34.8,45,93,0,17,93,0.0,499.0,279.0,220.0,360.7,22.0
2020-06-14 15:15:00,218817.535726,21373.7285714,134691.321429,22,4135001,0.0976783167787972,0.25,True,5343.43214285,54704.3839315,27.40871386666667,47.941766400000006,0.7094795186666665,False,34.8,45,93,0,17,93,0.0,499.0,279.0,220.0,360.7,22.0
2020-06-14 15:30:00,145912.089286,14291.457142700001,138974.053574,22,4135001,0.09794566860520748,0.25,True,3572.8642856750002,36478.0223215,27.449349066666663,43.6625044,0.4602610826666666,False,34.8,45,93,0,17,93,0.0,499.0,279.0,220.0,360.7,22.0
2020-06-14 15:45:00,129400.785713,12680.117857199999,142203.035715,22,4135001,0.09799104222847169,0.25,True,3170.0294642999997,32350.19642825,27.087241533333334,38.89504786666667,0.4082271193333333,False,34.8,45,93,0,17,93,0.0,499.0,279.0,220.0,360.7,22.0
2020-06-14 16:00:00,127905.767857,12534.0125001,145342.482143,22,4135001,0.09799411480890492,0.25,True,3133.503125025,31976.44196425,27.05220753333333,38.234853066666666,0.4008640346666667,False,32.4,54,98,23,41,97,0.1,411.0,239.0,172.0,397.3,22.6
2020-06-14 16:15:00,90956.732143,8932.2285716,148163.875,22,4135001,0.09820305062803888,0.25,True,2233.0571429,22739.18303575,26.809796066666664,35.90520226666667,0.2853623193333333,False,32.4,54,98,23,41,97,0.1,411.0,239.0,172.0,397.3,22.6
2020-06-14 16:30:00,63102.785713,6194.9517856,150037.660715,22,4135001,0.09817239786806685,0.25,True,1548.7379464,15775.69642825,26.423555642857146,32.757710357142855,0.1992258571428571,False,32.4,54,98,23,41,97,0.1,411.0,239.0,172.0,397.3,22.6
2020-06-14 16:45:00,48307.875,4736.2714286,151400.607143,22,4135001,0.09804346452001873,0.25,True,1184.06785715,12076.96875,26.0342224,30.358787133333337,0.1544666584,False,32.4,54,98,23,41,97,0.1,411.0,239.0,172.0,397.3,22.6
2020-06-14 17:00:00,38770.428571,3799.5857143,152458.660714,22,4135001,0.09800215923179303,0.25,True,949.896428575,9692.60714275,25.98669446666667,29.146844466666664,0.1235932831333333,False,33.9,46,93,13,27,99,0.0,189.0,74.0,115.0,187.1,22.7
2020-06-14 17:15:00,36605.964287,3585.7749999,153362.767857,22,4135001,0.09795603174899638,0.25,True,896.443749975,9151.49107175,25.845591266666663,28.6533284,0.1121953106,False,33.9,46,93,13,27,99,0.0,189.0,74.0,115.0,187.1,22.7
2020-06-14 17:30:00,22432.4821427,2181.10178572,154136.321428,22,4135001,0.09722962317969687,0.25,True,545.27544643,5608.120535675,25.6701172,27.996036799999995,0.0712777123333333,False,33.9,46,93,13,27,99,0.0,189.0,74.0,115.0,187.1,22.7
2020-06-14 17:45:00,12707.7142858,1229.77321427,154521.982143,22,4135001,0.0967737538484153,0.25,True,307.4433035675,3176.92857145,25.536855066666668,26.63404133333333,0.0428979898,False,33.9,46,93,13,27,99,0.0,189.0,74.0,115.0,187.1,22.7
2020-06-14 18:00:00,8600.375,831.18571429,154782.803571,22,4135001,0.09664528747758092,0.25,True,207.7964285725,2150.09375,25.3053914,25.30308846666667,0.0297671323333333,False,32.6,50,98,0,24,97,0.0,73.0,24.0,49.0,141.7,19.7
2020-06-14 18:15:00,5503.0714284,531.40357143,154955.517859,22,4135001,0.09656490531588538,0.25,True,132.8508928575,1375.7678571,25.1361024,24.7232728,0.019033676,False,32.6,50,98,0,24,97,0.0,73.0,24.0,49.0,141.7,19.7
2020-06-14 18:30:00,1391.0,134.121428571,155042.499999,22,4135001,0.09642086885046729,0.25,True,33.53035714275,347.75,25.052579666666663,24.514713333333333,0.00675433608,False,32.6,50,98,0,24,97,0.0,73.0,24.0,49.0,141.7,19.7
2020-06-14 18:45:00,0.0,0.0,155054.0,22,4135001,,0.25,True,0.0,0.0,24.892543142857136,24.072802000000003,0.000455513202,False,32.6,50,98,0,24,97,0.0,73.0,24.0,49.0,141.7,19.7
2020-06-14 19:00:00,0.0,0.0,155054.0,22,4135001,,0.25,True,0.0,0.0,24.703763866666662,23.564217066666668,0.0,False,31.9,52,99,3,27,99,0.0,2.0,0.0,2.0,0.0,23.9
2020-06-14 19:15:00,0.0,0.0,155054.0,22,4135001,,0.25,True,0.0,0.0,24.54298286666667,23.092030733333328,0.0,False,31.9,52,99,3,27,99,0.0,2.0,0.0,2.0,0.0,23.9
2020-06-14 19:30:00,0.0,0.0,155054.0,22,4135001,,0.25,True,0.0,0.0,24.398594266666667,22.771372466666666,0.0,False,31.9,52,99,3,27,99,0.0,2.0,0.0,2.0,0.0,23.9
2020-06-14 19:45:00,0.0,0.0,155054.0,22,4135001,,0.25,True,0.0,0.0,24.24910893333333,22.757745466666663,0.0,False,31.9,52,99,3,27,99,0.0,2.0,0.0,2.0,0.0,23.9
2020-06-14 20:00:00,0.0,0.0,155054.0,22,4135001,,0.25,True,0.0,0.0,24.07510986666667,22.66186726666666,0.0,False,30.9,56,99,0,22,98,0.0,0.0,0.0,0.0,0.0,22.7
2020-06-14 20:15:00,0.0,0.0,155054.0,22,4135001,,0.25,True,0.0,0.0,23.94650073333333,22.531148466666668,0.0,False,30.9,56,99,0,22,98,0.0,0.0,0.0,0.0,0.0,22.7
2020-06-14 20:30:00,0.0,0.0,155054.0,22,4135001,,0.25,True,0.0,0.0,23.86200773333333,22.4192994,0.0,False,30.9,56,99,0,22,98,0.0,0.0,0.0,0.0,0.0,22.7
2020-06-14 20:45:00,0.0,0.0,155054.0,22,4135001,,0.25,True,0.0,0.0,23.8368284,22.6065692,0.0,False,30.9,56,99,0,22,98,0.0,0.0,0.0,0.0,0.0,22.7
2020-06-14 21:00:00,0.0,0.0,155054.0,22,4135001,,0.25,True,0.0,0.0,23.87317121428572,23.1115265,0.0,False,30.0,59,100,0,16,99,0.0,0.0,0.0,0.0,0.0,21.9
2020-06-14 21:15:00,0.0,0.0,155054.0,22,4135001,,0.25,True,0.0,0.0,23.92025353333333,23.285941533333336,0.0,False,30.0,59,100,0,16,99,0.0,0.0,0.0,0.0,0.0,21.9
2020-06-14 21:30:00,0.0,0.0,155054.0,22,4135001,,0.25,True,0.0,0.0,23.86289053333333,22.984142933333327,0.0,False,30.0,59,100,0,16,99,0.0,0.0,0.0,0.0,0.0,21.9
2020-06-14 21:45:00,0.0,0.0,155054.0,22,4135001,,0.25,True,0.0,0.0,23.777291,22.35220546666667,0.0,False,30.0,59,100,0,16,99,0.0,0.0,0.0,0.0,0.0,21.9
2020-06-14 22:00:00,0.0,0.0,155054.0,22,4135001,,0.25,True,0.0,0.0,23.65113126666667,21.9989258,0.0,False,29.1,63,99,0,14,99,0.0,0.0,0.0,0.0,0.0,21.4
2020-06-14 22:15:00,0.0,0.0,155054.0,22,4135001,,0.25,True,0.0,0.0,23.649532,22.44542833333333,0.0,False,29.1,63,99,0,14,99,0.0,0.0,0.0,0.0,0.0,21.4
2020-06-14 22:30:00,0.0,0.0,155054.0,22,4135001,,0.25,True,0.0,0.0,23.607413666666663,21.990108266666663,0.0,False,29.1,63,99,0,14,99,0.0,0.0,0.0,0.0,0.0,21.4
2020-06-14 22:45:00,0.0,0.0,155054.0,22,4135001,,0.25,True,0.0,0.0,23.522460866666663,21.420633933333328,0.0,False,29.1,63,99,0,14,99,0.0,0.0,0.0,0.0,0.0,21.4
2020-06-14 23:00:00,0.0,0.0,155054.0,22,4135001,,0.25,True,0.0,0.0,23.3865622,21.151995866666667,0.0,False,28.4,67,99,0,13,99,0.0,0.0,0.0,0.0,0.0,20.2
2020-06-14 23:15:00,0.0,0.0,155054.0,22,4135001,,0.25,True,0.0,0.0,23.331081066666663,21.4704246,0.0,False,28.4,67,99,0,13,99,0.0,0.0,0.0,0.0,0.0,20.2
2020-06-14 23:30:00,0.0,0.0,155054.0,22,4135001,,0.25,True,0.0,0.0,23.44495271428572,22.455490071428567,0.0,False,28.4,67,99,0,13,99,0.0,0.0,0.0,0.0,0.0,20.2
2020-06-14 23:45:00,0.0,0.0,142682.392857,22,4135001,,0.25,True,0.0,0.0,23.418153933333333,22.447845466666667,0.0,False,28.4,67,99,0,13,99,0.0,0.0,0.0,0.0,0.0,20.2
2020-06-15 00:00:00,0.0,0.0,5480.0,22,4135001,,0.25,True,0.0,0.0,23.369126333333337,22.693621866666668,0.0,False,27.8,69,100,0,15,100,0.0,0.0,0.0,0.0,0.0,19.7
2020-06-15 00:15:00,0.0,0.0,0.0,22,4135001,,0.25,True,0.0,0.0,23.19021186666667,22.545045933333327,0.0,False,27.8,69,100,0,15,100,0.0,0.0,0.0,0.0,0.0,19.7
2020-06-15 00:30:00,0.0,0.0,0.0,22,4135001,,0.25,True,0.0,0.0,23.111739066666665,22.314375933333327,0.0,False,27.8,69,100,0,15,100,0.0,0.0,0.0,0.0,0.0,19.7
2020-06-15 00:45:00,0.0,0.0,0.0,22,4135001,,0.25,True,0.0,0.0,23.0380188,22.110986266666668,0.0,False,27.8,69,100,0,15,100,0.0,0.0,0.0,0.0,0.0,19.7
2020-06-15 01:00:00,0.0,0.0,0.0,22,4135001,,0.25,True,0.0,0.0,23.0133788,22.293188466666667,0.0,False,27.3,71,98,0,13,98,0.0,0.0,0.0,0.0,0.0,20.7
2020-06-15 01:15:00,0.0,0.0,0.0,22,4135001,,0.25,True,0.0,0.0,23.006721933333328,22.43304846666667,0.0,False,27.3,71,98,0,13,98,0.0,0.0,0.0,0.0,0.0,20.7
2020-06-15 01:30:00,0.0,0.0,0.0,22,4135001,,0.25,True,0.0,0.0,22.5523254,21.5200196,0.0,False,27.3,71,98,0,13,98,0.0,0.0,0.0,0.0,0.0,20.7
2020-06-15 01:45:00,0.0,0.0,0.0,22,4135001,,0.25,True,0.0,0.0,22.161108785714287,21.202298785714287,0.0,False,27.3,71,98,0,13,98,0.0,0.0,0.0,0.0,0.0,20.7
2020-06-15 02:00:00,0.0,0.0,0.0,22,4135001,,0.25,True,0.0,0.0,22.0657084,21.1699198,0.0,False,27.1,72,98,4,11,98,0.0,0.0,0.0,0.0,0.0,19.7
2020-06-15 02:15:00,0.0,0.0,0.0,22,4135001,,0.25,True,0.0,0.0,22.051059866666662,20.977667333333336,0.0,False,27.1,72,98,4,11,98,0.0,0.0,0.0,0.0,0.0,19.7
2020-06-15 02:30:00,0.0,0.0,0.0,22,4135001,,0.25,True,0.0,0.0,22.064056266666665,20.769443866666663,0.0,False,27.1,72,98,4,11,98,0.0,0.0,0.0,0.0,0.0,19.7
2020-06-15 02:45:00,0.0,0.0,0.0,22,4135001,,0.25,True,0.0,0.0,22.1327738,20.88665566666667,0.0,False,27.1,72,98,4,11,98,0.0,0.0,0.0,0.0,0.0,19.7
2020-06-15 03:00:00,0.0,0.0,0.0,22,4135001,,0.25,True,0.0,0.0,22.138987400000005,20.774737666666667,0.0,False,26.8,74,99,5,15,98,0.0,0.0,0.0,0.0,0.0,17.9
2020-06-15 03:15:00,0.0,0.0,0.0,22,4135001,,0.25,True,0.0,0.0,22.1016358,21.0114828,0.0,False,26.8,74,99,5,15,98,0.0,0.0,0.0,0.0,0.0,17.9
2020-06-15 03:30:00,0.0,0.0,0.0,22,4135001,,0.25,True,0.0,0.0,22.132979333333335,21.463275133333337,0.0,False,26.8,74,99,5,15,98,0.0,0.0,0.0,0.0,0.0,17.9
2020-06-15 03:45:00,0.0,0.0,0.0,22,4135001,,0.25,True,0.0,0.0,22.184287,21.606781142857145,0.0,False,26.8,74,99,5,15,98,0.0,0.0,0.0,0.0,0.0,17.9
2020-06-15 04:00:00,0.0,0.0,0.0,22,4135001,,0.25,True,0.0,0.0,22.16874793333333,21.5196512,0.0,False,26.7,74,98,5,21,98,0.0,0.0,0.0,0.0,0.0,17.8
2020-06-15 04:15:00,0.0,0.0,0.0,22,4135001,,0.25,True,0.0,0.0,21.67616773333333,20.805542066666668,0.0,False,26.7,74,98,5,21,98,0.0,0.0,0.0,0.0,0.0,17.8
2020-06-15 04:30:00,0.0,0.0,0.0,22,4135001,,0.25,True,0.0,0.0,21.5948508,20.4898396,0.0,False,26.7,74,98,5,21,98,0.0,0.0,0.0,0.0,0.0,17.8
2020-06-15 04:45:00,0.0,0.0,0.0,22,4135001,,0.25,True,0.0,0.0,21.5713258,20.214919066666663,0.0,False,26.7,74,98,5,21,98,0.0,0.0,0.0,0.0,0.0,17.8
2020-06-15 05:00:00,0.0,0.0,0.0,22,4135001,,0.25,True,0.0,0.0,21.50873626666667,20.08615913333333,0.0,False,26.5,75,97,1,18,88,0.0,0.0,0.0,0.0,0.0,17.8
2020-06-15 05:15:00,0.0,0.0,0.0,22,4135001,,0.25,True,0.0,0.0,21.424306066666663,19.861635466666662,0.0,False,26.5,75,97,1,18,88,0.0,0.0,0.0,0.0,0.0,17.8
2020-06-15 05:30:00,0.0,0.0,0.0,22,4135001,,0.25,True,0.0,0.0,21.4322062,19.826896066666663,0.0,False,26.5,75,97,1,18,88,0.0,0.0,0.0,0.0,0.0,17.8
2020-06-15 05:45:00,0.0,0.0,0.0,22,4135001,,0.25,True,0.0,0.0,21.4640382,20.121873,0.0005523642353333,False,26.5,75,97,1,18,88,0.0,0.0,0.0,0.0,0.0,17.8
2020-06-15 06:00:00,2100.14285714,202.699999998,10.785714287,22,4135001,0.09651724372409566,0.25,True,50.6749999995,525.035714285,21.53003333333333,20.394429466666665,0.0096864394666666,False,27.1,73,95,3,21,93,0.0,19.0,4.0,15.0,41.1,17.5
2020-06-15 06:15:00,10068.482143,973.83392858,147.125,22,4135001,0.09672102654093172,0.25,True,243.458482145,2517.12053575,21.65816592857143,20.840604357142855,0.0333103492857142,False,27.1,73,95,3,21,93,0.0,19.0,4.0,15.0,41.1,17.5
2020-06-15 06:30:00,21240.1964284,2063.2196428400002,516.71428572,22,4135001,0.09713750293200185,0.25,True,515.8049107100001,5310.0491071,21.957159333333333,22.195896266666672,0.067908889,False,27.1,73,95,3,21,93,0.0,19.0,4.0,15.0,41.1,17.5
2020-06-15 06:45:00,32245.125,3147.4482142,1167.875,22,4135001,0.0976100484708929,0.25,True,786.86205355,8061.28125,22.312394333333334,24.034580466666668,0.1027040146666666,False,27.1,73,95,3,21,93,0.0,19.0,4.0,15.0,41.1,17.5
2020-06-15 07:00:00,46013.946429999996,4511.2410715,2108.51785717,22,4135001,0.09804073376672552,0.25,True,1127.810267875,11503.486607499999,22.742930066666663,25.804111733333336,0.1557342913333333,False,28.2,68,95,1,15,94,0.0,143.0,57.0,86.0,216.7,18.1
2020-06-15 07:15:00,47421.321429999996,4645.5357143,3351.6607144,22,4135001,0.09796301693442709,0.25,True,1161.383928575,11855.330357499999,23.27185253333333,27.688370800000005,0.1602291469333333,False,28.2,68,95,1,15,94,0.0,143.0,57.0,86.0,216.7,18.1
2020-06-15 07:30:00,42270.214287,4140.1535714,4330.1964286,22,4135001,0.09794493927307305,0.25,True,1035.03839285,10567.55357175,23.458431066666662,27.546588133333334,0.1333380648,False,28.2,68,95,1,15,94,0.0,143.0,57.0,86.0,216.7,18.1
2020-06-15 07:45:00,81042.071428,7957.6,5781.5714285,22,4135001,0.09819097488234553,0.25,True,1989.4,20260.517857,23.83686933333333,29.87518726666667,0.2642032693333333,False,28.2,68,95,1,15,94,0.0,143.0,57.0,86.0,216.7,18.1
2020-06-15 08:00:00,137645.785714,13486.6249999,8389.3392858,22,4135001,0.09798066050436494,0.25,True,3371.656249975,34411.4464285,24.477518733333334,35.34433613333334,0.4586929053333333,False,29.6,63,98,55,21,96,0.0,321.0,175.0,146.0,362.5,23.1
2020-06-15 08:15:00,166126.374999,16263.7107144,12173.6607142,22,4135001,0.0978996304138816,0.25,True,4065.9276786,41531.59374975,25.257212400000004,40.66176133333333,0.5363576693333331,False,29.6,63,98,55,21,96,0.0,321.0,175.0,146.0,362.5,23.1
2020-06-15 08:30:00,166443.214285,16293.9535714,16251.732143,22,4135001,0.09789497061442189,0.25,True,4073.48839285,41610.80357125,25.92686257142857,42.59452828571429,0.5785561021428571,False,29.6,63,98,55,21,96,0.0,321.0,175.0,146.0,362.5,23.1
2020-06-15 08:45:00,162066.839284,15867.4500001,20208.5,22,4135001,0.09790682702396918,0.25,True,3966.862500025,40516.709821,26.066546666666667,42.4321838,0.5342788213333333,False,29.6,63,98,55,21,96,0.0,321.0,175.0,146.0,362.5,23.1
2020-06-15 09:00:00,175868.660714,17212.0392857,24317.625,22,4135001,0.0978687118888706,0.25,True,4303.009821425,43967.1651785,26.192445933333328,42.29481826666667,0.5729372046666668,False,31.1,56,97,43,3,96,0.0,490.0,270.0,220.0,399.1,26.7
2020-06-15 09:15:00,195633.69643,19133.832142799998,28967.267857,22,4135001,0.09780437875458896,0.25,True,4783.4580356999995,48908.4241075,26.40725306666667,44.0128702,0.6634503566666667,False,31.1,56,97,43,3,96,0.0,490.0,270.0,220.0,399.1,26.7
2020-06-15 09:30:00,195854.196428,19150.0375,33569.910713,22,4135001,0.09777700886301889,0.25,True,4787.509375,48963.549107,26.3895486,43.27049353333333,0.6428513106666667,False,31.1,56,97,43,3,96,0.0,490.0,270.0,220.0,399.1,26.7
2020-06-15 09:45:00,192219.482144,18800.0375,38667.482143,22,4135001,0.09780505748067758,0.25,True,4700.009375,48054.870536,26.80618086666667,44.94630113333333,0.644579368,False,31.1,56,97,43,3,96,0.0,490.0,270.0,220.0,399.1,26.7
2020-06-15 10:00:00,191760.374999,18755.5357143,43143.125,22,4135001,0.09780714975342433,0.25,True,4688.883928575,47940.09374975,26.95370706666667,43.85072413333333,0.6171309093333333,False,32.7,49,99,96,2,98,0.0,602.0,268.0,334.0,322.5,28.5
2020-06-15 10:15:00,260292.07146,25400.428572,48746.732142,22,4135001,0.09758433451133133,0.25,True,6350.107143,65073.017865,27.5598856,48.580128733333325,0.888736286,False,32.7,49,99,96,2,98,0.0,602.0,268.0,334.0,322.5,28.5
2020-06-15 10:30:00,214895.714286,20982.0946428,54872.517857,22,4135001,0.09763849741030846,0.25,True,5245.5236607,53723.9285715,28.05028693333333,50.1047016,0.6801742386666666,False,32.7,49,99,96,2,98,0.0,602.0,268.0,334.0,322.5,28.5
2020-06-15 10:45:00,236207.339273,23058.7321441,59566.625002,22,4135001,0.09762072683715192,0.25,True,5764.683036025,59051.83481825,27.778298642857145,46.05228092857142,0.8608448592857144,False,32.7,49,99,96,2,98,0.0,602.0,268.0,334.0,322.5,28.5
2020-06-15 11:00:00,226633.285714,22128.8303571,65440.089285,22,4135001,0.0976415723197231,0.25,True,5532.207589275,56658.3214285,28.7853558,50.65149946666666,0.702748034,False,33.2,47,100,88,65,99,0.0,472.0,100.0,372.0,106.9,27.4
2020-06-15 11:15:00,171682.92857,16792.3089288,70080.196428,22,4135001,0.09781000981674949,0.25,True,4198.0772322,42920.7321425,28.371838400000005,46.34689126666667,0.5736166646666666,False,33.2,47,100,88,65,99,0.0,472.0,100.0,372.0,106.9,27.4
2020-06-15 11:30:00,181471.607142,17740.7196428,74627.392857,22,4135001,0.09776030488845583,0.25,True,4435.1799107,45367.9017855,28.375455666666667,45.72413726666667,0.6370887293333334,False,33.2,47,100,88,65,99,0.0,472.0,100.0,372.0,106.9,27.4
2020-06-15 11:45:00,194441.142851,19009.1535716,79038.142858,22,4135001,0.09776302120465671,0.25,True,4752.2883929,48610.28571275,28.39979053333333,44.47907733333333,0.664057878,False,33.2,47,100,88,65,99,0.0,472.0,100.0,372.0,106.9,27.4
2020-06-15 12:00:00,210791.678579,20591.5517852,83708.05357,22,4135001,0.09768673945770942,0.25,True,5147.8879463,52697.91964475,28.601291866666667,44.703940933333335,0.7444816766666666,False,34.2,43,99,6,49,99,0.0,542.0,160.0,382.0,162.6,26.3
2020-06-15 12:15:00,135820.982142,13306.1928571,88164.214287,22,4135001,0.09796861020478013,0.25,True,3326.548214275,33955.2455355,28.851655933333333,44.1841634,0.4327973,False,34.2,43,99,6,49,99,0.0,542.0,160.0,382.0,162.6,26.3
2020-06-15 12:30:00,126140.107142,12362.1107144,91207.00000100001,22,4135001,0.09800301422356945,0.25,True,3090.5276786,31535.0267855,28.54629326666667,39.752722466666654,0.3901906573333333,False,34.2,43,99,6,49,99,0.0,542.0,160.0,382.0,162.6,26.3
2020-06-15 12:45:00,144113.285714,14115.1107141,94700.482143,22,4135001,0.09794454858320377,0.25,True,3528.777678525,36028.3214285,28.7726258,41.34621800000001,0.4552512326666666,False,34.2,43,99,6,49,99,0.0,542.0,160.0,382.0,162.6,26.3
2020-06-15 13:00:00,222590.12501,21745.4482147,98984.910714,22,4135001,0.097692780457907,0.25,True,5436.362053675,55647.5312525,29.03071592857143,45.404338142857135,0.7324080378571429,False,34.6,43,99,8,49,99,0.0,657.0,287.0,370.0,295.4,26.1
2020-06-15 13:15:00,129372.857143,12677.7321428,103459.714285,22,4135001,0.0979937555896048,0.25,True,3169.4330357,32343.21428575,29.107385266666668,45.503061933333335,0.42740474,False,34.6,43,99,8,49,99,0.0,657.0,287.0,370.0,295.4,26.1
2020-06-15 13:30:00,78181.696428,7674.912499999999,106167.25,22,4135001,0.09816763834317754,0.25,True,1918.7281249999999,19545.424107,28.417808066666662,39.03741653333332,0.2453921386666666,False,34.6,43,99,8,49,99,0.0,657.0,287.0,370.0,295.4,26.1
2020-06-15 13:45:00,74783.910715,7347.2464288,107943.267857,22,4135001,0.09824635217059201,0.25,True,1836.8116072,18695.97767875,27.856903133333333,34.7539672,0.2260944466666666,False,34.6,43,99,8,49,99,0.0,657.0,287.0,370.0,295.4,26.1
2020-06-15 14:00:00,88812.160716,8722.0035713,110010.607143,22,4135001,0.09820731193772975,0.25,True,2180.500892825,22203.040179,27.197220866666672,33.998970666666665,0.2690430446666666,False,34.8,43,99,2,13,99,0.1,612.0,286.0,326.0,317.8,24.4
2020-06-15 14:15:00,135778.19643,13288.5160714,112373.446429,22,4135001,0.09786929286728925,0.25,True,3322.12901785,33944.5491075,26.7497132,34.74134893333333,0.423195788,False,34.8,43,99,2,13,99,0.1,612.0,286.0,326.0,317.8,24.4
2020-06-15 14:30:00,221139.767858,21599.617858,117019.714285,22,4135001,0.09767405504318752,0.25,True,5399.9044645,55284.9419645,27.611472733333333,43.56778333333334,0.652056834,False,34.8,43,99,2,13,99,0.1,612.0,286.0,326.0,317.8,24.4
2020-06-15 14:45:00,152447.125,14926.6410714,121522.071428,22,4135001,0.09791356230168329,0.25,True,3731.66026785,38111.78125,27.82892866666667,43.3427838,0.4772766193333333,False,34.8,43,99,2,13,99,0.1,612.0,286.0,326.0,317.8,24.4
2020-06-15 15:00:00,141923.464284,13901.5357142,125313.303572,22,4135001,0.09795093280968632,0.25,True,3475.38392855,35480.866071,27.93405566666667,41.36491266666666,0.4233145246666666,False,34.5,44,98,4,17,98,0.0,536.0,250.0,286.0,323.0,24.6
2020-06-15 15:15:00,138783.464286,13594.6839287,128658.964285,22,4135001,0.09795607854754627,0.25,True,3398.670982175,34695.8660715,28.178857466666667,40.87684526666667,0.4511937286666666,False,34.5,44,98,4,17,98,0.0,536.0,250.0,286.0,323.0,24.6
2020-06-15 15:30:00,117364.482143,11505.2857145,131510.142856,22,4135001,0.09803038793697104,0.25,True,2876.321428625,29341.12053575,27.89843528571428,38.410527071428575,0.3822117121428572,False,34.5,44,98,4,17,98,0.0,536.0,250.0,286.0,323.0,24.6
2020-06-15 15:45:00,138289.285714,13544.4071428,135100.25,22,4135001,0.09794256346664176,0.25,True,3386.1017857,34572.3214285,28.1680522,40.31551513333334,0.4502923073333334,False,34.5,44,98,4,17,98,0.0,536.0,250.0,286.0,323.0,24.6
2020-06-15 16:00:00,39692.285713,3885.1232144,137075.25,22,4135001,0.0978810654163851,0.25,True,971.2808036,9923.07142825,27.743865933333336,34.530938533333334,0.1251691066666666,False,34.0,46,98,0,15,98,0.0,324.0,112.0,212.0,186.0,22.4
2020-06-15 16:15:00,54300.517858,5326.9160715,138206.142858,22,4135001,0.09810064952659,0.25,True,1331.729017875,13575.1294645,27.32750646666667,31.594337933333332,0.1629056366666666,False,34.0,46,98,0,15,98,0.0,324.0,112.0,212.0,186.0,22.4
2020-06-15 16:30:00,76751.428573,7544.9910715,139893.357143,22,4135001,0.09830424282362106,0.25,True,1886.247767875,19187.85714325,27.34741213333333,33.07997246666667,0.238490188,False,34.0,46,98,0,15,98,0.0,324.0,112.0,212.0,186.0,22.4
2020-06-15 16:45:00,89339.821428,8776.3714285,141885.178572,22,4135001,0.09823582908740175,0.25,True,2194.092857125,22334.955357,27.16989953333333,33.85005699999999,0.2764912,False,34.0,46,98,0,15,98,0.0,324.0,112.0,212.0,186.0,22.4
2020-06-15 17:00:00,61398.107144,6028.0982143,143825.339287,22,4135001,0.09818052208290404,0.25,True,1507.024553575,15349.526786,27.25204246666667,33.650572000000004,0.193777918,False,34.1,43,99,0,7,99,0.0,214.0,76.0,138.0,191.7,20.9
2020-06-15 17:15:00,49971.232142,4899.6767856999995,145141.321431,22,4135001,0.09804994945445625,0.25,True,1224.9191964249999,12492.8080355,26.9659322,31.59396966666667,0.1565710793333333,False,34.1,43,99,0,7,99,0.0,214.0,76.0,138.0,191.7,20.9
2020-06-15 17:30:00,31657.553572,3085.7410713,146141.660715,22,4135001,0.09747250570963986,0.25,True,771.435267825,7914.388393,26.7447368,29.8884196,0.1016916527999999,False,34.1,43,99,0,7,99,0.0,214.0,76.0,138.0,191.7,20.9
2020-06-15 17:45:00,27116.589287,2640.7142859,146886.107143,22,4135001,0.09738371806095793,0.25,True,660.178571475,6779.14732175,26.740639133333328,29.0264568,0.0859623972,False,34.1,43,99,0,7,99,0.0,214.0,76.0,138.0,191.7,20.9
2020-06-15 18:00:00,11750.6607142,1137.17321427,147346.928572,22,4135001,0.0967752573177261,0.25,True,284.2933035675,2937.66517855,26.430651071428567,27.618528142857144,0.0388465545,False,33.2,46,99,3,8,99,0.0,82.0,20.0,62.0,117.4,21.1
2020-06-15 18:15:00,5194.2142855,501.55,147546.053573,22,4135001,0.09655935863102735,0.25,True,125.3875,1298.553571375,26.3341512,26.6526916,0.0182621793333333,False,33.2,46,99,3,8,99,0.0,82.0,20.0,62.0,117.4,21.1
2020-06-15 18:30:00,386.69642857,37.291071428,147613.696429,22,4135001,0.09643500346228191,0.25,True,9.322767857,96.6741071425,26.050742666666668,25.9055684,0.0040517676866666,False,33.2,46,99,3,8,99,0.0,82.0,20.0,62.0,117.4,21.1
2020-06-15 18:45:00,0.0,0.0,147615.0,22,4135001,,0.25,True,0.0,0.0,25.35520226666667,25.034010666666664,0.0001930037933333,False,33.2,46,99,3,8,99,0.0,82.0,20.0,62.0,117.4,21.1
2020-06-15 19:00:00,0.0,0.0,147615.0,22,4135001,,0.25,True,0.0,0.0,23.2409404,21.9908934,2.0070272266666667e-05,False,32.2,49,97,0,10,97,0.0,2.0,0.0,2.0,0.0,22.7
2020-06-15 19:15:00,0.0,0.0,147615.0,22,4135001,,0.25,True,0.0,0.0,22.767838466666667,21.174566666666667,0.0,False,32.2,49,97,0,10,97,0.0,2.0,0.0,2.0,0.0,22.7
2020-06-15 19:30:00,0.0,0.0,147615.0,22,4135001,,0.25,True,0.0,0.0,22.987856066666662,21.7699482,0.0,False,32.2,49,97,0,10,97,0.0,2.0,0.0,2.0,0.0,22.7
2020-06-15 19:45:00,0.0,0.0,147615.0,22,4135001,,0.25,True,0.0,0.0,23.20111713333333,22.1287008,0.0,False,32.2,49,97,0,10,97,0.0,2.0,0.0,2.0,0.0,22.7
2020-06-15 20:00:00,0.0,0.0,147615.0,22,4135001,,0.25,True,0.0,0.0,23.3763062,22.4887248,0.0,False,31.4,53,97,0,11,97,0.0,0.0,0.0,0.0,0.0,20.3
2020-06-15 20:15:00,0.0,0.0,147615.0,22,4135001,,0.25,True,0.0,0.0,23.397517642857142,22.452874214285718,0.0,False,31.4,53,97,0,11,97,0.0,0.0,0.0,0.0,0.0,20.3
2020-06-15 20:30:00,0.0,0.0,147615.0,22,4135001,,0.25,True,0.0,0.0,23.379569466666663,22.127677533333337,0.0,False,31.4,53,97,0,11,97,0.0,0.0,0.0,0.0,0.0,20.3
2020-06-15 20:45:00,0.0,0.0,147615.0,22,4135001,,0.25,True,0.0,0.0,23.297440666666667,21.768933133333334,0.0,False,31.4,53,97,0,11,97,0.0,0.0,0.0,0.0,0.0,20.3
2020-06-15 21:00:00,0.0,0.0,147615.0,22,4135001,,0.25,True,0.0,0.0,23.1545876,21.370139466666664,0.0,False,30.6,56,98,0,10,98,0.0,0.0,0.0,0.0,0.0,21.4
2020-06-15 21:15:00,0.0,0.0,147615.0,22,4135001,,0.25,True,0.0,0.0,23.025012266666664,21.098044733333328,0.0,False,30.6,56,98,0,10,98,0.0,0.0,0.0,0.0,0.0,21.4
2020-06-15 21:30:00,0.0,0.0,147615.0,22,4135001,,0.25,True,0.0,0.0,23.00178813333333,21.152862666666667,0.0,False,30.6,56,98,0,10,98,0.0,0.0,0.0,0.0,0.0,21.4
2020-06-15 21:45:00,0.0,0.0,147615.0,22,4135001,,0.25,True,0.0,0.0,22.969417266666667,21.07163493333333,0.0,False,30.6,56,98,0,10,98,0.0,0.0,0.0,0.0,0.0,21.4
2020-06-15 22:00:00,0.0,0.0,147615.0,22,4135001,,0.25,True,0.0,0.0,22.975063066666667,21.0493896,0.0,False,29.7,59,98,0,2,98,0.0,0.0,0.0,0.0,0.0,19.6
2020-06-15 22:15:00,0.0,0.0,147615.0,22,4135001,,0.25,True,0.0,0.0,23.13929433333333,21.802388333333337,0.0,False,29.7,59,98,0,2,98,0.0,0.0,0.0,0.0,0.0,19.6
2020-06-15 22:30:00,0.0,0.0,147615.0,22,4135001,,0.25,True,0.0,0.0,23.4763204,22.651540133333327,0.0,False,29.7,59,98,0,2,98,0.0,0.0,0.0,0.0,0.0,19.6
2020-06-15 22:45:00,0.0,0.0,147615.0,22,4135001,,0.25,True,0.0,0.0,23.61283221428572,22.879322642857144,0.0,False,29.7,59,98,0,2,98,0.0,0.0,0.0,0.0,0.0,19.6
2020-06-15 23:00:00,0.0,0.0,147615.0,22,4135001,,0.25,True,0.0,0.0,23.618847800000005,22.86751913333333,0.0,False,29.0,63,100,0,2,100,0.0,0.0,0.0,0.0,0.0,16.7
2020-06-15 23:15:00,0.0,0.0,147615.0,22,4135001,,0.25,True,0.0,0.0,23.602976466666668,22.941127400000003,0.0,False,29.0,63,100,0,2,100,0.0,0.0,0.0,0.0,0.0,16.7
2020-06-15 23:30:00,0.0,0.0,147615.0,22,4135001,,0.25,True,0.0,0.0,23.631050666666667,23.077227733333327,0.0,False,29.0,63,100,0,2,100,0.0,0.0,0.0,0.0,0.0,16.7
2020-06-15 23:45:00,0.0,0.0,146773.625,22,4135001,,0.25,True,0.0,0.0,23.641210800000003,23.05128580000001,0.0,False,29.0,63,100,0,2,100,0.0,0.0,0.0,0.0,0.0,16.7
2020-06-16 00:00:00,0.0,0.0,8088.6607142,22,4135001,,0.25,True,0.0,0.0,23.1030456,22.078888133333333,0.0,False,28.4,65,100,0,4,100,0.0,0.0,0.0,0.0,0.0,16.1
2020-06-16 00:15:00,0.0,0.0,0.0,22,4135001,,0.25,True,0.0,0.0,22.853855133333333,21.67698573333333,0.0,False,28.4,65,100,0,4,100,0.0,0.0,0.0,0.0,0.0,16.1
2020-06-16 00:30:00,0.0,0.0,0.0,22,4135001,,0.25,True,0.0,0.0,22.7012818,21.311032800000003,0.0,False,28.4,65,100,0,4,100,0.0,0.0,0.0,0.0,0.0,16.1
2020-06-16 00:45:00,0.0,0.0,0.0,22,4135001,,0.25,True,0.0,0.0,22.620440733333336,20.884556066666665,0.0,False,28.4,65,100,0,4,100,0.0,0.0,0.0,0.0,0.0,16.1
2020-06-16 01:00:00,0.0,0.0,0.0,22,4135001,,0.25,True,0.0,0.0,22.585764533333336,20.6971374,0.0,False,28.0,67,100,0,9,100,0.0,0.0,0.0,0.0,0.0,14.9
2020-06-16 01:15:00,0.0,0.0,0.0,22,4135001,,0.25,True,0.0,0.0,22.654924857142856,20.882272,0.0,False,28.0,67,100,0,9,100,0.0,0.0,0.0,0.0,0.0,14.9
2020-06-16 01:30:00,0.0,0.0,0.0,22,4135001,,0.25,True,0.0,0.0,22.739894666666665,21.476552466666668,0.0,False,28.0,67,100,0,9,100,0.0,0.0,0.0,0.0,0.0,14.9
2020-06-16 01:45:00,0.0,0.0,0.0,22,4135001,,0.25,True,0.0,0.0,22.727596,21.583762466666663,0.0,False,28.0,67,100,0,9,100,0.0,0.0,0.0,0.0,0.0,14.9
2020-06-16 02:00:00,0.0,0.0,0.0,22,4135001,,0.25,True,0.0,0.0,22.6596518,21.5838462,0.0,False,27.6,69,100,0,8,100,0.0,0.0,0.0,0.0,0.0,14.9
2020-06-16 02:15:00,0.0,0.0,0.0,22,4135001,,0.25,True,0.0,0.0,22.60989986666667,21.7492634,0.0,False,27.6,69,100,0,8,100,0.0,0.0,0.0,0.0,0.0,14.9
2020-06-16 02:30:00,0.0,0.0,0.0,22,4135001,,0.25,True,0.0,0.0,22.58112373333333,21.858671,0.0,False,27.6,69,100,0,8,100,0.0,0.0,0.0,0.0,0.0,14.9
2020-06-16 02:45:00,0.0,0.0,0.0,22,4135001,,0.25,True,0.0,0.0,22.547627866666662,21.670951266666663,0.0,False,27.6,69,100,0,8,100,0.0,0.0,0.0,0.0,0.0,14.9
2020-06-16 03:00:00,0.0,0.0,0.0,22,4135001,,0.25,True,0.0,0.0,22.499713000000003,21.391532466666668,0.0,False,27.3,70,100,0,1,100,0.0,0.0,0.0,0.0,0.0,15.0
2020-06-16 03:15:00,0.0,0.0,0.0,22,4135001,,0.25,True,0.0,0.0,22.458070800000005,21.181779,0.0,False,27.3,70,100,0,1,100,0.0,0.0,0.0,0.0,0.0,15.0
2020-06-16 03:30:00,0.0,0.0,0.0,22,4135001,,0.25,True,0.0,0.0,22.399773714285715,20.989717642857144,0.0,False,27.3,70,100,0,1,100,0.0,0.0,0.0,0.0,0.0,15.0
2020-06-16 03:45:00,0.0,0.0,0.0,22,4135001,,0.25,True,0.0,0.0,22.4348244,21.0618022,0.0,False,27.3,70,100,0,1,100,0.0,0.0,0.0,0.0,0.0,15.0
2020-06-16 04:00:00,0.0,0.0,0.0,22,4135001,,0.25,True,0.0,0.0,22.5443968,21.4435628,0.0,False,27.1,71,100,2,5,100,0.0,0.0,0.0,0.0,0.0,13.6
2020-06-16 04:15:00,0.0,0.0,0.0,22,4135001,,0.25,True,0.0,0.0,22.5694072,21.518406266666663,0.0,False,27.1,71,100,2,5,100,0.0,0.0,0.0,0.0,0.0,13.6
2020-06-16 04:30:00,0.0,0.0,0.0,22,4135001,,0.25,True,0.0,0.0,22.590698266666667,21.7528688,0.0,False,27.1,71,100,2,5,100,0.0,0.0,0.0,0.0,0.0,13.6
2020-06-16 04:45:00,0.0,0.0,0.0,22,4135001,,0.25,True,0.0,0.0,22.652595733333328,22.0547526,0.0,False,27.1,71,100,2,5,100,0.0,0.0,0.0,0.0,0.0,13.6
2020-06-16 05:00:00,0.0,0.0,0.0,22,4135001,,0.25,True,0.0,0.0,22.692254533333333,22.127937733333336,0.0,False,27.4,68,100,4,36,100,0.0,0.0,0.0,0.0,0.0,12.4
2020-06-16 05:15:00,0.0,0.0,0.0,22,4135001,,0.25,True,0.0,0.0,22.6955222,21.929762933333333,0.0,False,27.4,68,100,4,36,100,0.0,0.0,0.0,0.0,0.0,12.4
2020-06-16 05:30:00,0.0,0.0,0.0,22,4135001,,0.25,True,0.0,0.0,22.571179266666665,21.587780733333336,0.0,False,27.4,68,100,4,36,100,0.0,0.0,0.0,0.0,0.0,12.4
2020-06-16 05:45:00,0.0,0.0,0.0,22,4135001,,0.25,True,0.0,0.0,22.452933666666667,21.47074393333333,4.49041162e-05,False,27.4,68,100,4,36,100,0.0,0.0,0.0,0.0,0.0,12.4
2020-06-16 06:00:00,84.32142857,8.157142857,0.125,22,4135001,0.09673867005500617,0.25,True,2.03928571425,21.0803571425,22.494378142857144,21.69032292857143,0.003851879775,False,27.9,67,100,3,38,100,0.0,13.0,0.0,13.0,0.0,12.7
2020-06-16 06:15:00,4157.7142859,401.50714285000004,31.982142858,22,4135001,0.09656920010391906,0.25,True,100.37678571250001,1039.428571475,22.654567466666663,22.05121253333333,0.0141838213333333,False,27.9,67,100,3,38,100,0.0,13.0,0.0,13.0,0.0,12.7
2020-06-16 06:30:00,15183.1785714,1471.5321428500001,257.87499999,22,4135001,0.09691858235941923,0.25,True,367.88303571250003,3795.79464285,22.7384398,22.45022773333333,0.0468413084666666,False,27.9,67,100,3,38,100,0.0,13.0,0.0,13.0,0.0,12.7
2020-06-16 06:45:00,22121.5357151,2149.32857143,712.55357144,22,4135001,0.09716000729383738,0.25,True,537.3321428575,5530.383928775,22.961183666666667,23.921439533333327,0.0706118121333333,False,27.9,67,100,3,38,100,0.0,13.0,0.0,13.0,0.0,12.7
2020-06-16 07:00:00,31694.285714,3092.0767858,1353.71428572,22,4135001,0.0975594406418242,0.25,True,773.01919645,7923.5714285,23.138751200000005,24.801971466666664,0.1017261071999999,False,28.6,64,100,1,81,100,0.0,88.0,11.0,77.0,41.9,14.2
2020-06-16 07:15:00,51696.23214,5069.1875,2338.60714279,22,4135001,0.09805719469596919,0.25,True,1267.296875,12924.058035,23.25484613333333,25.770912666666668,0.167161456,False,28.6,64,100,1,81,100,0.0,88.0,11.0,77.0,41.9,14.2
2020-06-16 07:30:00,62238.232142,6105.1696428,3793.6250001,22,4135001,0.0980935581343428,0.25,True,1526.2924107,15559.5580355,23.595815066666667,28.376147533333327,0.206390628,False,28.6,64,100,1,81,100,0.0,88.0,11.0,77.0,41.9,14.2
2020-06-16 07:45:00,78174.178571,7677.1464287,5398.9285714,22,4135001,0.09820565523086883,0.25,True,1919.286607175,19543.54464275,23.800502533333333,29.75697633333333,0.2582670813333333,False,28.6,64,100,1,81,100,0.0,88.0,11.0,77.0,41.9,14.2
2020-06-16 08:00:00,107606.535714,10555.0339285,7732.7857144,22,4135001,0.09808915284247693,0.25,True,2638.758482125,26901.6339285,24.273189266666662,32.9937198,0.353673456,False,29.5,61,100,0,77,100,0.0,197.0,30.0,167.0,62.2,18.2
2020-06-16 08:15:00,101425.839286,9954.9267857,10377.5892856,22,4135001,0.09814980931662941,0.25,True,2488.731696425,25356.4598215,24.568143428571428,34.32752778571429,0.32255192,False,29.5,61,100,0,77,100,0.0,197.0,30.0,167.0,62.2,18.2
2020-06-16 08:30:00,127888.55357,12533.05,12985.7142857,22,4135001,0.09799977910564149,0.25,True,3133.2625,31972.1383925,24.833713600000003,34.94457799999999,0.402276302,False,29.5,61,100,0,77,100,0.0,197.0,30.0,167.0,62.2,18.2
2020-06-16 08:45:00,128303.5,12572.6750001,16296.7857146,22,4135001,0.09799167598779457,0.25,True,3143.168750025,32075.875,25.266322866666663,37.48621606666667,0.4147560933333333,False,29.5,61,100,0,77,100,0.0,197.0,30.0,167.0,62.2,18.2
2020-06-16 09:00:00,127951.55357,12538.4535714,19371.8392858,22,4135001,0.09799375796199641,0.25,True,3134.61339285,31987.8883925,25.405088333333328,37.028379066666666,0.410816618,False,30.6,57,100,0,40,100,0.0,318.0,42.0,276.0,62.1,19.6
2020-06-16 09:15:00,143803.607143,14086.6714286,22699.0892843,22,4135001,0.09795770571034458,0.25,True,3521.66785715,35950.90178575,25.76177973333333,38.08438906666666,0.46019857,False,30.6,57,100,0,40,100,0.0,318.0,42.0,276.0,62.1,19.6
2020-06-16 09:30:00,165579.464285,16210.6375,26436.607141,22,4135001,0.0979024637505639,0.25,True,4052.659375,41394.86607125,26.016273933333327,39.71077913333334,0.5521471146666667,False,30.6,57,100,0,40,100,0.0,318.0,42.0,276.0,62.1,19.6
2020-06-16 09:45:00,194379.196429,19016.1125,30951.428571,22,4135001,0.09782997794697607,0.25,True,4754.028125,48594.79910725,26.3412638,42.884138933333325,0.63615115,False,30.6,57,100,0,40,100,0.0,318.0,42.0,276.0,62.1,19.6
2020-06-16 10:00:00,246690.69642,24082.9642871,36232.500002,22,4135001,0.0976241286623062,0.25,True,6020.741071775,61672.674105,26.7102622,46.827693800000006,0.8289793113333334,False,32.0,51,100,78,12,100,0.0,448.0,100.0,348.0,120.4,26.6
2020-06-16 10:15:00,229013.80358,22378.3375003,42166.446427,22,4135001,0.09771610772135275,0.25,True,5594.584375075,57253.450895,27.3343506,49.562795,0.7204248719999999,False,32.0,51,100,78,12,100,0.0,448.0,100.0,348.0,120.4,26.6
2020-06-16 10:30:00,186010.64286,18201.6178571,47109.107142,22,4135001,0.09785256143004332,0.25,True,4550.404464275,46502.660715,27.42023371428571,47.050576142857146,0.5909023807142856,False,32.0,51,100,78,12,100,0.0,448.0,100.0,348.0,120.4,26.6
2020-06-16 10:45:00,206756.625001,20210.8678572,51624.017858,22,4135001,0.09775197219001928,0.25,True,5052.7169643,51689.15625025,27.318863800000003,45.9083192,0.6752527859999999,False,32.0,51,100,78,12,100,0.0,448.0,100.0,348.0,120.4,26.6
2020-06-16 11:00:00,255906.67857,24978.126784,57588.696428,22,4135001,0.09760638887416748,0.25,True,6244.531696,63976.6696425,27.994940266666667,53.25080986666667,0.9182852226666663,False,32.3,50,100,53,2,100,0.0,354.0,39.0,315.0,41.7,25.4
2020-06-16 11:15:00,184650.821428,18069.2625001,62847.196428,22,4135001,0.09785638840033897,0.25,True,4517.315625025,46162.705357,27.928853400000005,48.67373446666666,0.5986946806666666,False,32.3,50,100,53,2,100,0.0,354.0,39.0,315.0,41.7,25.4
2020-06-16 11:30:00,130431.410715,12780.4035714,66673.928571,22,4135001,0.0979856270919733,0.25,True,3195.10089285,32607.85267875,27.818320733333337,43.250374533333336,0.4207671039999999,False,32.3,50,100,53,2,100,0.0,354.0,39.0,315.0,41.7,25.4
2020-06-16 11:45:00,165610.25,16210.6321429,70553.910715,22,4135001,0.09788423206232706,0.25,True,4052.658035725,41402.5625,28.167818333333337,44.0384016,0.5218388100000001,False,32.3,50,100,53,2,100,0.0,354.0,39.0,315.0,41.7,25.4
2020-06-16 12:00:00,73977.982144,7269.2821429,73353.696429,22,4135001,0.09826277944091744,0.25,True,1817.320535725,18494.495536,27.874310399999995,38.48475933333333,0.2222456033333333,False,33.6,46,100,34,12,100,0.0,495.0,94.0,401.0,95.6,23.9
2020-06-16 12:15:00,135744.000001,13299.1107144,75611.017858,22,4135001,0.0979719966576941,0.25,True,3324.7776786,33936.00000025,27.3941652,37.038040933333335,0.429468928,False,33.6,46,100,34,12,100,0.0,495.0,94.0,401.0,95.6,23.9
2020-06-16 12:30:00,144775.410713,14176.6696428,79627.410715,22,4135001,0.09792180573332,0.25,True,3544.1674107,36193.85267825,27.964037071428567,45.40855414285714,0.4833998399999999,False,33.6,46,100,34,12,100,0.0,495.0,94.0,401.0,95.6,23.9
2020-06-16 12:45:00,158718.875001,15522.8642857,83192.410715,22,4135001,0.09780099742769849,0.25,True,3880.716071425,39679.71875025,28.30027873333333,46.0441244,0.5028826646666666,False,33.6,46,100,34,12,100,0.0,495.0,94.0,401.0,95.6,23.9
2020-06-16 13:00:00,105073.964285,10305.5482144,86104.285715,22,4135001,0.09807898925796202,0.25,True,2576.3870536,26268.49107125,27.9916526,41.8464274,0.319418066,False,33.4,45,100,26,35,100,0.0,387.0,36.0,351.0,37.1,25.3
2020-06-16 13:15:00,160651.946425,15730.2732144,89520.267857,22,4135001,0.09791523579045862,0.25,True,3932.5683036,40162.98660625,27.832635533333328,41.04779260000001,0.5032727366666667,False,33.4,45,100,26,35,100,0.0,387.0,36.0,351.0,37.1,25.3
2020-06-16 13:30:00,178077.571431,17424.8589286,93966.214287,22,4135001,0.09784982347061959,0.25,True,4356.21473215,44519.39285775,28.40100513333333,45.513633466666654,0.5822891546666668,False,33.4,45,100,26,35,100,0.0,387.0,36.0,351.0,37.1,25.3
2020-06-16 13:45:00,131667.482142,12894.9000001,97246.196429,22,4135001,0.09793534280691403,0.25,True,3223.725000025,32916.8705355,28.5019692,41.4494812,0.4094128093333333,False,33.4,45,100,26,35,100,0.0,387.0,36.0,351.0,37.1,25.3
2020-06-16 14:00:00,144565.285713,14158.800000000001,101087.24999899999,22,4135001,0.09794052514176144,0.25,True,3539.7000000000003,36141.32142825,28.79405306666667,43.01357606666667,0.430022742,False,34.0,45,100,22,31,100,0.0,502.0,123.0,379.0,136.6,26.0
2020-06-16 14:15:00,96858.535714,9507.832143,103822.196429,22,4135001,0.09816204708147092,0.25,True,2376.95803575,24214.6339285,28.307661933333332,38.786185733333326,0.3048436553333333,False,34.0,45,100,22,31,100,0.0,502.0,123.0,379.0,136.6,26.0
2020-06-16 14:30:00,216497.553564,21145.8624995,107405.053571,22,4135001,0.09767252401422151,0.25,True,5286.465624875,54124.388391,28.7229654,43.40939126666667,0.7181465133333333,False,34.0,45,100,22,31,100,0.0,502.0,123.0,379.0,136.6,26.0
2020-06-16 14:45:00,159807.410713,15640.5517858,112656.607142,22,4135001,0.09787125463091978,0.25,True,3910.13794645,39951.85267825,29.282915285714285,47.94010285714285,0.5257635171428571,False,34.0,45,100,22,31,100,0.0,502.0,123.0,379.0,136.6,26.0
2020-06-16 15:00:00,90072.375,8844.4125,115500.857143,22,4135001,0.09819228703584201,0.25,True,2211.103125,22518.09375,28.405712933333334,39.4493672,0.2822451986666666,False,33.3,47,100,1,8,100,0.0,333.0,66.0,267.0,85.2,23.7
2020-06-16 15:15:00,102844.357142,10090.6553573,117847.910713,22,4135001,0.09811579009014135,0.25,True,2522.663839325,25711.0892855,28.018060266666662,36.67894273333333,0.3201579573333333,False,33.3,47,100,1,8,100,0.0,333.0,66.0,267.0,85.2,23.7
2020-06-16 15:30:00,142355.321429,13944.7107143,120805.214286,22,4135001,0.09795707371048262,0.25,True,3486.177678575,35588.83035725,27.99871413333333,38.17277626666667,0.4274141633333333,False,33.3,47,100,1,8,100,0.0,333.0,66.0,267.0,85.2,23.7
2020-06-16 15:45:00,110951.621033,10880.6769842,124020.075397,22,4135001,0.09806685907692861,0.25,True,2720.16924605,27737.90525825,28.175795466666663,38.97982593333333,0.3585119633333332,False,33.3,47,100,1,8,100,0.0,333.0,66.0,267.0,85.2,23.7
2020-06-16 16:00:00,109251.250001,10713.4749999,126692.821427,22,4135001,0.09806272239266771,0.25,True,2678.368749975,27312.81250025,28.046335933333328,37.409806,0.345676682,False,33.4,46,100,0,6,100,0.0,331.0,76.0,255.0,126.0,24.9
2020-06-16 16:15:00,76906.214286,7555.5017858,129013.339286,22,4135001,0.09824305949714915,0.25,True,1888.87544645,19226.5535715,27.96042866666667,35.6392172,0.2479111146666666,False,33.4,46,100,0,6,100,0.0,331.0,76.0,255.0,126.0,24.9
2020-06-16 16:30:00,58193.160715,5707.1517858,130614.732143,22,4135001,0.09807255209509375,0.25,True,1426.78794645,14548.29017875,27.695955466666668,32.8359476,0.1895537733333333,False,33.4,46,100,0,6,100,0.0,331.0,76.0,255.0,126.0,24.9
2020-06-16 16:45:00,48574.410714,4762.3535713,131923.267858,22,4135001,0.09804243636305003,0.25,True,1190.588392825,12143.6026785,27.426601,31.4595755,0.1614167364285714,False,33.4,46,100,0,6,100,0.0,331.0,76.0,255.0,126.0,24.9
2020-06-16 17:00:00,42188.785715,4135.5071428,133035.125,22,4135001,0.09802384858234123,0.25,True,1033.8767857,10547.19642875,27.1594952,30.26335453333333,0.138821146,False,33.3,44,100,0,15,100,0.0,158.0,20.0,138.0,50.4,21.4
2020-06-16 17:15:00,38168.589287,3740.9839285,134031.446428,22,4135001,0.09801210886707193,0.25,True,935.245982125,9542.14732175,26.824678533333337,29.386724733333327,0.1235097679333333,False,33.3,44,100,0,15,100,0.0,158.0,20.0,138.0,50.4,21.4
2020-06-16 17:30:00,31866.214286,3108.4678571,134901.839286,22,4135001,0.09754744724934786,0.25,True,777.116964275,7966.5535715,26.401951266666664,28.3863546,0.1023283072,False,33.3,44,100,0,15,100,0.0,158.0,20.0,138.0,50.4,21.4
2020-06-16 17:45:00,22846.767858,2220.25714284,135566.625,22,4135001,0.09718036076873593,0.25,True,555.06428571,5711.6919645,26.144761066666668,27.2317426,0.0729025029333333,False,33.3,44,100,0,15,100,0.0,158.0,20.0,138.0,50.4,21.4
2020-06-16 18:00:00,15284.0714285,1480.95714285,136028.428571,22,4135001,0.09689546072707299,0.25,True,370.2392857125,3821.017857125,25.890207866666664,26.162266133333336,0.0488549196666666,False,32.7,45,100,0,21,100,0.0,56.0,5.0,51.0,29.2,19.1
2020-06-16 18:15:00,7573.6071429,731.94107141,136308.0,22,4135001,0.0966436544171914,0.25,True,182.9852678525,1893.401785725,25.614040133333333,25.099682599999998,0.0247498541333333,False,32.7,45,100,0,21,100,0.0,56.0,5.0,51.0,29.2,19.1
2020-06-16 18:30:00,1649.64285716,159.194642855,136419.446431,22,4135001,0.09650248971408702,0.25,True,39.79866071375,412.41071429,25.386586466666667,24.1691102,0.0070536268133333,False,32.7,45,100,0,21,100,0.0,56.0,5.0,51.0,29.2,19.1
2020-06-16 18:45:00,0.0,0.0,136429.0,22,4135001,,0.25,True,0.0,0.0,25.18057035714285,23.46554121428572,5.614888285714287e-05,False,32.7,45,100,0,21,100,0.0,56.0,5.0,51.0,29.2,19.1
2020-06-16 19:00:00,0.0,0.0,136429.0,22,4135001,,0.25,True,0.0,0.0,24.986523400000003,23.094964466666667,0.0,False,31.8,49,100,0,15,100,0.0,2.0,0.0,2.0,0.0,21.3
2020-06-16 19:15:00,0.0,0.0,136429.0,22,4135001,,0.25,True,0.0,0.0,24.872993933333333,23.475244266666667,0.0,False,31.8,49,100,0,15,100,0.0,2.0,0.0,2.0,0.0,21.3
2020-06-16 19:30:00,0.0,0.0,136429.0,22,4135001,,0.25,True,0.0,0.0,24.442285133333336,23.068772466666665,0.0,False,31.8,49,100,0,15,100,0.0,2.0,0.0,2.0,0.0,21.3
2020-06-16 19:45:00,0.0,0.0,136429.0,22,4135001,,0.25,True,0.0,0.0,24.105043466666668,22.125270533333328,0.0,False,31.8,49,100,0,15,100,0.0,2.0,0.0,2.0,0.0,21.3
2020-06-16 20:00:00,0.0,0.0,136429.0,22,4135001,,0.25,True,0.0,0.0,23.90370066666667,21.6543518,0.0,False,31.0,52,98,0,21,98,0.0,0.0,0.0,0.0,0.0,23.3
2020-06-16 20:15:00,0.0,0.0,136429.0,22,4135001,,0.25,True,0.0,0.0,23.837534466666664,21.472778333333338,0.0,False,31.0,52,98,0,21,98,0.0,0.0,0.0,0.0,0.0,23.3
2020-06-16 20:30:00,0.0,0.0,136429.0,22,4135001,,0.25,True,0.0,0.0,23.731559266666665,21.342250600000003,0.0,False,31.0,52,98,0,21,98,0.0,0.0,0.0,0.0,0.0,23.3
2020-06-16 20:45:00,0.0,0.0,136429.0,22,4135001,,0.25,True,0.0,0.0,23.63031613333333,21.26215206666667,0.0,False,31.0,52,98,0,21,98,0.0,0.0,0.0,0.0,0.0,23.3
2020-06-16 21:00:00,0.0,0.0,136429.0,22,4135001,,0.25,True,0.0,0.0,23.54011321428572,21.28716157142857,0.0,False,30.3,55,98,1,32,97,0.0,0.0,0.0,0.0,0.0,19.1
2020-06-16 21:15:00,0.0,0.0,136429.0,22,4135001,,0.25,True,0.0,0.0,23.47867833333333,21.77463793333333,0.0,False,30.3,55,98,1,32,97,0.0,0.0,0.0,0.0,0.0,19.1
2020-06-16 21:30:00,0.0,0.0,136429.0,22,4135001,,0.25,True,0.0,0.0,23.456827866666668,21.562624133333337,0.0,False,30.3,55,98,1,32,97,0.0,0.0,0.0,0.0,0.0,19.1
2020-06-16 21:45:00,0.0,0.0,136429.0,22,4135001,,0.25,True,0.0,0.0,23.27699386666667,21.23533533333333,0.0,False,30.3,55,98,1,32,97,0.0,0.0,0.0,0.0,0.0,19.1
2020-06-16 22:00:00,0.0,0.0,136429.0,22,4135001,,0.25,True,0.0,0.0,23.0816692,20.936218266666668,0.0,False,29.7,58,99,0,33,99,0.0,0.0,0.0,0.0,0.0,17.8
2020-06-16 22:15:00,0.0,0.0,136429.0,22,4135001,,0.25,True,0.0,0.0,22.92795193333333,20.6880636,0.0,False,29.7,58,99,0,33,99,0.0,0.0,0.0,0.0,0.0,17.8
2020-06-16 22:30:00,0.0,0.0,136429.0,22,4135001,,0.25,True,0.0,0.0,22.8635354,20.536962866666663,0.0,False,29.7,58,99,0,33,99,0.0,0.0,0.0,0.0,0.0,17.8
2020-06-16 22:45:00,0.0,0.0,136429.0,22,4135001,,0.25,True,0.0,0.0,22.87235926666667,20.92511186666667,0.0,False,29.7,58,99,0,33,99,0.0,0.0,0.0,0.0,0.0,17.8
2020-06-16 23:00:00,0.0,0.0,136429.0,22,4135001,,0.25,True,0.0,0.0,22.962205000000004,21.606494266666665,0.0,False,29.1,61,99,0,29,99,0.0,0.0,0.0,0.0,0.0,18.4
2020-06-16 23:15:00,0.0,0.0,136429.0,22,4135001,,0.25,True,0.0,0.0,22.947974214285715,21.32625042857143,0.0,False,29.1,61,99,0,29,99,0.0,0.0,0.0,0.0,0.0,18.4
2020-06-16 23:30:00,0.0,0.0,136429.0,22,4135001,,0.25,True,0.0,0.0,22.9250326,21.164687,0.0,False,29.1,61,99,0,29,99,0.0,0.0,0.0,0.0,0.0,18.4
2020-06-16 23:45:00,0.0,0.0,134079.375,22,4135001,,0.25,True,0.0,0.0,22.8920044,21.21659966666667,0.0,False,29.1,61,99,0,29,99,0.0,0.0,0.0,0.0,0.0,18.4
2020-06-17 00:00:00,0.0,0.0,6955.2321429,22,4135001,,0.25,True,0.0,0.0,22.895672466666667,21.4657734,0.0,False,28.6,62,99,0,23,99,0.0,0.0,0.0,0.0,0.0,16.7
2020-06-17 00:15:00,0.0,0.0,0.0,22,4135001,,0.25,True,0.0,0.0,22.868416400000005,21.381974333333336,0.0,False,28.6,62,99,0,23,99,0.0,0.0,0.0,0.0,0.0,16.7
2020-06-17 00:30:00,0.0,0.0,0.0,22,4135001,,0.25,True,0.0,0.0,22.826764000000004,21.210284466666668,0.0,False,28.6,62,99,0,23,99,0.0,0.0,0.0,0.0,0.0,16.7
2020-06-17 00:45:00,0.0,0.0,0.0,22,4135001,,0.25,True,0.0,0.0,22.795615466666668,21.3571554,0.0,False,28.6,62,99,0,23,99,0.0,0.0,0.0,0.0,0.0,16.7
2020-06-17 01:00:00,0.0,0.0,0.0,22,4135001,,0.25,True,0.0,0.0,22.771451866666663,21.47204793333333,0.0,False,28.1,64,99,0,13,99,0.0,0.0,0.0,0.0,0.0,15.2
2020-06-17 01:15:00,0.0,0.0,0.0,22,4135001,,0.25,True,0.0,0.0,22.74187364285714,21.349182142857146,0.0,False,28.1,64,99,0,13,99,0.0,0.0,0.0,0.0,0.0,15.2
2020-06-17 01:30:00,0.0,0.0,0.0,22,4135001,,0.25,True,0.0,0.0,22.687184666666667,21.247636,0.0,False,28.1,64,99,0,13,99,0.0,0.0,0.0,0.0,0.0,15.2
2020-06-17 01:45:00,0.0,0.0,0.0,22,4135001,,0.25,True,0.0,0.0,22.602610333333327,21.096276733333337,0.0,False,28.1,64,99,0,13,99,0.0,0.0,0.0,0.0,0.0,15.2
2020-06-17 02:00:00,0.0,0.0,0.0,22,4135001,,0.25,True,0.0,0.0,22.6269064,21.193654466666665,0.0,False,27.7,65,100,0,11,100,0.0,0.0,0.0,0.0,0.0,14.4
2020-06-17 02:15:00,0.0,0.0,0.0,22,4135001,,0.25,True,0.0,0.0,22.6140116,21.31661153333333,0.0,False,27.7,65,100,0,11,100,0.0,0.0,0.0,0.0,0.0,14.4
2020-06-17 02:30:00,0.0,0.0,0.0,22,4135001,,0.25,True,0.0,0.0,22.663737,21.763271133333337,0.0,False,27.7,65,100,0,11,100,0.0,0.0,0.0,0.0,0.0,14.4
2020-06-17 02:45:00,0.0,0.0,0.0,22,4135001,,0.25,True,0.0,0.0,22.774051866666664,22.108378,0.0,False,27.7,65,100,0,11,100,0.0,0.0,0.0,0.0,0.0,14.4
2020-06-17 03:00:00,0.0,0.0,0.0,22,4135001,,0.25,True,0.0,0.0,22.852022266666665,22.4946594,0.0,False,27.4,66,100,0,3,100,0.0,0.0,0.0,0.0,0.0,13.6
2020-06-17 03:15:00,0.0,0.0,0.0,22,4135001,,0.25,True,0.0,0.0,22.81974493333333,22.48667,0.0,False,27.4,66,100,0,3,100,0.0,0.0,0.0,0.0,0.0,13.6
2020-06-17 03:30:00,0.0,0.0,0.0,22,4135001,,0.25,True,0.0,0.0,22.77129513333333,22.362780800000003,0.0,False,27.4,66,100,0,3,100,0.0,0.0,0.0,0.0,0.0,13.6
2020-06-17 03:45:00,0.0,0.0,0.0,22,4135001,,0.25,True,0.0,0.0,22.788774857142855,22.275460428571428,0.0,False,27.4,66,100,0,3,100,0.0,0.0,0.0,0.0,0.0,13.6
2020-06-17 04:00:00,0.0,0.0,0.0,22,4135001,,0.25,True,0.0,0.0,22.8229758,22.151271533333336,0.0,False,27.2,67,100,4,6,100,0.0,0.0,0.0,0.0,0.0,13.2
2020-06-17 04:15:00,0.0,0.0,0.0,22,4135001,,0.25,True,0.0,0.0,22.7428528,21.91627006666667,0.0,False,27.2,67,100,4,6,100,0.0,0.0,0.0,0.0,0.0,13.2
2020-06-17 04:30:00,0.0,0.0,0.0,22,4135001,,0.25,True,0.0,0.0,22.554170733333333,21.6825296,0.0,False,27.2,67,100,4,6,100,0.0,0.0,0.0,0.0,0.0,13.2
2020-06-17 04:45:00,0.0,0.0,0.0,22,4135001,,0.25,True,0.0,0.0,22.414825466666667,21.4082114,0.0,False,27.2,67,100,4,6,100,0.0,0.0,0.0,0.0,0.0,13.2
2020-06-17 05:00:00,0.0,0.0,0.0,22,4135001,,0.25,True,0.0,0.0,22.35033773333333,21.41950486666666,0.0,False,27.4,67,99,3,5,100,0.0,0.0,0.0,0.0,0.0,11.1
2020-06-17 05:15:00,0.0,0.0,0.0,22,4135001,,0.25,True,0.0,0.0,22.350765000000003,21.737540666666668,0.0,False,27.4,67,99,3,5,100,0.0,0.0,0.0,0.0,0.0,11.1
2020-06-17 05:30:00,0.0,0.0,0.0,22,4135001,,0.25,True,0.0,0.0,22.17537633333333,21.605226666666663,0.0,False,27.4,67,99,3,5,100,0.0,0.0,0.0,0.0,0.0,11.1
2020-06-17 05:45:00,0.0,0.0,0.0,22,4135001,,0.25,True,0.0,0.0,21.707153333333327,20.7132262,0.0,False,27.4,67,99,3,5,100,0.0,0.0,0.0,0.0,0.0,11.1
2020-06-17 06:00:00,62.17857143,5.998214286,0.0,22,4135001,0.09646754738893813,0.75,False,,,21.69549992857143,20.599559285714285,0.0028424610064285,False,27.8,65,99,5,6,99,0.0,12.0,1.0,11.0,10.4,11.5
2020-06-17 06:45:00,9034.5,877.25,0.5,22,4135001,0.09710000553434059,0.25,True,219.3125,2258.625,22.335686384615386,23.15451523076923,0.045347547,False,27.8,65,99,5,6,99,0.0,12.0,1.0,11.0,10.4,11.5
2020-06-17 07:00:00,30183.839286,2946.0321428,362.66071428,22,4135001,0.09760296279361791,0.25,True,736.5080357,7545.9598215,22.482625266666663,24.277018266666666,0.0933161474666666,False,28.4,63,100,6,15,100,0.0,84.0,3.0,81.0,11.5,12.6
2020-06-17 07:15:00,45510.428573,4462.5303573,1248.98214289,22,4135001,0.09805511609590704,0.25,True,1115.632589325,11377.60714325,22.711220200000003,25.8125894,0.1437652418,False,28.4,63,100,6,15,100,0.0,84.0,3.0,81.0,11.5,12.6
2020-06-17 07:30:00,71874.964286,7062.442857,2678.9285713,22,4135001,0.09826012335668932,0.25,True,1765.61071425,17968.7410715,22.99848413333333,28.593758200000003,0.2278736373333333,False,28.4,63,100,6,15,100,0.0,84.0,3.0,81.0,11.5,12.6
2020-06-17 07:45:00,83619.446428,8217.6857144,4647.1964285,22,4135001,0.09827481603188784,0.25,True,2054.4214286,20904.861607,23.364750200000003,30.827225666666664,0.2681349153333333,False,28.4,63,100,6,15,100,0.0,84.0,3.0,81.0,11.5,12.6
2020-06-17 08:00:00,75328.892859,7405.6071428,6566.6250002,22,4135001,0.09831031443222926,0.25,True,1851.4017857,18832.22321475,23.751955,31.084741200000003,0.2345097293333333,False,29.3,60,100,1,100,100,0.0,207.0,28.0,179.0,58.2,17.7
2020-06-17 08:15:00,83278.589285,8184.1392857,8475.7142857,22,4135001,0.09827423057914496,0.25,True,2046.034821425,20819.64732125,24.041337,31.60524686666667,0.2610877493333334,False,29.3,60,100,1,100,100,0.0,207.0,28.0,179.0,58.2,17.7
2020-06-17 08:30:00,89576.000001,8800.6285713,10653.9999999,22,4135001,0.09824761734395097,0.25,True,2200.157142825,22394.00000025,24.25599892857143,32.83224278571429,0.2754482242857142,False,29.3,60,100,1,100,100,0.0,207.0,28.0,179.0,58.2,17.7
2020-06-17 08:45:00,86027.0,8452.9375,12737.75,22,4135001,0.09825912213607356,0.25,True,2113.234375,21506.75,24.443902533333333,32.258191,0.262713,False,29.3,60,100,1,100,100,0.0,207.0,28.0,179.0,58.2,17.7
2020-06-17 09:00:00,111291.857143,10911.057142900001,15167.1428571,22,4135001,0.0980400311667032,0.25,True,2727.7642857250003,27822.96428575,24.68842373333333,34.1126014,0.3381332306666667,False,29.0,61,100,0,96,100,0.0,124.0,3.0,121.0,4.4,19.0
2020-06-17 09:15:00,118653.25,11630.1,17973.875,22,4135001,0.09801754271374784,0.25,True,2907.525,29663.3125,24.982682266666668,34.559212133333325,0.3666457480000001,False,29.0,61,100,0,96,100,0.0,124.0,3.0,121.0,4.4,19.0
2020-06-17 09:30:00,151664.999999,14852.6857142,21378.2857146,22,4135001,0.09793087208187738,0.25,True,3713.17142855,37916.24999975,25.439449133333333,37.621647133333326,0.4660193226666666,False,29.0,61,100,0,96,100,0.0,124.0,3.0,121.0,4.4,19.0
2020-06-17 09:45:00,125579.875,12306.7625,24602.625,22,4135001,0.09799948041037627,0.25,True,3076.690625,31394.96875,25.527582066666668,37.25813600000001,0.3833396619999999,False,29.0,61,100,0,96,100,0.0,124.0,3.0,121.0,4.4,19.0
2020-06-17 10:00:00,137429.428571,13464.2285714,27870.571428,22,4135001,0.0979719461210158,0.25,True,3366.05714285,34357.35714275,25.68465353333333,37.61702466666667,0.4246341313333333,False,30.5,56,100,16,29,100,0.0,344.0,45.0,299.0,54.2,21.2
2020-06-17 10:15:00,147871.25,14483.8875,31407.375,22,4135001,0.09794931401472565,0.25,True,3620.971875,36967.8125,25.957446399999995,38.814910666666655,0.4543548386666667,False,30.5,56,100,16,29,100,0.0,344.0,45.0,299.0,54.2,21.2
2020-06-17 10:30:00,159709.142858,15638.6428571,35142.142859,22,4135001,0.09791952155803986,0.25,True,3909.660714275,39927.2857145,26.182826666666664,40.22812886666667,0.5010602806666667,False,30.5,56,100,16,29,100,0.0,344.0,45.0,299.0,54.2,21.2
2020-06-17 10:45:00,145370.464286,14239.3214286,39069.375,22,4135001,0.09795195673713844,0.25,True,3559.83035715,36342.6160715,26.47013421428571,41.11575328571428,0.464913585,False,30.5,56,100,16,29,100,0.0,344.0,45.0,299.0,54.2,21.2
2020-06-17 11:00:00,148259.392858,14510.4696431,42046.285716,22,4135001,0.09787217769735404,0.25,True,3627.617410775,37064.8482145,26.236733,37.096722333333325,0.4508577206666666,False,31.9,50,100,41,12,100,0.0,429.0,77.0,352.0,82.3,24.0
2020-06-17 11:15:00,175713.482142,17199.1071427,46451.0,22,4135001,0.09788154518957641,0.25,True,4299.776785675,43928.3705355,26.771500733333337,42.28302813333334,0.564246406,False,31.9,50,100,41,12,100,0.0,429.0,77.0,352.0,82.3,24.0
2020-06-17 11:30:00,169041.375,16548.7035715,50627.375,22,4135001,0.09789735543443136,0.25,True,4137.175892875,42260.34375,27.251393533333328,41.926712666666674,0.5372297933333333,False,31.9,50,100,41,12,100,0.0,429.0,77.0,352.0,82.3,24.0
2020-06-17 11:45:00,253784.30358,24773.9125,55489.357143,22,4135001,0.09761798563003152,0.25,True,6193.478125,63446.075895,27.742724733333336,46.33160186666667,0.892716588,False,31.9,50,100,41,12,100,0.0,429.0,77.0,352.0,82.3,24.0
2020-06-17 12:00:00,253799.642864,24771.0553577,61991.285713,22,4135001,0.09760082826820096,0.25,True,6192.763839425,63449.910716,28.4727662,51.776054,0.8971673586666666,False,33.6,45,100,77,27,100,0.0,643.0,223.0,420.0,226.8,24.6
2020-06-17 12:15:00,297928.39287,29048.955358,68709.910715,22,4135001,0.09750314522951631,0.25,True,7262.2388395,74482.0982175,28.649094666666667,53.773537133333335,1.0312303086666668,False,33.6,45,100,77,27,100,0.0,643.0,223.0,420.0,226.8,24.6
2020-06-17 12:30:00,210966.428569,20619.0285715,75184.464285,22,4135001,0.09773606498133522,0.25,True,5154.757142875,52741.60714225,28.941943333333327,51.34074066666668,0.718821216,False,33.6,45,100,77,27,100,0.0,643.0,223.0,420.0,226.8,24.6
2020-06-17 12:45:00,221577.017863,21655.719643,80138.107141,22,4135001,0.09773450266574861,0.25,True,5413.92991075,55394.25446575,29.028007,47.83913766666667,0.7001748986666666,False,33.6,45,100,77,27,100,0.0,643.0,223.0,420.0,226.8,24.6
2020-06-17 13:00:00,154807.553571,15160.007142800001,84677.571428,22,4135001,0.09792808421229335,0.25,True,3790.0017857000003,38701.88839275,28.579515642857142,43.52298428571428,0.4894874157142857,False,34.0,42,100,56,24,100,0.0,435.0,106.0,329.0,109.1,20.3
2020-06-17 13:15:00,194384.142859,19014.0714284,88892.428573,22,4135001,0.09781698830337304,0.25,True,4753.5178571,48596.03571475,28.496042933333328,42.57935760000001,0.6021715766666667,False,34.0,42,100,56,24,100,0.0,435.0,106.0,329.0,109.1,20.3
2020-06-17 13:30:00,215289.75,21044.15,93824.875,22,4135001,0.09774803491573567,0.25,True,5261.0375,53822.4375,28.954923333333333,44.68992900000001,0.6593983766666666,False,34.0,42,100,56,24,100,0.0,435.0,106.0,329.0,109.1,20.3
2020-06-17 13:45:00,181490.0,17746.0000002,98820.142857,22,4135001,0.09777949198413137,0.25,True,4436.50000005,45372.5,29.05773106666667,45.0513366,0.5994605753333334,False,34.0,42,100,56,24,100,0.0,435.0,106.0,329.0,109.1,20.3
2020-06-17 14:00:00,138150.875,13531.35,102563.375,22,4135001,0.09794617659859194,0.25,True,3382.8375,34537.71875,28.6523418,41.97513206666667,0.4384577806666666,False,34.4,43,100,35,80,99,0.0,608.0,264.0,344.0,293.1,26.5
2020-06-17 14:15:00,133169.428572,13048.0571428,105788.428572,22,4135001,0.09798087506056524,0.25,True,3262.0142857,33292.357143,28.22970173333333,39.4037556,0.4106262193333333,False,34.4,43,100,35,80,99,0.0,608.0,264.0,344.0,293.1,26.5
2020-06-17 14:30:00,183476.0,17947.7625,109864.125,22,4135001,0.09782076402363252,0.25,True,4486.940625,45869.0,28.766581200000005,42.79567873333334,0.58660541,False,34.4,43,100,35,80,99,0.0,608.0,264.0,344.0,293.1,26.5
2020-06-17 14:45:00,172201.999998,16851.6714286,114408.285713,22,4135001,0.09785990539480213,0.25,True,4212.91785715,43050.4999995,29.11126313333333,44.9506284,0.5350119733333333,False,34.4,43,100,35,80,99,0.0,608.0,264.0,344.0,293.1,26.5
2020-06-17 15:00:00,104550.303571,10254.9732144,117622.267857,22,4135001,0.0980864986913774,0.25,True,2563.7433036,26137.57589275,28.617018666666667,39.946699866666656,0.3174531373333333,False,32.2,48,100,0,89,100,0.2,211.0,19.0,192.0,24.5,23.1
2020-06-17 15:15:00,34177.892856,3341.7053571,119392.14285599999,22,4135001,0.09777388474998853,0.25,True,835.426339275,8544.473214,27.914616214285715,34.29488935714285,0.1042054897142857,False,32.2,48,100,0,89,100,0.2,211.0,19.0,192.0,24.5,23.1
2020-06-17 15:30:00,19862.5,1928.27857144,119918.767857,22,4135001,0.09708136294222781,0.25,True,482.06964286,4965.625,25.61776526666667,26.2441224,0.0553157361333333,False,32.2,48,100,0,89,100,0.2,211.0,19.0,192.0,24.5,23.1
2020-06-17 15:45:00,31009.214286000002,3026.0392859,120603.839286,22,4135001,0.09758516478330094,0.25,True,756.509821475,7752.3035715000005,23.556774866666668,23.536191933333328,0.085784176,False,32.2,48,100,0,89,100,0.2,211.0,19.0,192.0,24.5,23.1
2020-06-17 16:00:00,70458.732142,6922.5035714,121718.303572,22,4135001,0.09824905105372368,0.25,True,1730.62589285,17614.6830355,23.40352773333333,24.986667866666668,0.1997712573333333,False,32.5,47,100,0,20,100,0.0,240.0,41.0,199.0,67.9,25.0
2020-06-17 16:15:00,80255.714286,7880.0428573,123726.910714,22,4135001,0.09818668897791635,0.25,True,1970.010714325,20063.9285715,24.1127868,28.996931866666667,0.235077558,False,32.5,47,100,0,20,100,0.0,240.0,41.0,199.0,67.9,25.0
2020-06-17 16:30:00,40381.375001,3954.9089285,125175.482142,22,4135001,0.09793893666082597,0.25,True,988.727232125,10095.34375025,24.390767466666667,29.473142333333332,0.1186300124,False,32.5,47,100,0,20,100,0.0,240.0,41.0,199.0,67.9,25.0
2020-06-17 16:45:00,24905.910713,2421.4446428,125955.375,22,4135001,0.09722369403404678,0.25,True,605.3611607,6226.47767825,24.2918964,26.972265600000004,0.0716163500666666,False,32.5,47,100,0,20,100,0.0,240.0,41.0,199.0,67.9,25.0
2020-06-17 17:00:00,28956.375001,2819.3785713,126559.107146,22,4135001,0.09736642004403637,0.25,True,704.844642825,7239.09375025,24.191860066666663,25.512402466666668,0.0864726348666666,False,32.1,52,100,0,9,100,0.0,198.0,39.0,159.0,98.0,17.0
2020-06-17 17:15:00,34329.285715,3356.5446428,127365.982143,22,4135001,0.0977749630640691,0.25,True,839.1361607,8582.32142875,24.196166857142856,26.66497142857143,0.1047624446428571,False,32.1,52,100,0,9,100,0.0,198.0,39.0,159.0,98.0,17.0
2020-06-17 17:30:00,29492.0,2869.84,128047.0,22,4135001,0.09730910077309102,0.25,True,717.46,7373.0,24.278403545454545,26.86244345454546,0.0901317685454545,False,32.1,52,100,0,9,100,0.0,198.0,39.0,159.0,98.0,17.0
2020-06-17 17:45:00,20813.4285715,2021.62857142,128802.428571,22,4135001,0.09713097313473057,0.25,True,505.407142855,5203.357142875,24.17417021428572,25.95027171428572,0.0652585639285714,False,32.1,52,100,0,9,100,0.0,198.0,39.0,159.0,98.0,17.0
2020-06-17 18:00:00,13312.0000002,1288.58571429,129191.85714400001,22,4135001,0.09679880666095554,0.25,True,322.1464285725,3328.00000005,24.130348733333328,25.080924533333327,0.0419395646666666,False,30.9,55,96,4,47,94,0.1,68.0,10.0,58.0,58.1,16.6
2020-06-17 18:15:00,7450.625,719.875,129444.625,22,4135001,0.09661941112322792,0.25,True,179.96875,1862.65625,24.038157333333327,24.0682496,0.0234457014666666,False,30.9,55,96,4,47,94,0.1,68.0,10.0,58.0,58.1,16.6
2020-06-17 18:30:00,1718.57142858,165.82857143,129559.714286,22,4135001,0.09649210307599423,0.25,True,41.4571428575,429.642857145,23.8402385,22.968658428571427,0.0070068898142857,False,30.9,55,96,4,47,94,0.1,68.0,10.0,58.0,58.1,16.6
2020-06-17 18:45:00,0.0,0.0,129571.0,22,4135001,,0.25,True,0.0,0.0,23.5830486,22.460372,3.9083115333333336e-05,False,30.9,55,96,4,47,94,0.1,68.0,10.0,58.0,58.1,16.6
2020-06-17 19:00:00,0.0,0.0,129571.0,22,4135001,,0.25,True,0.0,0.0,23.474888266666667,22.42334993333333,0.0,False,29.8,60,94,2,24,94,0.0,1.0,0.0,1.0,0.0,10.6
2020-06-17 19:15:00,0.0,0.0,129571.0,22,4135001,,0.25,True,0.0,0.0,23.489280266666665,22.7568808,0.0,False,29.8,60,94,2,24,94,0.0,1.0,0.0,1.0,0.0,10.6
2020-06-17 19:30:00,0.0,0.0,129571.0,22,4135001,,0.25,True,0.0,0.0,23.45561106666667,22.7176046,0.0,False,29.8,60,94,2,24,94,0.0,1.0,0.0,1.0,0.0,10.6
2020-06-17 19:45:00,0.0,0.0,129571.0,22,4135001,,0.25,True,0.0,0.0,23.0513224,21.774304133333327,0.0,False,29.8,60,94,2,24,94,0.0,1.0,0.0,1.0,0.0,10.6
2020-06-17 20:00:00,0.0,0.0,129571.0,22,4135001,,0.25,True,0.0,0.0,23.0032632,21.24322106666667,0.0,False,29.3,62,95,1,13,94,0.0,0.0,0.0,0.0,0.0,9.2
2020-06-17 20:15:00,0.0,0.0,129571.0,22,4135001,,0.25,True,0.0,0.0,22.890356333333337,20.784727,0.0,False,29.3,62,95,1,13,94,0.0,0.0,0.0,0.0,0.0,9.2
2020-06-17 20:30:00,0.0,0.0,129571.0,22,4135001,,0.25,True,0.0,0.0,22.891965666666664,20.9494608,0.0,False,29.3,62,95,1,13,94,0.0,0.0,0.0,0.0,0.0,9.2
2020-06-17 20:45:00,0.0,0.0,129571.0,22,4135001,,0.25,True,0.0,0.0,22.8874295,21.12194821428572,0.0,False,29.3,62,95,1,13,94,0.0,0.0,0.0,0.0,0.0,9.2
2020-06-17 21:00:00,0.0,0.0,129571.0,22,4135001,,0.25,True,0.0,0.0,22.89988213333333,21.383107466666665,0.0,False,29.0,63,100,4,12,100,0.0,0.0,0.0,0.0,0.0,12.7
2020-06-17 21:15:00,0.0,0.0,129571.0,22,4135001,,0.25,True,0.0,0.0,22.892598466666666,21.563179466666664,0.0,False,29.0,63,100,4,12,100,0.0,0.0,0.0,0.0,0.0,12.7
2020-06-17 21:30:00,0.0,0.0,129571.0,22,4135001,,0.25,True,0.0,0.0,22.9965616,21.869773466666665,0.0,False,29.0,63,100,4,12,100,0.0,0.0,0.0,0.0,0.0,12.7
2020-06-17 21:45:00,0.0,0.0,129571.0,22,4135001,,0.25,True,0.0,0.0,23.137091,22.1259848,0.0,False,29.0,63,100,4,12,100,0.0,0.0,0.0,0.0,0.0,12.7
2020-06-17 22:00:00,0.0,0.0,129571.0,22,4135001,,0.25,True,0.0,0.0,22.563179466666668,21.164713466666665,0.0,False,28.6,64,100,0,24,100,0.0,0.0,0.0,0.0,0.0,16.9
2020-06-17 22:15:00,0.0,0.0,129571.0,22,4135001,,0.25,True,0.0,0.0,22.19922893333333,20.51527293333333,0.0,False,28.6,64,100,0,24,100,0.0,0.0,0.0,0.0,0.0,16.9
2020-06-17 22:30:00,0.0,0.0,129571.0,22,4135001,,0.25,True,0.0,0.0,22.171736666666664,21.0808288,0.0,False,28.6,64,100,0,24,100,0.0,0.0,0.0,0.0,0.0,16.9
2020-06-17 22:45:00,0.0,0.0,129571.0,22,4135001,,0.25,True,0.0,0.0,22.150569666666662,21.480377266666668,0.0,False,28.6,64,100,0,24,100,0.0,0.0,0.0,0.0,0.0,16.9
2020-06-17 23:00:00,0.0,0.0,129571.0,22,4135001,,0.25,True,0.0,0.0,22.129815666666666,21.38902386666667,0.0,False,28.0,67,96,0,14,96,0.0,0.0,0.0,0.0,0.0,17.2
2020-06-17 23:15:00,0.0,0.0,129571.0,22,4135001,,0.25,True,0.0,0.0,22.008274642857145,20.709211357142856,0.0,False,28.0,67,96,0,14,96,0.0,0.0,0.0,0.0,0.0,17.2
2020-06-17 23:30:00,0.0,0.0,129571.0,22,4135001,,0.25,True,0.0,0.0,21.96949473333333,20.7349628,0.0,False,28.0,67,96,0,14,96,0.0,0.0,0.0,0.0,0.0,17.2
2020-06-17 23:45:00,0.0,0.0,127962.767857,22,4135001,,0.25,True,0.0,0.0,21.909287666666668,20.4279724,0.0,False,28.0,67,96,0,14,96,0.0,0.0,0.0,0.0,0.0,17.2
