time,dc_power,ac_power,daily_yield,inverter_count,plant_id,ac_dc_efficiency,next_interval_hours,interval_valid_for_energy,ac_energy_kwh_est,dc_energy_kwh_est,sensor_temperature,module_temperature,sensor_irradiation,sensor_weather_interpolated,openmeteo_temperature,humidity,cloud,cloud_low,cloud_mid,cloud_high,rain,ghi,direct_radiation,dhi,dni,wind_speed_10m
2020-05-15 00:00:00,0.0,0.0,48899.938095238096,22,4136001,,0.25,True,0.0,0.0,27.004763700000005,25.0607889,0.0,False,30.0,49,15,0,11,6,0.0,0.0,0.0,0.0,0.0,10.6
2020-05-15 00:15:00,0.0,0.0,28401.0,22,4136001,,0.25,True,0.0,0.0,26.880811433333328,24.421868833333328,0.0,False,30.0,49,15,0,11,6,0.0,0.0,0.0,0.0,0.0,10.6
2020-05-15 00:30:00,0.0,0.0,28401.0,22,4136001,,0.25,True,0.0,0.0,26.682055344827592,24.427290310344823,0.0,False,30.0,49,15,0,11,6,0.0,0.0,0.0,0.0,0.0,10.6
2020-05-15 00:45:00,0.0,0.0,28401.0,22,4136001,,0.25,True,0.0,0.0,26.500588900000004,24.4206776,0.0,False,30.0,49,15,0,11,6,0.0,0.0,0.0,0.0,0.0,10.6
2020-05-15 01:00:00,0.0,0.0,26516.0,22,4136001,,0.25,True,0.0,0.0,26.596148,25.088210413793107,0.0,False,29.3,52,16,0,7,10,0.0,0.0,0.0,0.0,0.0,7.1
2020-05-15 01:15:00,0.0,0.0,18976.0,22,4136001,,0.25,True,0.0,0.0,26.512740033333333,25.31796966666667,0.0,False,29.3,52,16,0,7,10,0.0,0.0,0.0,0.0,0.0,7.1
2020-05-15 01:30:00,0.0,0.0,18976.0,22,4136001,,0.25,True,0.0,0.0,26.494338966666664,25.217192533333336,0.0,False,29.3,52,16,0,7,10,0.0,0.0,0.0,0.0,0.0,7.1
2020-05-15 01:45:00,0.0,0.0,18976.0,22,4136001,,0.25,True,0.0,0.0,26.420410206896552,25.065062310344832,0.0,False,29.3,52,16,0,7,10,0.0,0.0,0.0,0.0,0.0,7.1
2020-05-15 02:00:00,0.0,0.0,18976.0,22,4136001,,0.25,True,0.0,0.0,26.401946133333333,24.691469366666656,0.0,False,28.6,55,48,0,8,44,0.0,0.0,0.0,0.0,0.0,6.6
2020-05-15 02:15:00,0.0,0.0,18976.0,22,4136001,,0.25,True,0.0,0.0,26.226078206896556,24.55948079310345,0.0,False,28.6,55,48,0,8,44,0.0,0.0,0.0,0.0,0.0,6.6
2020-05-15 02:30:00,0.0,0.0,18976.0,22,4136001,,0.25,True,0.0,0.0,26.2603992,24.482406633333337,0.0,False,28.6,55,48,0,8,44,0.0,0.0,0.0,0.0,0.0,6.6
2020-05-15 02:45:00,0.0,0.0,18976.0,22,4136001,,0.25,True,0.0,0.0,26.2978261,24.4886982,0.0,False,28.6,55,48,0,8,44,0.0,0.0,0.0,0.0,0.0,6.6
2020-05-15 03:00:00,0.0,0.0,18976.0,22,4136001,,0.25,True,0.0,0.0,26.328249103448275,24.50628962068966,0.0,False,28.0,56,79,0,6,78,0.0,0.0,0.0,0.0,0.0,5.6
2020-05-15 03:15:00,0.0,0.0,18976.0,22,4136001,,0.25,True,0.0,0.0,26.15870973333333,24.595197433333333,0.0,False,28.0,56,79,0,6,78,0.0,0.0,0.0,0.0,0.0,5.6
2020-05-15 03:30:00,0.0,0.0,18976.0,22,4136001,,0.25,True,0.0,0.0,26.078499333333333,24.801314366666663,0.0,False,28.0,56,79,0,6,78,0.0,0.0,0.0,0.0,0.0,5.6
2020-05-15 03:45:00,0.0,0.0,18609.666666666668,22,4136001,,0.25,True,0.0,0.0,26.00130396551724,24.60781744827586,0.0,False,28.0,56,79,0,6,78,0.0,0.0,0.0,0.0,0.0,5.6
2020-05-15 04:00:00,0.0,0.0,13481.0,22,4136001,,0.25,True,0.0,0.0,25.6972106,24.626179,0.0,False,27.4,56,61,0,4,60,0.0,0.0,0.0,0.0,0.0,3.9
2020-05-15 04:15:00,0.0,0.0,13481.0,22,4136001,,0.25,True,0.0,0.0,25.6277024137931,24.773145068965515,0.0,False,27.4,56,61,0,4,60,0.0,0.0,0.0,0.0,0.0,3.9
2020-05-15 04:30:00,0.0,0.0,13481.0,22,4136001,,0.25,True,0.0,0.0,25.482045785714284,24.796690750000003,0.0,False,27.4,56,61,0,4,60,0.0,0.0,0.0,0.0,0.0,3.9
2020-05-15 04:45:00,0.0,0.0,13481.0,22,4136001,,0.25,True,0.0,0.0,25.23093168965517,24.43690427586207,0.0,False,27.4,56,61,0,4,60,0.0,0.0,0.0,0.0,0.0,3.9
2020-05-15 05:00:00,0.0,0.0,13481.0,22,4136001,,0.25,True,0.0,0.0,25.1175986,24.104579633333337,0.0,False,27.1,60,56,0,0,86,0.0,0.0,0.0,0.0,0.0,4.3
2020-05-15 05:15:00,0.0,0.0,13481.0,22,4136001,,0.25,True,0.0,0.0,25.0918621,23.897232,0.0,False,27.1,60,56,0,0,86,0.0,0.0,0.0,0.0,0.0,4.3
2020-05-15 05:30:00,0.0,0.0,942.3809523809523,22,4136001,,0.25,True,0.0,0.0,24.916967827586213,23.83947131034483,0.0,False,27.1,60,56,0,0,86,0.0,0.0,0.0,0.0,0.0,4.3
2020-05-15 05:45:00,0.0,0.0,0.0,22,4136001,,0.25,True,0.0,0.0,24.741273799999995,23.7866618,0.002838054505,False,27.1,60,56,0,0,86,0.0,0.0,0.0,0.0,0.0,4.3
2020-05-15 06:00:00,331.99333333333334,320.43333333333334,25.933333333333334,22,4136001,0.9651800236952549,0.25,True,80.10833333333333,82.99833333333333,24.74278656666667,24.07722983333333,0.0129619781466666,False,27.9,60,88,0,0,88,0.0,15.0,2.0,13.0,21.9,5.8
2020-05-15 06:15:00,587.1795238095239,566.977619047619,141.64285714285714,22,4136001,0.965595011503742,0.25,True,141.74440476190475,146.79488095238096,24.76391089655172,24.356189448275863,0.0210376687241379,False,27.9,60,88,0,0,88,0.0,15.0,2.0,13.0,21.9,5.8
2020-05-15 06:30:00,1284.2057142857143,1243.5561904761905,345.12857142857143,22,4136001,0.9683465636717452,0.25,True,310.88904761904763,321.0514285714286,24.7863229,24.548886100000004,0.042435399,False,27.9,60,88,0,0,88,0.0,15.0,2.0,13.0,21.9,5.8
2020-05-15 06:45:00,3450.8971428571426,3373.6585714285716,873.7619047619048,22,4136001,0.9776178285729427,0.25,True,843.4146428571429,862.7242857142857,25.04824510344827,25.746662,0.1034958783448276,False,27.9,60,88,0,0,88,0.0,15.0,2.0,13.0,21.9,5.8
2020-05-15 07:00:00,6733.253333333333,6614.38,2133.733333333333,22,4136001,0.982345334796057,0.25,True,1653.595,1683.3133333333333,25.6732025,28.67470703333333,0.1994504836666666,False,29.1,59,90,0,0,90,0.0,147.0,61.0,86.0,240.6,8.2
2020-05-15 07:15:00,8379.64,8234.446666666667,4015.2,22,4136001,0.9826730822167381,0.25,True,2058.6116666666667,2094.91,26.076818,30.72550493103449,0.317665025862069,False,29.1,59,90,0,0,90,0.0,147.0,61.0,86.0,240.6,8.2
2020-05-15 07:30:00,10109.33238095238,9919.995238095238,6287.171428571429,22,4136001,0.9812710537429866,0.25,True,2479.9988095238095,2527.333095238095,26.424239066666665,32.206803566666665,0.3829133633333333,False,29.1,59,90,0,0,90,0.0,147.0,61.0,86.0,240.6,8.2
2020-05-15 07:45:00,12052.23142857143,11813.325714285715,9009.366666666667,22,4136001,0.9801774703961164,0.25,True,2953.3314285714287,3013.0578571428573,27.12028751724138,34.59156220689654,0.4482866631034482,False,29.1,59,90,0,0,90,0.0,147.0,61.0,86.0,240.6,8.2
2020-05-15 08:00:00,12379.565238095238,12132.810476190476,11932.72380952381,22,4136001,0.9800675744940193,0.25,True,3033.202619047619,3094.8913095238095,27.678970266666667,35.705856366666666,0.4550275753333332,False,30.7,53,90,0,0,90,0.0,364.0,221.0,143.0,460.6,7.6
2020-05-15 08:15:00,14071.28,13784.546666666667,15115.866666666667,22,4136001,0.9796227966941647,0.25,True,3446.1366666666668,3517.82,27.953492333333333,36.78689773333334,0.509315263,False,30.7,53,90,0,0,90,0.0,364.0,221.0,143.0,460.6,7.6
2020-05-15 08:30:00,16053.013333333332,15718.433333333332,18834.13333333333,22,4136001,0.9791578071323681,0.25,True,3929.608333333333,4013.253333333333,28.526214655172414,38.617749482758605,0.5709116793103447,False,30.7,53,90,0,0,90,0.0,364.0,221.0,143.0,460.6,7.6
2020-05-15 08:45:00,17777.12857142857,17399.511428571426,23057.97619047619,22,4136001,0.9787582600114593,0.25,True,4349.877857142857,4444.282142857142,29.319021466666655,40.738035900000014,0.6253999813333333,False,30.7,53,90,0,0,90,0.0,364.0,221.0,143.0,460.6,7.6
2020-05-15 09:00:00,18697.333333333332,18295.993333333332,27479.066666666666,22,4136001,0.9785349069386009,0.25,True,4573.998333333333,4674.333333333333,29.572043620689648,41.47150403448277,0.6542055951724136,False,32.7,43,93,2,0,93,0.0,596.0,443.0,153.0,652.5,7.9
2020-05-15 09:15:00,20195.25380952381,19754.621904761905,32279.542857142857,22,4136001,0.9781814128746376,0.25,True,4938.655476190476,5048.813452380952,30.09140723333333,43.4653736,0.7024373413333334,False,32.7,43,93,2,0,93,0.0,596.0,443.0,153.0,652.5,7.9
2020-05-15 09:30:00,19997.386666666665,19552.76761904762,37236.34285714286,22,4136001,0.9777661423949873,0.25,True,4888.191904761905,4999.346666666666,30.638658379310343,44.1451964137931,0.7566826427586206,False,32.7,43,93,2,0,93,0.0,596.0,443.0,153.0,652.5,7.9
2020-05-15 09:45:00,19059.164285714287,18627.731904761906,41758.799999999996,22,4136001,0.9773635205361151,0.25,True,4656.932976190476,4764.791071428572,31.375120033333328,45.71952399999999,0.799745994,False,32.7,43,93,2,0,93,0.0,596.0,443.0,153.0,652.5,7.9
2020-05-15 10:00:00,18570.720476190476,18142.809523809523,46538.72857142857,22,4136001,0.9769577624664817,0.25,True,4535.702380952381,4642.680119047619,31.89209383333333,46.13117390000001,0.828095938,False,34.6,35,43,0,0,43,0.0,783.0,610.0,173.0,728.6,9.4
2020-05-15 10:15:00,17465.253333333334,17041.513333333332,50936.0,22,4136001,0.9757381131603015,0.25,True,4260.378333333333,4366.3133333333335,32.43747986206897,47.143508275862075,0.8748338506896551,False,34.6,35,43,0,0,43,0.0,783.0,610.0,173.0,728.6,9.4
2020-05-15 10:30:00,18074.0,17622.486666666668,55344.13333333333,22,4136001,0.975018627125521,0.25,True,4405.621666666667,4518.5,33.07413526666666,48.6802898,0.9080560733333332,False,34.6,35,43,0,0,43,0.0,783.0,610.0,173.0,728.6,9.4
2020-05-15 10:45:00,18684.176666666666,18217.238095238095,59787.461904761905,22,4136001,0.9750088762400964,0.25,True,4554.309523809524,4671.044166666667,33.19247010344828,50.249560172413794,0.943352708275862,False,34.6,35,43,0,0,43,0.0,783.0,610.0,173.0,728.6,9.4
2020-05-15 11:00:00,17977.836666666666,17528.37714285714,64233.090476190475,22,4136001,0.9749992431156701,0.25,True,4382.094285714285,4494.4591666666665,33.46205666666668,51.61099133333334,0.9579001053333333,False,36.1,29,4,0,1,3,0.0,915.0,747.0,168.0,791.4,10.3
2020-05-15 11:15:00,17757.35523809524,17313.777619047618,68564.28095238096,22,4136001,0.9750200627796191,0.25,True,4328.4444047619045,4439.33880952381,34.2517951724138,54.89430189655173,0.9704477541379308,False,36.1,29,4,0,1,3,0.0,915.0,747.0,168.0,791.4,10.3
2020-05-15 11:30:00,18009.66,17559.64,72832.26666666666,22,4136001,0.9750122989551163,0.25,True,4389.91,4502.415,34.651454666666666,56.08395293333334,0.987932009,False,36.1,29,4,0,1,3,0.0,915.0,747.0,168.0,791.4,10.3
2020-05-15 11:45:00,17059.7,16633.173333333332,77331.46666666667,22,4136001,0.9749979972293377,0.25,True,4158.293333333333,4264.925,35.15152596551724,55.593795275862064,0.9533445175862068,False,36.1,29,4,0,1,3,0.0,915.0,747.0,168.0,791.4,10.3
2020-05-15 12:00:00,16969.051904761905,16544.794761904763,81366.71904761904,22,4136001,0.9749981822650866,0.25,True,4136.198690476191,4242.262976190476,35.16610503333333,57.4882405,0.9469201943333332,False,37.3,25,8,0,8,0,0.0,963.0,788.0,175.0,794.5,11.3
2020-05-15 12:15:00,18008.725714285712,17558.46476190476,85608.61904761904,22,4136001,0.9749976228454756,0.25,True,4389.61619047619,4502.181428571428,36.37757096551724,57.58858162068966,0.977187623448276,False,37.3,25,8,0,8,0,0.0,963.0,788.0,175.0,794.5,11.3
2020-05-15 12:30:00,17661.64857142857,17220.08619047619,89946.31904761904,22,4136001,0.9749988015463801,0.25,True,4305.021547619048,4415.4121428571425,35.96635756666666,58.8881528,0.9562375366666666,False,37.3,25,8,0,8,0,0.0,963.0,788.0,175.0,794.5,11.3
2020-05-15 12:45:00,17586.326666666668,17147.06,94303.73333333332,22,4136001,0.9750222616130941,0.25,True,4286.765,4396.581666666667,35.992946499999995,57.72948603333334,0.9790904166666669,False,37.3,25,8,0,8,0,0.0,963.0,788.0,175.0,794.5,11.3
2020-05-15 13:00:00,17838.133333333335,17397.133333333335,98452.2,22,4136001,0.9752776822686978,0.25,True,4349.283333333334,4459.533333333334,36.45858144827585,60.389376793103445,0.9264382120689656,False,38.1,22,15,0,2,14,0.0,921.0,747.0,174.0,764.1,12.6
2020-05-15 13:15:00,17768.745714285713,17331.82238095238,102696.79047619048,22,4136001,0.9754105697521432,0.25,True,4332.955595238095,4442.186428571428,36.93956406666666,56.85950403333334,0.904246814,False,38.1,22,15,0,2,14,0.0,921.0,747.0,174.0,764.1,12.6
2020-05-15 13:30:00,18686.08761904762,18226.817142857144,107390.35714285714,22,4136001,0.9754217958540279,0.25,True,4556.704285714286,4671.521904761905,36.89079344827587,57.14867327586207,0.8954739062068966,False,38.1,22,15,0,2,14,0.0,921.0,747.0,174.0,764.1,12.6
2020-05-15 13:45:00,17746.318571428572,17310.55904761905,111780.09523809524,22,4136001,0.9754450748725376,0.25,True,4327.639761904762,4436.579642857143,36.614378066666674,52.980611200000006,0.8660270623333334,False,38.1,22,15,0,2,14,0.0,921.0,747.0,174.0,764.1,12.6
2020-05-15 14:00:00,18242.933333333334,17806.1,116177.46666666667,22,4136001,0.9760546549531507,0.25,True,4451.525,4560.733333333334,36.84276606896551,54.810004896551725,0.8379443868965518,False,38.6,20,65,0,0,65,0.0,852.0,691.0,161.0,765.8,14.3
2020-05-15 14:15:00,18774.32,18327.02,120732.4,22,4136001,0.9761749027394867,0.25,True,4581.755,4693.58,37.3528292,53.53894659999999,0.8261285799999998,False,38.6,20,65,0,0,65,0.0,852.0,691.0,161.0,765.8,14.3
2020-05-15 14:30:00,17019.533809523808,16642.04095238095,125301.52857142857,22,4136001,0.9778200236641253,0.25,True,4160.510238095238,4254.883452380952,37.268465866666666,51.3589315,0.6810660216666665,False,38.6,20,65,0,0,65,0.0,852.0,691.0,161.0,765.8,14.3
2020-05-15 14:45:00,18272.444285714286,17867.47238095238,129353.90952380952,22,4136001,0.9778370152110125,0.25,True,4466.868095238095,4568.111071428571,37.21659834482757,49.36587620689655,0.68664654,False,38.6,20,65,0,0,65,0.0,852.0,691.0,161.0,765.8,14.3
2020-05-15 15:00:00,20077.719523809523,19638.640476190474,134048.6476190476,22,4136001,0.9781310299161038,0.25,True,4909.6601190476185,5019.429880952381,37.115580266666655,50.190043166666655,0.6538071269999998,False,38.6,18,32,0,1,32,0.0,717.0,569.0,148.0,738.0,14.8
2020-05-15 15:15:00,19133.233333333334,18720.18,138921.06666666665,22,4136001,0.9784117338592362,0.25,True,4680.045,4783.308333333333,37.08661827586207,48.28441227586208,0.6051379079310345,False,38.6,18,32,0,1,32,0.0,717.0,569.0,148.0,738.0,14.8
2020-05-15 15:30:00,14042.306666666667,13755.333333333334,143026.13333333333,22,4136001,0.9795636614307431,0.25,True,3438.8333333333335,3510.576666666667,36.626162833333325,45.371701266666655,0.4486365886666666,False,38.6,18,32,0,1,32,0.0,717.0,569.0,148.0,738.0,14.8
2020-05-15 15:45:00,15855.710000000001,15524.318571428572,146637.6380952381,22,4136001,0.979099552869507,0.25,True,3881.079642857143,3963.9275000000002,36.75573503333335,44.97519003333333,0.5056144153333334,False,38.6,18,32,0,1,32,0.0,717.0,569.0,148.0,738.0,14.8
2020-05-15 16:00:00,14186.605714285713,13895.899047619047,150335.12380952382,22,4136001,0.9795083706052442,0.25,True,3473.9747619047616,3546.6514285714284,36.754657551724144,45.037737517241375,0.4504635889655172,False,38.1,19,36,0,1,35,0.0,504.0,371.0,133.0,625.9,15.1
2020-05-15 16:15:00,10408.01857142857,10206.89380952381,153348.16666666666,22,4136001,0.9806759797242411,0.25,True,2551.7234523809525,2602.0046428571427,36.599552466666665,41.94711026666667,0.3271433133333333,False,38.1,19,36,0,1,35,0.0,504.0,371.0,133.0,625.9,15.1
2020-05-15 16:30:00,9310.133333333333,9140.826666666666,155705.7333333333,22,4136001,0.9818147967805688,0.25,True,2285.2066666666665,2327.5333333333333,36.25738223333334,40.564846766666655,0.2918783699999999,False,38.1,19,36,0,1,35,0.0,504.0,371.0,133.0,625.9,15.1
2020-05-15 16:45:00,9733.8,9553.453333333333,158153.26666666666,22,4136001,0.9814721211996685,0.25,True,2388.3633333333332,2433.45,36.28795296551724,40.679581068965526,0.3002540158620689,False,38.1,19,36,0,1,35,0.0,504.0,371.0,133.0,625.9,15.1
2020-05-15 17:00:00,6389.254285714286,6274.262380952381,160163.70952380952,22,4136001,0.982002296415246,0.25,True,1568.5655952380953,1597.3135714285715,36.00283696666666,39.219846633333326,0.203801124,False,36.7,22,65,0,2,51,0.0,286.0,189.0,97.0,497.9,13.9
2020-05-15 17:15:00,4269.249523809523,4184.69619047619,161404.39047619049,22,4136001,0.9801948017182456,0.25,True,1046.1740476190475,1067.3123809523809,35.6273375862069,37.1342668275862,0.1339985576206896,False,36.7,22,65,0,2,51,0.0,286.0,189.0,97.0,497.9,13.9
2020-05-15 17:30:00,2091.0466666666666,2033.4999999999998,162237.20952380952,22,4136001,0.9724794919290817,0.25,True,508.37499999999994,522.7616666666667,35.20957449999999,35.67895299999999,0.0668117974,False,36.7,22,65,0,2,51,0.0,286.0,189.0,97.0,497.9,13.9
2020-05-15 17:45:00,847.7733333333333,819.44,162551.3333333333,22,4136001,0.9665791170595915,0.25,True,204.86,211.94333333333333,34.73165155172415,34.005620655172415,0.0281551489655172,False,36.7,22,65,0,2,51,0.0,286.0,189.0,97.0,497.9,13.9
2020-05-15 18:00:00,545.24,526.5133333333333,162719.2,22,4136001,0.965654268456704,0.25,True,131.62833333333333,136.31,34.36776166666667,33.148010066666664,0.0178952295833333,False,35.2,25,19,0,6,14,0.0,78.0,35.0,43.0,223.2,9.7
2020-05-15 18:15:00,333.97809523809525,322.3,162827.1,22,4136001,0.9650333497777157,0.25,True,80.575,83.49452380952381,33.98528399999999,32.47362655172414,0.010471804437931,False,35.2,25,19,0,6,14,0.0,78.0,35.0,43.0,223.2,9.7
2020-05-15 18:30:00,51.731904761904765,49.902857142857144,162874.9714285714,22,4136001,0.9646437217522574,0.25,True,12.475714285714286,12.932976190476191,33.545849633333326,31.703619466666662,0.0026849175524666,False,35.2,25,19,0,6,14,0.0,78.0,35.0,43.0,223.2,9.7
2020-05-15 18:45:00,0.0,0.0,162876.0,22,4136001,,0.25,True,0.0,0.0,33.09357417241378,31.061414,0.0,False,35.2,25,19,0,6,14,0.0,78.0,35.0,43.0,223.2,9.7
2020-05-15 19:00:00,0.0,0.0,162876.0,22,4136001,,0.25,True,0.0,0.0,32.57998866666667,30.368819166666665,0.0,False,33.5,28,25,0,11,17,0.0,0.0,0.0,0.0,0.0,6.6
2020-05-15 19:15:00,0.0,0.0,162876.0,22,4136001,,0.25,True,0.0,0.0,32.106470551724136,29.570269413793103,0.0,False,33.5,28,25,0,11,17,0.0,0.0,0.0,0.0,0.0,6.6
2020-05-15 19:30:00,0.0,0.0,162876.0,22,4136001,,0.25,True,0.0,0.0,31.78520906666667,29.3748617,0.0,False,33.5,28,25,0,11,17,0.0,0.0,0.0,0.0,0.0,6.6
2020-05-15 19:45:00,0.0,0.0,162876.0,22,4136001,,0.25,True,0.0,0.0,31.505344758620687,28.926431620689655,0.0,False,33.5,28,25,0,11,17,0.0,0.0,0.0,0.0,0.0,6.6
2020-05-15 20:00:00,0.0,0.0,162876.0,22,4136001,,0.25,True,0.0,0.0,31.4473155,28.39059036666666,0.0,False,32.9,29,58,0,17,51,0.0,0.0,0.0,0.0,0.0,5.6
2020-05-15 20:15:00,0.0,0.0,162312.13333333333,22,4136001,,0.25,True,0.0,0.0,30.79767863333333,27.45114633333333,0.0,False,32.9,29,58,0,17,51,0.0,0.0,0.0,0.0,0.0,5.6
2020-05-15 20:30:00,0.0,0.0,162876.0,22,4136001,,0.25,True,0.0,0.0,30.55072879310345,27.475042827586208,0.0,False,32.9,29,58,0,17,51,0.0,0.0,0.0,0.0,0.0,5.6
2020-05-15 20:45:00,0.0,0.0,162876.0,22,4136001,,0.25,True,0.0,0.0,31.04741058620689,29.370689551724137,0.0001204262175862,False,32.9,29,58,0,17,51,0.0,0.0,0.0,0.0,0.0,5.6
2020-05-15 21:00:00,0.0,0.0,162876.0,22,4136001,,0.25,True,0.0,0.0,30.0076782,29.1692108,0.0,False,33.0,29,40,0,23,25,0.0,0.0,0.0,0.0,0.0,9.2
2020-05-15 21:15:00,0.0,0.0,162199.92857142858,22,4136001,,0.25,True,0.0,0.0,28.979583733333328,28.141885233333333,0.0,False,33.0,29,40,0,23,25,0.0,0.0,0.0,0.0,0.0,9.2
2020-05-15 21:30:00,0.0,0.0,162876.0,22,4136001,,0.25,True,0.0,0.0,28.4271094137931,27.413927793103444,0.0,False,33.0,29,40,0,23,25,0.0,0.0,0.0,0.0,0.0,9.2
2020-05-15 21:45:00,0.0,0.0,162876.0,22,4136001,,0.25,True,0.0,0.0,28.300552466666662,27.0304251,0.0,False,33.0,29,40,0,23,25,0.0,0.0,0.0,0.0,0.0,9.2
2020-05-15 22:00:00,0.0,0.0,162876.0,22,4136001,,0.25,True,0.0,0.0,28.32985817241379,26.92777213793104,0.0,False,32.3,32,32,0,32,0,0.0,0.0,0.0,0.0,0.0,9.2
2020-05-15 22:15:00,0.0,0.0,162876.0,22,4136001,,0.25,True,0.0,0.0,28.324165,26.87666233333333,0.0,False,32.3,32,32,0,32,0,0.0,0.0,0.0,0.0,0.0,9.2
2020-05-15 22:30:00,0.0,0.0,162876.0,22,4136001,,0.25,True,0.0,0.0,28.22888173333333,26.848583,0.0,False,32.3,32,32,0,32,0,0.0,0.0,0.0,0.0,0.0,9.2
2020-05-15 22:45:00,0.0,0.0,162402.93333333335,22,4136001,,0.25,True,0.0,0.0,28.145526758620687,26.78983489655172,0.0,False,32.3,32,32,0,32,0,0.0,0.0,0.0,0.0,0.0,9.2
2020-05-15 23:00:00,0.0,0.0,162876.0,22,4136001,,0.5,True,0.0,0.0,27.70949446428571,26.52979492857143,0.0,False,31.6,35,29,0,27,4,0.0,0.0,0.0,0.0,0.0,10.3
2020-05-15 23:30:00,0.0,0.0,162876.0,22,4136001,,0.25,True,0.0,0.0,26.95176844444444,25.081197222222222,0.0,False,31.6,35,29,0,27,4,0.0,0.0,0.0,0.0,0.0,10.3
2020-05-15 23:45:00,0.0,0.0,149506.4,22,4136001,,0.25,True,0.0,0.0,26.75583189655173,24.81448375862069,0.0,False,31.6,35,29,0,27,4,0.0,0.0,0.0,0.0,0.0,10.3
2020-05-16 00:00:00,0.0,0.0,51525.26666666666,22,4136001,,0.25,True,0.0,0.0,26.52780646666667,24.43326406666667,0.0,False,30.7,39,25,0,16,12,0.0,0.0,0.0,0.0,0.0,11.1
2020-05-16 00:15:00,0.0,0.0,27001.0,22,4136001,,0.25,True,0.0,0.0,26.687312620689656,24.52914206896552,0.0,False,30.7,39,25,0,16,12,0.0,0.0,0.0,0.0,0.0,11.1
2020-05-16 00:30:00,0.0,0.0,27001.0,22,4136001,,0.25,True,0.0,0.0,26.633027833333333,24.68845123333333,0.0,False,30.7,39,25,0,16,12,0.0,0.0,0.0,0.0,0.0,11.1
2020-05-16 00:45:00,0.0,0.0,27001.0,22,4136001,,0.25,True,0.0,0.0,26.676575733333333,24.88044036666667,0.0,False,30.7,39,25,0,16,12,0.0,0.0,0.0,0.0,0.0,11.1
2020-05-16 01:00:00,0.0,0.0,26160.8,22,4136001,,0.25,True,0.0,0.0,26.44045593103448,24.55380875862069,0.0,False,29.8,44,79,0,29,72,0.0,0.0,0.0,0.0,0.0,8.4
2020-05-16 01:15:00,0.0,0.0,22800.0,22,4136001,,0.25,True,0.0,0.0,26.193042,24.11722213333333,0.0,False,29.8,44,79,0,29,72,0.0,0.0,0.0,0.0,0.0,8.4
2020-05-16 01:30:00,0.0,0.0,22800.0,22,4136001,,0.25,True,0.0,0.0,26.00338010344827,23.934892206896556,0.0,False,29.8,44,79,0,29,72,0.0,0.0,0.0,0.0,0.0,8.4
2020-05-16 01:45:00,0.0,0.0,22800.0,22,4136001,,0.25,True,0.0,0.0,25.95458273333333,23.974197333333336,0.0,False,29.8,44,79,0,29,72,0.0,0.0,0.0,0.0,0.0,8.4
2020-05-16 02:00:00,0.0,0.0,22800.0,22,4136001,,0.25,True,0.0,0.0,25.73270810344827,23.781227931034483,0.0,False,29.3,48,39,0,33,8,0.0,0.0,0.0,0.0,0.0,6.1
2020-05-16 02:15:00,0.0,0.0,22800.0,22,4136001,,0.25,True,0.0,0.0,25.415572900000004,23.332380266666668,0.0,False,29.3,48,39,0,33,8,0.0,0.0,0.0,0.0,0.0,6.1
2020-05-16 02:30:00,0.0,0.0,22800.0,22,4136001,,0.25,True,0.0,0.0,25.19277224137931,22.96086503448276,0.0,False,29.3,48,39,0,33,8,0.0,0.0,0.0,0.0,0.0,6.1
2020-05-16 02:45:00,0.0,0.0,22800.0,22,4136001,,0.25,True,0.0,0.0,24.890646333333336,22.694644266666664,0.0,False,29.3,48,39,0,33,8,0.0,0.0,0.0,0.0,0.0,6.1
2020-05-16 03:00:00,0.0,0.0,22800.0,22,4136001,,0.25,True,0.0,0.0,24.73890786666667,22.36363426666667,0.0,False,28.9,47,21,0,21,0,0.0,0.0,0.0,0.0,0.0,7.8
2020-05-16 03:15:00,0.0,0.0,22800.0,22,4136001,,0.25,True,0.0,0.0,24.387892137931036,22.108074344827585,0.0,False,28.9,47,21,0,21,0,0.0,0.0,0.0,0.0,0.0,7.8
2020-05-16 03:30:00,0.0,0.0,22800.0,22,4136001,,0.25,True,0.0,0.0,24.3363027,21.9420616,0.0,False,28.9,47,21,0,21,0,0.0,0.0,0.0,0.0,0.0,7.8
2020-05-16 03:45:00,0.0,0.0,22517.4,22,4136001,,0.25,True,0.0,0.0,24.443725379310344,21.88146162068965,0.0,False,28.9,47,21,0,21,0,0.0,0.0,0.0,0.0,0.0,7.8
2020-05-16 04:00:00,0.0,0.0,18561.0,22,4136001,,0.25,True,0.0,0.0,24.145103033333328,21.844980999999997,0.0,False,28.4,48,25,0,20,15,0.0,0.0,0.0,0.0,0.0,6.6
2020-05-16 04:15:00,0.0,0.0,18561.0,22,4136001,,0.25,True,0.0,0.0,23.826843103448272,21.786381275862077,0.0,False,28.4,48,25,0,20,15,0.0,0.0,0.0,0.0,0.0,6.6
2020-05-16 04:30:00,0.0,0.0,18561.0,22,4136001,,0.25,True,0.0,0.0,23.926709899999995,21.9009552,0.0,False,28.4,48,25,0,20,15,0.0,0.0,0.0,0.0,0.0,6.6
2020-05-16 04:45:00,0.0,0.0,18561.0,22,4136001,,0.25,True,0.0,0.0,23.850604333333333,21.746985866666662,0.0,False,28.4,48,25,0,20,15,0.0,0.0,0.0,0.0,0.0,6.6
2020-05-16 05:00:00,0.0,0.0,18561.0,22,4136001,,0.25,True,0.0,0.0,23.555944965517245,21.469423448275865,0.0,False,27.9,48,77,0,16,96,0.0,0.0,0.0,0.0,0.0,3.2
2020-05-16 05:15:00,0.0,0.0,18561.0,22,4136001,,0.25,True,0.0,0.0,23.608172666666665,21.290091866666668,0.0,False,27.9,48,77,0,16,96,0.0,0.0,0.0,0.0,0.0,3.2
2020-05-16 05:30:00,0.0,0.0,631.0,22,4136001,,0.25,True,0.0,0.0,23.658127551724135,21.13980431034483,0.0,False,27.9,48,77,0,16,96,0.0,0.0,0.0,0.0,0.0,3.2
2020-05-16 05:45:00,0.0,0.0,0.0,22,4136001,,0.25,True,0.0,0.0,23.7527953,21.5181203,0.001471635056,False,27.9,48,77,0,16,96,0.0,0.0,0.0,0.0,0.0,3.2
2020-05-16 06:00:00,313.557619047619,302.6719047619048,22.295238095238098,22,4136001,0.9652832091314577,0.25,True,75.6679761904762,78.38940476190476,24.044604566666663,22.218803,0.0130386867233333,False,28.9,47,97,0,6,97,0.0,15.0,2.0,13.0,21.8,7.2
2020-05-16 06:15:00,1032.84,998.9066666666666,179.79999999999998,22,4136001,0.9671456049985154,0.25,True,249.72666666666666,258.21,23.967375551724135,22.682919206896557,0.0351802419310345,False,28.9,47,97,0,6,97,0.0,15.0,2.0,13.0,21.8,7.2
2020-05-16 06:30:00,1892.047619047619,1836.4485714285713,533.347619047619,22,4136001,0.9706143507915335,0.25,True,459.1121428571428,473.01190476190476,24.587146,23.915494766666665,0.0609255881666666,False,28.9,47,97,0,6,97,0.0,15.0,2.0,13.0,21.8,7.2
2020-05-16 06:45:00,2790.5666666666666,2715.6866666666665,1101.0666666666666,22,4136001,0.973166740327532,0.25,True,678.9216666666666,697.6416666666667,25.354185862068967,25.459055931034484,0.0875569148620689,False,28.9,47,97,0,6,97,0.0,15.0,2.0,13.0,21.8,7.2
2020-05-16 07:00:00,3700.975238095238,3625.84380952381,1899.5047619047618,22,4136001,0.9796995592410135,0.25,True,906.4609523809524,925.2438095238095,25.97149146666667,27.4219574,0.1271157612,False,30.1,51,98,0,1,98,0.0,138.0,50.0,88.0,196.8,7.2
2020-05-16 07:15:00,5537.123333333334,5433.604761904762,2946.4666666666667,22,4136001,0.981304629643087,0.25,True,1358.4011904761905,1384.2808333333335,26.566503000000004,28.13256420689656,0.1977868686206896,False,30.1,51,98,0,1,98,0.0,138.0,50.0,88.0,196.8,7.2
2020-05-16 07:30:00,8557.279999999999,8408.233333333334,4722.0,22,4136001,0.9825824716888234,0.25,True,2102.0583333333334,2139.3199999999997,27.20900983333333,28.955779966666665,0.3151637090000001,False,30.1,51,98,0,1,98,0.0,138.0,50.0,88.0,196.8,7.2
2020-05-16 07:45:00,8476.396666666666,8324.602380952381,6858.676190476191,22,4136001,0.9820921210175058,0.25,True,2081.1505952380953,2119.0991666666664,27.765504866666664,34.27935109999999,0.3058852646666667,False,30.1,51,98,0,1,98,0.0,138.0,50.0,88.0,196.8,7.2
2020-05-16 08:00:00,11957.473333333333,11720.873333333333,9299.599999999999,22,4136001,0.9802132111521887,0.25,True,2930.2183333333332,2989.3683333333333,28.175339344827588,37.61465024137932,0.4404601989655171,False,32.0,45,98,0,1,98,0.0,354.0,203.0,151.0,422.8,5.9
2020-05-16 08:15:00,13697.88619047619,13420.211904761905,12439.485714285714,22,4136001,0.9797286762458761,0.25,True,3355.0529761904763,3424.4715476190477,29.1131897,42.300315966666666,0.4899591566666666,False,32.0,45,98,0,1,98,0.0,354.0,203.0,151.0,422.8,5.9
2020-05-16 08:30:00,15514.132857142857,15192.791428571429,15965.571428571428,22,4136001,0.9792871808221315,0.25,True,3798.197857142857,3878.533214285714,29.58924068965517,45.436127724137926,0.5499689682758621,False,32.0,45,98,0,1,98,0.0,354.0,203.0,151.0,422.8,5.9
2020-05-16 08:45:00,16532.306666666667,16185.933333333332,19910.6,22,4136001,0.9790486989917921,0.25,True,4046.483333333333,4133.076666666667,30.2332306,47.4030934,0.5789609316666666,False,32.0,45,98,0,1,98,0.0,354.0,203.0,151.0,422.8,5.9
2020-05-16 09:00:00,18643.05904761905,18243.19761904762,24267.061904761904,22,4136001,0.9785517265406883,0.25,True,4560.799404761905,4660.764761904762,30.441318862068968,48.825895,0.6565032462068967,False,33.8,38,98,0,2,98,0.0,575.0,392.0,183.0,577.4,6.3
2020-05-16 09:15:00,19964.40476190476,19529.97857142857,28983.39523809524,22,4136001,0.9782399627909196,0.25,True,4882.494642857143,4991.10119047619,31.131299866666662,51.06770406666666,0.7055703729999999,False,33.8,38,98,0,2,98,0.0,575.0,392.0,183.0,577.4,6.3
2020-05-16 09:30:00,21194.826666666664,20727.341428571428,33962.40476190476,22,4136001,0.9779434271651556,0.25,True,5181.835357142857,5298.706666666666,31.737163266666663,54.30058103333333,0.7526609196666668,False,33.8,38,98,0,2,98,0.0,575.0,392.0,183.0,577.4,6.3
2020-05-16 09:45:00,21132.76523809524,20661.109047619047,39201.461904761905,22,4136001,0.977681283771328,0.25,True,5165.277261904762,5283.19130952381,32.11526058620689,56.264713862068966,0.7908359968965514,False,33.8,38,98,0,2,98,0.0,575.0,392.0,183.0,577.4,6.3
2020-05-16 10:00:00,17822.166666666668,17418.533333333333,43924.53333333333,22,4136001,0.9773521737910653,0.25,True,4354.633333333333,4455.541666666667,32.42292273333334,56.885681000000005,0.821054863,False,35.4,33,100,0,10,100,0.0,753.0,555.0,198.0,663.0,8.3
2020-05-16 10:15:00,18617.789523809523,18185.29238095238,48401.719047619044,22,4136001,0.9767696835167227,0.25,True,4546.323095238095,4654.447380952381,32.974314482758615,58.694732793103455,0.850826361724138,False,35.4,33,100,0,10,100,0.0,753.0,555.0,198.0,663.0,8.3
2020-05-16 10:30:00,16596.39476190476,16192.338571428569,52618.00476190476,22,4136001,0.9756539780914552,0.25,True,4048.084642857142,4149.09869047619,33.75172126666666,59.498480466666656,0.8944378663333334,False,35.4,33,100,0,10,100,0.0,753.0,555.0,198.0,663.0,8.3
2020-05-16 10:45:00,17041.871428571427,16632.631904761904,56778.57142857143,22,4136001,0.9759862333473884,0.25,True,4158.157976190476,4260.467857142857,33.87341937931034,59.90787155172414,0.8842393555172413,False,35.4,33,100,0,10,100,0.0,753.0,555.0,198.0,663.0,8.3
2020-05-16 11:00:00,17570.84857142857,17139.98380952381,60999.74285714285,22,4136001,0.9754784317812983,0.25,True,4284.995952380952,4392.712142857143,34.151093499999995,61.63474146666668,0.9198567633333332,False,36.5,31,100,0,10,100,0.0,846.0,623.0,223.0,660.2,8.8
2020-05-16 11:15:00,17782.994761904763,17346.83238095238,65264.6380952381,22,4136001,0.9754730636322998,0.25,True,4336.708095238095,4445.748690476191,34.838311733333335,62.845888866666655,0.930322056,False,36.5,31,100,0,10,100,0.0,846.0,623.0,223.0,660.2,8.8
2020-05-16 11:30:00,18292.12,17839.440000000002,69717.46666666666,22,4136001,0.9752527317773995,0.25,True,4459.860000000001,4573.03,34.8309061724138,63.092098931034485,0.9810386655172416,False,36.5,31,100,0,10,100,0.0,846.0,623.0,223.0,660.2,8.8
2020-05-16 11:45:00,17485.090952380953,17051.142857142855,74085.42380952381,22,4136001,0.9751818222496001,0.25,True,4262.785714285714,4371.272738095238,35.47820933333332,63.82718396666667,0.9896192403333331,False,36.5,31,100,0,10,100,0.0,846.0,623.0,223.0,660.2,8.8
2020-05-16 12:00:00,16119.827142857142,15727.69904761905,78280.6761904762,22,4136001,0.9756741749298565,0.25,True,3931.9247619047624,4029.9567857142856,36.231302137931024,66.0162788275862,0.9797943403448274,False,37.6,28,98,0,18,98,0.0,896.0,655.0,241.0,660.6,8.8
2020-05-16 12:15:00,13660.139047619046,13366.500952380951,81777.73333333334,22,4136001,0.9785040185744467,0.25,True,3341.625238095238,3415.0347619047616,36.358955866666655,62.1692596,0.6037395006666664,False,37.6,28,98,0,18,98,0.0,896.0,655.0,241.0,660.6,8.8
2020-05-16 12:30:00,15947.421428571428,15586.794285714286,85480.90952380952,22,4136001,0.9773864919496614,0.25,True,3896.6985714285715,3986.855357142857,35.73488673333333,55.99414356666667,0.731962184,False,37.6,28,98,0,18,98,0.0,896.0,655.0,241.0,660.6,8.8
2020-05-16 12:45:00,11057.164285714285,10827.934285714286,88668.64285714286,22,4136001,0.9792686448282077,0.25,True,2706.9835714285714,2764.2910714285713,35.67410289655172,53.97351393103448,0.4870487120689654,False,37.6,28,98,0,18,98,0.0,896.0,655.0,241.0,660.6,8.8
2020-05-16 13:00:00,16365.330476190476,15991.596666666666,92057.65238095238,22,4136001,0.9771630759264198,0.25,True,3997.8991666666666,4091.332619047619,35.51978066666666,53.70854493333333,0.70216736,False,38.5,27,98,0,29,98,0.0,880.0,632.0,248.0,646.6,9.8
2020-05-16 13:15:00,16549.509047619045,16168.62,96045.90952380952,22,4136001,0.9769848732960545,0.25,True,4042.155,4137.377261904761,35.95901182758621,54.6805472413793,0.6825979027586205,False,38.5,27,98,0,29,98,0.0,880.0,632.0,248.0,646.6,9.8
2020-05-16 13:30:00,17928.887142857144,17497.001904761906,100241.92857142857,22,4136001,0.9759112077256117,0.25,True,4374.250476190477,4482.221785714286,36.162999766666665,57.33585800000001,0.8414354963333333,False,38.5,27,98,0,29,98,0.0,880.0,632.0,248.0,646.6,9.8
2020-05-16 13:45:00,10545.405714285715,10322.661904761904,103258.63333333333,22,4136001,0.9788776443923762,0.25,True,2580.665476190476,2636.3514285714286,35.903057700000005,52.909612033333325,0.4480849389999999,False,38.5,27,98,0,29,98,0.0,880.0,632.0,248.0,646.6,9.8
2020-05-16 14:00:00,13976.78,13678.706666666667,106751.8,22,4136001,0.9786736763880283,0.25,True,3419.6766666666667,3494.195,35.1703901724138,48.407383448275866,0.634171807586207,False,38.1,26,88,0,54,76,0.0,667.0,400.0,267.0,443.4,8.3
2020-05-16 14:15:00,18914.999047619047,18474.928095238094,110767.25714285714,22,4136001,0.9767342863051136,0.25,True,4618.7320238095235,4728.749761904762,35.07013266666666,47.87680756666668,0.713821422,False,38.1,26,88,0,54,76,0.0,667.0,400.0,267.0,443.4,8.3
2020-05-16 14:30:00,19055.24380952381,18605.33714285714,115448.37142857142,22,4136001,0.9763893513426574,0.25,True,4651.334285714285,4763.810952380953,35.35950041379311,51.45765844827587,0.7975343986206896,False,38.1,26,88,0,54,76,0.0,667.0,400.0,267.0,443.4,8.3
2020-05-16 14:45:00,13788.718571428572,13503.72619047619,119503.21904761904,22,4136001,0.9793314817851958,0.25,True,3375.9315476190477,3447.179642857143,35.03316013333334,47.3765094,0.464079111,False,38.1,26,88,0,54,76,0.0,667.0,400.0,267.0,443.4,8.3
2020-05-16 15:00:00,13911.71380952381,13624.586190476191,123060.6380952381,22,4136001,0.9793607298871363,0.25,True,3406.146547619048,3477.9284523809524,34.605278500000004,44.74481596666666,0.443339748,False,38.3,25,99,0,71,96,0.0,582.0,371.0,211.0,481.1,9.7
2020-05-16 15:15:00,9766.206666666667,9587.393333333333,125749.53333333333,22,4136001,0.9816906052230446,0.25,True,2396.8483333333334,2441.5516666666667,34.166512275862075,40.970847448275855,0.304116098275862,False,38.3,25,99,0,71,96,0.0,582.0,371.0,211.0,481.1,9.7
2020-05-16 15:30:00,12599.598095238094,12347.567619047619,128638.08571428571,22,4136001,0.9799969432131547,0.25,True,3086.8919047619047,3149.8995238095235,34.53725489999999,42.3535389,0.3934120083333333,False,38.3,25,99,0,71,96,0.0,582.0,371.0,211.0,481.1,9.7
2020-05-16 15:45:00,10075.410952380953,9889.089523809524,131293.94285714286,22,4136001,0.9815073122622955,0.25,True,2472.272380952381,2518.8527380952382,34.33549355172413,41.21859306896552,0.3116804148275861,False,38.3,25,99,0,71,96,0.0,582.0,371.0,211.0,481.1,9.7
2020-05-16 16:00:00,7246.648095238095,7112.233809523809,133537.25238095238,22,4136001,0.9814515229734128,0.25,True,1778.0584523809523,1811.6620238095238,34.15994656666666,39.690612866666655,0.222285774,False,37.2,27,100,0,78,100,0.0,308.0,157.0,151.0,264.7,10.7
2020-05-16 16:15:00,7005.188571428571,6883.972857142858,133960.33809523808,22,4136001,0.9826962953174302,0.25,True,1720.9932142857144,1751.2971428571427,33.8724427586207,38.416914103448285,0.2192462375862069,False,37.2,27,100,0,78,100,0.0,308.0,157.0,151.0,264.7,10.7
2020-05-16 16:30:00,3638.2066666666665,3559.8066666666664,131889.73333333334,22,4136001,0.9784509217911388,0.25,True,889.9516666666666,909.5516666666666,33.260399433333326,37.33207720000001,0.1167878973333333,False,37.2,27,100,0,78,100,0.0,308.0,157.0,151.0,264.7,10.7
2020-05-16 16:45:00,2197.7514285714287,2138.552857142857,132480.45714285714,22,4136001,0.9730640277790417,0.25,True,534.6382142857143,549.4378571428572,31.583788233333337,33.56913959999999,0.0669655043666666,False,37.2,27,100,0,78,100,0.0,308.0,157.0,151.0,264.7,10.7
2020-05-16 17:00:00,2814.942380952381,2748.0790476190473,132673.73809523808,22,4136001,0.9762469975279878,0.25,True,687.0197619047618,703.7355952380952,31.56179186206896,33.81071955172414,0.0890762916206896,False,35.9,28,100,0,35,95,0.0,211.0,101.0,110.0,265.6,15.5
2020-05-16 17:15:00,989.4195238095238,957.4709523809524,133630.81904761904,22,4136001,0.967709782696059,0.25,True,239.3677380952381,247.35488095238094,31.8386771,32.7122988,0.0307999431833333,False,35.9,28,100,0,35,95,0.0,211.0,101.0,110.0,265.6,15.5
2020-05-16 17:30:00,351.05333333333334,338.8614285714286,133775.9,22,4136001,0.9652705056347428,0.25,True,84.71535714285714,87.76333333333334,31.22422073333334,29.016643266666662,0.0055210760799999,False,35.9,28,100,0,35,95,0.0,211.0,101.0,110.0,265.6,15.5
2020-05-16 17:45:00,170.07333333333332,164.02666666666667,133835.3333333333,22,4136001,0.9644467092626711,0.25,True,41.00666666666667,42.51833333333333,30.526303172413797,27.029708379310335,0.0027049280665517,False,35.9,28,100,0,35,95,0.0,211.0,101.0,110.0,265.6,15.5
2020-05-16 18:00:00,17.282857142857143,16.682380952380953,133858.8,22,4136001,0.9652559651733069,0.25,True,4.170595238095238,4.320714285714286,29.6090585,26.4780304,0.0,False,35.5,29,100,0,32,99,0.0,55.0,18.0,37.0,114.6,6.1
2020-05-16 18:15:00,0.0,0.0,133859.0,22,4136001,,0.25,True,0.0,0.0,29.016219655172417,26.25001072413793,0.0004274467713793,False,35.5,29,100,0,32,99,0.0,55.0,18.0,37.0,114.6,6.1
2020-05-16 18:30:00,0.0,0.0,133859.0,22,4136001,,0.25,True,0.0,0.0,29.1915681,26.274048066666676,0.001152606812,False,35.5,29,100,0,32,99,0.0,55.0,18.0,37.0,114.6,6.1
2020-05-16 18:45:00,0.0,0.0,133307.42857142858,22,4136001,,0.25,True,0.0,0.0,29.557291533333327,25.794328700000005,0.0006664907476666,False,35.5,29,100,0,32,99,0.0,55.0,18.0,37.0,114.6,6.1
2020-05-16 19:00:00,0.0,0.0,133859.0,22,4136001,,0.25,True,0.0,0.0,30.232590344827585,27.727659999999997,0.0014265874813793,False,34.8,30,100,0,32,100,0.0,0.0,0.0,0.0,0.0,6.1
2020-05-16 19:15:00,0.0,0.0,134830.4,22,4136001,,0.25,True,0.0,0.0,29.965409300000005,29.1194042,8.698919513333332e-05,False,34.8,30,100,0,32,100,0.0,0.0,0.0,0.0,0.0,6.1
2020-05-16 19:30:00,0.0,0.0,138716.0,22,4136001,,0.25,True,0.0,0.0,29.82385472413793,28.76035496551724,0.0,False,34.8,30,100,0,32,100,0.0,0.0,0.0,0.0,0.0,6.1
2020-05-16 19:45:00,0.0,0.0,138716.0,22,4136001,,0.25,True,0.0,0.0,29.420118100000003,28.404772933333334,0.0,False,34.8,30,100,0,32,100,0.0,0.0,0.0,0.0,0.0,6.1
2020-05-16 20:00:00,0.0,0.0,138716.0,22,4136001,,0.25,True,0.0,0.0,28.763137344827587,27.835330310344837,0.0,False,33.1,36,100,0,81,100,0.0,0.0,0.0,0.0,0.0,4.6
2020-05-16 20:15:00,0.0,0.0,138716.0,22,4136001,,0.25,True,0.0,0.0,28.205944733333336,27.102158700000004,0.0,False,33.1,36,100,0,81,100,0.0,0.0,0.0,0.0,0.0,4.6
2020-05-16 20:30:00,0.0,0.0,138716.0,22,4136001,,0.25,True,0.0,0.0,28.205386266666668,26.741445866666677,0.0,False,33.1,36,100,0,81,100,0.0,0.0,0.0,0.0,0.0,4.6
2020-05-16 20:45:00,0.0,0.0,138716.0,22,4136001,,0.25,True,0.0,0.0,28.36054320689655,26.71066275862069,0.0,False,33.1,36,100,0,81,100,0.0,0.0,0.0,0.0,0.0,4.6
2020-05-16 21:00:00,0.0,0.0,138716.0,22,4136001,,0.25,True,0.0,0.0,28.5787841,26.9042196,0.0,False,29.4,57,100,4,95,100,0.4,0.0,0.0,0.0,0.0,15.8
2020-05-16 21:15:00,0.0,0.0,138716.0,22,4136001,,0.25,True,0.0,0.0,28.61048517241379,27.115082793103443,0.0,False,29.4,57,100,4,95,100,0.4,0.0,0.0,0.0,0.0,15.8
2020-05-16 21:30:00,0.0,0.0,138201.26666666666,22,4136001,,0.25,True,0.0,0.0,28.4075919,26.798993800000005,0.0,False,29.4,57,100,4,95,100,0.4,0.0,0.0,0.0,0.0,15.8
2020-05-16 21:45:00,0.0,0.0,138716.0,22,4136001,,0.25,True,0.0,0.0,28.27099406666666,26.638355366666666,0.0,False,29.4,57,100,4,95,100,0.4,0.0,0.0,0.0,0.0,15.8
2020-05-16 22:00:00,0.0,0.0,138224.53333333333,22,4136001,,0.25,True,0.0,0.0,28.258463862068968,26.72932162068966,0.0,False,28.5,59,100,0,27,100,0.0,0.0,0.0,0.0,0.0,10.4
2020-05-16 22:15:00,0.0,0.0,138716.0,22,4136001,,0.25,True,0.0,0.0,28.136055633333328,26.82591456666667,0.0,False,28.5,59,100,0,27,100,0.0,0.0,0.0,0.0,0.0,10.4
2020-05-16 22:30:00,0.0,0.0,138716.0,22,4136001,,0.25,True,0.0,0.0,28.31342096551724,27.72299413793103,0.0,False,28.5,59,100,0,27,100,0.0,0.0,0.0,0.0,0.0,10.4
2020-05-16 22:45:00,0.0,0.0,138716.0,22,4136001,,0.25,True,0.0,0.0,28.208466666666663,27.788521233333334,0.0,False,28.5,59,100,0,27,100,0.0,0.0,0.0,0.0,0.0,10.4
2020-05-16 23:00:00,0.0,0.0,138192.4,22,4136001,,0.25,True,0.0,0.0,27.52852131034483,27.18614355172414,0.0,False,28.8,59,100,0,22,100,0.0,0.0,0.0,0.0,0.0,12.2
2020-05-16 23:15:00,0.0,0.0,138716.0,22,4136001,,0.25,True,0.0,0.0,27.13286423333333,26.697984833333336,0.0,False,28.8,59,100,0,22,100,0.0,0.0,0.0,0.0,0.0,12.2
2020-05-16 23:30:00,0.0,0.0,138716.0,22,4136001,,0.25,True,0.0,0.0,26.87304173333333,26.26826893333333,0.0,False,28.8,59,100,0,22,100,0.0,0.0,0.0,0.0,0.0,12.2
2020-05-16 23:45:00,0.0,0.0,126347.26666666666,22,4136001,,0.25,True,0.0,0.0,26.525786206896548,25.57391037931034,0.0,False,28.8,59,100,0,22,100,0.0,0.0,0.0,0.0,0.0,12.2
2020-05-17 00:00:00,0.0,0.0,40881.933333333334,22,4136001,,0.25,True,0.0,0.0,26.290046066666665,25.420961466666665,0.0,False,28.4,62,100,2,20,100,0.0,0.0,0.0,0.0,0.0,12.7
2020-05-17 00:15:00,0.0,0.0,23297.0,22,4136001,,0.25,True,0.0,0.0,26.148865724137927,25.07488058620689,0.0,False,28.4,62,100,2,20,100,0.0,0.0,0.0,0.0,0.0,12.7
2020-05-17 00:30:00,0.0,0.0,23297.0,22,4136001,,0.25,True,0.0,0.0,25.88355113333333,24.7258465,0.0,False,28.4,62,100,2,20,100,0.0,0.0,0.0,0.0,0.0,12.7
2020-05-17 00:45:00,0.0,0.0,23297.0,22,4136001,,0.25,True,0.0,0.0,25.90616780000001,24.595490533333336,0.0,False,28.4,62,100,2,20,100,0.0,0.0,0.0,0.0,0.0,12.7
2020-05-17 01:00:00,0.0,0.0,22161.6,22,4136001,,0.25,True,0.0,0.0,25.762797379310346,24.34820031034483,0.0,False,28.1,63,100,0,10,100,0.0,0.0,0.0,0.0,0.0,11.2
2020-05-17 01:15:00,0.0,0.0,17620.0,22,4136001,,0.25,True,0.0,0.0,25.5164062,23.86896563333333,0.0,False,28.1,63,100,0,10,100,0.0,0.0,0.0,0.0,0.0,11.2
2020-05-17 01:30:00,0.0,0.0,17620.0,22,4136001,,0.25,True,0.0,0.0,25.3675354,23.30727846666667,0.0,False,28.1,63,100,0,10,100,0.0,0.0,0.0,0.0,0.0,11.2
2020-05-17 01:45:00,0.0,0.0,17620.0,22,4136001,,0.25,True,0.0,0.0,24.830521599999997,22.68963426666667,0.0,False,28.1,63,100,0,10,100,0.0,0.0,0.0,0.0,0.0,11.2
2020-05-17 02:00:00,0.0,0.0,17620.0,22,4136001,,0.25,True,0.0,0.0,24.73006183333333,22.41169846666667,0.0,False,27.9,65,100,1,5,100,0.0,0.0,0.0,0.0,0.0,11.2
2020-05-17 02:15:00,0.0,0.0,17620.0,22,4136001,,0.25,True,0.0,0.0,24.467926172413787,22.172177068965517,0.0,False,27.9,65,100,1,5,100,0.0,0.0,0.0,0.0,0.0,11.2
2020-05-17 02:30:00,0.0,0.0,17620.0,22,4136001,,0.25,True,0.0,0.0,24.2546642,21.830827966666668,0.0,False,27.9,65,100,1,5,100,0.0,0.0,0.0,0.0,0.0,11.2
2020-05-17 02:45:00,0.0,0.0,17620.0,22,4136001,,0.25,True,0.0,0.0,24.288478482758624,22.096859793103448,0.0,False,27.9,65,100,1,5,100,0.0,0.0,0.0,0.0,0.0,11.2
2020-05-17 03:00:00,0.0,0.0,17620.0,22,4136001,,0.25,True,0.0,0.0,24.1800069,22.02151296666667,0.0,False,27.5,67,100,0,2,100,0.0,0.0,0.0,0.0,0.0,9.1
2020-05-17 03:15:00,0.0,0.0,17620.0,22,4136001,,0.25,True,0.0,0.0,23.95225926666667,21.7182801,0.0,False,27.5,67,100,0,2,100,0.0,0.0,0.0,0.0,0.0,9.1
2020-05-17 03:30:00,0.0,0.0,17620.0,22,4136001,,0.25,True,0.0,0.0,24.118318793103448,22.020067,0.0,False,27.5,67,100,0,2,100,0.0,0.0,0.0,0.0,0.0,9.1
2020-05-17 03:45:00,0.0,0.0,17195.666666666668,22,4136001,,0.25,True,0.0,0.0,24.318871133333328,22.570317666666664,0.0,False,27.5,67,100,0,2,100,0.0,0.0,0.0,0.0,0.0,9.1
2020-05-17 04:00:00,0.0,0.0,11255.0,22,4136001,,0.25,True,0.0,0.0,24.36630162068965,22.70163386206896,0.0,False,27.3,68,100,1,3,100,0.0,0.0,0.0,0.0,0.0,7.2
2020-05-17 04:15:00,0.0,0.0,11255.0,22,4136001,,0.25,True,0.0,0.0,24.637875333333326,23.12236843333333,4.4788243433333325e-05,False,27.3,68,100,1,3,100,0.0,0.0,0.0,0.0,0.0,7.2
2020-05-17 04:30:00,0.0,0.0,11255.0,22,4136001,,0.25,True,0.0,0.0,24.727733655172408,23.30426886206897,0.0,False,27.3,68,100,1,3,100,0.0,0.0,0.0,0.0,0.0,7.2
2020-05-17 04:45:00,0.0,0.0,11255.0,22,4136001,,0.25,True,0.0,0.0,24.89812,23.517964733333333,0.0,False,27.3,68,100,1,3,100,0.0,0.0,0.0,0.0,0.0,7.2
2020-05-17 05:00:00,0.0,0.0,11255.0,22,4136001,,0.25,True,0.0,0.0,24.736520689655173,23.29568382758621,0.0,False,27.1,71,100,0,5,100,0.0,0.0,0.0,0.0,0.0,6.3
2020-05-17 05:15:00,0.0,0.0,11255.0,22,4136001,,0.25,True,0.0,0.0,24.85698943333333,23.20309153333333,0.0,False,27.1,71,100,0,5,100,0.0,0.0,0.0,0.0,0.0,6.3
2020-05-17 05:30:00,0.0,0.0,514.8,22,4136001,,0.25,True,0.0,0.0,24.6831023,23.135338366666662,0.0,False,27.1,71,100,0,5,100,0.0,0.0,0.0,0.0,0.0,6.3
2020-05-17 05:45:00,0.0,0.0,0.0,22,4136001,,0.25,True,0.0,0.0,24.473037241379306,22.776863793103452,9.398705537931033e-05,False,27.1,71,100,0,5,100,0.0,0.0,0.0,0.0,0.0,6.3
2020-05-17 06:00:00,85.45333333333333,82.42,2.533333333333333,22,4136001,0.9645030425963489,0.25,True,20.605,21.363333333333333,24.319194931034485,23.056784827586203,0.005539939377931,False,27.7,68,100,0,2,100,0.0,14.0,1.0,13.0,10.9,9.7
2020-05-17 06:15:00,530.2542857142857,511.97809523809525,77.89047619047619,22,4136001,0.9655331583948042,0.25,True,127.99452380952381,132.56357142857144,25.05646456666667,24.00412286666667,0.0183704660333333,False,27.7,68,100,0,2,100,0.0,14.0,1.0,13.0,10.9,9.7
2020-05-17 06:30:00,790.055238095238,763.4190476190475,239.9904761904762,22,4136001,0.9662856605565856,0.25,True,190.8547619047619,197.5138095238095,25.291162066666672,24.82253713333333,0.0262915067333333,False,27.7,68,100,0,2,100,0.0,14.0,1.0,13.0,10.9,9.7
2020-05-17 06:45:00,942.8909523809524,911.5719047619046,444.2761904761905,22,4136001,0.9667840193609217,0.25,True,227.89297619047616,235.7227380952381,25.52368889655172,25.355253000000005,0.0311807835517241,False,27.7,68,100,0,2,100,0.0,14.0,1.0,13.0,10.9,9.7
2020-05-17 07:00:00,1497.9885714285715,1451.4990476190476,726.1714285714286,22,4136001,0.968965368163531,0.25,True,362.8747619047619,374.4971428571429,25.723395833333328,25.946431433333327,0.047666922,False,29.2,59,100,0,1,100,0.0,151.0,67.0,84.0,263.1,12.3
2020-05-17 07:15:00,2247.4266666666667,2183.94,1175.4,22,4136001,0.9717513956703073,0.25,True,545.985,561.8566666666667,26.135726448275864,27.00165524137931,0.0694368633448276,False,29.2,59,100,0,1,100,0.0,151.0,67.0,84.0,263.1,12.3
2020-05-17 07:30:00,4074.0695238095236,3989.193333333333,1917.395238095238,22,4136001,0.9791667299784257,0.25,True,997.2983333333333,1018.5173809523809,26.6747182,28.918445866666666,0.1270576554999999,False,29.2,59,100,0,1,100,0.0,151.0,67.0,84.0,263.1,12.3
2020-05-17 07:45:00,7276.105238095238,7145.049047619047,3246.795238095238,22,4136001,0.9819881397825275,0.25,True,1786.2622619047618,1819.0263095238095,27.6051717,32.49521086666666,0.2357182519999999,False,29.2,59,100,0,1,100,0.0,151.0,67.0,84.0,263.1,12.3
2020-05-17 08:00:00,12329.71619047619,12086.656666666666,5542.909523809523,22,4136001,0.9802866894862292,0.25,True,3021.6641666666665,3082.4290476190477,28.544006379310343,37.891594034482765,0.430666714137931,False,30.9,52,100,0,9,100,0.0,356.0,225.0,131.0,468.4,11.3
2020-05-17 08:15:00,13375.270476190477,13104.736666666666,8868.985714285714,22,4136001,0.9797735821488326,0.25,True,3276.1841666666664,3343.8176190476192,29.2123748,43.30446356666668,0.4617634923333333,False,30.9,52,100,0,9,100,0.0,356.0,225.0,131.0,468.4,11.3
2020-05-17 08:30:00,14594.586666666666,14295.386666666665,12268.6,22,4136001,0.9794992481230483,0.25,True,3573.8466666666664,3648.6466666666665,29.68912768965517,44.71320524137932,0.5120760037931033,False,30.9,52,100,0,9,100,0.0,356.0,225.0,131.0,468.4,11.3
2020-05-17 08:45:00,13939.560952380953,13655.56238095238,15803.614285714286,22,4136001,0.9796264335441596,0.25,True,3413.890595238095,3484.890238095238,29.98807683333333,45.068606466666665,0.470911494,False,30.9,52,100,0,9,100,0.0,356.0,225.0,131.0,468.4,11.3
2020-05-17 09:00:00,15864.659523809523,15533.412857142856,19336.738095238095,22,4136001,0.9791204679703629,0.25,True,3883.353214285714,3966.164880952381,30.047706344827592,44.35975200000001,0.5358374679310345,False,32.5,46,100,0,8,100,0.0,505.0,285.0,220.0,419.8,10.4
2020-05-17 09:15:00,20434.131904761904,19986.915238095236,23799.566666666666,22,4136001,0.9781142321704183,0.25,True,4996.728809523809,5108.532976190476,30.70545853333333,48.360558,0.7126864326666665,False,32.5,46,100,0,8,100,0.0,505.0,285.0,220.0,419.8,10.4
2020-05-17 09:30:00,17300.712857142855,16923.108095238094,28592.69523809524,22,4136001,0.9781740345023494,0.25,True,4230.777023809524,4325.178214285714,31.6398318,51.3436818,0.6903431299999999,False,32.5,46,100,0,8,100,0.0,505.0,285.0,220.0,419.8,10.4
2020-05-17 09:45:00,17717.393333333333,17327.48,32742.666666666664,22,4136001,0.9779926241971637,0.25,True,4331.87,4429.348333333333,31.79815365517241,50.57241631034481,0.7143508155172414,False,32.5,46,100,0,8,100,0.0,505.0,285.0,220.0,419.8,10.4
2020-05-17 10:00:00,15965.435714285713,15616.679047619047,36918.37619047619,22,4136001,0.978155518401881,0.25,True,3904.169761904762,3991.3589285714284,32.372193566666674,52.08409933333333,0.6756343696666666,False,34.0,41,100,0,8,100,0.0,655.0,369.0,286.0,440.9,10.1
2020-05-17 10:15:00,13423.970476190476,13140.551904761904,40525.74761904762,22,4136001,0.9788871279230493,0.25,True,3285.137976190476,3355.992619047619,32.30568233333333,49.34352216666668,0.5722676586666666,False,34.0,41,100,0,8,100,0.0,655.0,369.0,286.0,440.9,10.1
2020-05-17 10:30:00,17289.507619047617,16912.12857142857,44121.89523809524,22,4136001,0.9781729441963232,0.25,True,4228.032142857142,4322.376904761904,32.44208482758621,48.37232193103448,0.6707603986206897,False,34.0,41,100,0,8,100,0.0,655.0,369.0,286.0,440.9,10.1
2020-05-17 10:45:00,16788.320952380953,16411.396666666667,48313.59523809524,22,4136001,0.9775484226931682,0.25,True,4102.849166666667,4197.080238095238,32.98318686666667,50.800837966666656,0.7487384033333335,False,34.0,41,100,0,8,100,0.0,655.0,369.0,286.0,440.9,10.1
2020-05-17 11:00:00,15127.646666666667,14787.346666666666,52241.26666666666,22,4136001,0.9775047628029386,0.25,True,3696.8366666666666,3781.911666666667,33.59000886206896,51.39774210344827,0.744102428275862,False,35.4,38,100,0,14,100,0.0,766.0,458.0,308.0,485.5,11.2
2020-05-17 11:15:00,13797.64238095238,13496.586666666666,55927.37619047619,22,4136001,0.9781806408679412,0.25,True,3374.1466666666665,3449.410595238095,33.80211653333333,51.108978366666655,0.681933306,False,35.4,38,100,0,14,100,0.0,766.0,458.0,308.0,485.5,11.2
2020-05-17 11:30:00,12095.34,11845.550476190476,59024.30476190476,22,4136001,0.9793482842309911,0.25,True,2961.387619047619,3023.835,33.97323479310345,47.9988477586207,0.4981052958620688,False,35.4,38,100,0,14,100,0.0,766.0,458.0,308.0,485.5,11.2
2020-05-17 11:45:00,14267.708571428571,13976.182380952381,62185.89047619048,22,4136001,0.9795674134345597,0.25,True,3494.0455952380953,3566.927142857143,33.6794626,44.84200643333333,0.4553650786666666,False,35.4,38,100,0,14,100,0.0,766.0,458.0,308.0,485.5,11.2
2020-05-17 12:00:00,16429.01619047619,16085.063809523808,65862.81904761905,22,4136001,0.9790643348959769,0.25,True,4021.265952380952,4107.254047619048,33.770686966666666,46.61196483333334,0.5253698983333334,False,36.5,35,100,8,16,100,0.0,808.0,569.0,239.0,574.1,11.7
2020-05-17 12:15:00,17958.74,17576.47333333333,70129.2,22,4136001,0.9787141711129695,0.25,True,4394.118333333333,4489.685,34.136448310344825,48.85399431034482,0.5782548813793102,False,36.5,35,100,8,16,100,0.0,808.0,569.0,239.0,574.1,11.7
2020-05-17 12:30:00,18671.429523809522,18270.28619047619,74635.39523809524,22,4136001,0.9785156603664544,0.25,True,4567.571547619047,4667.8573809523805,34.32172226666668,50.20386160000001,0.6100332046666667,False,36.5,35,100,8,16,100,0.0,808.0,569.0,239.0,574.1,11.7
2020-05-17 12:45:00,18492.44238095238,18082.356666666667,79240.59047619048,22,4136001,0.9778241453542064,0.25,True,4520.589166666667,4623.110595238095,34.64678210344827,51.27062162068966,0.7156156220689655,False,36.5,35,100,8,16,100,0.0,808.0,569.0,239.0,574.1,11.7
2020-05-17 13:00:00,18502.626666666667,18087.148095238095,83683.62857142858,22,4136001,0.9775448870631392,0.25,True,4521.787023809524,4625.656666666667,35.0309509,53.76064456666667,0.754738481,False,37.8,32,84,0,19,81,0.0,866.0,611.0,255.0,625.3,11.6
2020-05-17 13:15:00,14833.030476190475,14492.764285714286,79785.9,22,4136001,0.9770602378912134,0.25,True,3623.1910714285714,3708.257619047619,35.52410268965517,56.54186906896551,0.7998285427586208,False,37.8,32,84,0,19,81,0.0,866.0,611.0,255.0,625.3,11.6
2020-05-17 13:30:00,9830.653333333334,9615.733333333334,48143.46666666667,22,4136001,0.9781377704296357,0.25,True,2403.9333333333334,2457.6633333333334,36.10341906666667,59.100529966666656,0.6887480663333334,False,37.8,32,84,0,19,81,0.0,866.0,611.0,255.0,625.3,11.6
2020-05-17 13:45:00,17951.210952380952,17538.796666666665,94124.9761904762,22,4136001,0.9770258236723809,0.25,True,4384.699166666666,4487.802738095238,36.21466379310345,55.30187886206895,0.7612834286206895,False,37.8,32,84,0,19,81,0.0,866.0,611.0,255.0,625.3,11.6
2020-05-17 14:00:00,16154.867142857143,15788.772380952381,98327.41904761904,22,4136001,0.9773384232338531,0.25,True,3947.1930952380953,4038.716785714286,36.4980315,54.589568,0.7789892303333334,False,35.5,41,94,0,60,91,0.9,782.0,553.0,229.0,613.1,27.9
2020-05-17 14:15:00,17191.741904761904,16807.926666666666,102088.7,22,4136001,0.9776744415882066,0.25,True,4201.981666666667,4297.935476190476,36.60296943333335,52.846333866666654,0.732283932,False,35.5,41,94,0,60,91,0.9,782.0,553.0,229.0,613.1,27.9
2020-05-17 14:30:00,14813.366666666667,14498.411428571428,106383.01904761905,22,4136001,0.9787384431113855,0.25,True,3624.602857142857,3703.3416666666667,36.83124206896552,51.13231051724138,0.5855804424137931,False,35.5,41,94,0,60,91,0.9,782.0,553.0,229.0,613.1,27.9
2020-05-17 14:45:00,14521.96,14224.36,109948.4,22,4136001,0.979506898517831,0.25,True,3556.09,3630.49,36.53318553333334,49.36536973333334,0.492684559,False,35.5,41,94,0,60,91,0.9,782.0,553.0,229.0,613.1,27.9
2020-05-17 15:00:00,9389.083809523809,9218.361428571428,112935.18095238095,22,4136001,0.9818169286358688,0.25,True,2304.590357142857,2347.270952380952,36.10952948275863,45.67703886206896,0.3013766968965517,False,34.3,41,100,0,34,100,0.5,389.0,195.0,194.0,252.9,10.4
2020-05-17 15:15:00,7986.613333333333,7849.193333333334,114969.28571428571,22,4136001,0.9827937081382848,0.25,True,1962.2983333333334,1996.6533333333332,35.419343399999995,40.62791256666667,0.2451468573333333,False,34.3,41,100,0,34,100,0.5,389.0,195.0,194.0,252.9,10.4
2020-05-17 15:30:00,9297.790476190477,9132.170476190477,117069.76190476191,22,4136001,0.9821871658192217,0.25,True,2283.042619047619,2324.4476190476194,35.6123197,40.969849633333325,0.283091291,False,34.3,41,100,0,34,100,0.5,389.0,195.0,194.0,252.9,10.4
2020-05-17 15:45:00,9066.5,8906.853333333333,119361.06666666667,22,4136001,0.9823915880806632,0.25,True,2226.713333333333,2266.625,35.5120261724138,41.27848017241379,0.2785615713793103,False,34.3,41,100,0,34,100,0.5,389.0,195.0,194.0,252.9,10.4
2020-05-17 16:00:00,9112.459523809523,8950.80380952381,121563.94285714286,22,4136001,0.9822599251208382,0.25,True,2237.7009523809525,2278.1148809523806,35.33530586666666,40.34242463333332,0.2795773376666665,False,33.1,45,100,0,77,100,0.6,293.0,123.0,170.0,207.3,4.4
2020-05-17 16:15:00,14004.575824175823,13719.603296703297,124431.57692307692,22,4136001,0.9796514702729815,0.25,True,3429.9008241758243,3501.1439560439558,35.821209925925935,42.76871762962963,0.4279635396296296,False,33.1,45,100,0,77,100,0.6,293.0,123.0,170.0,207.3,4.4
2020-05-17 16:30:00,13119.66238095238,12855.625714285714,127740.80476190476,22,4136001,0.9798747361784245,0.25,True,3213.9064285714285,3279.915595238095,36.07769153333333,44.569872033333326,0.4045281216666666,False,33.1,45,100,0,77,100,0.6,293.0,123.0,170.0,207.3,4.4
2020-05-17 16:45:00,9941.61238095238,9753.74238095238,130619.96666666666,22,4136001,0.9811026629483213,0.25,True,2438.435595238095,2485.403095238095,36.44374493333334,43.57221573333334,0.3040243293333332,False,33.1,45,100,0,77,100,0.6,293.0,123.0,170.0,207.3,4.4
2020-05-17 17:00:00,2960.6,2887.7533333333336,132159.93333333332,22,4136001,0.9753946272152042,0.25,True,721.9383333333334,740.15,35.507159172413786,38.92884879310344,0.093825594,False,33.8,42,100,0,14,100,0.0,144.0,38.0,106.0,99.8,15.9
2020-05-17 17:15:00,3484.299523809524,3406.6266666666666,132366.6,22,4136001,0.9777077554291501,0.25,True,851.6566666666666,871.074880952381,35.09537646666667,36.100673466666656,0.1124340208999999,False,33.8,42,100,0,14,100,0.0,144.0,38.0,106.0,99.8,15.9
2020-05-17 17:30:00,4954.152857142857,4857.433333333333,133468.19523809524,22,4136001,0.980477081228918,0.25,True,1214.3583333333333,1238.5382142857143,35.30165672413793,37.281979379310336,0.157049409137931,False,33.8,42,100,0,14,100,0.0,144.0,38.0,106.0,99.8,15.9
2020-05-17 17:45:00,2556.2395238095237,2488.805238095238,134888.34285714285,22,4136001,0.9736197312160367,0.25,True,622.2013095238095,639.0598809523809,35.0653644,36.49970813333333,0.0815178720666666,False,33.8,42,100,0,14,100,0.0,144.0,38.0,106.0,99.8,15.9
2020-05-17 18:00:00,2253.3366666666666,2189.615714285714,135451.89047619049,22,4136001,0.9717215126689372,0.25,True,547.4039285714285,563.3341666666666,34.57465116666667,35.23109946666666,0.0685123559666666,False,31.9,47,100,0,36,100,0.0,46.0,4.0,42.0,25.4,10.8
2020-05-17 18:15:00,845.96,818.02,135844.6,22,4136001,0.9669724336848077,0.25,True,204.505,211.49,34.26270155172412,33.82328855172414,0.0252637653448275,False,31.9,47,100,0,36,100,0.0,46.0,4.0,42.0,25.4,10.8
2020-05-17 18:30:00,157.09857142857143,151.56857142857143,135953.0095238095,22,4136001,0.9647991706753721,0.25,True,37.89214285714286,39.27464285714286,33.82243973333334,31.868562866666664,0.0048542384033333,False,31.9,47,100,0,36,100,0.0,46.0,4.0,42.0,25.4,10.8
2020-05-17 18:45:00,0.0,0.0,135962.0,22,4136001,,0.25,True,0.0,0.0,32.505662655172415,30.871878793103445,0.0,False,31.9,47,100,0,36,100,0.0,46.0,4.0,42.0,25.4,10.8
2020-05-17 19:00:00,0.0,0.0,135962.0,22,4136001,,0.25,True,0.0,0.0,31.5056082,30.328579666666656,0.0,False,30.7,51,100,0,20,100,0.0,0.0,0.0,0.0,0.0,3.4
2020-05-17 19:15:00,0.0,0.0,135962.0,22,4136001,,0.25,True,0.0,0.0,31.155717000000003,29.985616,0.0,False,30.7,51,100,0,20,100,0.0,0.0,0.0,0.0,0.0,3.4
2020-05-17 19:30:00,0.0,0.0,135962.0,22,4136001,,0.25,True,0.0,0.0,30.802734275862075,29.77499903448276,0.0,False,30.7,51,100,0,20,100,0.0,0.0,0.0,0.0,0.0,3.4
2020-05-17 19:45:00,0.0,0.0,135962.0,22,4136001,,0.25,True,0.0,0.0,30.547670433333337,29.623739566666664,0.0,False,30.7,51,100,0,20,100,0.0,0.0,0.0,0.0,0.0,3.4
2020-05-17 20:00:00,0.0,0.0,135962.0,22,4136001,,0.25,True,0.0,0.0,30.300568827586208,29.35396499999999,0.0,False,31.0,50,100,0,45,100,0.0,0.0,0.0,0.0,0.0,8.6
2020-05-17 20:15:00,0.0,0.0,135962.0,22,4136001,,0.25,True,0.0,0.0,29.811618933333328,29.0146261,0.0,False,31.0,50,100,0,45,100,0.0,0.0,0.0,0.0,0.0,8.6
2020-05-17 20:30:00,0.0,0.0,135962.0,22,4136001,,0.25,True,0.0,0.0,29.1945903,28.482287666666664,0.0,False,31.0,50,100,0,45,100,0.0,0.0,0.0,0.0,0.0,8.6
2020-05-17 20:45:00,0.0,0.0,135962.0,22,4136001,,0.25,True,0.0,0.0,28.808170689655167,28.060144827586203,0.0,False,31.0,50,100,0,45,100,0.0,0.0,0.0,0.0,0.0,8.6
2020-05-17 21:00:00,0.0,0.0,135962.0,22,4136001,,0.25,True,0.0,0.0,28.49680176666666,27.806913200000004,0.0,False,31.1,51,100,0,36,100,0.0,0.0,0.0,0.0,0.0,14.1
2020-05-17 21:15:00,0.0,0.0,135962.0,22,4136001,,0.25,True,0.0,0.0,28.221233689655172,27.64579282758621,0.0,False,31.1,51,100,0,36,100,0.0,0.0,0.0,0.0,0.0,14.1
2020-05-17 21:30:00,0.0,0.0,135962.0,22,4136001,,0.25,True,0.0,0.0,27.908858133333336,27.563309933333333,0.0,False,31.1,51,100,0,36,100,0.0,0.0,0.0,0.0,0.0,14.1
2020-05-17 21:45:00,0.0,0.0,135962.0,22,4136001,,0.25,True,0.0,0.0,27.756202166666665,27.456904133333328,0.0,False,31.1,51,100,0,36,100,0.0,0.0,0.0,0.0,0.0,14.1
2020-05-17 22:00:00,0.0,0.0,135962.0,22,4136001,,0.25,True,0.0,0.0,26.50748420689656,25.221006344827583,0.0,False,30.2,50,100,0,17,100,0.0,0.0,0.0,0.0,0.0,16.6
2020-05-17 22:15:00,0.0,0.0,135492.6,22,4136001,,0.25,True,0.0,0.0,26.322783466666664,24.444667433333333,0.0016489731516666,False,30.2,50,100,0,17,100,0.0,0.0,0.0,0.0,0.0,16.6
2020-05-17 22:30:00,0.0,0.0,135962.0,22,4136001,,0.25,True,0.0,0.0,26.622738586206893,24.977245482758615,0.0019374660551724,False,30.2,50,100,0,17,100,0.0,0.0,0.0,0.0,0.0,16.6
2020-05-17 22:45:00,0.0,0.0,135962.0,22,4136001,,0.25,True,0.0,0.0,26.2797891,25.81025786666667,0.0010388260513333,False,30.2,50,100,0,17,100,0.0,0.0,0.0,0.0,0.0,16.6
2020-05-17 23:00:00,0.0,0.0,135962.0,22,4136001,,0.25,True,0.0,0.0,26.047402966666663,25.58270970000001,0.0007459025993333,False,29.5,56,100,1,18,100,0.0,0.0,0.0,0.0,0.0,16.3
2020-05-17 23:15:00,0.0,0.0,135962.0,22,4136001,,0.25,True,0.0,0.0,25.51867668965517,25.40204179310345,0.0001429450220689,False,29.5,56,100,1,18,100,0.0,0.0,0.0,0.0,0.0,16.3
2020-05-17 23:30:00,0.0,0.0,135962.0,22,4136001,,0.25,True,0.0,0.0,24.4731607,24.721717233333333,0.0,False,29.5,56,100,1,18,100,0.0,0.0,0.0,0.0,0.0,16.3
2020-05-17 23:45:00,0.0,0.0,123897.33333333333,22,4136001,,0.25,True,0.0,0.0,23.42992334482759,23.82487224137931,0.0,False,29.5,56,100,1,18,100,0.0,0.0,0.0,0.0,0.0,16.3
2020-05-18 00:00:00,0.0,0.0,40793.828571428574,22,4136001,,0.25,True,0.0,0.0,23.44159966666668,23.655607233333328,0.0,False,29.1,62,100,1,22,100,0.0,0.0,0.0,0.0,0.0,13.0
2020-05-18 00:15:00,0.0,0.0,22704.0,22,4136001,,0.25,True,0.0,0.0,23.88182434482759,23.5995621724138,0.0,False,29.1,62,100,1,22,100,0.0,0.0,0.0,0.0,0.0,13.0
2020-05-18 00:30:00,0.0,0.0,22704.0,22,4136001,,0.25,True,0.0,0.0,24.515677933333333,23.709772966666662,0.0,False,29.1,62,100,1,22,100,0.0,0.0,0.0,0.0,0.0,13.0
2020-05-18 00:45:00,0.0,0.0,22704.0,22,4136001,,0.25,True,0.0,0.0,25.033409566666663,23.981148333333337,0.0,False,29.1,62,100,1,22,100,0.0,0.0,0.0,0.0,0.0,13.0
2020-05-18 01:00:00,0.0,0.0,22704.0,22,4136001,,0.25,True,0.0,0.0,25.385702,24.332798310344828,0.0,False,28.9,65,100,7,26,100,0.0,0.0,0.0,0.0,0.0,8.9
2020-05-18 01:15:00,0.0,0.0,17207.6,22,4136001,,0.25,True,0.0,0.0,25.497522799999995,24.42722153333333,0.0,False,28.9,65,100,7,26,100,0.0,0.0,0.0,0.0,0.0,8.9
2020-05-18 01:30:00,0.0,0.0,16362.0,22,4136001,,0.25,True,0.0,0.0,25.53473610344828,24.604394172413794,0.0,False,28.9,65,100,7,26,100,0.0,0.0,0.0,0.0,0.0,8.9
2020-05-18 01:45:00,0.0,0.0,16362.0,22,4136001,,0.25,True,0.0,0.0,25.494532066666668,24.99542026666667,0.0,False,28.9,65,100,7,26,100,0.0,0.0,0.0,0.0,0.0,8.9
2020-05-18 02:00:00,0.0,0.0,16362.0,22,4136001,,0.25,True,0.0,0.0,24.92512503333333,24.870464266666666,0.0,False,28.5,67,100,13,25,100,0.0,0.0,0.0,0.0,0.0,12.8
2020-05-18 02:15:00,0.0,0.0,16362.0,22,4136001,,0.25,True,0.0,0.0,24.694614724137935,24.69655734482759,0.0,False,28.5,67,100,13,25,100,0.0,0.0,0.0,0.0,0.0,12.8
2020-05-18 02:30:00,0.0,0.0,16362.0,22,4136001,,0.25,True,0.0,0.0,24.847948,24.7925,0.0,False,28.5,67,100,13,25,100,0.0,0.0,0.0,0.0,0.0,12.8
2020-05-18 02:45:00,0.0,0.0,16362.0,22,4136001,,0.25,True,0.0,0.0,24.940317,24.90185237931034,0.0,False,28.5,67,100,13,25,100,0.0,0.0,0.0,0.0,0.0,12.8
2020-05-18 03:00:00,0.0,0.0,16362.0,22,4136001,,0.25,True,0.0,0.0,25.032384133333327,24.974565533333333,0.0,False,27.9,72,100,0,28,100,0.0,0.0,0.0,0.0,0.0,12.9
2020-05-18 03:15:00,0.0,0.0,16362.0,22,4136001,,0.25,True,0.0,0.0,24.9947755,24.7240641,0.0,False,27.9,72,100,0,28,100,0.0,0.0,0.0,0.0,0.0,12.9
2020-05-18 03:30:00,0.0,0.0,16362.0,22,4136001,,0.25,True,0.0,0.0,24.698266310344827,24.10419668965517,3.044425379310345e-05,False,27.9,72,100,0,28,100,0.0,0.0,0.0,0.0,0.0,12.9
2020-05-18 03:45:00,0.0,0.0,16362.0,22,4136001,,0.25,True,0.0,0.0,24.366484666666672,23.8283082,9.724493333333331e-05,False,27.9,72,100,0,28,100,0.0,0.0,0.0,0.0,0.0,12.9
2020-05-18 04:00:00,0.0,0.0,13574.285714285714,22,4136001,,0.25,True,0.0,0.0,23.957140689655173,23.491908793103445,0.0,False,27.5,77,100,0,26,100,0.0,0.0,0.0,0.0,0.0,14.2
2020-05-18 04:15:00,0.0,0.0,12814.0,22,4136001,,0.25,True,0.0,0.0,23.24427496666667,22.8459626,0.0003083751808666,False,27.5,77,100,0,26,100,0.0,0.0,0.0,0.0,0.0,14.2
2020-05-18 04:30:00,0.0,0.0,12814.0,22,4136001,,0.25,True,0.0,0.0,20.942384766666667,20.78624756666667,0.0,False,27.5,77,100,0,26,100,0.0,0.0,0.0,0.0,0.0,14.2
2020-05-18 04:45:00,0.0,0.0,12814.0,22,4136001,,0.25,True,0.0,0.0,20.95653134482759,20.93981193103448,0.0,False,27.5,77,100,0,26,100,0.0,0.0,0.0,0.0,0.0,14.2
2020-05-18 05:00:00,0.0,0.0,12814.0,22,4136001,,0.25,True,0.0,0.0,20.963444933333328,21.0104237,0.0,False,26.3,86,100,0,21,100,0.0,0.0,0.0,0.0,0.0,13.8
2020-05-18 05:15:00,0.0,0.0,12814.0,22,4136001,,0.25,True,0.0,0.0,21.226854034482763,21.11130072413793,2.779975665517241e-05,False,26.3,86,100,0,21,100,0.0,0.0,0.0,0.0,0.0,13.8
2020-05-18 05:30:00,0.0,0.0,2362.333333333333,22,4136001,,0.25,True,0.0,0.0,21.544671666666677,21.298067133333337,0.0,False,26.3,86,100,0,21,100,0.0,0.0,0.0,0.0,0.0,13.8
2020-05-18 05:45:00,0.0,0.0,0.0,22,4136001,,0.25,True,0.0,0.0,21.69882520689656,21.302836379310342,0.0,False,26.3,86,100,0,21,100,0.0,0.0,0.0,0.0,0.0,13.8
2020-05-18 06:00:00,0.0,0.0,0.0,22,4136001,,0.25,True,0.0,0.0,21.56733580000001,21.031936566666666,0.0002661739907,False,26.7,82,99,0,18,99,0.0,14.0,2.0,12.0,21.6,16.3
2020-05-18 06:15:00,0.0,0.0,0.0,22,4136001,,0.25,True,0.0,0.0,21.769482433333323,21.18667396666666,0.0008433108796666,False,26.7,82,99,0,18,99,0.0,14.0,2.0,12.0,21.6,16.3
2020-05-18 06:30:00,0.0,0.0,0.0,22,4136001,,0.25,True,0.0,0.0,22.012576241379307,21.32534503448276,0.0015422382517241,False,26.7,82,99,0,18,99,0.0,14.0,2.0,12.0,21.6,16.3
2020-05-18 06:45:00,0.0,0.0,0.0,22,4136001,,0.25,True,0.0,0.0,22.117356600000004,21.35921143333333,0.0034551432533333,False,26.7,82,99,0,18,99,0.0,14.0,2.0,12.0,21.6,16.3
2020-05-18 07:00:00,82.74666666666667,79.84,5.3999999999999995,22,4136001,0.9648727038349983,0.25,True,19.96,20.686666666666667,22.266623413793106,21.529330586206893,0.0066534674275862,False,28.0,74,100,0,23,100,0.0,128.0,42.0,86.0,164.6,18.6
2020-05-18 07:15:00,318.20619047619044,306.9557142857143,56.042857142857144,22,4136001,0.9646440687604475,0.25,True,76.73892857142857,79.55154761904761,22.6920623,21.737910933333332,0.0111933843666666,False,28.0,74,100,0,23,100,0.0,128.0,42.0,86.0,164.6,18.6
2020-05-18 07:30:00,593.2871428571428,573.0171428571429,160.27142857142857,22,4136001,0.9658344188913583,0.25,True,143.25428571428571,148.3217857142857,22.9404184,22.058558200000004,0.0198939469666666,False,28.0,74,100,0,23,100,0.0,128.0,42.0,86.0,164.6,18.6
2020-05-18 07:45:00,1322.6414285714286,1280.8804761904762,374.6952380952381,22,4136001,0.9684260968401255,0.25,True,320.22011904761905,330.66035714285715,23.156025344827587,22.699053551724138,0.0399777279655172,False,28.0,74,100,0,23,100,0.0,128.0,42.0,86.0,164.6,18.6
2020-05-18 08:00:00,3743.65,3661.5666666666666,927.1333333333333,22,4136001,0.9780739830557521,0.25,True,915.3916666666667,935.9125,23.4337169,24.26010233333333,0.1108077218666666,False,29.9,64,93,0,37,90,0.0,293.0,134.0,159.0,278.8,18.6
2020-05-18 08:15:00,7122.7071428571435,6998.562857142857,2283.385714285714,22,4136001,0.9825706317521727,0.25,True,1749.6407142857142,1780.6767857142859,24.188384034482755,26.959184310344824,0.2145577755172414,False,29.9,64,93,0,37,90,0.0,293.0,134.0,159.0,278.8,18.6
2020-05-18 08:30:00,9356.278095238094,9185.917142857143,4282.728571428572,22,4136001,0.9817918032526569,0.25,True,2296.4792857142857,2339.0695238095236,25.09011933333333,29.4129538,0.286081037,False,29.9,64,93,0,37,90,0.0,293.0,134.0,159.0,278.8,18.6
2020-05-18 08:45:00,12306.028095238094,12061.288571428571,6973.238095238095,22,4136001,0.9801122245199304,0.25,True,3015.322142857143,3076.5070238095236,26.415036066666666,34.17802436666666,0.3953201403333334,False,29.9,64,93,0,37,90,0.0,293.0,134.0,159.0,278.8,18.6
2020-05-18 09:00:00,13168.936666666666,12903.672857142858,10064.971428571429,22,4136001,0.9798568543354569,0.25,True,3225.9182142857144,3292.2341666666666,26.551281137931035,34.97463162068965,0.4229210006896552,False,31.4,56,100,0,75,99,0.0,417.0,235.0,182.0,346.1,19.3
2020-05-18 09:15:00,14446.750952380951,14151.030476190475,13431.747619047619,22,4136001,0.9795303125827237,0.25,True,3537.757619047619,3611.687738095238,27.0270212,36.77487683333332,0.4732118349999999,False,31.4,56,100,0,75,99,0.0,417.0,235.0,182.0,346.1,19.3
2020-05-18 09:30:00,17334.654285714285,16965.243333333332,17298.20952380952,22,4136001,0.9786894537213016,0.25,True,4241.310833333333,4333.663571428571,27.32489017241379,37.78216986206897,0.5877528527586208,False,31.4,56,100,0,75,99,0.0,417.0,235.0,182.0,346.1,19.3
2020-05-18 09:45:00,17378.552857142855,16994.854761904764,21700.157142857144,22,4136001,0.977921171089894,0.25,True,4248.713690476191,4344.638214285714,27.701905379310343,40.01903634482758,0.6936572341379309,False,31.4,56,100,0,75,99,0.0,417.0,235.0,182.0,346.1,19.3
2020-05-18 10:00:00,15700.525714285714,15357.569047619047,25697.180952380953,22,4136001,0.9781563577610262,0.25,True,3839.3922619047617,3925.1314285714284,27.856152266666676,40.04020273333332,0.6619857259999999,False,31.9,53,99,0,74,99,0.0,432.0,137.0,295.0,163.8,18.4
2020-05-18 10:15:00,15725.287619047618,15371.218571428572,29657.8,22,4136001,0.9774840971944976,0.25,True,3842.804642857143,3931.3219047619045,28.33403603448276,41.74061737931036,0.6871823993103447,False,31.9,53,99,0,74,99,0.0,432.0,137.0,295.0,163.8,18.4
2020-05-18 10:30:00,10860.010476190477,10635.972857142857,32733.861904761907,22,4136001,0.9793704048869197,0.25,True,2658.993214285714,2715.002619047619,28.277725233333328,38.94443266666667,0.457640915,False,31.9,53,99,0,74,99,0.0,432.0,137.0,295.0,163.8,18.4
2020-05-18 10:45:00,13576.18857142857,13299.558095238095,35611.561904761904,22,4136001,0.9796238484214449,0.25,True,3324.889523809524,3394.0471428571427,28.130790266666665,37.07710153333334,0.4531049243333333,False,31.9,53,99,0,74,99,0.0,432.0,137.0,295.0,163.8,18.4
2020-05-18 11:00:00,17502.057619047617,17114.22761904762,39551.79047619047,22,4136001,0.9778408911431122,0.25,True,4278.556904761905,4375.514404761904,28.949897448275863,41.61910062068966,0.6689661120689653,False,33.2,49,72,4,12,70,0.0,666.0,336.0,330.0,356.3,20.0
2020-05-18 11:15:00,17018.78523809524,16633.34761904762,43822.78571428572,22,4136001,0.9773522249881358,0.25,True,4158.336904761905,4254.69630952381,29.270029633333337,44.4611593,0.7330176780000001,False,33.2,49,72,4,12,70,0.0,666.0,336.0,330.0,356.3,20.0
2020-05-18 11:30:00,17112.14,16710.66,47994.6,22,4136001,0.976538293866226,0.25,True,4177.665,4278.035,29.42511820689656,45.57827120689655,0.7727462144827584,False,33.2,49,72,4,12,70,0.0,666.0,336.0,330.0,356.3,20.0
2020-05-18 11:45:00,17561.54095238095,17132.396666666664,52199.07142857143,22,4136001,0.9755634037538088,0.25,True,4283.099166666666,4390.385238095238,29.8037496,47.60093166666666,0.8346098513333335,False,33.2,49,72,4,12,70,0.0,666.0,336.0,330.0,356.3,20.0
2020-05-18 12:00:00,17315.75857142857,16884.27380952381,56421.62857142857,22,4136001,0.9750813826535604,0.25,True,4221.068452380952,4328.939642857143,30.22423048275862,49.63103317241378,0.8786557337931034,False,34.8,43,100,18,4,100,0.0,840.0,617.0,223.0,622.7,22.3
2020-05-18 12:15:00,15981.88095238095,15600.797619047618,60496.81428571429,22,4136001,0.9761552889507314,0.25,True,3900.1994047619046,3995.4702380952376,30.198338766666662,48.785755133333325,0.8129037663333335,False,34.8,43,100,18,4,100,0.0,840.0,617.0,223.0,622.7,22.3
2020-05-18 12:30:00,17892.292857142857,17450.61380952381,64625.18095238095,22,4136001,0.9753145641452698,0.25,True,4362.653452380952,4473.073214285714,30.60646463333333,49.40591829999999,0.876769936,False,34.8,43,100,18,4,100,0.0,840.0,617.0,223.0,622.7,22.3
2020-05-18 12:45:00,14861.566666666666,14506.186666666666,68465.46666666666,22,4136001,0.9760873124636927,0.25,True,3626.5466666666666,3715.3916666666664,30.55539796551724,48.349171655172405,0.74495337,False,34.8,43,100,18,4,100,0.0,840.0,617.0,223.0,622.7,22.3
2020-05-18 13:00:00,15050.046666666667,14689.093333333334,72324.59999999999,22,4136001,0.9760164641792916,0.25,True,3672.2733333333335,3762.5116666666668,30.690965866666676,46.304233,0.7598188213333331,False,36.0,39,100,7,7,100,0.0,791.0,513.0,278.0,525.2,20.8
2020-05-18 13:15:00,15465.539999999999,15092.814285714287,76095.78571428571,22,4136001,0.975899599090254,0.25,True,3773.2035714285716,3866.3849999999998,31.4158641724138,49.11488696551722,0.8388255679310344,False,36.0,39,100,7,7,100,0.0,791.0,513.0,278.0,525.2,20.8
2020-05-18 13:30:00,16775.294761904763,16362.933809523809,79896.94761904763,22,4136001,0.9754185569771692,0.25,True,4090.7334523809523,4193.823690476191,32.053389366666664,50.11713053333334,0.8313699896666666,False,36.0,39,100,7,7,100,0.0,791.0,513.0,278.0,525.2,20.8
2020-05-18 13:45:00,16369.834761904762,15979.515238095239,83971.86666666667,22,4136001,0.9761561720392035,0.25,True,3994.8788095238097,4092.4586904761904,32.3029751,50.82574513333334,0.7953829,False,36.0,39,100,7,7,100,0.0,791.0,513.0,278.0,525.2,20.8
2020-05-18 14:00:00,16919.540476190476,16533.730952380953,88009.87619047618,22,4136001,0.9771973994002708,0.25,True,4133.432738095238,4229.885119047619,32.429869551724146,50.336128,0.7585735186206896,False,35.1,40,100,0,15,100,0.4,703.0,461.0,242.0,511.1,19.3
2020-05-18 14:15:00,17007.04,16623.013333333332,92240.2,22,4136001,0.9774195470424796,0.25,True,4155.753333333333,4251.76,33.168809033333325,50.7588666,0.7463281493333334,False,35.1,40,100,0,15,100,0.4,703.0,461.0,242.0,511.1,19.3
2020-05-18 14:30:00,16974.10523809524,16595.72238095238,96415.7,22,4136001,0.9777082295746788,0.25,True,4148.930595238095,4243.52630952381,33.362330931034485,50.32767351724139,0.7109748358620688,False,35.1,40,100,0,15,100,0.4,703.0,461.0,242.0,511.1,19.3
2020-05-18 14:45:00,17422.714285714286,17039.24142857143,100514.22857142857,22,4136001,0.9779900622340295,0.25,True,4259.810357142857,4355.678571428572,33.482829466666665,49.369564,0.6675782790000002,False,35.1,40,100,0,15,100,0.4,703.0,461.0,242.0,511.1,19.3
2020-05-18 15:00:00,17164.501904761906,16790.788571428573,104850.78571428571,22,4136001,0.9782275456982731,0.25,True,4197.697142857143,4291.125476190477,33.88921465517242,49.1997121724138,0.6223585434482761,False,33.8,43,100,5,58,100,0.8,573.0,337.0,236.0,437.0,23.7
2020-05-18 15:15:00,14748.004285714287,14440.97238095238,108450.0238095238,22,4136001,0.9791814608394632,0.25,True,3610.243095238095,3687.001071428572,33.72917989999999,46.27826336666665,0.481245819,False,33.8,43,100,5,58,100,0.8,573.0,337.0,236.0,437.0,23.7
2020-05-18 15:30:00,11489.74857142857,11266.753809523809,112037.74761904762,22,4136001,0.98059185015943,0.25,True,2816.688452380952,2872.4371428571426,33.613372500000004,43.14834789999999,0.3532313366666666,False,33.8,43,100,5,58,100,0.8,573.0,337.0,236.0,437.0,23.7
2020-05-18 15:45:00,10882.764761904762,10675.909047619047,114659.67142857143,22,4136001,0.9809923563716257,0.25,True,2668.9772619047617,2720.6911904761905,33.40481962068966,40.65085562068965,0.3397950134482759,False,33.8,43,100,5,58,100,0.8,573.0,337.0,236.0,437.0,23.7
2020-05-18 16:00:00,13491.690476190475,13218.83,117671.7,22,4136001,0.9797756643860155,0.25,True,3304.7075,3372.922619047619,34.07618586666667,42.393848766666665,0.4168387116666666,False,31.2,54,100,0,18,100,0.2,229.0,64.0,165.0,107.8,11.9
2020-05-18 16:15:00,12289.881904761904,12045.251428571428,120858.20952380952,22,4136001,0.9800949693344335,0.25,True,3011.312857142857,3072.470476190476,34.20788975862068,42.55650703448276,0.3776245151724137,False,31.2,54,100,0,18,100,0.2,229.0,64.0,165.0,107.8,11.9
2020-05-18 16:30:00,8492.772380952381,8340.515238095239,123474.55238095237,22,4136001,0.9820721507621438,0.25,True,2085.1288095238097,2123.1930952380953,33.34700529999999,40.1755146,0.2632670296666666,False,31.2,54,100,0,18,100,0.2,229.0,64.0,165.0,107.8,11.9
2020-05-18 16:45:00,5862.802380952381,5751.407619047619,124638.02857142857,22,4136001,0.9809997413068754,0.25,True,1437.8519047619047,1465.7005952380953,32.58227827586207,36.7663142413793,0.1800321872413792,False,31.2,54,100,0,18,100,0.2,229.0,64.0,165.0,107.8,11.9
2020-05-18 17:00:00,5481.2,5375.12,126569.19999999998,22,4136001,0.980646573742976,0.25,True,1343.78,1370.3,32.15728253333334,35.155683233333335,0.1679854803333333,False,31.1,55,100,5,35,100,0.0,157.0,30.0,127.0,78.6,20.2
2020-05-18 17:15:00,4248.7585714285715,4163.998571428571,127791.9857142857,22,4136001,0.9800506433643978,0.25,True,1040.9996428571428,1062.1896428571429,31.96495755172414,34.34314610344827,0.1303982456551724,False,31.1,55,100,5,35,100,0.0,157.0,30.0,127.0,78.6,20.2
2020-05-18 17:30:00,2751.1957142857145,2677.177142857143,128635.87619047619,22,4136001,0.9730958539066389,0.25,True,669.2942857142857,687.7989285714286,31.54798583333333,32.76274516666666,0.0845372788333333,False,31.1,55,100,5,35,100,0.0,157.0,30.0,127.0,78.6,20.2
2020-05-18 17:45:00,1740.1204761904762,1688.5361904761905,129175.29999999999,22,4136001,0.9703559113175798,0.25,True,422.13404761904764,435.03011904761905,31.191822,31.46601924137931,0.0564699078275862,False,31.1,55,100,5,35,100,0.0,157.0,30.0,127.0,78.6,20.2
2020-05-18 18:00:00,1150.6138095238096,1113.1895238095237,129527.54761904762,22,4136001,0.9674745032568537,0.25,True,278.29738095238093,287.6534523809524,30.79789016666667,30.466209933333328,0.0366922300333333,False,31.4,51,100,2,16,100,0.0,38.0,3.0,35.0,19.0,14.4
2020-05-18 18:15:00,579.0600000000001,559.1866666666667,129734.46666666666,22,4136001,0.9656800101313623,0.25,True,139.79666666666668,144.76500000000001,30.541903827586207,29.610186310344815,0.019040468137931,False,31.4,51,100,2,16,100,0.0,38.0,3.0,35.0,19.0,14.4
2020-05-18 18:30:00,133.97095238095238,129.21190476190475,129321.63809523809,22,4136001,0.9644770188278197,0.25,True,32.30297619047619,33.492738095238096,30.34277076666667,29.031971233333334,0.0062312298316666,False,31.4,51,100,2,16,100,0.0,38.0,3.0,35.0,19.0,14.4
2020-05-18 18:45:00,0.0,0.0,129832.0,22,4136001,,0.25,True,0.0,0.0,30.05953873333333,28.599336766666667,4.477383166666667e-05,False,31.4,51,100,2,16,100,0.0,38.0,3.0,35.0,19.0,14.4
2020-05-18 19:00:00,0.0,0.0,129832.0,22,4136001,,0.25,True,0.0,0.0,29.33382027586207,28.254738689655177,0.0,False,29.6,63,100,0,19,100,0.0,0.0,0.0,0.0,0.0,17.7
2020-05-18 19:15:00,0.0,0.0,129832.0,22,4136001,,0.25,True,0.0,0.0,28.6457164,27.8103148,0.0,False,29.6,63,100,0,19,100,0.0,0.0,0.0,0.0,0.0,17.7
2020-05-18 19:30:00,0.0,0.0,129832.0,22,4136001,,0.25,True,0.0,0.0,28.33395286206897,27.492270620689656,0.0,False,29.6,63,100,0,19,100,0.0,0.0,0.0,0.0,0.0,17.7
2020-05-18 19:45:00,0.0,0.0,129832.0,22,4136001,,0.25,True,0.0,0.0,28.03039053333333,27.14371329999999,0.0,False,29.6,63,100,0,19,100,0.0,0.0,0.0,0.0,0.0,17.7
2020-05-18 20:00:00,0.0,0.0,129832.0,22,4136001,,0.25,True,0.0,0.0,27.82547393333333,26.870435566666664,0.0,False,29.5,62,100,0,48,100,0.0,0.0,0.0,0.0,0.0,20.2
2020-05-18 20:15:00,0.0,0.0,129832.0,22,4136001,,0.25,True,0.0,0.0,27.588050482758625,26.46023665517241,0.0,False,29.5,62,100,0,48,100,0.0,0.0,0.0,0.0,0.0,20.2
2020-05-18 20:30:00,0.0,0.0,129491.53333333333,22,4136001,,0.25,True,0.0,0.0,27.29808046666667,26.04421686666667,0.0,False,29.5,62,100,0,48,100,0.0,0.0,0.0,0.0,0.0,20.2
2020-05-18 20:45:00,0.0,0.0,129832.0,22,4136001,,0.25,True,0.0,0.0,27.068115,25.48158756666667,0.0,False,29.5,62,100,0,48,100,0.0,0.0,0.0,0.0,0.0,20.2
2020-05-18 21:00:00,0.0,0.0,129832.0,22,4136001,,0.25,True,0.0,0.0,26.90030103448276,24.896495862068964,0.0,False,29.2,62,100,0,33,100,0.0,0.0,0.0,0.0,0.0,21.3
2020-05-18 21:15:00,0.0,0.0,129832.0,22,4136001,,0.25,True,0.0,0.0,26.78260506666667,24.8998698,0.0,False,29.2,62,100,0,33,100,0.0,0.0,0.0,0.0,0.0,21.3
2020-05-18 21:30:00,0.0,0.0,129832.0,22,4136001,,0.25,True,0.0,0.0,26.301334758620687,24.567905689655174,0.0,False,29.2,62,100,0,33,100,0.0,0.0,0.0,0.0,0.0,21.3
2020-05-18 21:45:00,0.0,0.0,129832.0,22,4136001,,0.25,True,0.0,0.0,26.547206666666668,24.842730733333333,0.0,False,29.2,62,100,0,33,100,0.0,0.0,0.0,0.0,0.0,21.3
2020-05-18 22:00:00,0.0,0.0,129832.0,22,4136001,,0.25,True,0.0,0.0,26.305780033333328,24.966904633333336,0.0,False,28.5,66,100,0,6,100,0.0,0.0,0.0,0.0,0.0,22.8
2020-05-18 22:15:00,0.0,0.0,129832.0,22,4136001,,0.25,True,0.0,0.0,26.015667137931043,24.688852310344828,0.0,False,28.5,66,100,0,6,100,0.0,0.0,0.0,0.0,0.0,22.8
2020-05-18 22:30:00,0.0,0.0,129832.0,22,4136001,,0.25,True,0.0,0.0,26.02266536666666,24.672434466666672,0.0,False,28.5,66,100,0,6,100,0.0,0.0,0.0,0.0,0.0,22.8
2020-05-18 22:45:00,0.0,0.0,129832.0,22,4136001,,0.25,True,0.0,0.0,25.952140137931032,24.654015896551726,0.0,False,28.5,66,100,0,6,100,0.0,0.0,0.0,0.0,0.0,22.8
2020-05-18 23:00:00,0.0,0.0,129551.0,22,4136001,,0.25,True,0.0,0.0,25.955106766666667,24.724001166666667,0.0,False,27.8,70,100,0,1,100,0.0,0.0,0.0,0.0,0.0,26.3
2020-05-18 23:15:00,0.0,0.0,129832.0,22,4136001,,0.25,True,0.0,0.0,25.8418743,24.6029246,0.0,False,27.8,70,100,0,1,100,0.0,0.0,0.0,0.0,0.0,26.3
2020-05-18 23:30:00,0.0,0.0,129832.0,22,4136001,,0.25,True,0.0,0.0,25.74263996551724,24.49737855172414,0.0,False,27.8,70,100,0,1,100,0.0,0.0,0.0,0.0,0.0,26.3
2020-05-18 23:45:00,0.0,0.0,118922.64285714286,22,4136001,,0.25,True,0.0,0.0,25.765357533333336,24.498939866666667,0.0,False,27.8,70,100,0,1,100,0.0,0.0,0.0,0.0,0.0,26.3
2020-05-19 00:00:00,0.0,0.0,39738.8,22,4136001,,0.25,True,0.0,0.0,25.826530862068964,24.66096231034483,0.0,False,27.3,73,100,0,4,100,0.0,0.0,0.0,0.0,0.0,24.8
2020-05-19 00:15:00,0.0,0.0,22285.0,22,4136001,,0.25,True,0.0,0.0,25.762284399999995,24.583375966666665,0.0,False,27.3,73,100,0,4,100,0.0,0.0,0.0,0.0,0.0,24.8
2020-05-19 00:30:00,0.0,0.0,22285.0,22,4136001,,0.25,True,0.0,0.0,25.6613575,24.37365103333333,0.0,False,27.3,73,100,0,4,100,0.0,0.0,0.0,0.0,0.0,24.8
2020-05-19 00:45:00,0.0,0.0,22285.0,22,4136001,,0.25,True,0.0,0.0,25.58436624137932,24.250307275862077,0.0,False,27.3,73,100,0,4,100,0.0,0.0,0.0,0.0,0.0,24.8
2020-05-19 01:00:00,0.0,0.0,22285.0,22,4136001,,0.25,True,0.0,0.0,25.5382362,24.188482600000004,0.0,False,26.8,75,100,0,2,100,0.0,0.0,0.0,0.0,0.0,25.5
2020-05-19 01:15:00,0.0,0.0,15662.8,22,4136001,,0.25,True,0.0,0.0,25.485765965517245,24.089658551724135,0.0,False,26.8,75,100,0,2,100,0.0,0.0,0.0,0.0,0.0,25.5
2020-05-19 01:30:00,0.0,0.0,14644.0,22,4136001,,0.25,True,0.0,0.0,25.3748421,23.869368566666665,0.0,False,26.8,75,100,0,2,100,0.0,0.0,0.0,0.0,0.0,25.5
2020-05-19 01:45:00,0.0,0.0,14644.0,22,4136001,,0.25,True,0.0,0.0,25.354532700000004,23.893946300000007,0.0,False,26.8,75,100,0,2,100,0.0,0.0,0.0,0.0,0.0,25.5
2020-05-19 02:00:00,0.0,0.0,14644.0,22,4136001,,0.25,True,0.0,0.0,25.325819275862067,23.844329931034483,0.0,False,26.3,78,100,0,6,100,0.0,0.0,0.0,0.0,0.0,27.1
2020-05-19 02:15:00,0.0,0.0,14644.0,22,4136001,,0.25,True,0.0,0.0,25.229304866666656,23.758779,0.0,False,26.3,78,100,0,6,100,0.0,0.0,0.0,0.0,0.0,27.1
2020-05-19 02:30:00,0.0,0.0,14644.0,22,4136001,,0.25,True,0.0,0.0,25.145670034482755,23.728196793103443,0.0,False,26.3,78,100,0,6,100,0.0,0.0,0.0,0.0,0.0,27.1
2020-05-19 02:45:00,0.0,0.0,14644.0,22,4136001,,0.25,True,0.0,0.0,25.137797166666665,23.72291670000001,0.0,False,26.3,78,100,0,6,100,0.0,0.0,0.0,0.0,0.0,27.1
2020-05-19 03:00:00,0.0,0.0,14644.0,22,4136001,,0.25,True,0.0,0.0,25.1428428,23.86679076666666,0.0,False,26.1,78,100,0,7,100,0.0,0.0,0.0,0.0,0.0,27.7
2020-05-19 03:15:00,0.0,0.0,14644.0,22,4136001,,0.25,True,0.0,0.0,25.161872724137933,23.892513862068967,0.0,False,26.1,78,100,0,7,100,0.0,0.0,0.0,0.0,0.0,27.7
2020-05-19 03:30:00,0.0,0.0,14644.0,22,4136001,,0.25,True,0.0,0.0,25.132742466666667,23.860702433333337,0.0,False,26.1,78,100,0,7,100,0.0,0.0,0.0,0.0,0.0,27.7
2020-05-19 03:45:00,0.0,0.0,14644.0,22,4136001,,0.25,True,0.0,0.0,25.07153855172413,23.784706793103453,0.0,False,26.1,78,100,0,7,100,0.0,0.0,0.0,0.0,0.0,27.7
2020-05-19 04:00:00,0.0,0.0,12454.214285714286,22,4136001,,0.25,True,0.0,0.0,25.0843009,23.905414966666665,0.0,False,25.8,79,100,1,20,100,0.0,0.0,0.0,0.0,0.0,25.9
2020-05-19 04:15:00,0.0,0.0,11857.0,22,4136001,,0.25,True,0.0,0.0,25.120121466666664,24.0431886,0.0,False,25.8,79,100,1,20,100,0.0,0.0,0.0,0.0,0.0,25.9
2020-05-19 04:30:00,0.0,0.0,11857.0,22,4136001,,0.25,True,0.0,0.0,25.10805341379309,23.9891051724138,0.0,False,25.8,79,100,1,20,100,0.0,0.0,0.0,0.0,0.0,25.9
2020-05-19 04:45:00,0.0,0.0,11579.6,22,4136001,,0.25,True,0.0,0.0,25.09842243333333,23.912918933333334,0.0,False,25.8,79,100,1,20,100,0.0,0.0,0.0,0.0,0.0,25.9
2020-05-19 05:00:00,0.0,0.0,11857.0,22,4136001,,0.25,True,0.0,0.0,25.01160706896552,23.79802844827586,0.0,False,25.5,82,100,1,5,100,0.0,0.0,0.0,0.0,0.0,23.4
2020-05-19 05:15:00,0.0,0.0,11857.0,22,4136001,,0.25,True,0.0,0.0,24.96392923333333,23.693600433333334,0.0,False,25.5,82,100,1,5,100,0.0,0.0,0.0,0.0,0.0,23.4
2020-05-19 05:30:00,0.0,0.0,3025.971428571429,22,4136001,,0.25,True,0.0,0.0,24.875560466666663,23.604404766666665,0.0,False,25.5,82,100,1,5,100,0.0,0.0,0.0,0.0,0.0,23.4
2020-05-19 05:45:00,0.0,0.0,0.0,22,4136001,,0.25,True,0.0,0.0,24.855137137931035,23.588394655172408,0.0003547446068965,False,25.5,82,100,1,5,100,0.0,0.0,0.0,0.0,0.0,23.4
2020-05-19 06:00:00,182.73285714285714,176.41285714285715,7.995238095238094,22,4136001,0.965413992322907,0.25,True,44.10321428571429,45.683214285714286,24.819869,23.79692286666667,0.0088200197566666,False,26.0,79,100,2,19,100,0.0,14.0,1.0,13.0,10.8,22.3
2020-05-19 06:15:00,1082.182857142857,1046.7938095238096,158.71428571428572,22,4136001,0.9672984584948237,0.25,True,261.6984523809524,270.54571428571427,24.827134655172415,24.33462103448276,0.0355508631724138,False,26.0,79,100,2,19,100,0.0,14.0,1.0,13.0,10.8,22.3
2020-05-19 06:30:00,1811.04,1757.1599999999999,502.0,22,4136001,0.9702491386164855,0.25,True,439.28999999999996,452.76,24.917694,24.800521900000003,0.0578894304333333,False,26.0,79,100,2,19,100,0.0,14.0,1.0,13.0,10.8,22.3
2020-05-19 06:45:00,2623.6680952380952,2551.4438095238093,1047.4761904761904,22,4136001,0.9724720189091861,0.25,True,637.8609523809523,655.9170238095238,25.0238301,25.534048433333336,0.0836488363333333,False,26.0,79,100,2,19,100,0.0,14.0,1.0,13.0,10.8,22.3
2020-05-19 07:00:00,3232.983809523809,3154.3061904761903,1740.8095238095236,22,4136001,0.9756640850424774,0.25,True,788.5765476190476,808.2459523809523,25.170778517241374,26.24912437931035,0.1025722453448275,False,27.4,72,100,1,34,100,0.0,132.0,52.0,80.0,203.4,24.5
2020-05-19 07:15:00,7209.74619047619,7081.259523809524,2913.3,22,4136001,0.9821787531388563,0.25,True,1770.314880952381,1802.4365476190476,25.621686733333338,28.534140033333337,0.2387451663333333,False,27.4,72,100,1,34,100,0.0,132.0,52.0,80.0,203.4,24.5
2020-05-19 07:30:00,10247.57,10052.331904761904,5178.280952380952,22,4136001,0.9809478642021381,0.25,True,2513.082976190476,2561.8925,26.388763413793104,32.45415948275862,0.3529456655172413,False,27.4,72,100,1,34,100,0.0,132.0,52.0,80.0,203.4,24.5
2020-05-19 07:45:00,9801.866666666667,9619.6,7614.133333333333,22,4136001,0.9814049024675572,0.25,True,2404.9,2450.4666666666667,26.525773066666662,32.451766133333344,0.3446251163333333,False,27.4,72,100,1,34,100,0.0,132.0,52.0,80.0,203.4,24.5
2020-05-19 08:00:00,9588.923333333334,9410.369523809524,10112.819047619048,22,4136001,0.9813791597537218,0.25,True,2352.592380952381,2397.2308333333335,26.654752586206893,32.383876379310344,0.3126744565517241,False,29.0,63,100,4,18,100,0.0,292.0,149.0,143.0,309.9,25.3
2020-05-19 08:15:00,10127.865714285714,9936.558571428572,12339.97619047619,22,4136001,0.9811108136448436,0.25,True,2484.139642857143,2531.9664285714284,26.52682696666667,31.77521156666667,0.3516789246666667,False,29.0,63,100,4,18,100,0.0,292.0,149.0,143.0,309.9,25.3
2020-05-19 08:30:00,10981.003333333332,10769.661428571428,15108.914285714285,22,4136001,0.980753862070111,0.25,True,2692.415357142857,2745.250833333333,26.875693633333334,33.99969796666668,0.3633468526666667,False,29.0,63,100,4,18,100,0.0,292.0,149.0,143.0,309.9,25.3
2020-05-19 08:45:00,7208.878571428571,7078.862857142857,17216.966666666667,22,4136001,0.9819645021070248,0.25,True,1769.7157142857143,1802.2196428571428,26.747689,32.03219493103448,0.2290580524137931,False,29.0,63,100,4,18,100,0.0,292.0,149.0,143.0,309.9,25.3
2020-05-19 09:00:00,13999.2,13713.406666666666,19792.333333333332,22,4136001,0.9795850239061279,0.25,True,3428.3516666666665,3499.8,27.435730933333332,35.84101773333334,0.4922465099999999,False,31.4,52,100,0,7,100,0.0,533.0,325.0,208.0,478.8,25.7
2020-05-19 09:15:00,9204.340952380953,9037.463333333333,22641.219047619048,22,4136001,0.9818696830211996,0.25,True,2259.3658333333333,2301.0852380952383,27.386309241379315,34.54598362068967,0.2753400410344827,False,31.4,52,100,0,7,100,0.0,533.0,325.0,208.0,478.8,25.7
2020-05-19 09:30:00,7470.413333333334,7342.032857142857,24763.176190476188,22,4136001,0.9828148095075762,0.25,True,1835.5082142857143,1867.6033333333335,27.299538166666665,32.5958526,0.2372463603333332,False,31.4,52,100,0,7,100,0.0,533.0,325.0,208.0,478.8,25.7
2020-05-19 09:45:00,7226.421904761904,7101.947619047619,26583.985714285714,22,4136001,0.9827751150770394,0.25,True,1775.4869047619047,1806.605476190476,27.278511793103448,31.882327413793107,0.2245894565517241,False,31.4,52,100,0,7,100,0.0,533.0,325.0,208.0,478.8,25.7
2020-05-19 10:00:00,8244.935714285715,8101.325714285714,28351.814285714285,22,4136001,0.9825820352060267,0.25,True,2025.3314285714284,2061.233928571429,27.565809133333328,32.14256796666667,0.2635695233333332,False,33.3,43,100,0,18,100,0.0,689.0,461.0,228.0,551.2,25.3
2020-05-19 10:15:00,3434.0280952380954,3355.3661904761907,7931.842857142857,22,4136001,0.9770934009331538,0.25,True,838.8415476190477,858.5070238095238,28.93706556666666,41.523643,0.7757806623333334,False,33.3,43,100,0,18,100,0.0,689.0,461.0,228.0,551.2,25.3
2020-05-19 10:30:00,16801.760000000002,16401.146666666667,32384.6,22,4136001,0.9761564661479908,0.25,True,4100.286666666667,4200.4400000000005,29.899837965517246,47.6299161724138,0.7823134841379311,False,33.3,43,100,0,18,100,0.0,689.0,461.0,228.0,551.2,25.3
2020-05-19 10:45:00,15637.740952380953,15258.736666666668,36447.23809523809,22,4136001,0.975763488673434,0.25,True,3814.684166666667,3909.435238095238,30.44308386666667,48.417112166666655,0.883623795,False,33.3,43,100,0,18,100,0.0,689.0,461.0,228.0,551.2,25.3
2020-05-19 11:00:00,15965.454285714286,15573.375238095237,40122.97619047619,22,4136001,0.9754420362488604,0.25,True,3893.3438095238093,3991.3635714285715,30.64996444827586,49.40851693103448,0.9527868706896552,False,34.7,37,100,1,11,100,0.0,815.0,589.0,226.0,624.8,24.6
2020-05-19 11:15:00,16617.298095238097,16205.442857142856,44016.75714285714,22,4136001,0.9752152705130046,0.25,True,4051.360714285714,4154.324523809524,30.9685251,50.26547433333333,0.9542261986666664,False,34.7,37,100,1,11,100,0.0,815.0,589.0,226.0,624.8,24.6
2020-05-19 11:30:00,15487.084285714285,15104.705238095237,48083.038095238095,22,4136001,0.9753098103836263,0.25,True,3776.1763095238093,3871.7710714285713,31.455090862068964,51.00279793103448,0.9315328379310344,False,34.7,37,100,1,11,100,0.0,815.0,589.0,226.0,624.8,24.6
2020-05-19 11:45:00,16128.946666666667,15728.153333333332,51932.933333333334,22,4136001,0.9751506814662829,0.25,True,3932.038333333333,4032.2366666666667,31.76743353333333,50.95129696666665,0.9472872033333332,False,34.7,37,100,1,11,100,0.0,815.0,589.0,226.0,624.8,24.6
2020-05-19 12:00:00,16176.573333333334,15773.602380952381,55782.433333333334,22,4136001,0.975089226619423,0.25,True,3943.4005952380953,4044.1433333333334,32.061154310344826,51.70768065517242,0.9674634931034484,False,35.7,34,100,0,10,100,0.0,805.0,532.0,273.0,537.1,23.7
2020-05-19 12:15:00,16606.14285714286,16194.75857142857,59815.07619047619,22,4136001,0.9752269814096332,0.25,True,4048.6896428571426,4151.535714285715,32.56087253333334,52.5582591,0.922836151,False,35.7,34,100,0,10,100,0.0,805.0,532.0,273.0,537.1,23.7
2020-05-19 12:30:00,15211.246666666668,14843.233333333334,63734.066666666666,22,4136001,0.975806497560796,0.25,True,3710.8083333333334,3802.811666666667,32.68662231034483,52.33079479310344,0.8343676568965516,False,35.7,34,100,0,10,100,0.0,805.0,532.0,273.0,537.1,23.7
2020-05-19 12:45:00,16089.254761904762,15697.970952380952,67503.66666666666,22,4136001,0.9756804267621972,0.25,True,3924.492738095238,4022.3136904761905,32.76796153333333,50.572105,0.8438206080000001,False,35.7,34,100,0,10,100,0.0,805.0,532.0,273.0,537.1,23.7
2020-05-19 13:00:00,16216.727619047619,15824.035238095239,71504.43333333333,22,4136001,0.9757847335062139,0.25,True,3956.0088095238098,4054.1819047619047,33.02636206896551,50.010879206896554,0.7695755772413791,False,37.2,28,100,0,13,100,0.0,877.0,611.0,266.0,625.7,23.6
2020-05-19 13:15:00,17283.327619047617,16858.007142857143,75360.06190476191,22,4136001,0.9753912854303741,0.25,True,4214.501785714286,4320.831904761904,33.465824399999995,51.61920369999999,0.90615994,False,37.2,28,100,0,13,100,0.0,877.0,611.0,266.0,625.7,23.6
2020-05-19 13:30:00,16774.86904761905,16368.121428571429,79666.06666666667,22,4136001,0.9757525606970177,0.25,True,4092.030357142857,4193.717261904762,33.95278820689655,53.399306620689664,0.839523890689655,False,37.2,28,100,0,13,100,0.0,877.0,611.0,266.0,625.7,23.6
2020-05-19 13:45:00,15151.646666666667,14811.953333333333,83438.13333333333,22,4136001,0.9775804346018275,0.25,True,3702.9883333333332,3787.911666666667,33.5244263,50.37124133333332,0.6888711973333332,False,37.2,28,100,0,13,100,0.0,877.0,611.0,266.0,625.7,23.6
2020-05-19 14:00:00,16012.000952380951,15658.530476190475,87322.55714285714,22,4136001,0.9779246530623072,0.25,True,3914.632619047619,4003.000238095238,33.976512896551725,49.866708,0.6510980537931034,False,37.1,26,100,0,54,100,0.0,683.0,387.0,296.0,429.2,22.9
2020-05-19 14:15:00,18221.23,17812.551904761905,91542.48095238095,22,4136001,0.9775713222851534,0.25,True,4453.137976190476,4555.3075,34.40232743333333,50.24767436666668,0.7018116086666665,False,37.1,26,100,0,54,100,0.0,683.0,387.0,296.0,429.2,22.9
2020-05-19 14:30:00,15697.357619047618,15356.188095238094,95718.09523809524,22,4136001,0.978265799117965,0.25,True,3839.0470238095236,3924.3394047619045,34.51084996666668,49.6829406,0.6089637913333333,False,37.1,26,100,0,54,100,0.0,683.0,387.0,296.0,429.2,22.9
2020-05-19 14:45:00,14694.96,14389.110476190477,99443.69523809524,22,4136001,0.9791867739817242,0.25,True,3597.2776190476193,3673.74,34.437600862068955,46.93042603448275,0.4982356875862069,False,37.1,26,100,0,54,100,0.0,683.0,387.0,296.0,429.2,22.9
2020-05-19 15:00:00,11953.06,11715.866666666667,102606.2,22,4136001,0.9801562668192636,0.25,True,2928.9666666666667,2988.265,33.798010433333324,42.3022998,0.369271392,False,36.7,28,100,0,70,100,0.0,494.0,278.0,216.0,360.4,23.3
2020-05-19 15:15:00,7654.924761904762,7512.06238095238,105278.0380952381,22,4136001,0.9813371933237873,0.25,True,1878.015595238095,1913.7311904761905,33.23434548275863,40.04291196551724,0.23340347,False,36.7,28,100,0,70,100,0.0,494.0,278.0,216.0,360.4,23.3
2020-05-19 15:30:00,3610.6266666666666,3531.9366666666665,106486.18095238095,22,4136001,0.9782059993279099,0.25,True,882.9841666666666,902.6566666666666,27.055305866666664,29.508684366666667,0.0971562772666666,False,36.7,28,100,0,70,100,0.0,494.0,278.0,216.0,360.4,23.3
2020-05-19 15:45:00,1813.8615384615382,1764.4796703296704,107220.94505494506,22,4136001,0.972775282410061,0.5,True,882.2398351648352,906.9307692307691,24.55274310714285,24.52630835714285,0.0441190209678571,False,36.7,28,100,0,70,100,0.0,494.0,278.0,216.0,360.4,23.3
2020-05-19 16:15:00,730.475,705.9625,107611.0,22,4136001,0.9664430678667989,0.25,True,176.490625,182.61875,22.933313250000005,21.12170025,0.02300295125,False,36.0,28,100,0,49,100,0.0,326.0,149.0,177.0,250.8,21.9
2020-05-19 16:30:00,1793.742857142857,1740.9571428571428,107865.71428571429,22,4136001,0.970572306908141,0.25,True,435.2392857142857,448.43571428571425,23.387061931034484,21.8203125862069,0.054725162,False,36.0,28,100,0,49,100,0.0,326.0,149.0,177.0,250.8,21.9
2020-05-19 16:45:00,814.04,787.2266666666667,108202.93333333333,22,4136001,0.9670614056639314,0.25,True,196.80666666666667,203.51,24.308211266666667,22.346285166666664,0.0275732674333333,False,36.0,28,100,0,49,100,0.0,326.0,149.0,177.0,250.8,21.9
2020-05-19 17:00:00,474.0733333333333,457.70666666666665,108341.13333333333,22,4136001,0.9654765085570446,0.25,True,114.42666666666666,118.51833333333333,23.701372896551725,21.968187,0.0159814222241379,False,31.2,51,100,0,29,100,0.0,170.0,75.0,95.0,196.2,25.2
2020-05-19 17:15:00,145.90666666666667,140.77333333333334,108422.86666666667,22,4136001,0.9648176916750435,0.25,True,35.193333333333335,36.47666666666667,23.62663786666667,21.9704834,0.0078289189366666,False,31.2,51,100,0,29,100,0.0,170.0,75.0,95.0,196.2,25.2
2020-05-19 17:30:00,0.0,0.0,108435.0,22,4136001,,0.25,True,0.0,0.0,23.32891844827586,21.96210255172414,0.004388399575862,False,31.2,51,100,0,29,100,0.0,170.0,75.0,95.0,196.2,25.2
2020-05-19 17:45:00,0.0,0.0,108435.0,22,4136001,,0.25,True,0.0,0.0,22.905833206896556,21.970494827586204,0.0046015545931034,False,31.2,51,100,0,29,100,0.0,170.0,75.0,95.0,196.2,25.2
2020-05-19 18:00:00,0.0,0.0,108435.0,22,4136001,,0.25,True,0.0,0.0,22.59090876666666,21.751172866666664,0.00270012998,False,31.0,51,100,0,7,100,0.0,69.0,21.0,48.0,132.7,23.2
2020-05-19 18:15:00,36.61333333333333,35.331428571428575,108435.40952380953,22,4136001,0.9649880345437521,0.25,True,8.832857142857144,9.153333333333332,22.781149333333328,21.412376,0.0057227409633333,False,31.0,51,100,0,7,100,0.0,69.0,21.0,48.0,132.7,23.2
2020-05-19 18:30:00,17.1,16.493333333333332,108442.46666666666,22,4136001,0.964522417153996,0.25,True,4.123333333333333,4.275,23.769236517241374,21.45997579310345,0.0063741435275862,False,31.0,51,100,0,7,100,0.0,69.0,21.0,48.0,132.7,23.2
2020-05-19 18:45:00,0.0,0.0,108443.0,22,4136001,,0.25,True,0.0,0.0,23.401081366666663,21.83125313333333,0.0022560805666666,False,31.0,51,100,0,7,100,0.0,69.0,21.0,48.0,132.7,23.2
2020-05-19 19:00:00,0.0,0.0,108443.0,22,4136001,,0.25,True,0.0,0.0,24.668545379310345,22.740741689655174,0.0023246097586206,False,29.8,56,100,0,7,100,0.0,1.0,0.0,1.0,0.0,21.8
2020-05-19 19:15:00,0.0,0.0,108309.73333333334,22,4136001,,0.25,True,0.0,0.0,21.648595166666667,20.295639066666663,6.3984133333333324e-06,False,29.8,56,100,0,7,100,0.0,1.0,0.0,1.0,0.0,21.8
2020-05-19 19:30:00,0.0,0.0,108443.0,22,4136001,,0.25,True,0.0,0.0,21.893734620689653,20.521611724137934,5.427619586206896e-05,False,29.8,56,100,0,7,100,0.0,1.0,0.0,1.0,0.0,21.8
2020-05-19 19:45:00,0.0,0.0,108443.0,22,4136001,,0.25,True,0.0,0.0,22.465216933333338,20.90105176666667,0.0002508178,False,29.8,56,100,0,7,100,0.0,1.0,0.0,1.0,0.0,21.8
2020-05-19 20:00:00,0.0,0.0,108443.0,22,4136001,,0.25,True,0.0,0.0,23.660331999999997,21.273469103448274,0.0025417144999999,False,29.4,59,100,0,0,100,0.0,0.0,0.0,0.0,0.0,24.0
2020-05-19 20:15:00,0.0,0.0,108443.0,22,4136001,,0.25,True,0.0,0.0,24.39279383333333,22.762568133333332,0.0028690485799999,False,29.4,59,100,0,0,100,0.0,0.0,0.0,0.0,0.0,24.0
2020-05-19 20:30:00,0.0,0.0,108443.0,22,4136001,,0.25,True,0.0,0.0,24.279873655172413,23.061630758620687,0.0017487525344827,False,29.4,59,100,0,0,100,0.0,0.0,0.0,0.0,0.0,24.0
2020-05-19 20:45:00,0.0,0.0,108443.0,22,4136001,,0.25,True,0.0,0.0,23.86325173333333,22.95575250000001,0.0008765826303333,False,29.4,59,100,0,0,100,0.0,0.0,0.0,0.0,0.0,24.0
2020-05-19 21:00:00,0.0,0.0,108443.0,22,4136001,,0.25,True,0.0,0.0,24.10814589655172,23.08405286206896,0.0003561047920689,False,28.6,63,100,0,1,100,0.0,0.0,0.0,0.0,0.0,24.7
2020-05-19 21:15:00,0.0,0.0,108443.0,22,4136001,,0.25,True,0.0,0.0,24.047049099999995,23.071009333333336,3.839048e-06,False,28.6,63,100,0,1,100,0.0,0.0,0.0,0.0,0.0,24.7
2020-05-19 21:30:00,0.0,0.0,108443.0,22,4136001,,0.25,True,0.0,0.0,24.31994936666667,23.2351491,2.5593588666666667e-06,False,28.6,63,100,0,1,100,0.0,0.0,0.0,0.0,0.0,24.7
2020-05-19 21:45:00,0.0,0.0,108443.0,22,4136001,,0.25,True,0.0,0.0,24.345729620689657,23.295026206896548,0.0,False,28.6,63,100,0,1,100,0.0,0.0,0.0,0.0,0.0,24.7
2020-05-19 22:00:00,0.0,0.0,108443.0,22,4136001,,0.25,True,0.0,0.0,24.287572678571426,23.22814078571428,0.0,False,28.2,67,100,0,0,100,0.0,0.0,0.0,0.0,0.0,25.8
2020-05-19 22:15:00,0.0,0.0,59143.0,12,4136001,,0.25,True,0.0,0.0,24.207670200000003,23.11916696666667,0.0,False,28.2,67,100,0,0,100,0.0,0.0,0.0,0.0,0.0,25.8
2020-05-19 22:30:00,0.0,0.0,59143.0,12,4136001,,0.25,True,0.0,0.0,24.172946310344827,22.996127517241376,0.0,False,28.2,67,100,0,0,100,0.0,0.0,0.0,0.0,0.0,25.8
2020-05-19 22:45:00,0.0,0.0,59009.73333333334,12,4136001,,0.25,True,0.0,0.0,23.983647666666663,22.873686533333327,0.0,False,28.2,67,100,0,0,100,0.0,0.0,0.0,0.0,0.0,25.8
2020-05-19 23:00:00,0.0,0.0,59143.0,12,4136001,,0.25,True,0.0,0.0,23.764134793103445,22.499025586206898,0.0,False,27.5,70,98,0,0,98,0.0,0.0,0.0,0.0,0.0,26.0
2020-05-19 23:15:00,0.0,0.0,59143.0,12,4136001,,0.25,True,0.0,0.0,23.48484706666666,21.763374766666665,0.0,False,27.5,70,98,0,0,98,0.0,0.0,0.0,0.0,0.0,26.0
2020-05-19 23:30:00,0.0,0.0,59143.0,12,4136001,,0.25,True,0.0,0.0,23.018634966666667,20.832572366666668,0.0,False,27.5,70,98,0,0,98,0.0,0.0,0.0,0.0,0.0,26.0
2020-05-19 23:45:00,0.0,0.0,47049.666666666664,12,4136001,,0.25,True,0.0,0.0,22.96248424137931,20.819839,0.0,False,27.5,70,98,0,0,98,0.0,0.0,0.0,0.0,0.0,26.0
2020-05-20 00:00:00,0.0,0.0,9272.147619047619,12,4136001,,0.25,True,0.0,0.0,22.8691498,20.88145033333333,0.0,False,26.8,74,99,0,0,99,0.0,0.0,0.0,0.0,0.0,25.4
2020-05-20 00:15:00,0.0,0.0,2825.0,12,4136001,,0.25,True,0.0,0.0,23.50438506896552,21.389197034482763,2.779999882758621e-05,False,26.8,74,99,0,0,99,0.0,0.0,0.0,0.0,0.0,25.4
2020-05-20 00:30:00,0.0,0.0,2825.0,12,4136001,,0.25,True,0.0,0.0,24.69240406666667,22.599083466666656,0.0001420447746666,False,26.8,74,99,0,0,99,0.0,0.0,0.0,0.0,0.0,25.4
2020-05-20 00:45:00,0.0,0.0,2825.0,12,4136001,,0.25,True,0.0,0.0,24.773829033333335,23.075260433333334,0.0,False,26.8,74,99,0,0,99,0.0,0.0,0.0,0.0,0.0,25.4
2020-05-20 01:00:00,0.0,0.0,2825.0,12,4136001,,0.25,True,0.0,0.0,24.6177441724138,22.88777313793103,0.0,False,26.3,76,97,0,0,97,0.0,0.0,0.0,0.0,0.0,24.3
2020-05-20 01:15:00,0.0,0.0,2825.0,12,4136001,,0.25,True,0.0,0.0,24.450394766666665,22.722356066666663,0.0,False,26.3,76,97,0,0,97,0.0,0.0,0.0,0.0,0.0,24.3
2020-05-20 01:30:00,0.0,0.0,2825.0,12,4136001,,0.25,True,0.0,0.0,24.319342133333333,22.55997093333333,0.0,False,26.3,76,97,0,0,97,0.0,0.0,0.0,0.0,0.0,24.3
2020-05-20 01:45:00,0.0,0.0,2825.0,12,4136001,,0.25,True,0.0,0.0,24.39755568965517,22.59517368965517,0.0,False,26.3,76,97,0,0,97,0.0,0.0,0.0,0.0,0.0,24.3
2020-05-20 02:00:00,0.0,0.0,2825.0,12,4136001,,0.25,True,0.0,0.0,24.487008866666667,22.7013214,0.0,False,25.8,76,96,0,0,96,0.0,0.0,0.0,0.0,0.0,24.9
2020-05-20 02:15:00,0.0,0.0,2825.0,12,4136001,,0.25,True,0.0,0.0,24.398595482758623,22.730788517241376,0.0,False,25.8,76,96,0,0,96,0.0,0.0,0.0,0.0,0.0,24.9
2020-05-20 02:30:00,0.0,0.0,2825.0,12,4136001,,0.25,True,0.0,0.0,24.248618633333336,22.4012268,0.0,False,25.8,76,96,0,0,96,0.0,0.0,0.0,0.0,0.0,24.9
2020-05-20 02:45:00,0.0,0.0,2825.0,12,4136001,,0.25,True,0.0,0.0,24.087829733333336,22.237516399999997,0.0,False,25.8,76,96,0,0,96,0.0,0.0,0.0,0.0,0.0,24.9
2020-05-20 03:00:00,0.0,0.0,2825.0,12,4136001,,0.25,True,0.0,0.0,23.977405448275864,22.20281693103448,0.0,False,25.6,71,99,0,2,99,0.0,0.0,0.0,0.0,0.0,22.4
2020-05-20 03:15:00,0.0,0.0,2825.0,12,4136001,,0.25,True,0.0,0.0,23.88355383333333,22.140261866666663,0.0,False,25.6,71,99,0,2,99,0.0,0.0,0.0,0.0,0.0,22.4
2020-05-20 03:30:00,0.0,0.0,2825.0,12,4136001,,0.25,True,0.0,0.0,23.85213686206896,22.3865651724138,0.0,False,25.6,71,99,0,2,99,0.0,0.0,0.0,0.0,0.0,22.4
2020-05-20 03:45:00,0.0,0.0,2825.0,12,4136001,,0.25,True,0.0,0.0,24.005214566666663,22.449035666666667,0.0,False,25.6,71,99,0,2,99,0.0,0.0,0.0,0.0,0.0,22.4
2020-05-20 04:00:00,0.0,0.0,2825.0,12,4136001,,0.25,True,0.0,0.0,23.995881333333333,22.497091633333334,0.0,False,25.3,69,98,1,1,98,0.0,0.0,0.0,0.0,0.0,21.0
2020-05-20 04:15:00,0.0,0.0,2825.0,12,4136001,,0.25,True,0.0,0.0,24.191343172413795,23.287200793103445,3.309451227586207e-05,False,25.3,69,98,1,1,98,0.0,0.0,0.0,0.0,0.0,21.0
2020-05-20 04:30:00,0.0,0.0,2825.0,12,4136001,,0.25,True,0.0,0.0,24.16128653333333,22.910397333333336,0.0,False,25.3,69,98,1,1,98,0.0,0.0,0.0,0.0,0.0,21.0
2020-05-20 04:45:00,0.0,0.0,2825.0,12,4136001,,0.25,True,0.0,0.0,24.00179234482759,22.33704875862069,0.0,False,25.3,69,98,1,1,98,0.0,0.0,0.0,0.0,0.0,21.0
2020-05-20 05:00:00,0.0,0.0,2825.0,12,4136001,,0.25,True,0.0,0.0,23.918817933333333,22.176272733333327,0.0,False,25.3,73,96,1,0,96,0.0,0.0,0.0,0.0,0.0,16.4
2020-05-20 05:15:00,0.0,0.0,2825.0,12,4136001,,0.25,True,0.0,0.0,23.893834166666668,22.186045566666667,0.0,False,25.3,73,96,1,0,96,0.0,0.0,0.0,0.0,0.0,16.4
2020-05-20 05:30:00,0.0,0.0,188.3333333333333,12,4136001,,0.25,True,0.0,0.0,23.86936775862069,22.12683337931034,0.0,False,25.3,73,96,1,0,96,0.0,0.0,0.0,0.0,0.0,16.4
2020-05-20 05:45:00,0.0,0.0,0.0,12,4136001,,0.25,True,0.0,0.0,23.686161400000003,21.987447133333337,0.0004734719072,False,25.3,73,96,1,0,96,0.0,0.0,0.0,0.0,0.0,16.4
2020-05-20 06:00:00,182.55333333333334,176.22,13.6,12,4136001,0.965306942263448,0.25,True,44.055,45.638333333333335,23.641993137931035,22.08829268965517,0.0131981180620689,False,25.5,72,98,3,0,98,0.0,16.0,1.0,15.0,10.8,16.7
2020-05-20 06:15:00,500.8880952380953,484.27952380952377,98.92857142857142,12,4136001,0.9668417525062625,0.25,True,121.06988095238094,125.22202380952382,23.659280599999995,22.604933600000003,0.0329641202333333,False,25.5,72,98,3,0,98,0.0,16.0,1.0,15.0,10.8,16.7
2020-05-20 06:30:00,858.43,832.0352380952381,251.7857142857143,12,4136001,0.9692522839314075,0.25,True,208.00880952380953,214.6075,23.731026266666667,23.105738333333328,0.0532596423333333,False,25.5,72,98,3,0,98,0.0,16.0,1.0,15.0,10.8,16.7
2020-05-20 06:45:00,1333.5066666666667,1296.2466666666667,524.0,12,4136001,0.9720586323777909,0.25,True,324.06166666666667,333.37666666666667,24.00944055172413,24.11705706896552,0.0815247817241379,False,25.5,72,98,3,0,98,0.0,16.0,1.0,15.0,10.8,16.7
2020-05-20 07:00:00,1758.6933333333334,1716.5333333333333,891.0,12,4136001,0.9760276568967869,0.25,True,429.1333333333333,439.67333333333335,24.19482623333333,25.095684733333336,0.1068528692333333,False,26.7,65,100,3,2,100,0.0,137.0,41.0,96.0,160.2,21.2
2020-05-20 07:15:00,2833.2066666666665,2779.02,1448.6000000000001,12,4136001,0.9808744390925712,0.25,True,694.755,708.3016666666666,24.43605424137931,26.56041113793103,0.174225292413793,False,26.7,65,100,3,2,100,0.0,137.0,41.0,96.0,160.2,21.2
2020-05-20 07:30:00,4510.639047619047,4432.33,2343.152380952381,12,4136001,0.9826390347814723,0.25,True,1108.0825,1127.6597619047618,24.89542023333333,29.149282866666667,0.2957842996666666,False,26.7,65,100,3,2,100,0.0,137.0,41.0,96.0,160.2,21.2
2020-05-20 07:45:00,5527.206666666667,5423.176666666666,3554.3761904761905,12,4136001,0.9811785579454841,0.25,True,1355.7941666666666,1381.8016666666667,25.45767420689655,31.8375128275862,0.3489275079310345,False,26.7,65,100,3,2,100,0.0,137.0,41.0,96.0,160.2,21.2
2020-05-20 08:00:00,6064.193333333334,5946.213333333333,4989.733333333333,12,4136001,0.9805448155236914,0.25,True,1486.5533333333333,1516.0483333333334,25.69534393333333,32.733932200000005,0.3844719883333333,False,28.3,58,100,2,6,100,0.0,301.0,122.0,179.0,253.7,22.7
2020-05-20 08:15:00,6473.313333333333,6346.419999999999,6517.066666666667,12,4136001,0.9803974677573669,0.25,True,1586.6049999999998,1618.3283333333331,26.174195366666662,34.1762287,0.3966988159999999,False,28.3,58,100,2,6,100,0.0,301.0,122.0,179.0,253.7,22.7
2020-05-20 08:30:00,8116.49,7949.153333333333,8262.742857142857,12,4136001,0.9793831241501355,0.25,True,1987.2883333333332,2029.1225,26.49222537931035,35.83274265517242,0.4990015193103448,False,28.3,58,100,2,6,100,0.0,301.0,122.0,179.0,253.7,22.7
2020-05-20 08:45:00,8362.254761904762,8189.094285714285,10314.67619047619,12,4136001,0.9792926093355432,0.25,True,2047.2735714285714,2090.5636904761905,26.776749666666667,36.66196696666668,0.501239439,False,28.3,58,100,2,6,100,0.0,301.0,122.0,179.0,253.7,22.7
2020-05-20 09:00:00,9232.468571428572,9037.607142857141,12393.757142857143,12,4136001,0.9788938974377381,0.25,True,2259.4017857142853,2308.117142857143,27.25867220689656,38.37599344827586,0.5697500368965517,False,30.6,49,100,1,0,100,0.0,523.0,276.0,247.0,406.7,22.3
2020-05-20 09:15:00,9161.866666666667,8964.253333333332,14763.466666666667,12,4136001,0.9784308874465173,0.25,True,2241.063333333333,2290.4666666666667,27.7584269,40.67017606666668,0.6406315396666667,False,30.6,49,100,1,0,100,0.0,523.0,276.0,247.0,406.7,22.3
2020-05-20 09:30:00,8876.193333333333,8683.806666666667,16978.466666666667,12,4136001,0.9783255434574433,0.25,True,2170.951666666667,2219.048333333333,28.255152206896557,42.38117079310345,0.6470725131034483,False,30.6,49,100,1,0,100,0.0,523.0,276.0,247.0,406.7,22.3
2020-05-20 09:45:00,8603.323809523808,8415.08238095238,19173.004761904762,12,4136001,0.9781199182154406,0.25,True,2103.770595238095,2150.830952380952,28.474303266666663,43.55698946666667,0.6862952536666667,False,30.6,49,100,1,0,100,0.0,523.0,276.0,247.0,406.7,22.3
2020-05-20 10:00:00,7963.170952380951,7785.319523809524,21178.59523809524,12,4136001,0.9776657527968491,0.25,True,1946.329880952381,1990.7927380952378,28.602340733333328,44.166997499999994,0.747509839,False,32.5,44,100,0,7,100,0.0,666.0,356.0,310.0,425.8,21.6
2020-05-20 10:15:00,5480.660000000001,5346.84,22770.533333333333,12,4136001,0.9755832326763564,0.25,True,1336.71,1370.1650000000002,28.900173896551724,45.35204320689655,0.8641144379310344,False,32.5,44,100,0,7,100,0.0,666.0,356.0,310.0,425.8,21.6
2020-05-20 10:30:00,3585.3333333333335,3496.6466666666665,23875.2,12,4136001,0.9752640386760877,0.25,True,874.1616666666666,896.3333333333334,29.477747666666662,46.90938813333333,0.8492220146666665,False,32.5,44,100,0,7,100,0.0,666.0,356.0,310.0,425.8,21.6
2020-05-20 10:45:00,3763.546666666666,3669.4266666666667,24775.13333333333,12,4136001,0.9749916745197794,0.25,True,917.3566666666667,940.8866666666665,30.04928175862069,48.90987755172413,0.9121699306896552,False,32.5,44,100,0,7,100,0.0,666.0,356.0,310.0,425.8,21.6
2020-05-20 11:00:00,3647.7242857142855,3557.437142857143,25679.461904761905,12,4136001,0.9752483642443215,0.25,True,889.3592857142858,911.9310714285714,30.170891333333334,48.8913961,0.8782139643333335,False,34.4,37,100,0,8,100,0.0,811.0,501.0,310.0,531.7,21.5
2020-05-20 11:15:00,3774.4604761904766,3680.0761904761903,26562.642857142855,12,4136001,0.9749939663404431,0.25,True,920.0190476190476,943.6151190476191,30.52978934482759,49.119193172413794,0.9002838820689654,False,34.4,37,100,0,8,100,0.0,811.0,501.0,310.0,531.7,21.5
2020-05-20 11:30:00,3796.386666666667,3701.4733333333334,27486.066666666666,12,4136001,0.9749990341693328,0.25,True,925.3683333333333,949.0966666666668,31.04592693333333,51.21273570000001,0.904425871,False,34.4,37,100,0,8,100,0.0,811.0,501.0,310.0,531.7,21.5
2020-05-20 11:45:00,3941.533333333333,3843.0133333333333,28425.666666666664,12,4136001,0.9750046513201294,0.25,True,960.7533333333333,985.3833333333332,31.343127399999997,52.38038843333334,0.892504974,False,34.4,37,100,0,8,100,0.0,811.0,501.0,310.0,531.7,21.5
2020-05-20 12:00:00,5259.153333333334,5127.686666666667,29554.4,12,4136001,0.9750023134268762,0.25,True,1281.9216666666669,1314.7883333333334,31.557537206896555,51.59497410344829,0.8887461020689656,False,36.1,31,100,0,2,100,0.0,893.0,573.0,320.0,578.7,20.3
2020-05-20 12:15:00,5713.85,5570.975238095239,30945.27142857143,12,4136001,0.9749950100361819,0.25,True,1392.7438095238097,1428.4625,31.916929933333336,52.51163343333333,0.9234582183333332,False,36.1,31,100,0,2,100,0.0,893.0,573.0,320.0,578.7,20.3
2020-05-20 12:30:00,5155.554761904762,5026.708095238095,32223.085714285713,12,4136001,0.9750081858079103,0.25,True,1256.6770238095237,1288.8886904761905,32.014409620689655,52.1759842413793,0.9023842899999998,False,36.1,31,100,0,2,100,0.0,893.0,573.0,320.0,578.7,20.3
2020-05-20 12:45:00,5156.593333333334,5027.66,33477.0,12,4136001,0.974996412360098,0.25,True,1256.915,1289.1483333333335,32.36966773333334,52.110103166666654,0.9005759923333334,False,36.1,31,100,0,2,100,0.0,893.0,573.0,320.0,578.7,20.3
2020-05-20 13:00:00,5101.346666666667,4973.773333333333,34735.46666666667,12,4136001,0.9749922242754199,0.25,True,1243.4433333333332,1275.3366666666668,32.85877673333334,53.1356262,0.8902271979999999,False,36.8,28,99,0,44,99,0.0,840.0,554.0,286.0,567.5,18.6
2020-05-20 13:15:00,5056.78,4930.326666666666,35993.066666666666,12,4136001,0.9749933093127773,0.25,True,1232.5816666666665,1264.195,33.052698620689654,53.0448231724138,0.8847205834482758,False,36.8,28,99,0,44,99,0.0,840.0,554.0,286.0,567.5,18.6
2020-05-20 13:30:00,4815.88,4697.182380952381,37180.961904761905,12,4136001,0.9753528702858836,0.25,True,1174.2955952380953,1203.97,33.2762693,52.4341836,0.843018139,False,36.8,28,99,0,44,99,0.0,840.0,554.0,286.0,567.5,18.6
2020-05-20 13:45:00,4723.733333333333,4608.08,38332.33333333333,12,4136001,0.9755165405893644,0.25,True,1152.02,1180.9333333333332,33.618522931034484,52.44284375862068,0.827689449310345,False,36.8,28,99,0,44,99,0.0,840.0,554.0,286.0,567.5,18.6
2020-05-20 14:00:00,4726.183333333333,4610.5,39008.0,12,4136001,0.9755228849212366,0.25,True,1152.625,1181.5458333333333,33.5427245,52.00774616666667,0.8284374166666665,False,36.9,27,99,0,34,99,0.0,667.0,424.0,243.0,470.3,17.2
2020-05-20 14:15:00,15629.225,15265.65,102360.0,22,4136001,0.9767374901826545,0.25,True,3816.4125,3907.30625,34.32369355555555,52.94268122222222,0.7792082066666665,False,36.9,27,99,0,34,99,0.0,667.0,424.0,243.0,470.3,17.2
2020-05-20 14:30:00,16738.68666666667,16360.106666666667,104974.4,22,4136001,0.97738293287048,0.25,True,4090.0266666666666,4184.671666666667,34.165522233333334,51.36092636666666,0.740106457,False,36.9,27,99,0,34,99,0.0,667.0,424.0,243.0,470.3,17.2
2020-05-20 14:45:00,16854.62,16479.213333333333,109085.86666666667,22,4136001,0.9777267795615288,0.25,True,4119.803333333333,4213.655,34.68678010344828,50.583098310344816,0.698653132413793,False,36.9,27,99,0,34,99,0.0,667.0,424.0,243.0,470.3,17.2
2020-05-20 15:00:00,19627.95333333333,19196.88,113511.93333333332,22,4136001,0.9780377848870643,0.25,True,4799.22,4906.988333333333,34.696256433333346,49.871641,0.6510247456666666,False,37.0,25,99,0,27,99,0.0,560.0,412.0,148.0,534.1,16.5
2020-05-20 15:15:00,19083.02666666667,18671.693333333333,118392.93333333333,22,4136001,0.9784450684622354,0.25,True,4667.923333333333,4770.756666666667,34.74052886206896,49.13013541379309,0.5921279251724137,False,37.0,25,99,0,27,99,0.0,560.0,412.0,148.0,534.1,16.5
2020-05-20 15:30:00,18739.246666666666,18336.806666666667,123104.59999999999,22,4136001,0.9785242167330099,0.25,True,4584.201666666667,4684.8116666666665,34.91765323333333,48.48633400000001,0.5751749540000001,False,37.0,25,99,0,27,99,0.0,560.0,412.0,148.0,534.1,16.5
2020-05-20 15:45:00,17126.277619047618,16765.018095238094,127487.46666666667,22,4136001,0.9789061270729528,0.25,True,4191.254523809524,4281.5694047619045,35.11777689655172,47.44648613793103,0.522234634137931,False,37.0,25,99,0,27,99,0.0,560.0,412.0,148.0,534.1,16.5
2020-05-20 16:00:00,13306.342857142856,13037.862380952381,131230.1761904762,22,4136001,0.9798231205168177,0.25,True,3259.4655952380954,3326.585714285714,34.88353173333334,45.30406083333333,0.4040271739999999,False,36.6,25,99,0,43,99,0.0,364.0,238.0,126.0,400.3,17.4
2020-05-20 16:15:00,9878.44,9695.44,133977.2666666667,22,4136001,0.9814748077631691,0.25,True,2423.86,2469.61,34.4421722413793,41.43351058620691,0.296182354137931,False,36.6,25,99,0,43,99,0.0,364.0,238.0,126.0,400.3,17.4
2020-05-20 16:30:00,8025.853333333333,7886.786666666667,135652.26666666666,22,4136001,0.9826726628445741,0.25,True,1971.6966666666667,2006.4633333333331,34.001508766666674,39.39245916666666,0.244076448,False,36.6,25,99,0,43,99,0.0,364.0,238.0,126.0,400.3,17.4
2020-05-20 16:45:00,7874.98,7739.733333333334,138164.06666666665,22,4136001,0.9828257764887446,0.25,True,1934.9333333333334,1968.745,33.72384234482759,37.97408410344828,0.2356485999999999,False,36.6,25,99,0,43,99,0.0,364.0,238.0,126.0,400.3,17.4
2020-05-20 17:00:00,6788.992380952381,6667.336666666666,140020.05714285714,22,4136001,0.9820804461900651,0.25,True,1666.8341666666665,1697.2480952380952,33.62940656666667,37.57149436666667,0.2062742293333333,False,36.3,21,97,0,19,98,0.0,171.0,94.0,77.0,245.5,13.0
2020-05-20 17:15:00,6023.786666666667,5908.103809523809,141545.6238095238,22,4136001,0.9807956583550672,0.25,True,1477.0259523809523,1505.9466666666667,33.378233517241384,36.39362724137931,0.1821361048275861,False,36.3,21,97,0,19,98,0.0,171.0,94.0,77.0,245.5,13.0
2020-05-20 17:30:00,5189.380952380952,5088.523809523809,142953.33809523808,22,4136001,0.9805647063141764,0.25,True,1272.1309523809523,1297.345238095238,33.276536,35.80599556666667,0.1589812296666666,False,36.3,21,97,0,19,98,0.0,171.0,94.0,77.0,245.5,13.0
2020-05-20 17:45:00,3634.9666666666667,3556.122380952381,144030.93333333332,22,4136001,0.9783094886571305,0.25,True,889.0305952380952,908.7416666666667,32.67218623333333,34.304395666666665,0.1115232662999999,False,36.3,21,97,0,19,98,0.0,171.0,94.0,77.0,245.5,13.0
2020-05-20 18:00:00,2302.1666666666665,2237.480952380952,144766.49047619046,22,4136001,0.9719022452968735,0.25,True,559.370238095238,575.5416666666666,32.12889024137931,32.75317803448276,0.0717149450344827,False,34.5,25,95,0,18,94,0.0,69.0,23.0,46.0,144.9,11.6
2020-05-20 18:15:00,1154.8785714285714,1117.4090476190477,145174.20476190475,22,4136001,0.9675554428521655,0.25,True,279.3522619047619,288.71964285714284,31.585428766666677,31.28490096666667,0.0360787077333333,False,34.5,25,95,0,18,94,0.0,69.0,23.0,46.0,144.9,11.6
2020-05-20 18:30:00,338.43666666666667,326.64190476190475,145357.49523809523,22,4136001,0.9651492788268748,0.25,True,81.66047619047619,84.60916666666667,31.0309585862069,29.939957137931035,0.0110565051413793,False,34.5,25,95,0,18,94,0.0,69.0,23.0,46.0,144.9,11.6
2020-05-20 18:45:00,0.0,0.0,145383.0,22,4136001,,0.25,True,0.0,0.0,30.5501171,28.829000933333337,0.0003645842063333,False,34.5,25,95,0,18,94,0.0,69.0,23.0,46.0,144.9,11.6
2020-05-20 19:00:00,0.0,0.0,145383.0,22,4136001,,0.25,True,0.0,0.0,30.13735451724138,28.26681206896552,0.0,False,32.5,35,95,0,17,94,0.0,1.0,0.0,1.0,0.0,18.1
2020-05-20 19:15:00,0.0,0.0,145383.0,22,4136001,,0.25,True,0.0,0.0,29.7821186,27.898326600000004,0.0,False,32.5,35,95,0,17,94,0.0,1.0,0.0,1.0,0.0,18.1
2020-05-20 19:30:00,0.0,0.0,145383.0,22,4136001,,0.25,True,0.0,0.0,29.3896393,27.706148266666663,0.0,False,32.5,35,95,0,17,94,0.0,1.0,0.0,1.0,0.0,18.1
2020-05-20 19:45:00,0.0,0.0,145383.0,22,4136001,,0.25,True,0.0,0.0,29.00532396551724,27.35719882758621,0.0,False,32.5,35,95,0,17,94,0.0,1.0,0.0,1.0,0.0,18.1
2020-05-20 20:00:00,0.0,0.0,145383.0,22,4136001,,0.25,True,0.0,0.0,28.620362333333336,26.8948649,0.0,False,31.5,39,97,0,16,96,0.0,0.0,0.0,0.0,0.0,20.7
2020-05-20 20:15:00,0.0,0.0,145383.0,22,4136001,,0.25,True,0.0,0.0,28.3833875,26.593303233333337,0.0,False,31.5,39,97,0,16,96,0.0,0.0,0.0,0.0,0.0,20.7
2020-05-20 20:30:00,0.0,0.0,145383.0,22,4136001,,0.25,True,0.0,0.0,28.08839475862069,26.90782748275862,0.0,False,31.5,39,97,0,16,96,0.0,0.0,0.0,0.0,0.0,20.7
2020-05-20 20:45:00,0.0,0.0,145383.0,22,4136001,,0.25,True,0.0,0.0,27.42665943333333,26.8379731,0.0,False,31.5,39,97,0,16,96,0.0,0.0,0.0,0.0,0.0,20.7
2020-05-20 21:00:00,0.0,0.0,145383.0,22,4136001,,0.25,True,0.0,0.0,27.427721862068967,26.25202579310345,0.0,False,30.2,49,94,0,9,93,0.0,0.0,0.0,0.0,0.0,23.6
2020-05-20 21:15:00,0.0,0.0,145383.0,22,4136001,,0.25,True,0.0,0.0,27.547032833333333,25.841535366666665,0.0,False,30.2,49,94,0,9,93,0.0,0.0,0.0,0.0,0.0,23.6
2020-05-20 21:30:00,0.0,0.0,145383.0,22,4136001,,0.25,True,0.0,0.0,27.466087551724147,26.006621000000003,0.0,False,30.2,49,94,0,9,93,0.0,0.0,0.0,0.0,0.0,23.6
2020-05-20 21:45:00,0.0,0.0,145383.0,22,4136001,,0.25,True,0.0,0.0,27.16962063333333,25.819460933333332,0.0,False,30.2,49,94,0,9,93,0.0,0.0,0.0,0.0,0.0,23.6
2020-05-20 22:00:00,0.0,0.0,108033.0,18,4136001,,0.25,True,0.0,0.0,26.8102366,25.4684804,0.0,False,28.9,57,94,0,5,94,0.0,0.0,0.0,0.0,0.0,23.1
2020-05-20 22:15:00,0.0,0.0,108033.0,18,4136001,,0.25,True,0.0,0.0,26.517158275862077,24.998898206896552,0.0,False,28.9,57,94,0,5,94,0.0,0.0,0.0,0.0,0.0,23.1
2020-05-20 22:30:00,0.0,0.0,107197.33333333333,18,4136001,,0.25,True,0.0,0.0,26.3451751,24.654283666666664,0.0,False,28.9,57,94,0,5,94,0.0,0.0,0.0,0.0,0.0,23.1
2020-05-20 22:45:00,0.0,0.0,108033.0,18,4136001,,0.25,True,0.0,0.0,26.07077975862069,24.29676868965517,0.0,False,28.9,57,94,0,5,94,0.0,0.0,0.0,0.0,0.0,23.1
2020-05-20 23:00:00,0.0,0.0,108033.0,18,4136001,,0.25,True,0.0,0.0,25.79210823333333,23.759390233333328,0.0,False,28.0,61,99,0,4,99,0.0,0.0,0.0,0.0,0.0,20.8
2020-05-20 23:15:00,0.0,0.0,108033.0,18,4136001,,0.25,True,0.0,0.0,25.69977813333333,23.434327233333327,0.0,False,28.0,61,99,0,4,99,0.0,0.0,0.0,0.0,0.0,20.8
2020-05-20 23:30:00,0.0,0.0,108033.0,18,4136001,,0.25,True,0.0,0.0,25.704486655172413,23.516461793103456,0.0,False,28.0,61,99,0,4,99,0.0,0.0,0.0,0.0,0.0,20.8
2020-05-20 23:45:00,0.0,0.0,94176.73333333334,18,4136001,,0.25,True,0.0,0.0,25.51383043333333,23.45196050000001,0.0,False,28.0,61,99,0,4,99,0.0,0.0,0.0,0.0,0.0,20.8
2020-05-21 00:00:00,0.0,0.0,28723.933333333334,18,4136001,,0.25,True,0.0,0.0,25.318034700000005,23.365838666666665,0.0,False,27.2,66,99,0,3,99,0.0,0.0,0.0,0.0,0.0,19.1
2020-05-21 00:15:00,0.0,0.0,15904.0,18,4136001,,0.25,True,0.0,0.0,25.137857448275856,23.122347034482758,0.0,False,27.2,66,99,0,3,99,0.0,0.0,0.0,0.0,0.0,19.1
2020-05-21 00:30:00,0.0,0.0,15904.0,18,4136001,,0.25,True,0.0,0.0,24.896141400000005,22.891414566666665,0.0,False,27.2,66,99,0,3,99,0.0,0.0,0.0,0.0,0.0,19.1
2020-05-21 00:45:00,0.0,0.0,15904.0,18,4136001,,0.25,True,0.0,0.0,24.814705620689647,22.888990689655177,0.0,False,27.2,66,99,0,3,99,0.0,0.0,0.0,0.0,0.0,19.1
2020-05-21 01:00:00,0.0,0.0,15904.0,18,4136001,,0.25,True,0.0,0.0,24.72378326666667,22.647266700000003,0.0,False,26.4,71,92,0,3,92,0.0,0.0,0.0,0.0,0.0,17.4
2020-05-21 01:15:00,0.0,0.0,13391.2,18,4136001,,0.25,True,0.0,0.0,24.570636,22.4875092,0.0,False,26.4,71,92,0,3,92,0.0,0.0,0.0,0.0,0.0,17.4
2020-05-21 01:30:00,0.0,0.0,6481.0,18,4136001,,0.25,True,0.0,0.0,24.436040517241373,22.384284862068963,0.0,False,26.4,71,92,0,3,92,0.0,0.0,0.0,0.0,0.0,17.4
2020-05-21 01:45:00,0.0,0.0,6481.0,18,4136001,,0.25,True,0.0,0.0,24.333214466666668,22.284662133333327,0.0,False,26.4,71,92,0,3,92,0.0,0.0,0.0,0.0,0.0,17.4
2020-05-21 02:00:00,0.0,0.0,6481.0,18,4136001,,0.25,True,0.0,0.0,24.05332268965517,22.017030862068964,0.0,False,25.7,73,96,0,3,96,0.0,0.0,0.0,0.0,0.0,15.9
2020-05-21 02:15:00,0.0,0.0,6481.0,18,4136001,,0.25,True,0.0,0.0,23.89200113333333,21.74873963333333,0.0,False,25.7,73,96,0,3,96,0.0,0.0,0.0,0.0,0.0,15.9
2020-05-21 02:30:00,0.0,0.0,6481.0,18,4136001,,0.25,True,0.0,0.0,23.998843466666663,22.40360516666667,0.0,False,25.7,73,96,0,3,96,0.0,0.0,0.0,0.0,0.0,15.9
2020-05-21 02:45:00,0.0,0.0,6481.0,18,4136001,,0.25,True,0.0,0.0,23.87595310344827,22.37518951724138,0.0,False,25.7,73,96,0,3,96,0.0,0.0,0.0,0.0,0.0,15.9
2020-05-21 03:00:00,0.0,0.0,6481.0,18,4136001,,0.25,True,0.0,0.0,23.766126166666677,22.278221800000004,0.0,False,25.2,74,81,0,2,80,0.0,0.0,0.0,0.0,0.0,16.9
2020-05-21 03:15:00,0.0,0.0,6481.0,18,4136001,,0.25,True,0.0,0.0,23.701200533333328,22.14907433333333,0.0,False,25.2,74,81,0,2,80,0.0,0.0,0.0,0.0,0.0,16.9
2020-05-21 03:30:00,0.0,0.0,6481.0,18,4136001,,0.25,True,0.0,0.0,23.608773103448275,21.999887379310348,0.0,False,25.2,74,81,0,2,80,0.0,0.0,0.0,0.0,0.0,16.9
2020-05-21 03:45:00,0.0,0.0,6481.0,18,4136001,,0.25,True,0.0,0.0,23.428441699999997,21.779378366666663,0.0,False,25.2,74,81,0,2,80,0.0,0.0,0.0,0.0,0.0,16.9
2020-05-21 04:00:00,0.0,0.0,5674.666666666667,18,4136001,,0.25,True,0.0,0.0,23.419859,21.85795237931034,0.0,False,24.8,77,93,3,2,93,0.0,0.0,0.0,0.0,0.0,18.4
2020-05-21 04:15:00,0.0,0.0,4062.0,18,4136001,,0.25,True,0.0,0.0,23.546890133333328,22.0455058,0.0,False,24.8,77,93,3,2,93,0.0,0.0,0.0,0.0,0.0,18.4
2020-05-21 04:30:00,0.0,0.0,4062.0,18,4136001,,0.25,True,0.0,0.0,23.666124566666664,22.18126123333333,0.0,False,24.8,77,93,3,2,93,0.0,0.0,0.0,0.0,0.0,18.4
2020-05-21 04:45:00,0.0,0.0,4062.0,18,4136001,,0.25,True,0.0,0.0,23.743891206896556,22.01769706896552,0.0,False,24.8,77,93,3,2,93,0.0,0.0,0.0,0.0,0.0,18.4
2020-05-21 05:00:00,0.0,0.0,4062.0,18,4136001,,0.25,True,0.0,0.0,23.792037733333338,22.0929973,0.0,False,24.5,81,61,26,2,51,0.0,0.0,0.0,0.0,0.0,15.8
2020-05-21 05:15:00,0.0,0.0,4062.0,18,4136001,,0.25,True,0.0,0.0,23.766128827586204,21.99099851724138,0.0,False,24.5,81,61,26,2,51,0.0,0.0,0.0,0.0,0.0,15.8
2020-05-21 05:30:00,0.0,0.0,0.0,18,4136001,,0.25,True,0.0,0.0,23.6753734,21.821995066666663,0.0,False,24.5,81,61,26,2,51,0.0,0.0,0.0,0.0,0.0,15.8
2020-05-21 05:45:00,0.0,0.0,0.0,18,4136001,,0.25,True,0.0,0.0,23.698282,21.852598200000003,0.0004171757465333,False,24.5,81,61,26,2,51,0.0,0.0,0.0,0.0,0.0,15.8
2020-05-21 06:00:00,221.89142857142858,214.14857142857144,16.04285714285714,18,4136001,0.9651051994540445,0.25,True,53.53714285714286,55.472857142857144,23.62991651724138,21.697624551724136,0.0099153282689655,False,25.0,78,46,7,7,40,0.0,17.0,4.0,13.0,42.9,22.2
2020-05-21 06:15:00,806.4642857142857,779.9257142857143,136.29999999999998,18,4136001,0.9670926885434659,0.25,True,194.98142857142858,201.61607142857142,23.748148566666664,22.19340626666667,0.0319293617666666,False,25.0,78,46,7,7,40,0.0,17.0,4.0,13.0,42.9,22.2
2020-05-21 06:30:00,1559.0885714285714,1513.4490476190476,418.65238095238095,18,4136001,0.970726792149015,0.25,True,378.3622619047619,389.77214285714285,24.054223517241383,22.877097275862067,0.0615359128965517,False,25.0,78,46,7,7,40,0.0,17.0,4.0,13.0,42.9,22.2
2020-05-21 06:45:00,2341.4133333333334,2281.1466666666665,886.7333333333333,18,4136001,0.9742605605731011,0.25,True,570.2866666666666,585.3533333333334,24.3392457,23.469086766666663,0.0912944973666667,False,25.0,78,46,7,7,40,0.0,17.0,4.0,13.0,42.9,22.2
2020-05-21 07:00:00,3229.7457142857143,3165.3090476190473,1547.1571428571428,18,4136001,0.9800489969282558,0.25,True,791.3272619047618,807.4364285714286,24.7259083,25.596747766666667,0.1323661420999999,False,26.6,68,81,1,5,80,0.0,150.0,73.0,77.0,284.8,22.3
2020-05-21 07:15:00,4282.948095238095,4201.012380952381,2363.1047619047617,18,4136001,0.980869318874816,0.25,True,1050.2530952380953,1070.7370238095239,25.1307951724138,27.652967793103446,0.1916870813793104,False,26.6,68,81,1,5,80,0.0,150.0,73.0,77.0,284.8,22.3
2020-05-21 07:30:00,6068.366666666667,5963.951428571429,3625.133333333333,18,4136001,0.9827935186137009,0.25,True,1490.9878571428571,1517.0916666666667,25.6293538,30.21505633333333,0.2804657803333333,False,26.6,68,81,1,5,80,0.0,150.0,73.0,77.0,284.8,22.3
2020-05-21 07:45:00,7157.799999999999,7030.54,5264.333333333333,18,4136001,0.9822207940987455,0.25,True,1757.635,1789.4499999999998,26.114782965517243,32.13542331034482,0.330876642413793,False,26.6,68,81,1,5,80,0.0,150.0,73.0,77.0,284.8,22.3
2020-05-21 08:00:00,8137.653333333334,7982.753333333333,7134.266666666666,18,4136001,0.980965028411139,0.25,True,1995.6883333333333,2034.4133333333334,26.42889406666666,33.528763966666666,0.3646174746666666,False,29.2,55,76,1,1,76,0.0,378.0,259.0,119.0,538.6,20.9
2020-05-21 08:15:00,10203.871428571429,9998.276666666667,9383.295238095237,18,4136001,0.9798512982700777,0.25,True,2499.5691666666667,2550.967857142857,27.0080363,36.20038943333332,0.4523513453333334,False,29.2,55,76,1,1,76,0.0,378.0,259.0,119.0,538.6,20.9
2020-05-21 08:30:00,11612.730476190476,11373.477619047619,12022.666666666666,18,4136001,0.9793973641570863,0.25,True,2843.3694047619047,2903.182619047619,27.568994,38.0886988275862,0.5087915496551723,False,29.2,55,76,1,1,76,0.0,378.0,259.0,119.0,538.6,20.9
2020-05-21 08:45:00,12101.907142857142,11850.83238095238,14925.438095238094,18,4136001,0.9792532896723677,0.25,True,2962.708095238095,3025.4767857142856,27.91441243333333,39.03520423333334,0.527344807,False,29.2,55,76,1,1,76,0.0,378.0,259.0,119.0,538.6,20.9
2020-05-21 09:00:00,13120.173333333332,12843.906666666666,18019.4,18,4136001,0.9789433676181107,0.25,True,3210.9766666666665,3280.043333333333,28.497674310344827,40.98327006896552,0.5712185906896551,False,31.8,45,36,0,0,36,0.0,600.0,455.0,145.0,670.6,17.3
2020-05-21 09:15:00,13883.106666666667,13586.913333333334,21370.0,18,4136001,0.9786651978951878,0.25,True,3396.7283333333335,3470.7766666666666,28.8905872,42.63647043333332,0.6130063813333334,False,31.8,45,36,0,0,36,0.0,600.0,455.0,145.0,670.6,17.3
2020-05-21 09:30:00,13496.185238095239,13201.900476190476,26008.2,18,4136001,0.9781949671916109,0.25,True,3300.475119047619,3374.0463095238097,29.26914473333333,44.30564853333334,0.6787978413333333,False,31.8,45,36,0,0,36,0.0,600.0,455.0,145.0,670.6,17.3
2020-05-21 09:45:00,8501.933333333334,8309.880000000001,20710.800000000003,18,4136001,0.9774106281708475,0.25,True,2077.4700000000003,2125.4833333333336,29.860123103448277,48.23675210344828,0.7990305310344827,False,31.8,45,36,0,0,36,0.0,600.0,455.0,145.0,670.6,17.3
2020-05-21 10:00:00,2450.982857142857,2393.7861904761903,5667.976190476191,18,4136001,0.9766637834695663,0.25,True,598.4465476190476,612.7457142857143,30.530053833333337,52.767174,0.8282022053333332,False,34.0,39,70,0,0,70,0.0,782.0,624.0,158.0,746.6,14.8
2020-05-21 10:15:00,9945.47238095238,9702.734761904761,29931.35238095238,18,4136001,0.9755931533717281,0.25,True,2425.6836904761903,2486.368095238095,30.639095,52.03794556666666,0.869698526,False,34.0,39,70,0,0,70,0.0,782.0,624.0,158.0,746.6,14.8
2020-05-21 10:30:00,9307.733333333334,9075.140000000001,32296.2,18,4136001,0.9750107437542976,0.25,True,2268.7850000000003,2326.9333333333334,30.81421317241379,51.59807182758621,0.8919624448275862,False,34.0,39,70,0,0,70,0.0,782.0,624.0,158.0,746.6,14.8
2020-05-21 10:45:00,8134.406666666668,7946.713333333333,34397.0,18,4136001,0.9769259958316975,0.25,True,1986.6783333333333,2033.601666666667,30.956570366666668,50.37744846666666,0.777137033,False,34.0,39,70,0,0,70,0.0,782.0,624.0,158.0,746.6,14.8
2020-05-21 11:00:00,9435.158095238095,9207.779523809524,36519.938095238096,18,4136001,0.9759009261812657,0.25,True,2301.944880952381,2358.789523809524,31.183037068965525,50.54957334482759,0.8626964131034482,False,36.0,32,12,0,1,11,0.0,907.0,739.0,168.0,784.6,14.2
2020-05-21 11:15:00,12296.933333333334,11992.413333333334,39112.13333333333,18,4136001,0.9752361022260292,0.25,True,2998.1033333333335,3074.2333333333336,31.7292979,53.648289866666666,0.9679210946666666,False,36.0,32,12,0,1,11,0.0,907.0,739.0,168.0,784.6,14.2
2020-05-21 11:30:00,12625.806666666667,12315.293333333333,42189.6,18,4136001,0.9754064558779346,0.25,True,3078.8233333333333,3156.451666666667,32.08981006666667,54.79509786666667,0.9191237226666666,False,36.0,32,12,0,1,11,0.0,907.0,739.0,168.0,784.6,14.2
2020-05-21 11:45:00,12716.126666666667,12403.713333333333,45358.6,18,4136001,0.9754317221334169,0.25,True,3100.9283333333333,3179.0316666666668,32.471466241379325,54.038198655172415,0.9089151193103449,False,36.0,32,12,0,1,11,0.0,907.0,739.0,168.0,784.6,14.2
2020-05-21 12:00:00,12320.380000000001,12015.446666666667,48449.53333333333,18,4136001,0.9752496811516094,0.25,True,3003.8616666666667,3080.0950000000003,32.87360940000001,54.70988666666666,0.9256855569999995,False,37.4,27,44,0,42,5,0.0,958.0,787.0,171.0,795.2,12.7
2020-05-21 12:15:00,11713.757142857143,11421.007142857143,51299.642857142855,18,4136001,0.9750080186545003,0.25,True,2855.2517857142857,2928.4392857142857,33.46413631034482,57.893448413793095,0.9373386224137932,False,37.4,27,44,0,42,5,0.0,958.0,787.0,171.0,795.2,12.7
2020-05-21 12:30:00,11634.293333333331,11343.846666666666,54093.799999999996,18,4136001,0.9750352979467598,0.25,True,2835.9616666666666,2908.573333333333,33.841558799999994,57.90181983333333,0.9231444756666664,False,37.4,27,44,0,42,5,0.0,958.0,787.0,171.0,795.2,12.7
2020-05-21 12:45:00,11611.833333333334,11322.22,56951.26666666666,18,4136001,0.9750587762483672,0.25,True,2830.555,2902.9583333333335,34.14877648275862,57.34146855172413,0.9149018331034484,False,37.4,27,44,0,42,5,0.0,958.0,787.0,171.0,795.2,12.7
2020-05-21 13:00:00,12146.973333333333,11846.566666666668,59738.0,18,4136001,0.9752690107714076,0.25,True,2961.641666666667,3036.7433333333333,34.03666283333334,57.12523916666666,0.904509487,False,37.6,24,58,0,43,27,0.0,755.0,569.0,186.0,583.0,12.5
2020-05-21 13:15:00,12063.133333333333,11766.913333333334,62860.933333333334,18,4136001,0.9754441908404119,0.25,True,2941.7283333333335,3015.7833333333333,34.20353676666667,55.519519900000006,0.8704650123333332,False,37.6,24,58,0,43,27,0.0,755.0,569.0,186.0,583.0,12.5
2020-05-21 13:30:00,19292.7,18816.69714285714,67857.18095238095,18,4136001,0.9753273073679236,0.25,True,4704.174285714285,4823.175,34.3404424137931,55.405979689655176,0.8783041982758619,False,37.6,24,58,0,43,27,0.0,755.0,569.0,186.0,583.0,12.5
2020-05-21 13:45:00,20291.684761904762,19810.111904761907,73160.18095238095,18,4136001,0.976267477895825,0.25,True,4952.527976190477,5072.9211904761905,34.94132503333332,57.3582947,0.8235497586666666,False,37.6,24,58,0,43,27,0.0,755.0,569.0,186.0,583.0,12.5
2020-05-21 14:00:00,19733.29333333333,19278.68666666667,78049.13333333333,18,4136001,0.9769624533022704,0.25,True,4819.671666666667,4933.323333333333,34.928457413793105,55.53873186206898,0.7924297686206895,False,37.7,23,85,0,39,76,0.0,682.0,515.0,167.0,571.3,11.2
2020-05-21 14:15:00,19320.586666666666,18881.266666666666,82873.8,18,4136001,0.9772615600354441,0.25,True,4720.316666666667,4830.1466666666665,35.249380366666664,56.173416133333326,0.7762209313333333,False,37.7,23,85,0,39,76,0.0,682.0,515.0,167.0,571.3,11.2
2020-05-21 14:30:00,19021.700476190475,18591.08952380952,87617.22380952381,18,4136001,0.9773621210721959,0.25,True,4647.77238095238,4755.425119047619,35.47774553333333,55.6046551,0.7614740259999999,False,37.7,23,85,0,39,76,0.0,682.0,515.0,167.0,571.3,11.2
2020-05-21 14:45:00,17699.147142857142,17306.57,92054.54761904762,18,4136001,0.9778194316546165,0.25,True,4326.6425,4424.7867857142855,35.62312793103448,52.90307186206896,0.6975825462068966,False,37.7,23,85,0,39,76,0.0,682.0,515.0,167.0,571.3,11.2
2020-05-21 15:00:00,17098.910476190475,16722.845238095237,96210.7238095238,18,4136001,0.9780064794994457,0.25,True,4180.711309523809,4274.727619047619,35.5592145,51.371613700000005,0.6634513303333333,False,37.8,22,31,0,31,0,0.0,606.0,464.0,142.0,601.4,9.5
2020-05-21 15:15:00,15663.113333333333,15324.766666666666,100352.59999999999,18,4136001,0.9783985048523772,0.25,True,3831.1916666666666,3915.778333333333,35.80841389655173,51.32030410344827,0.6050661937931034,False,37.8,22,31,0,31,0,0.0,606.0,464.0,142.0,601.4,9.5
2020-05-21 15:30:00,11706.166666666666,11466.893333333333,103728.0,18,4136001,0.9795600609365435,0.25,True,2866.7233333333334,2926.5416666666665,35.614079733333334,48.27868333333334,0.4435466976666667,False,37.8,22,31,0,31,0,0.0,606.0,464.0,142.0,601.4,9.5
2020-05-21 15:45:00,11755.599047619047,11515.284285714286,106553.69047619047,18,4136001,0.9795574210270949,0.25,True,2878.8210714285715,2938.899761904762,35.53067965517241,46.37265427586206,0.4402719755172414,False,37.8,22,31,0,31,0,0.0,606.0,464.0,142.0,601.4,9.5
2020-05-21 16:00:00,11482.14,11248.299047619048,109383.07619047619,18,4136001,0.9796343754403838,0.25,True,2812.074761904762,2870.535,35.64163303333333,45.98237203333333,0.4321853633333334,False,37.5,22,51,0,51,0,0.0,415.0,297.0,118.0,499.2,11.0
2020-05-21 16:15:00,9616.770952380954,9426.838095238096,111959.08571428571,18,4136001,0.9802498304177835,0.25,True,2356.709523809524,2404.1927380952384,35.794751166666664,45.00151576666666,0.3604990543333334,False,37.5,22,51,0,51,0,0.0,415.0,297.0,118.0,499.2,11.0
2020-05-21 16:30:00,9457.220000000001,9271.073333333332,114284.46666666666,18,4136001,0.9803169782804387,0.25,True,2317.768333333333,2364.3050000000003,35.93014420689656,43.8989605862069,0.3515134220689655,False,37.5,22,51,0,51,0,0.0,415.0,297.0,118.0,499.2,11.0
2020-05-21 16:45:00,7486.259999999999,7353.38,116410.66666666667,18,4136001,0.982250148939524,0.25,True,1838.345,1871.5649999999998,35.85598156666667,42.702622266666665,0.2784560696666667,False,37.5,22,51,0,51,0,0.0,415.0,297.0,118.0,499.2,11.0
2020-05-21 17:00:00,6387.045714285714,6277.251428571429,118138.90000000001,18,4136001,0.9828098481479924,0.25,True,1569.3128571428572,1596.7614285714285,35.75847879310346,41.00935848275862,0.2381099286206896,False,36.4,23,69,0,19,26,0.0,219.0,114.0,105.0,297.1,13.1
2020-05-21 17:15:00,4960.467142857143,4868.1238095238095,119524.05714285714,18,4136001,0.9813841457520178,0.25,True,1217.0309523809524,1240.1167857142857,35.11375726666666,39.076770100000005,0.1875920766666666,False,36.4,23,69,0,19,26,0.0,219.0,114.0,105.0,297.1,13.1
2020-05-21 17:30:00,3534.27619047619,3464.165714285714,120557.5142857143,18,4136001,0.9801627059086658,0.25,True,866.0414285714285,883.5690476190475,34.842693551724146,37.10937710344828,0.1358204227931034,False,36.4,23,69,0,19,26,0.0,219.0,114.0,105.0,297.1,13.1
2020-05-21 17:45:00,2265.3733333333334,2205.6266666666666,121270.26666666666,18,4136001,0.9736261278494198,0.25,True,551.4066666666666,566.3433333333334,34.46411540000001,35.105866400000004,0.0886679892,False,36.4,23,69,0,19,26,0.0,219.0,114.0,105.0,297.1,13.1
2020-05-21 18:00:00,1334.6133333333332,1294.0533333333333,121154.6,18,4136001,0.9696091751918159,0.25,True,323.5133333333333,333.6533333333333,33.8088268,33.25552273333333,0.0529919840333333,False,34.9,27,31,0,15,19,0.0,73.0,33.0,40.0,207.4,11.2
2020-05-21 18:15:00,691.9300000000001,668.8138095238096,121956.95714285714,18,4136001,0.9665917210177468,0.25,True,167.2034523809524,172.98250000000002,33.11641393103449,31.822438,0.0275458502413793,False,34.9,27,31,0,15,19,0.0,73.0,33.0,40.0,207.4,11.2
2020-05-21 18:30:00,184.99190476190478,178.53,122061.35238095238,18,4136001,0.9650692565697855,0.25,True,44.6325,46.247976190476194,32.4825041,30.666963733333336,0.00828100051,False,34.9,27,31,0,15,19,0.0,73.0,33.0,40.0,207.4,11.2
2020-05-21 18:45:00,0.0,0.0,121502.66666666666,18,4136001,,0.25,True,0.0,0.0,32.057482166666674,29.9940937,0.000276297903,False,34.9,27,31,0,15,19,0.0,73.0,33.0,40.0,207.4,11.2
2020-05-21 19:00:00,0.0,0.0,122074.0,18,4136001,,0.25,True,0.0,0.0,31.57672868965517,29.450249000000003,0.0,False,33.1,34,21,0,11,11,0.0,1.0,0.0,1.0,0.0,17.3
2020-05-21 19:15:00,0.0,0.0,122074.0,18,4136001,,0.25,True,0.0,0.0,31.25591933333333,29.04394843333333,0.0,False,33.1,34,21,0,11,11,0.0,1.0,0.0,1.0,0.0,17.3
2020-05-21 19:30:00,0.0,0.0,122074.0,18,4136001,,0.25,True,0.0,0.0,30.977107482758623,28.795829172413796,0.0,False,33.1,34,21,0,11,11,0.0,1.0,0.0,1.0,0.0,17.3
2020-05-21 19:45:00,0.0,0.0,122074.0,18,4136001,,0.25,True,0.0,0.0,30.550292100000004,28.455880800000003,0.0,False,33.1,34,21,0,11,11,0.0,1.0,0.0,1.0,0.0,17.3
2020-05-21 20:00:00,0.0,0.0,122074.0,18,4136001,,0.25,True,0.0,0.0,30.003459666666668,28.12197983333333,0.0,False,32.4,35,23,0,7,18,0.0,0.0,0.0,0.0,0.0,16.3
2020-05-21 20:15:00,0.0,0.0,122074.0,18,4136001,,0.25,True,0.0,0.0,29.51438727586207,27.67549913793104,0.0,False,32.4,35,23,0,7,18,0.0,0.0,0.0,0.0,0.0,16.3
2020-05-21 20:30:00,0.0,0.0,122074.0,18,4136001,,0.25,True,0.0,0.0,29.050989866666672,27.293773466666668,0.0,False,32.4,35,23,0,7,18,0.0,0.0,0.0,0.0,0.0,16.3
2020-05-21 20:45:00,0.0,0.0,122074.0,18,4136001,,0.25,True,0.0,0.0,28.75883103448276,26.977796827586204,0.0,False,32.4,35,23,0,7,18,0.0,0.0,0.0,0.0,0.0,16.3
2020-05-21 21:00:00,0.0,0.0,122074.0,18,4136001,,0.25,True,0.0,0.0,28.3369395,26.6307382,0.0,False,31.3,40,9,0,5,4,0.0,0.0,0.0,0.0,0.0,18.7
2020-05-21 21:15:00,0.0,0.0,122074.0,18,4136001,,0.25,True,0.0,0.0,28.085361966666667,26.3725992,0.0,False,31.3,40,9,0,5,4,0.0,0.0,0.0,0.0,0.0,18.7
2020-05-21 21:30:00,0.0,0.0,122074.0,18,4136001,,0.25,True,0.0,0.0,27.949096758620687,26.246206344827588,0.0,False,31.3,40,9,0,5,4,0.0,0.0,0.0,0.0,0.0,18.7
2020-05-21 21:45:00,0.0,0.0,122074.0,18,4136001,,0.25,True,0.0,0.0,27.632276166666667,25.878340466666668,0.0,False,31.3,40,9,0,5,4,0.0,0.0,0.0,0.0,0.0,18.7
2020-05-21 22:00:00,0.0,0.0,122074.0,18,4136001,,0.25,True,0.0,0.0,27.514004666666665,25.730857066666665,0.0,False,30.4,47,17,0,5,13,0.0,0.0,0.0,0.0,0.0,21.3
2020-05-21 22:15:00,0.0,0.0,122074.0,18,4136001,,0.25,True,0.0,0.0,27.29016837931034,25.48178410344828,0.0,False,30.4,47,17,0,5,13,0.0,0.0,0.0,0.0,0.0,21.3
2020-05-21 22:30:00,0.0,0.0,122074.0,18,4136001,,0.25,True,0.0,0.0,26.98126303333333,25.008386133333325,0.0,False,30.4,47,17,0,5,13,0.0,0.0,0.0,0.0,0.0,21.3
2020-05-21 22:45:00,0.0,0.0,122074.0,18,4136001,,0.25,True,0.0,0.0,26.77157196551724,24.67034910344828,0.0,False,30.4,47,17,0,5,13,0.0,0.0,0.0,0.0,0.0,21.3
2020-05-21 23:00:00,0.0,0.0,122074.0,18,4136001,,0.25,True,0.0,0.0,26.574941966666668,24.570593333333328,0.0,False,28.9,56,24,0,5,20,0.0,0.0,0.0,0.0,0.0,21.3
2020-05-21 23:15:00,0.0,0.0,122074.0,18,4136001,,0.25,True,0.0,0.0,26.40247083333333,24.3771219,0.0,False,28.9,56,24,0,5,20,0.0,0.0,0.0,0.0,0.0,21.3
2020-05-21 23:30:00,0.0,0.0,122074.0,18,4136001,,0.25,True,0.0,0.0,26.296492,24.223027758620685,0.0,False,28.9,56,24,0,5,20,0.0,0.0,0.0,0.0,0.0,21.3
2020-05-21 23:45:00,0.0,0.0,109003.17142857143,18,4136001,,0.25,True,0.0,0.0,26.206535933333328,24.350091533333337,0.0,False,28.9,56,24,0,5,20,0.0,0.0,0.0,0.0,0.0,21.3
2020-05-22 00:00:00,0.0,0.0,37515.228571428575,18,4136001,,0.25,True,0.0,0.0,25.994852137931037,24.166761793103444,0.0,False,27.7,65,17,0,6,12,0.0,0.0,0.0,0.0,0.0,22.4
2020-05-22 00:15:00,0.0,0.0,18891.0,18,4136001,,0.25,True,0.0,0.0,25.83828143333333,23.9945465,0.0,False,27.7,65,17,0,6,12,0.0,0.0,0.0,0.0,0.0,22.4
2020-05-22 00:30:00,0.0,0.0,18891.0,18,4136001,,0.25,True,0.0,0.0,25.670603366666665,24.014672933333337,0.0,False,27.7,65,17,0,6,12,0.0,0.0,0.0,0.0,0.0,22.4
2020-05-22 00:45:00,0.0,0.0,18891.0,18,4136001,,0.25,True,0.0,0.0,25.446779241379318,23.89589393103448,0.0,False,27.7,65,17,0,6,12,0.0,0.0,0.0,0.0,0.0,22.4
2020-05-22 01:00:00,0.0,0.0,18891.0,18,4136001,,0.25,True,0.0,0.0,25.227821766666665,23.655807633333332,0.0,False,26.9,72,5,0,5,0,0.0,0.0,0.0,0.0,0.0,22.6
2020-05-22 01:15:00,0.0,0.0,18891.0,18,4136001,,0.25,True,0.0,0.0,25.062640366666667,23.2972891,0.0,False,26.9,72,5,0,5,0,0.0,0.0,0.0,0.0,0.0,22.6
2020-05-22 01:30:00,0.0,0.0,15230.6,18,4136001,,0.25,True,0.0,0.0,24.878541,22.97140606896552,0.0,False,26.9,72,5,0,5,0,0.0,0.0,0.0,0.0,0.0,22.6
2020-05-22 01:45:00,0.0,0.0,9740.0,18,4136001,,0.25,True,0.0,0.0,24.82188206666667,22.935877500000004,0.0,False,26.9,72,5,0,5,0,0.0,0.0,0.0,0.0,0.0,22.6
2020-05-22 02:00:00,0.0,0.0,9740.0,18,4136001,,0.25,True,0.0,0.0,24.76963206896552,22.937171724137933,0.0,False,26.2,77,4,0,4,0,0.0,0.0,0.0,0.0,0.0,21.3
2020-05-22 02:15:00,0.0,0.0,9740.0,18,4136001,,0.25,True,0.0,0.0,24.59553123333333,22.7131093,0.0,False,26.2,77,4,0,4,0,0.0,0.0,0.0,0.0,0.0,21.3
2020-05-22 02:30:00,0.0,0.0,9740.0,18,4136001,,0.25,True,0.0,0.0,24.56362903333333,22.73851293333333,0.0,False,26.2,77,4,0,4,0,0.0,0.0,0.0,0.0,0.0,21.3
2020-05-22 02:45:00,0.0,0.0,9740.0,18,4136001,,0.25,True,0.0,0.0,24.40930920689655,22.607190448275855,0.0,False,26.2,77,4,0,4,0,0.0,0.0,0.0,0.0,0.0,21.3
2020-05-22 03:00:00,0.0,0.0,9740.0,18,4136001,,0.25,True,0.0,0.0,24.281303,22.438980066666662,0.0,False,25.6,78,3,0,3,0,0.0,0.0,0.0,0.0,0.0,20.3
2020-05-22 03:15:00,0.0,0.0,9740.0,18,4136001,,0.25,True,0.0,0.0,24.142280241379307,22.20255896551724,0.0,False,25.6,78,3,0,3,0,0.0,0.0,0.0,0.0,0.0,20.3
2020-05-22 03:30:00,0.0,0.0,9740.0,18,4136001,,0.25,True,0.0,0.0,24.0494489,22.219565933333328,0.0,False,25.6,78,3,0,3,0,0.0,0.0,0.0,0.0,0.0,20.3
2020-05-22 03:45:00,0.0,0.0,9740.0,18,4136001,,0.25,True,0.0,0.0,23.964467366666668,22.411711633333333,0.0,False,25.6,78,3,0,3,0,0.0,0.0,0.0,0.0,0.0,20.3
2020-05-22 04:00:00,0.0,0.0,9740.0,18,4136001,,0.25,True,0.0,0.0,23.787370000000003,22.20228948275863,0.0,False,25.1,79,4,2,3,0,0.0,0.0,0.0,0.0,0.0,19.1
2020-05-22 04:15:00,0.0,0.0,7128.8,18,4136001,,0.25,True,0.0,0.0,23.615461266666667,21.958758733333333,0.0,False,25.1,79,4,2,3,0,0.0,0.0,0.0,0.0,0.0,19.1
2020-05-22 04:30:00,0.0,0.0,4844.0,18,4136001,,0.25,True,0.0,0.0,23.491023,21.728594866666665,0.0,False,25.1,79,4,2,3,0,0.0,0.0,0.0,0.0,0.0,19.1
2020-05-22 04:45:00,0.0,0.0,4844.0,18,4136001,,0.25,True,0.0,0.0,23.501643689655165,21.673350482758625,0.0,False,25.1,79,4,2,3,0,0.0,0.0,0.0,0.0,0.0,19.1
2020-05-22 05:00:00,0.0,0.0,4844.0,18,4136001,,0.25,True,0.0,0.0,23.441046433333337,21.604836033333335,0.0,False,24.7,81,3,2,2,24,0.0,0.0,0.0,0.0,0.0,17.3
2020-05-22 05:15:00,0.0,0.0,4844.0,18,4136001,,0.25,True,0.0,0.0,23.344786689655177,21.351205724137927,0.0,False,24.7,81,3,2,2,24,0.0,0.0,0.0,0.0,0.0,17.3
2020-05-22 05:30:00,0.0,0.0,322.93333333333334,18,4136001,,0.25,True,0.0,0.0,23.216699333333334,21.19199323333333,0.0,False,24.7,81,3,2,2,24,0.0,0.0,0.0,0.0,0.0,17.3
2020-05-22 05:45:00,3.6533333333333333,3.533333333333333,0.0,18,4136001,0.9671532846715328,0.25,True,0.8833333333333333,0.9133333333333333,23.207561233333337,21.154133166666668,0.0018504192289999,False,24.7,81,3,2,2,24,0.0,0.0,0.0,0.0,0.0,17.3
2020-05-22 06:00:00,368.2266666666667,355.5133333333333,36.13333333333333,18,4136001,0.9654741644639171,0.25,True,88.87833333333333,92.05666666666667,23.224341172413794,21.23008989655172,0.0150464187413793,False,25.0,78,34,2,1,33,0.0,17.0,4.0,13.0,42.9,18.4
2020-05-22 06:15:00,917.9580952380952,888.1095238095237,183.33333333333334,18,4136001,0.9674837320097607,0.25,True,222.02738095238092,229.4895238095238,23.412565133333327,21.6428325,0.0364440829333333,False,25.0,78,34,2,1,33,0.0,17.0,4.0,13.0,42.9,18.4
2020-05-22 06:30:00,1881.14,1828.2133333333334,509.6,18,4136001,0.97186457857115,0.25,True,457.05333333333334,470.285,23.731374896551724,22.332524862068965,0.0682039968275862,False,25.0,78,34,2,1,33,0.0,17.0,4.0,13.0,42.9,18.4
2020-05-22 06:45:00,2979.9009523809523,2915.945238095238,1098.6571428571428,18,4136001,0.9785376375565056,0.25,True,728.9863095238095,744.9752380952381,24.2926026,23.7948202,0.1043299106666666,False,25.0,78,34,2,1,33,0.0,17.0,4.0,13.0,42.9,18.4
2020-05-22 07:00:00,3494.735714285714,3425.3790476190475,1915.1809523809525,18,4136001,0.9801539594587506,0.25,True,856.3447619047619,873.6839285714285,24.837042200000003,26.701679566666662,0.1522340403333332,False,26.6,69,11,0,1,10,0.0,161.0,88.0,73.0,342.9,21.2
2020-05-22 07:15:00,4939.266666666666,4848.493333333334,2874.133333333333,18,4136001,0.9816221031462162,0.25,True,1212.1233333333334,1234.8166666666666,25.161568413793105,28.02738165517241,0.2235164524137931,False,26.6,69,11,0,1,10,0.0,161.0,88.0,73.0,342.9,21.2
2020-05-22 07:30:00,7134.977142857143,7009.609523809523,4405.652380952381,18,4136001,0.9824291491706983,0.25,True,1752.4023809523808,1783.7442857142858,25.86289676666667,31.2285116,0.3315709863333333,False,26.6,69,11,0,1,10,0.0,161.0,88.0,73.0,342.9,21.2
2020-05-22 07:45:00,8471.41,8308.887619047619,6329.071428571428,18,4136001,0.9808151912193623,0.25,True,2077.2219047619046,2117.8525,26.552562793103448,34.14181817241379,0.3869112479310344,False,26.6,69,11,0,1,10,0.0,161.0,88.0,73.0,342.9,21.2
2020-05-22 08:00:00,9668.130000000001,9477.212857142857,8556.257142857143,18,4136001,0.9802529400352349,0.25,True,2369.303214285714,2417.0325000000003,27.161824433333337,35.93253889999999,0.4244252026666666,False,29.2,58,26,0,0,25,0.0,384.0,270.0,114.0,561.4,19.2
2020-05-22 08:15:00,11018.011428571428,10795.281904761905,11056.090476190477,18,4136001,0.9797849616281982,0.25,True,2698.8204761904763,2754.502857142857,27.541916000000004,36.8019186,0.4674810996666666,False,29.2,58,26,0,0,25,0.0,384.0,270.0,114.0,561.4,19.2
2020-05-22 08:30:00,12664.146666666667,12401.88,13967.133333333333,18,4136001,0.9792906167648089,0.25,True,3100.47,3166.036666666667,27.82692844827586,38.308498275862064,0.5250420731034483,False,29.2,58,26,0,0,25,0.0,384.0,270.0,114.0,561.4,19.2
2020-05-22 08:45:00,13796.141904761904,13503.898095238095,17238.457142857143,18,4136001,0.9788169901744098,0.25,True,3375.974523809524,3449.035476190476,28.18195803333333,40.66426703333333,0.5898400813333334,False,29.2,58,26,0,0,25,0.0,384.0,270.0,114.0,561.4,19.2
2020-05-22 09:00:00,12985.117619047618,12704.272857142856,20421.790476190476,18,4136001,0.9783717968412703,0.25,True,3176.068214285714,3246.2794047619045,28.84968306896552,43.654425413793085,0.6501507796551723,False,31.8,47,0,0,0,0,0.0,603.0,465.0,138.0,685.5,16.9
2020-05-22 09:15:00,12854.32,12571.3,23676.2,18,4136001,0.9779824992687283,0.25,True,3142.825,3213.58,29.2417327,47.507954666666656,0.7139103179999999,False,31.8,47,0,0,0,0,0.0,603.0,465.0,138.0,685.5,16.9
2020-05-22 09:30:00,12496.496190476191,12217.949523809522,26796.85714285714,18,4136001,0.9777100186787594,0.25,True,3054.4873809523806,3124.124047619048,29.783513433333336,49.5048544,0.7607933420000002,False,31.8,47,0,0,0,0,0.0,603.0,465.0,138.0,685.5,16.9
2020-05-22 09:45:00,12764.625714285716,12476.745714285715,29819.466666666667,18,4136001,0.977447047297453,0.25,True,3119.1864285714287,3191.156428571429,30.145207965517237,51.536908413793114,0.802964108275862,False,31.8,47,0,0,0,0,0.0,603.0,465.0,138.0,685.5,16.9
2020-05-22 10:00:00,12559.706666666667,12269.733333333334,32967.46666666667,18,4136001,0.9769124119671585,0.25,True,3067.4333333333334,3139.9266666666667,30.632145200000004,54.14784453333334,0.8434504773333334,False,33.9,40,0,0,0,0,0.0,782.0,627.0,155.0,750.5,14.6
2020-05-22 10:15:00,12763.088571428572,12454.109047619047,36023.752380952385,18,4136001,0.9757911635510228,0.25,True,3113.527261904762,3190.772142857143,31.01010031034483,55.509167999999995,0.8787097734482758,False,33.9,40,0,0,0,0,0.0,782.0,627.0,155.0,750.5,14.6
2020-05-22 10:30:00,12457.58,12149.306666666667,39161.933333333334,18,4136001,0.9752541558365804,0.25,True,3037.326666666667,3114.395,31.450413966666662,56.60856536666666,0.9044473933333332,False,33.9,40,0,0,0,0,0.0,782.0,627.0,155.0,750.5,14.6
2020-05-22 10:45:00,12357.363333333331,12048.417142857143,42170.72857142857,18,4136001,0.9749990202486948,0.25,True,3012.1042857142857,3089.3408333333327,31.712303448275865,56.49571617241379,0.9310419879310344,False,33.9,40,0,0,0,0,0.0,782.0,627.0,155.0,750.5,14.6
2020-05-22 11:00:00,12502.980952380953,12190.55380952381,45149.08571428571,18,4136001,0.975011787665113,0.25,True,3047.6384523809525,3125.745238095238,31.70868323333333,56.65728056666668,0.9389363266666668,False,35.5,35,4,0,4,0,0.0,905.0,739.0,166.0,784.9,14.2
2020-05-22 11:15:00,12651.853333333333,12335.94,48232.26666666667,18,4136001,0.9750302722446988,0.25,True,3083.985,3162.963333333333,32.242335166666656,57.71978933333334,0.948619885,False,35.5,35,4,0,4,0,0.0,905.0,739.0,166.0,784.9,14.2
2020-05-22 11:30:00,12865.693333333333,12544.24,51262.066666666666,18,4136001,0.9750146902304527,0.25,True,3136.06,3216.423333333333,32.77925151724137,59.33700803448276,0.9552498431034484,False,35.5,35,4,0,4,0,0.0,905.0,739.0,166.0,784.9,14.2
2020-05-22 11:45:00,12922.66619047619,12600.010476190477,54289.580952380944,18,4136001,0.9750317999761144,0.25,True,3150.002619047619,3230.6665476190474,33.20048229999999,60.91322110000001,0.9528012313333332,False,35.5,35,4,0,4,0,0.0,905.0,739.0,166.0,784.9,14.2
2020-05-22 12:00:00,12874.127619047618,12552.449047619048,57560.92380952381,18,4136001,0.9750135635635118,0.25,True,3138.112261904762,3218.5319047619046,33.58039268965517,61.8809381724138,0.9440981024137932,False,36.8,31,25,0,25,0,0.0,940.0,771.0,169.0,779.3,12.4
2020-05-22 12:15:00,12885.256666666666,12563.500952380953,60749.52380952381,18,4136001,0.9750291575395564,0.25,True,3140.8752380952383,3221.3141666666666,34.01334813333334,62.70936686666667,0.937828005,False,36.8,31,25,0,25,0,0.0,940.0,771.0,169.0,779.3,12.4
2020-05-22 12:30:00,12825.153333333334,12504.726666666666,63892.799999999996,18,4136001,0.9750157632943178,0.25,True,3126.1816666666664,3206.2883333333334,33.95082383333333,60.745529,0.929320679,False,36.8,31,25,0,25,0,0.0,940.0,771.0,169.0,779.3,12.4
2020-05-22 12:45:00,12801.92,12482.9,67054.93333333333,18,4136001,0.9750803004549318,0.25,True,3120.725,3200.48,34.40181331034483,61.769346103448285,0.9196886072413792,False,36.8,31,25,0,25,0,0.0,940.0,771.0,169.0,779.3,12.4
2020-05-22 13:00:00,13574.155238095238,13237.46923076923,69322.06007326007,18,4136001,0.975196540674508,0.25,True,3309.3673076923073,3393.5388095238095,34.976118482758615,63.80456327586207,0.9072182727586204,False,37.4,27,34,0,34,0,0.0,815.0,627.0,188.0,642.6,9.0
2020-05-22 13:15:00,13308.623333333333,12979.090952380951,73567.3619047619,18,4136001,0.9752391834452914,0.25,True,3244.772738095238,3327.1558333333332,34.83037393103448,61.95494127586206,0.8938536562068966,False,37.4,27,34,0,34,0,0.0,815.0,627.0,188.0,642.6,9.0
2020-05-22 13:30:00,11795.806666666667,11504.906666666668,76616.4,18,4136001,0.9753386938070083,0.25,True,2876.226666666667,2948.951666666667,34.964687966666666,62.981750666666656,0.8757099556666667,False,37.4,27,34,0,34,0,0.0,815.0,627.0,188.0,642.6,9.0
2020-05-22 13:45:00,12196.110952380952,11899.500476190477,79508.5,18,4136001,0.9756799132650913,0.25,True,2974.875119047619,3049.027738095238,35.293674633333325,63.429100433333325,0.8573449146666666,False,37.4,27,34,0,34,0,0.0,815.0,627.0,188.0,642.6,9.0
2020-05-22 14:00:00,12374.34,12080.04,82519.33333333334,18,4136001,0.9762169133868959,0.25,True,3020.01,3093.585,35.30012999999999,60.322807482758634,0.8319279393103448,False,37.5,24,40,0,40,0,0.0,663.0,456.0,207.0,505.9,4.6
2020-05-22 14:15:00,12784.864285714286,12493.268571428573,85575.40476190476,18,4136001,0.9771921150065285,0.25,True,3123.317142857143,3196.2160714285715,35.97692966666666,62.5950286,0.7988914876666666,False,37.5,24,40,0,40,0,0.0,663.0,456.0,207.0,505.9,4.6
2020-05-22 14:30:00,13742.522380952381,13434.319523809525,88463.83333333333,18,4136001,0.9775730503761059,0.25,True,3358.5798809523812,3435.6305952380953,35.95554637931035,60.3234254137931,0.757962963448276,False,37.5,24,40,0,40,0,0.0,663.0,456.0,207.0,505.9,4.6
2020-05-22 14:45:00,15130.033333333333,14794.499999999998,91081.13333333333,18,4136001,0.9778233579569112,0.25,True,3698.6249999999995,3782.508333333333,36.15517973333333,59.44070023333334,0.712892354,False,37.5,24,40,0,40,0,0.0,663.0,456.0,207.0,505.9,4.6
2020-05-22 15:00:00,15872.06619047619,15524.225714285714,94958.59999999999,18,4136001,0.9780847388099231,0.25,True,3881.0564285714286,3968.0165476190473,36.203579833333336,57.10282613333333,0.6639036466666666,False,37.5,23,43,0,25,24,0.0,523.0,329.0,194.0,426.3,2.4
2020-05-22 15:15:00,14856.404285714285,14535.485238095238,98688.45714285714,18,4136001,0.9783986056486335,0.25,True,3633.8713095238095,3714.1010714285712,36.53600855172413,54.92006168965517,0.6136021413793104,False,37.5,23,43,0,25,24,0.0,523.0,329.0,194.0,426.3,2.4
2020-05-22 15:30:00,13926.50619047619,13629.679523809522,102208.42380952381,18,4136001,0.9786862072506272,0.25,True,3407.4198809523805,3481.6265476190474,36.4829009,53.35857623333335,0.566235797,False,37.5,23,43,0,25,24,0.0,523.0,329.0,194.0,426.3,2.4
2020-05-22 15:45:00,12783.110952380952,12515.073333333334,105475.14761904762,18,4136001,0.9790318945015732,0.25,True,3128.7683333333334,3195.777738095238,36.51623772413792,50.82568079310345,0.5137632668965518,False,37.5,23,43,0,25,24,0.0,523.0,329.0,194.0,426.3,2.4
2020-05-22 16:00:00,11563.253333333334,11325.293333333333,108468.06666666667,18,4136001,0.9794210164613418,0.25,True,2831.3233333333333,2890.8133333333335,36.495479266666656,48.6366159,0.4619180646666666,False,37.4,22,51,0,28,34,0.0,405.0,283.0,122.0,475.3,3.0
2020-05-22 16:15:00,10239.534285714286,10033.02380952381,111166.07619047619,18,4136001,0.9798320440726889,0.25,True,2508.2559523809523,2559.8835714285715,36.90676475862068,48.01077582758621,0.4072016037931034,False,37.4,22,51,0,28,34,0.0,405.0,283.0,122.0,475.3,3.0
2020-05-22 16:30:00,8904.04476190476,8729.007142857143,113510.9619047619,18,4136001,0.9803417858144085,0.25,True,2182.2517857142857,2226.01119047619,36.86410623333334,46.2538929,0.351029381,False,37.4,22,51,0,28,34,0.0,405.0,283.0,122.0,475.3,3.0
2020-05-22 16:45:00,7473.671428571429,7336.501904761904,115524.43809523809,18,4136001,0.9816462999316329,0.25,True,1834.125476190476,1868.4178571428572,36.90602689655172,44.56530331034482,0.291662732413793,False,37.4,22,51,0,28,34,0.0,405.0,283.0,122.0,475.3,3.0
2020-05-22 17:00:00,6015.310476190476,5911.764761904762,116971.63333333333,18,4136001,0.9827863059279212,0.25,True,1477.9411904761905,1503.827619047619,36.889153933333326,43.03815289999999,0.237599299,False,37.7,20,33,0,16,49,0.0,239.0,150.0,89.0,390.2,5.2
2020-05-22 17:15:00,4665.106666666667,4577.913333333333,118496.33333333333,18,4136001,0.9813094663073084,0.25,True,1144.4783333333332,1166.2766666666666,36.57830536666666,40.440850833333336,0.1854702793333333,False,37.7,20,33,0,16,49,0.0,239.0,150.0,89.0,390.2,5.2
2020-05-22 17:30:00,3353.6280952380953,3287.2033333333334,119486.55714285714,18,4136001,0.9801931639351781,0.25,True,821.8008333333333,838.4070238095238,36.53098717241378,38.56217789655173,0.1359976352068965,False,37.7,20,33,0,16,49,0.0,239.0,150.0,89.0,390.2,5.2
2020-05-22 17:45:00,2218.0428571428574,2160.95,120166.30952380953,18,4136001,0.9742598043320042,0.25,True,540.2375,554.5107142857144,36.01259269999999,36.65240663333333,0.0913657824666666,False,37.7,20,33,0,16,49,0.0,239.0,150.0,89.0,390.2,5.2
2020-05-22 18:00:00,778.6442857142857,753.4904761904762,120915.41428571427,18,4136001,0.9676953777414101,0.25,True,188.37261904761905,194.66107142857143,34.713825862068965,34.0462762413793,0.0304520288965517,False,35.2,25,28,0,28,0,0.0,73.0,32.0,41.0,200.6,6.5
2020-05-22 18:15:00,235.7995238095238,227.52142857142857,120643.4,18,4136001,0.964893503157444,0.25,True,56.88035714285714,58.94988095238095,33.565036133333344,31.3863639,0.0084263664133333,False,35.2,25,28,0,28,0,0.0,73.0,32.0,41.0,200.6,6.5
2020-05-22 18:30:00,14.1,13.600000000000001,120672.66666666666,18,4136001,0.9645390070921988,0.25,True,3.4000000000000004,3.525,33.05054237931034,30.11554696551724,0.0024452188362068,False,35.2,25,28,0,28,0,0.0,73.0,32.0,41.0,200.6,6.5
2020-05-22 18:45:00,0.0,0.0,120673.0,18,4136001,,0.25,True,0.0,0.0,32.84936956666666,29.884103366666665,6.139619366666667e-05,False,35.2,25,28,0,28,0,0.0,73.0,32.0,41.0,200.6,6.5
2020-05-22 19:00:00,0.0,0.0,120673.0,18,4136001,,0.25,True,0.0,0.0,32.577243,29.541916966666665,0.0,False,33.8,28,27,0,27,0,0.0,1.0,0.0,1.0,0.0,8.7
2020-05-22 19:15:00,0.0,0.0,120673.0,18,4136001,,0.25,True,0.0,0.0,32.24653451724138,29.283911275862067,0.0,False,33.8,28,27,0,27,0,0.0,1.0,0.0,1.0,0.0,8.7
2020-05-22 19:30:00,0.0,0.0,120673.0,18,4136001,,0.25,True,0.0,0.0,31.647290966666663,29.4522431,0.0,False,33.8,28,27,0,27,0,0.0,1.0,0.0,1.0,0.0,8.7
2020-05-22 19:45:00,0.0,0.0,120673.0,18,4136001,,0.25,True,0.0,0.0,30.91984043333333,29.248356266666665,0.0,False,33.8,28,27,0,27,0,0.0,1.0,0.0,1.0,0.0,8.7
2020-05-22 20:00:00,0.0,0.0,120673.0,18,4136001,,0.25,True,0.0,0.0,30.412124275862062,28.66433403448276,0.0,False,32.5,33,17,0,14,3,0.0,0.0,0.0,0.0,0.0,13.0
2020-05-22 20:15:00,0.0,0.0,120673.0,18,4136001,,0.25,True,0.0,0.0,30.16422013333333,28.157295733333328,0.0,False,32.5,33,17,0,14,3,0.0,0.0,0.0,0.0,0.0,13.0
2020-05-22 20:30:00,0.0,0.0,120673.0,18,4136001,,0.25,True,0.0,0.0,29.983647793103447,27.917840413793105,0.0,False,32.5,33,17,0,14,3,0.0,0.0,0.0,0.0,0.0,13.0
2020-05-22 20:45:00,0.0,0.0,120673.0,18,4136001,,0.25,True,0.0,0.0,29.9975493,28.12562353333333,0.0,False,32.5,33,17,0,14,3,0.0,0.0,0.0,0.0,0.0,13.0
2020-05-22 21:00:00,0.0,0.0,120673.0,18,4136001,,0.25,True,0.0,0.0,29.6879445,27.79396453333333,0.0,False,31.5,36,95,0,8,95,0.0,0.0,0.0,0.0,0.0,12.1
2020-05-22 21:15:00,0.0,0.0,120673.0,18,4136001,,0.25,True,0.0,0.0,29.530937482758628,27.591031793103447,0.0,False,31.5,36,95,0,8,95,0.0,0.0,0.0,0.0,0.0,12.1
2020-05-22 21:30:00,0.0,0.0,120673.0,18,4136001,,0.25,True,0.0,0.0,29.26959126666667,27.34383643333334,0.0,False,31.5,36,95,0,8,95,0.0,0.0,0.0,0.0,0.0,12.1
2020-05-22 21:45:00,0.0,0.0,120673.0,18,4136001,,0.25,True,0.0,0.0,28.94984596551724,26.888740275862062,0.0,False,31.5,36,95,0,8,95,0.0,0.0,0.0,0.0,0.0,12.1
2020-05-22 22:00:00,0.0,0.0,120673.0,18,4136001,,0.25,True,0.0,0.0,28.6407368,26.4522593,0.0,False,30.6,38,95,0,5,95,0.0,0.0,0.0,0.0,0.0,13.9
2020-05-22 22:15:00,0.0,0.0,120673.0,18,4136001,,0.25,True,0.0,0.0,28.326372366666668,25.970764066666664,0.0,False,30.6,38,95,0,5,95,0.0,0.0,0.0,0.0,0.0,13.9
2020-05-22 22:30:00,0.0,0.0,120673.0,18,4136001,,0.25,True,0.0,0.0,28.08963337931035,25.651714448275865,0.0,False,30.6,38,95,0,5,95,0.0,0.0,0.0,0.0,0.0,13.9
2020-05-22 22:45:00,0.0,0.0,120673.0,18,4136001,,0.25,True,0.0,0.0,27.973987866666665,25.81418643333333,0.0,False,30.6,38,95,0,5,95,0.0,0.0,0.0,0.0,0.0,13.9
2020-05-22 23:00:00,0.0,0.0,120673.0,18,4136001,,0.25,True,0.0,0.0,27.65889544827586,25.563916310344823,0.0,False,29.9,41,94,0,3,94,0.0,0.0,0.0,0.0,0.0,15.5
2020-05-22 23:15:00,0.0,0.0,120673.0,18,4136001,,0.25,True,0.0,0.0,27.41701873333333,25.288167199999997,0.0,False,29.9,41,94,0,3,94,0.0,0.0,0.0,0.0,0.0,15.5
2020-05-22 23:30:00,0.0,0.0,120673.0,18,4136001,,0.25,True,0.0,0.0,27.38874326666667,25.531736033333335,0.0,False,29.9,41,94,0,3,94,0.0,0.0,0.0,0.0,0.0,15.5
2020-05-22 23:45:00,0.0,0.0,110969.93333333333,18,4136001,,0.25,True,0.0,0.0,27.014191448275856,25.30840106896552,0.0,False,29.9,41,94,0,3,94,0.0,0.0,0.0,0.0,0.0,15.5
2020-05-23 00:00:00,0.0,0.0,44383.02380952381,18,4136001,,0.25,True,0.0,0.0,26.720194766666665,24.93793233333333,0.0,False,29.0,48,67,0,2,66,0.0,0.0,0.0,0.0,0.0,18.9
2020-05-23 00:15:00,0.0,0.0,22883.0,18,4136001,,0.25,True,0.0,0.0,26.4556884,24.550320333333328,0.0,False,29.0,48,67,0,2,66,0.0,0.0,0.0,0.0,0.0,18.9
2020-05-23 00:30:00,0.0,0.0,22883.0,18,4136001,,0.25,True,0.0,0.0,26.211620310344827,24.194504241379303,0.0,False,29.0,48,67,0,2,66,0.0,0.0,0.0,0.0,0.0,18.9
2020-05-23 00:45:00,0.0,0.0,22883.0,18,4136001,,0.25,True,0.0,0.0,26.107979466666677,24.0992696,0.0,False,29.0,48,67,0,2,66,0.0,0.0,0.0,0.0,0.0,18.9
2020-05-23 01:00:00,0.0,0.0,22883.0,18,4136001,,0.25,True,0.0,0.0,25.871246482758625,23.85640748275862,0.0,False,27.7,59,44,0,1,44,0.0,0.0,0.0,0.0,0.0,19.5
2020-05-23 01:15:00,0.0,0.0,22883.0,18,4136001,,0.25,True,0.0,0.0,25.814145100000005,23.765325833333332,0.0,False,27.7,59,44,0,1,44,0.0,0.0,0.0,0.0,0.0,19.5
2020-05-23 01:30:00,0.0,0.0,18937.8,18,4136001,,0.25,True,0.0,0.0,25.837760566666667,24.232896966666665,0.0,False,27.7,59,44,0,1,44,0.0,0.0,0.0,0.0,0.0,19.5
2020-05-23 01:45:00,0.0,0.0,13020.0,18,4136001,,0.25,True,0.0,0.0,25.81694824137931,24.5491331724138,0.0,False,27.7,59,44,0,1,44,0.0,0.0,0.0,0.0,0.0,19.5
2020-05-23 02:00:00,0.0,0.0,13020.0,18,4136001,,0.25,True,0.0,0.0,25.700773966666663,24.362688066666674,0.0,False,26.7,69,9,0,1,8,0.0,0.0,0.0,0.0,0.0,21.0
2020-05-23 02:15:00,0.0,0.0,13020.0,18,4136001,,0.25,True,0.0,0.0,25.590836333333336,24.136146066666665,0.0,False,26.7,69,9,0,1,8,0.0,0.0,0.0,0.0,0.0,21.0
2020-05-23 02:30:00,0.0,0.0,13020.0,18,4136001,,0.25,True,0.0,0.0,25.44831779310345,23.78755879310345,0.0,False,26.7,69,9,0,1,8,0.0,0.0,0.0,0.0,0.0,21.0
2020-05-23 02:45:00,0.0,0.0,13020.0,18,4136001,,0.25,True,0.0,0.0,25.415001333333333,23.583281600000003,0.0,False,26.7,69,9,0,1,8,0.0,0.0,0.0,0.0,0.0,21.0
2020-05-23 03:00:00,0.0,0.0,13020.0,18,4136001,,0.25,True,0.0,0.0,25.22627310344828,23.231575793103445,0.0,False,26.1,75,30,0,1,30,0.0,0.0,0.0,0.0,0.0,18.0
2020-05-23 03:15:00,0.0,0.0,13020.0,18,4136001,,0.25,True,0.0,0.0,24.98559566666667,22.74414273333333,0.0,False,26.1,75,30,0,1,30,0.0,0.0,0.0,0.0,0.0,18.0
2020-05-23 03:30:00,0.0,0.0,13020.0,18,4136001,,0.25,True,0.0,0.0,24.79134396666667,22.508908,0.0,False,26.1,75,30,0,1,30,0.0,0.0,0.0,0.0,0.0,18.0
2020-05-23 03:45:00,0.0,0.0,12397.8,18,4136001,,0.25,True,0.0,0.0,24.651769103448277,22.246350517241375,0.0,False,26.1,75,30,0,1,30,0.0,0.0,0.0,0.0,0.0,18.0
2020-05-23 04:00:00,0.0,0.0,13020.0,18,4136001,,0.25,True,0.0,0.0,24.4721009,21.9592774,0.0,False,25.9,76,4,0,0,4,0.0,0.0,0.0,0.0,0.0,15.0
2020-05-23 04:15:00,0.0,0.0,11053.6,18,4136001,,0.25,True,0.0,0.0,24.21784606896552,21.940328862068963,0.0,False,25.9,76,4,0,0,4,0.0,0.0,0.0,0.0,0.0,15.0
2020-05-23 04:30:00,0.0,0.0,9333.0,18,4136001,,0.25,True,0.0,0.0,24.31587946666667,21.950208633333336,0.0,False,25.9,76,4,0,0,4,0.0,0.0,0.0,0.0,0.0,15.0
2020-05-23 04:45:00,0.0,0.0,9333.0,18,4136001,,0.25,True,0.0,0.0,24.316370799999994,21.891620866666667,0.0,False,25.9,76,4,0,0,4,0.0,0.0,0.0,0.0,0.0,15.0
2020-05-23 05:00:00,0.0,0.0,9333.0,18,4136001,,0.25,True,0.0,0.0,24.02792989655172,21.66462337931035,0.0,False,25.9,80,0,0,0,28,0.0,0.0,0.0,0.0,0.0,15.3
2020-05-23 05:15:00,0.0,0.0,9333.0,18,4136001,,0.25,True,0.0,0.0,23.813047033333334,21.8106323,0.0,False,25.9,80,0,0,0,28,0.0,0.0,0.0,0.0,0.0,15.3
2020-05-23 05:30:00,0.0,0.0,0.0,18,4136001,,0.25,True,0.0,0.0,23.84403503448276,21.93014427586207,0.0,False,25.9,80,0,0,0,28,0.0,0.0,0.0,0.0,0.0,15.3
2020-05-23 05:45:00,0.0,0.0,0.0,18,4136001,,0.25,True,0.0,0.0,23.707536033333334,21.791834533333336,0.0014383581393333,False,25.9,80,0,0,0,28,0.0,0.0,0.0,0.0,0.0,15.3
2020-05-23 06:00:00,312.48857142857145,301.6738095238095,26.814285714285713,18,4136001,0.9653914962223379,0.25,True,75.41845238095237,78.12214285714286,23.836609733333333,21.784125766666676,0.0141595838133333,False,26.3,78,5,0,0,5,0.0,18.0,5.0,13.0,53.5,16.6
2020-05-23 06:15:00,830.6933333333333,803.46,159.2,18,4136001,0.967216140733845,0.25,True,200.865,207.67333333333332,23.965293,22.39798713793104,0.0352355902413793,False,26.3,78,5,0,0,5,0.0,18.0,5.0,13.0,53.5,16.6
2020-05-23 06:30:00,1539.1485714285714,1494.4852380952382,442.247619047619,18,4136001,0.9709817920359185,0.25,True,373.62130952380954,384.78714285714284,24.5411042,23.30528673333333,0.058712884,False,26.3,78,5,0,0,5,0.0,18.0,5.0,13.0,53.5,16.6
2020-05-23 06:45:00,2438.5642857142857,2379.6890476190474,918.452380952381,18,4136001,0.9758565979005991,0.25,True,594.9222619047619,609.6410714285714,24.972080400000007,24.083968033333335,0.0874251922333333,False,26.3,78,5,0,0,5,0.0,18.0,5.0,13.0,53.5,16.6
2020-05-23 07:00:00,3532.3942857142856,3462.7261904761904,1637.8428571428572,18,4136001,0.9802773729082715,0.25,True,865.6815476190476,883.0985714285714,25.369075275862077,24.992333827586204,0.1645789924137931,False,28.2,68,27,0,0,26,0.0,166.0,92.0,74.0,358.2,14.9
2020-05-23 07:15:00,4809.708571428571,4720.984761904762,2641.242857142857,18,4136001,0.98155318389749,0.25,True,1180.2461904761906,1202.4271428571428,26.0042399,27.742071500000005,0.2418249106666667,False,28.2,68,27,0,0,26,0.0,166.0,92.0,74.0,358.2,14.9
2020-05-23 07:30:00,6230.953333333333,6123.36,3997.8,18,4136001,0.9827324443664587,0.25,True,1530.84,1557.7383333333332,26.917700241379308,32.55195479310345,0.3148570596551724,False,28.2,68,27,0,0,26,0.0,166.0,92.0,74.0,358.2,14.9
2020-05-23 07:45:00,7646.271428571428,7504.2152380952375,5708.385714285714,18,4136001,0.9814215082732511,0.25,True,1876.0538095238094,1911.567857142857,27.429699566666663,35.60990889999999,0.3793576726666666,False,28.2,68,27,0,0,26,0.0,166.0,92.0,74.0,358.2,14.9
2020-05-23 08:00:00,9119.64,8939.553333333333,7763.333333333333,18,4136001,0.9802528754790029,0.25,True,2234.8883333333333,2279.91,27.988890533333333,38.3060976,0.4341270063333333,False,30.8,55,35,0,0,35,0.0,385.0,272.0,113.0,565.6,13.4
2020-05-23 08:15:00,10552.950476190475,10338.867619047618,10139.695238095239,18,4136001,0.9797134595082323,0.25,True,2584.7169047619045,2638.237619047619,28.67064903448276,40.821387965517246,0.4836398434482758,False,30.8,55,35,0,0,35,0.0,385.0,272.0,113.0,565.6,13.4
2020-05-23 08:30:00,11903.494761904762,11657.077619047619,12861.833333333332,18,4136001,0.9792987565596483,0.25,True,2914.2694047619048,2975.8736904761904,29.2585235,43.078069000000006,0.5337677543333335,False,30.8,55,35,0,0,35,0.0,385.0,272.0,113.0,565.6,13.4
2020-05-23 08:45:00,13216.06380952381,12937.260476190475,15963.314285714285,18,4136001,0.9789042079887339,0.25,True,3234.3151190476187,3304.0159523809525,29.82619924137931,45.5783502413793,0.5889204568965518,False,30.8,55,35,0,0,35,0.0,385.0,272.0,113.0,565.6,13.4
2020-05-23 09:00:00,14370.288571428571,14062.088095238096,19354.938095238096,18,4136001,0.9785529375656903,0.25,True,3515.522023809524,3592.572142857143,30.426238066666667,47.827062100000006,0.6451150216666667,False,33.3,44,20,0,0,20,0.0,601.0,463.0,138.0,682.8,14.0
2020-05-23 09:15:00,15256.64,14924.366666666665,22923.333333333332,18,4136001,0.9782210674609,0.25,True,3731.0916666666662,3814.16,31.15696106666666,49.68050939999999,0.7018423813333332,False,33.3,44,20,0,0,20,0.0,601.0,463.0,138.0,682.8,14.0
2020-05-23 09:30:00,13195.028095238094,12903.364761904762,26582.58095238095,18,4136001,0.9778959672364328,0.25,True,3225.8411904761906,3298.7570238095236,31.65189851724138,51.29599096551725,0.7519769720689654,False,33.3,44,20,0,0,20,0.0,601.0,463.0,138.0,682.8,14.0
2020-05-23 09:45:00,12424.32,12145.103809523811,29654.69523809524,18,4136001,0.9775266420636148,0.25,True,3036.2759523809527,3106.08,31.959610933333327,52.2273416,0.791683317,False,33.3,44,20,0,0,20,0.0,601.0,463.0,138.0,682.8,14.0
2020-05-23 10:00:00,12994.733333333334,12697.793333333331,32768.799999999996,18,4136001,0.977149204036507,0.25,True,3174.448333333333,3248.6833333333334,32.56005868965518,53.39805979310346,0.8298047317241377,False,35.3,37,33,0,0,33,0.0,784.0,629.0,155.0,753.2,13.2
2020-05-23 10:15:00,12964.89619047619,12660.28,35936.399999999994,18,4136001,0.9765045407228207,0.25,True,3165.07,3241.2240476190477,32.90432746666666,55.08873696666666,0.8577585426666665,False,35.3,37,33,0,0,33,0.0,784.0,629.0,155.0,753.2,13.2
2020-05-23 10:30:00,12704.653333333334,12394.346666666666,39018.86666666667,18,4136001,0.975575353492526,0.25,True,3098.5866666666666,3176.1633333333334,33.65044886666667,56.9404368,0.8960065056666665,False,35.3,37,33,0,0,33,0.0,784.0,629.0,155.0,753.2,13.2
2020-05-23 10:45:00,12212.28,11906.953333333333,42094.53333333333,18,4136001,0.9749983895991029,0.25,True,2976.7383333333332,3053.07,33.529896620689655,55.78548137931034,0.9227391144827584,False,35.3,37,33,0,0,33,0.0,784.0,629.0,155.0,753.2,13.2
2020-05-23 11:00:00,12487.858095238094,12175.625714285716,45100.142857142855,18,4136001,0.974997122919627,0.25,True,3043.906428571429,3121.9645238095236,33.776356233333345,57.2085926,0.938062118,False,37.0,32,41,0,24,23,0.0,908.0,743.0,165.0,789.5,11.9
2020-05-23 11:15:00,12732.553333333335,12414.206666666667,48165.26666666666,18,4136001,0.9749974213080067,0.25,True,3103.5516666666667,3183.138333333334,34.1564585862069,56.55521031034483,0.9489915310344827,False,37.0,32,41,0,24,23,0.0,908.0,743.0,165.0,789.5,11.9
2020-05-23 11:30:00,12847.410476190476,12526.244761904762,51290.84761904762,18,4136001,0.9750015215221062,0.25,True,3131.5611904761904,3211.852619047619,34.1468976,56.966335833333325,0.953267991,False,37.0,32,41,0,24,23,0.0,908.0,743.0,165.0,789.5,11.9
2020-05-23 11:45:00,12878.313333333334,12556.326666666668,54258.066666666666,18,4136001,0.9749977610939735,0.25,True,3139.081666666667,3219.5783333333334,34.264609448275856,57.884599068965514,0.9497544024137932,False,37.0,32,41,0,24,23,0.0,908.0,743.0,165.0,789.5,11.9
2020-05-23 12:00:00,12813.176666666666,12492.816190476191,57287.41904761905,18,4136001,0.9749975759700645,0.25,True,3123.2040476190477,3203.2941666666666,34.852522833333325,58.916664633333326,0.939489804,False,38.1,26,31,0,31,0,0.0,885.0,705.0,180.0,712.9,7.8
2020-05-23 12:15:00,12727.671904761904,12409.487619047619,60059.01904761905,18,4136001,0.9750005902025773,0.25,True,3102.3719047619047,3181.917976190476,35.171084566666664,58.822551633333326,0.9247430913333334,False,38.1,26,31,0,31,0,0.0,885.0,705.0,180.0,712.9,7.8
2020-05-23 12:30:00,13367.746666666666,13033.548095238095,66196.07142857142,18,4136001,0.9749996330898523,0.25,True,3258.3870238095237,3341.9366666666665,35.31690075862069,59.86130489655172,0.9124897296551724,False,38.1,26,31,0,31,0,0.0,885.0,705.0,180.0,712.9,7.8
2020-05-23 12:45:00,13360.105238095239,13026.060476190476,69929.02380952382,18,4136001,0.9749968465104405,0.25,True,3256.515119047619,3340.0263095238097,35.353965233333334,58.1058104,0.8985497946666666,False,38.1,26,31,0,31,0,0.0,885.0,705.0,180.0,712.9,7.8
2020-05-23 13:00:00,12262.02,11955.613333333333,68856.06666666667,18,4136001,0.9750117299868482,0.25,True,2988.903333333333,3065.505,35.96277151724138,58.698997724137925,0.8877546427586208,False,38.7,23,23,0,21,3,0.0,806.0,588.0,218.0,602.8,4.6
2020-05-23 13:15:00,13678.993333333334,13339.151904761904,77940.41904761906,18,4136001,0.9751559621172345,0.25,True,3334.787976190476,3419.7483333333334,36.29276526666667,57.50219543333333,0.8630840616666667,False,38.7,23,23,0,21,3,0.0,806.0,588.0,218.0,602.8,4.6
2020-05-23 13:30:00,14127.809523809523,13778.849047619047,82622.93809523809,18,4136001,0.9752997465316634,0.25,True,3444.712261904762,3531.9523809523807,36.44097606666667,55.83034573333333,0.8493076746666667,False,38.7,23,23,0,21,3,0.0,806.0,588.0,218.0,602.8,4.6
2020-05-23 13:45:00,13787.26,13447.513333333334,84729.2,18,4136001,0.9753579270524625,0.25,True,3361.8783333333336,3446.815,36.76474110344827,56.15993317241379,0.8451140272413794,False,38.7,23,23,0,21,3,0.0,806.0,588.0,218.0,602.8,4.6
2020-05-23 14:00:00,12771.946666666667,12470.52,82649.13333333333,18,4136001,0.9763993168360657,0.25,True,3117.63,3192.9866666666667,37.34248639999999,58.3555124,0.8151929123333334,False,39.2,20,31,0,31,0,0.0,742.0,551.0,191.0,611.3,4.7
2020-05-23 14:15:00,13294.570476190476,12990.819523809525,86288.28095238094,18,4136001,0.9771522552815869,0.25,True,3247.7048809523812,3323.642619047619,37.497076448275855,58.33965862068965,0.7900291168965516,False,39.2,20,31,0,31,0,0.0,742.0,551.0,191.0,611.3,4.7
2020-05-23 14:30:00,14374.414761904762,14051.833809523809,96398.75714285714,18,4136001,0.977558672285159,0.25,True,3512.958452380952,3593.6036904761904,37.63767076666666,56.476443666666654,0.7452246323333332,False,39.2,20,31,0,31,0,0.0,742.0,551.0,191.0,611.3,4.7
2020-05-23 14:45:00,15014.742857142857,14682.027142857141,95871.5380952381,18,4136001,0.9778407317760067,0.25,True,3670.5067857142853,3753.6857142857143,37.5318053,54.732021066666654,0.7034089543333332,False,39.2,20,31,0,31,0,0.0,742.0,551.0,191.0,611.3,4.7
2020-05-23 15:00:00,15510.773333333333,15172.6,96119.53333333333,18,4136001,0.9781975194875304,0.25,True,3793.15,3877.693333333333,37.63801317241379,55.340708655172406,0.6494585644827586,False,39.4,19,66,0,66,0,0.0,618.0,457.0,161.0,592.1,6.2
2020-05-23 15:15:00,14523.606666666667,14211.393333333333,99854.06666666667,18,4136001,0.9785030440097294,0.25,True,3552.8483333333334,3630.9016666666666,37.9939015,55.50677996666667,0.603796347,False,39.4,19,66,0,66,0,0.0,618.0,457.0,161.0,592.1,6.2
2020-05-23 15:30:00,13541.646666666667,13254.599999999999,103345.73333333334,18,4136001,0.9788026763854911,0.25,True,3313.6499999999996,3385.411666666667,37.99130351724138,53.36105868965516,0.5547324962068965,False,39.4,19,66,0,66,0,0.0,618.0,457.0,161.0,592.1,6.2
2020-05-23 15:45:00,12455.34857142857,12195.368571428571,105956.58571428571,18,4136001,0.9791270393992529,0.25,True,3048.842142857143,3113.8371428571427,37.81119796666666,50.44492493333334,0.5077070613333333,False,39.4,19,66,0,66,0,0.0,618.0,457.0,161.0,592.1,6.2
2020-05-23 16:00:00,10972.588095238096,10748.592857142858,109344.34285714285,18,4136001,0.9795859248382387,0.25,True,2687.1482142857144,2743.147023809524,37.853689633333325,49.362306666666655,0.4419189286666667,False,39.1,19,100,0,100,0,0.0,394.0,256.0,138.0,429.7,9.3
2020-05-23 16:15:00,9792.950476190475,9597.034285714286,111885.49523809523,18,4136001,0.9799941610087257,0.25,True,2399.2585714285715,2448.237619047619,37.979447931034485,48.62139141379311,0.3923041048275861,False,39.1,19,100,0,100,0,0.0,394.0,256.0,138.0,429.7,9.3
2020-05-23 16:30:00,8560.9,8394.42,115945.79999999999,18,4136001,0.9805534464834306,0.25,True,2098.605,2140.225,38.01695633333334,46.89483423333333,0.3365806126666666,False,39.1,19,100,0,100,0,0.0,394.0,256.0,138.0,429.7,9.3
2020-05-23 16:45:00,7446.1866666666665,7313.553333333332,125117.46666666665,18,4136001,0.9821877506876001,0.25,True,1828.388333333333,1861.5466666666666,38.271593066666654,45.333284500000005,0.277961291,False,39.1,19,100,0,100,0,0.0,394.0,256.0,138.0,429.7,9.3
2020-05-23 17:00:00,6008.685714285714,5905.174285714285,126771.12857142858,18,4136001,0.9827730333231892,0.25,True,1476.2935714285713,1502.1714285714286,38.68598265517242,44.41159051724138,0.2240962596551724,False,37.8,21,65,0,16,46,0.0,222.0,131.0,91.0,340.1,4.0
2020-05-23 17:15:00,4623.875714285714,4535.034285714286,128067.09999999999,18,4136001,0.9807863718531734,0.25,True,1133.7585714285715,1155.9689285714285,38.21357223333335,42.65903836666667,0.1742070463333333,False,37.8,21,65,0,16,46,0.0,222.0,131.0,91.0,340.1,4.0
2020-05-23 17:30:00,3336.122380952381,3269.1266666666666,129043.20476190475,18,4136001,0.9799180885364916,0.25,True,817.2816666666666,834.0305952380952,37.20869589655173,39.7458832413793,0.1285143323448275,False,37.8,21,65,0,16,46,0.0,222.0,131.0,91.0,340.1,4.0
2020-05-23 17:45:00,2248.7604761904763,2188.599523809524,129728.14761904761,18,4136001,0.9732470607617275,0.25,True,547.149880952381,562.1901190476191,36.82153546666666,37.669591033333326,0.0879022486666666,False,37.8,21,65,0,16,46,0.0,222.0,131.0,91.0,340.1,4.0
2020-05-23 18:00:00,1362.1666666666667,1320.96,130169.0,18,4136001,0.9697491741098739,0.25,True,330.24,340.5416666666667,36.055505413793114,35.59737096551724,0.0541260664482758,False,35.2,27,41,0,39,9,0.0,63.0,25.0,38.0,156.3,5.9
2020-05-23 18:15:00,600.8461904761905,580.6661904761904,130410.78095238094,18,4136001,0.9664140335415845,0.25,True,145.1665476190476,150.21154761904762,35.323333666666656,33.78148493333333,0.0232463271333333,False,35.2,27,41,0,39,9,0.0,63.0,25.0,38.0,156.3,5.9
2020-05-23 18:30:00,57.03285714285714,55.09285714285714,130478.69047619046,18,4136001,0.9659845202013877,0.25,True,13.773214285714285,14.258214285714285,34.50162689999999,32.10442206666666,0.0038204958,False,35.2,27,41,0,39,9,0.0,63.0,25.0,38.0,156.3,5.9
2020-05-23 18:45:00,0.0,0.0,129841.4,18,4136001,,0.25,True,0.0,0.0,34.227281482758606,31.297140241379303,0.0001720098631034,False,35.2,27,41,0,39,9,0.0,63.0,25.0,38.0,156.3,5.9
2020-05-23 19:00:00,0.0,0.0,130481.0,18,4136001,,0.25,True,0.0,0.0,33.81844083333333,30.73789153333333,0.0,False,34.3,27,25,0,20,7,0.0,1.0,0.0,1.0,0.0,7.1
2020-05-23 19:15:00,0.0,0.0,130481.0,18,4136001,,0.25,True,0.0,0.0,33.624554633333325,30.704173833333336,0.0,False,34.3,27,25,0,20,7,0.0,1.0,0.0,1.0,0.0,7.1
2020-05-23 19:30:00,0.0,0.0,130481.0,18,4136001,,0.25,True,0.0,0.0,33.44275720689656,31.280739517241383,0.0,False,34.3,27,25,0,20,7,0.0,1.0,0.0,1.0,0.0,7.1
2020-05-23 19:45:00,0.0,0.0,130481.0,18,4136001,,0.25,True,0.0,0.0,33.057945833333335,31.0951711,0.0,False,34.3,27,25,0,20,7,0.0,1.0,0.0,1.0,0.0,7.1
2020-05-23 20:00:00,0.0,0.0,130481.0,18,4136001,,0.25,True,0.0,0.0,32.32888055172415,30.570153655172412,0.0,False,33.4,30,27,0,26,2,0.0,0.0,0.0,0.0,0.0,11.4
2020-05-23 20:15:00,0.0,0.0,130481.0,18,4136001,,0.25,True,0.0,0.0,31.585262033333336,30.234904000000004,0.0,False,33.4,30,27,0,26,2,0.0,0.0,0.0,0.0,0.0,11.4
2020-05-23 20:30:00,0.0,0.0,130481.0,18,4136001,,0.25,True,0.0,0.0,30.911041166666667,29.6288493,0.0,False,33.4,30,27,0,26,2,0.0,0.0,0.0,0.0,0.0,11.4
2020-05-23 20:45:00,0.0,0.0,130481.0,18,4136001,,0.25,True,0.0,0.0,30.352885379310347,29.1147734137931,0.0,False,33.4,30,27,0,26,2,0.0,0.0,0.0,0.0,0.0,11.4
2020-05-23 21:00:00,0.0,0.0,130481.0,18,4136001,,0.25,True,0.0,0.0,29.79706316666667,28.539672933333332,0.0,False,32.9,31,33,0,22,17,0.0,0.0,0.0,0.0,0.0,8.9
2020-05-23 21:15:00,0.0,0.0,130481.0,18,4136001,,0.25,True,0.0,0.0,29.37549027586207,28.162750379310346,0.0,False,32.9,31,33,0,22,17,0.0,0.0,0.0,0.0,0.0,8.9
2020-05-23 21:30:00,0.0,0.0,130481.0,18,4136001,,0.25,True,0.0,0.0,28.980200233333328,27.7605824,0.0,False,32.9,31,33,0,22,17,0.0,0.0,0.0,0.0,0.0,8.9
2020-05-23 21:45:00,0.0,0.0,130481.0,18,4136001,,0.25,True,0.0,0.0,28.529278600000005,27.305844233333328,0.0,False,32.9,31,33,0,22,17,0.0,0.0,0.0,0.0,0.0,8.9
2020-05-23 22:00:00,0.0,0.0,130481.0,18,4136001,,0.25,True,0.0,0.0,28.255185,26.978490551724136,0.0,False,31.7,38,39,0,19,27,0.0,0.0,0.0,0.0,0.0,16.6
2020-05-23 22:15:00,0.0,0.0,130481.0,18,4136001,,0.25,True,0.0,0.0,27.946787566666668,26.5799976,0.0,False,31.7,38,39,0,19,27,0.0,0.0,0.0,0.0,0.0,16.6
2020-05-23 22:30:00,0.0,0.0,130481.0,18,4136001,,0.25,True,0.0,0.0,27.5781544137931,25.918446448275866,0.0,False,31.7,38,39,0,19,27,0.0,0.0,0.0,0.0,0.0,16.6
2020-05-23 22:45:00,0.0,0.0,130481.0,18,4136001,,0.25,True,0.0,0.0,27.3795706,25.467831533333328,0.0,False,31.7,38,39,0,19,27,0.0,0.0,0.0,0.0,0.0,16.6
2020-05-23 23:00:00,0.0,0.0,130481.0,18,4136001,,0.25,True,0.0,0.0,27.4245355,25.86614666666667,0.0,False,29.9,52,30,0,12,22,0.0,0.0,0.0,0.0,0.0,18.9
2020-05-23 23:15:00,0.0,0.0,130481.0,18,4136001,,0.25,True,0.0,0.0,27.187055793103443,25.807518137931037,0.0,False,29.9,52,30,0,12,22,0.0,0.0,0.0,0.0,0.0,18.9
2020-05-23 23:30:00,0.0,0.0,130248.57142857142,18,4136001,,0.25,True,0.0,0.0,26.945311366666665,25.5226807,0.0,False,29.9,52,30,0,12,22,0.0,0.0,0.0,0.0,0.0,18.9
2020-05-23 23:45:00,0.0,0.0,112188.14285714286,18,4136001,,0.25,True,0.0,0.0,26.75863146666667,25.31033193333333,0.0,False,29.9,52,30,0,12,22,0.0,0.0,0.0,0.0,0.0,18.9
2020-05-24 00:00:00,0.0,0.0,36423.21428571428,18,4136001,,0.25,True,0.0,0.0,26.402938222222225,24.869211851851848,0.0,False,28.8,63,18,0,8,11,0.0,0.0,0.0,0.0,0.0,18.3
2020-05-24 00:15:00,0.0,0.0,16940.0,18,4136001,,0.25,True,0.0,0.0,26.13339755172414,24.372671103448276,0.0,False,28.8,63,18,0,8,11,0.0,0.0,0.0,0.0,0.0,18.3
2020-05-24 00:30:00,0.0,0.0,16940.0,18,4136001,,0.25,True,0.0,0.0,25.986046366666663,23.951500466666666,0.0,False,28.8,63,18,0,8,11,0.0,0.0,0.0,0.0,0.0,18.3
2020-05-24 00:45:00,0.0,0.0,16940.0,18,4136001,,0.25,True,0.0,0.0,25.982040896551723,23.87191668965517,0.0,False,28.8,63,18,0,8,11,0.0,0.0,0.0,0.0,0.0,18.3
2020-05-24 01:00:00,0.0,0.0,16940.0,18,4136001,,0.25,True,0.0,0.0,25.891755433333337,23.89785863333333,0.0,False,27.9,69,66,0,5,64,0.0,0.0,0.0,0.0,0.0,16.2
2020-05-24 01:15:00,0.0,0.0,16940.0,18,4136001,,0.25,True,0.0,0.0,25.795194586206904,24.100080862068964,0.0,False,27.9,69,66,0,5,64,0.0,0.0,0.0,0.0,0.0,16.2
2020-05-24 01:30:00,0.0,0.0,13064.8,18,4136001,,0.25,True,0.0,0.0,25.6424488,24.4022807,0.0,False,27.9,69,66,0,5,64,0.0,0.0,0.0,0.0,0.0,16.2
2020-05-24 01:45:00,0.0,0.0,7252.0,18,4136001,,0.25,True,0.0,0.0,25.72024116666667,25.170368466666677,0.0,False,27.9,69,66,0,5,64,0.0,0.0,0.0,0.0,0.0,16.2
2020-05-24 02:00:00,0.0,0.0,7252.0,18,4136001,,0.25,True,0.0,0.0,25.841424655172418,25.445594482758622,0.0,False,27.1,75,59,0,6,56,0.0,0.0,0.0,0.0,0.0,13.5
2020-05-24 02:15:00,0.0,0.0,7252.0,18,4136001,,0.25,True,0.0,0.0,25.82490973333333,25.211149033333335,0.0,False,27.1,75,59,0,6,56,0.0,0.0,0.0,0.0,0.0,13.5
2020-05-24 02:30:00,0.0,0.0,7252.0,18,4136001,,0.25,True,0.0,0.0,25.820132517241383,25.46969706896552,0.0,False,27.1,75,59,0,6,56,0.0,0.0,0.0,0.0,0.0,13.5
2020-05-24 02:45:00,0.0,0.0,7252.0,18,4136001,,0.25,True,0.0,0.0,25.820789566666665,25.576496966666667,0.0,False,27.1,75,59,0,6,56,0.0,0.0,0.0,0.0,0.0,13.5
2020-05-24 03:00:00,0.0,0.0,7252.0,18,4136001,,0.25,True,0.0,0.0,25.818536137931037,25.57257344827586,0.0,False,26.6,79,55,13,2,49,0.0,0.0,0.0,0.0,0.0,10.2
2020-05-24 03:15:00,0.0,0.0,7252.0,18,4136001,,0.25,True,0.0,0.0,25.8033478,25.360295433333327,0.0,False,26.6,79,55,13,2,49,0.0,0.0,0.0,0.0,0.0,10.2
2020-05-24 03:30:00,0.0,0.0,7252.0,18,4136001,,0.25,True,0.0,0.0,25.6260894,24.39922586666666,0.0,False,26.6,79,55,13,2,49,0.0,0.0,0.0,0.0,0.0,10.2
2020-05-24 03:45:00,0.0,0.0,7252.0,18,4136001,,0.25,True,0.0,0.0,25.460413517241378,23.8510911724138,0.0,False,26.6,79,55,13,2,49,0.0,0.0,0.0,0.0,0.0,10.2
2020-05-24 04:00:00,0.0,0.0,7252.0,18,4136001,,0.25,True,0.0,0.0,25.295731566666667,23.512646533333335,0.0,False,26.2,80,46,3,1,44,0.0,0.0,0.0,0.0,0.0,12.2
2020-05-24 04:15:00,0.0,0.0,5253.0,18,4136001,,0.25,True,0.0,0.0,25.30538189655173,23.366563655172417,0.0,False,26.2,80,46,3,1,44,0.0,0.0,0.0,0.0,0.0,12.2
2020-05-24 04:30:00,0.0,0.0,3254.0,18,4136001,,0.25,True,0.0,0.0,25.317015466666664,23.4218121,0.0,False,26.2,80,46,3,1,44,0.0,0.0,0.0,0.0,0.0,12.2
2020-05-24 04:45:00,0.0,0.0,3254.0,18,4136001,,0.25,True,0.0,0.0,25.217163,23.224318466666663,0.0,False,26.2,80,46,3,1,44,0.0,0.0,0.0,0.0,0.0,12.2
2020-05-24 05:00:00,0.0,0.0,3254.0,18,4136001,,0.25,True,0.0,0.0,25.227784068965512,23.253832551724145,0.0,False,26.2,80,3,2,23,43,0.0,0.0,0.0,0.0,0.0,13.7
2020-05-24 05:15:00,0.0,0.0,3254.0,18,4136001,,0.25,True,0.0,0.0,25.201992766666663,23.33053903333333,0.0,False,26.2,80,3,2,23,43,0.0,0.0,0.0,0.0,0.0,13.7
2020-05-24 05:30:00,0.0,0.0,0.0,18,4136001,,0.25,True,0.0,0.0,25.03676106896552,23.232833448275866,0.0,False,26.2,80,3,2,23,43,0.0,0.0,0.0,0.0,0.0,13.7
2020-05-24 05:45:00,0.0,0.0,0.0,18,4136001,,0.25,True,0.0,0.0,24.86051013333333,23.04596746666667,0.0013345879423333,False,26.2,80,3,2,23,43,0.0,0.0,0.0,0.0,0.0,13.7
2020-05-24 06:00:00,252.25809523809522,243.3895238095238,21.06190476190476,18,4136001,0.9648432633244108,0.25,True,60.84738095238095,63.064523809523806,25.047056000000005,23.39000346666667,0.01217407527,False,26.6,76,10,1,8,2,0.0,15.0,3.0,12.0,32.0,16.2
2020-05-24 06:15:00,832.7733333333333,805.58,143.86666666666667,18,4136001,0.9673460565500017,0.25,True,201.395,208.19333333333333,25.28124058620689,24.041390206896548,0.0350899675172413,False,26.6,76,10,1,8,2,0.0,15.0,3.0,12.0,32.0,16.2
2020-05-24 06:30:00,1659.775238095238,1611.8323809523808,442.31904761904764,18,4136001,0.971114849744429,0.25,True,402.9580952380952,414.9438095238095,25.47712886666667,24.976963266666665,0.0653380148999999,False,26.6,76,10,1,8,2,0.0,15.0,3.0,12.0,32.0,16.2
2020-05-24 06:45:00,2584.9333333333334,2522.0666666666666,956.1999999999999,18,4136001,0.9756795790993965,0.25,True,630.5166666666667,646.2333333333333,25.85121734482759,26.208415034482755,0.097212624275862,False,26.6,76,10,1,8,2,0.0,15.0,3.0,12.0,32.0,16.2
2020-05-24 07:00:00,3495.9638095238092,3426.494285714286,1696.6190476190475,18,4136001,0.9801286490379928,0.25,True,856.6235714285715,873.9909523809523,26.308291633333333,27.890579166666665,0.1540659488,False,27.9,68,12,2,3,9,0.0,156.0,82.0,74.0,319.0,18.6
2020-05-24 07:15:00,4573.213809523809,4485.1,2663.0523809523806,18,4136001,0.9807326284766503,0.25,True,1121.275,1143.3034523809522,26.727254896551724,29.838664206896556,0.2099217168965517,False,27.9,68,12,2,3,9,0.0,156.0,82.0,74.0,319.0,18.6
2020-05-24 07:30:00,5993.366666666667,5890.04,3935.6,18,4136001,0.9827598289219748,0.25,True,1472.51,1498.3416666666667,27.275140500000003,32.053650966666666,0.277260079,False,27.9,68,12,2,3,9,0.0,156.0,82.0,74.0,319.0,18.6
2020-05-24 07:45:00,7596.593333333333,7459.88,5637.0,18,4136001,0.9820033365833282,0.25,True,1864.97,1899.1483333333333,27.691247533333332,33.9516184,0.345086497,False,27.9,68,12,2,3,9,0.0,156.0,82.0,74.0,319.0,18.6
2020-05-24 08:00:00,9199.762857142856,9019.699999999999,7705.685714285713,18,4136001,0.9804274458006216,0.25,True,2254.9249999999997,2299.940714285714,28.09962306896552,36.22155120689655,0.4045691006896551,False,30.3,56,21,1,1,19,0.0,372.0,256.0,116.0,532.4,18.3
2020-05-24 08:15:00,10670.965714285714,10456.368095238096,10119.966666666667,18,4136001,0.979889578432407,0.25,True,2614.092023809524,2667.7414285714285,28.69885456666667,38.32156473333334,0.455819775,False,30.3,56,21,1,1,19,0.0,372.0,256.0,116.0,532.4,18.3
2020-05-24 08:30:00,12011.170952380953,11764.720952380952,12849.390476190474,18,4136001,0.9794816008383307,0.25,True,2941.180238095238,3002.7927380952383,29.101366862068968,40.631425517241375,0.5044863772413792,False,30.3,56,21,1,1,19,0.0,372.0,256.0,116.0,532.4,18.3
2020-05-24 08:45:00,13275.366666666667,12998.166666666666,15946.4,18,4136001,0.9791192208124823,0.25,True,3249.5416666666665,3318.8416666666667,29.76086726666667,43.5098734,0.556928267,False,30.3,56,21,1,1,19,0.0,372.0,256.0,116.0,532.4,18.3
2020-05-24 09:00:00,14532.946666666667,14224.173333333332,19367.466666666667,18,4136001,0.9787535631681943,0.25,True,3556.043333333333,3633.2366666666667,30.223874862068968,45.577474655172416,0.6137585389655172,False,33.0,45,1,0,1,0,0.0,595.0,456.0,139.0,672.7,16.1
2020-05-24 09:15:00,15767.413333333332,15426.586666666666,23130.13333333333,18,4136001,0.9783841103507995,0.25,True,3856.6466666666665,3941.853333333333,30.7511668,48.79332576666668,0.671353908,False,33.0,45,1,0,1,0,0.0,595.0,456.0,139.0,672.7,16.1
2020-05-24 09:30:00,14688.032857142856,14365.951904761905,26908.290476190476,18,4136001,0.9780718796374205,0.25,True,3591.4879761904763,3672.008214285714,31.119518999999997,50.53276903333334,0.7204940260000001,False,33.0,45,1,0,1,0,0.0,595.0,456.0,139.0,672.7,16.1
2020-05-24 09:45:00,14305.61380952381,13986.509999999998,30343.290476190476,18,4136001,0.9776938051192623,0.25,True,3496.6274999999996,3576.4034523809523,31.453297551724138,51.940889620689646,0.7742790772413792,False,33.0,45,1,0,1,0,0.0,595.0,456.0,139.0,672.7,16.1
2020-05-24 10:00:00,13620.240000000002,13313.140000000001,33339.933333333334,18,4136001,0.9774526733743312,0.25,True,3328.2850000000003,3405.0600000000004,32.016924233333334,54.5020254,0.8106055340000001,False,35.3,36,0,0,0,0,0.0,778.0,622.0,156.0,745.2,13.8
2020-05-24 10:15:00,13316.653333333334,13011.740000000002,36139.066666666666,18,4136001,0.9771028556724464,0.25,True,3252.9350000000004,3329.1633333333334,32.350063862068964,54.18066510344827,0.844439604137931,False,35.3,36,0,0,0,0,0.0,778.0,622.0,156.0,745.2,13.8
2020-05-24 10:30:00,11444.566666666666,11172.133333333335,37895.799999999996,18,4136001,0.9761953998549532,0.25,True,2793.0333333333338,2861.1416666666664,32.85800903333334,55.97336833333334,0.8759719593333332,False,35.3,36,0,0,0,0,0.0,778.0,622.0,156.0,745.2,13.8
2020-05-24 10:45:00,11811.56142857143,11519.885238095238,40747.880952380954,18,4136001,0.9753058736357545,0.25,True,2879.9713095238094,2952.8903571428573,33.199514866666654,56.135431966666665,0.897621417,False,35.3,36,0,0,0,0,0.0,778.0,622.0,156.0,745.2,13.8
2020-05-24 11:00:00,12767.568095238095,12448.370476190477,45653.79047619047,18,4136001,0.974999340777617,0.25,True,3112.0926190476193,3191.892023809524,33.41826031034483,55.3901491724138,0.9150036986206896,False,36.9,32,4,0,4,0,0.0,903.0,737.0,166.0,783.5,14.0
2020-05-24 11:15:00,10237.78,9982.300000000001,46327.8,18,4136001,0.9750453711644517,0.25,True,2495.5750000000003,2559.445,33.41838490000001,55.189324933333324,0.9247903596666665,False,36.9,32,4,0,4,0,0.0,903.0,737.0,166.0,783.5,14.0
2020-05-24 11:30:00,9841.49142857143,9596.067142857142,48748.46666666667,18,4136001,0.9750622873072082,0.25,True,2399.0167857142856,2460.3728571428574,33.95821510344827,58.21003693103448,0.9284057110344828,False,36.9,32,4,0,4,0,0.0,903.0,737.0,166.0,783.5,14.0
2020-05-24 11:45:00,9953.199999999999,9704.773333333334,51175.933333333334,18,4136001,0.9750405229808841,0.25,True,2426.1933333333336,2488.2999999999997,34.242837333333334,57.994688100000005,0.9262770653333332,False,36.9,32,4,0,4,0,0.0,903.0,737.0,166.0,783.5,14.0
2020-05-24 12:00:00,9972.22,9723.08,53622.8,18,4136001,0.975016596103977,0.25,True,2430.77,2493.055,34.49443766666667,56.83340373333333,0.9128928013333332,False,37.9,29,62,0,62,0,0.0,934.0,759.0,175.0,767.8,11.4
2020-05-24 12:15:00,10834.233333333334,10566.372857142856,56149.485714285714,18,4136001,0.9752764715370899,0.25,True,2641.593214285714,2708.5583333333334,34.92356531034483,57.05526503448276,0.906127996551724,False,37.9,29,62,0,62,0,0.0,934.0,759.0,175.0,767.8,11.4
2020-05-24 12:30:00,10942.450952380952,10672.144285714287,58807.85238095238,18,4136001,0.9752974294476641,0.25,True,2668.0360714285716,2735.612738095238,35.02100123333334,56.94017953333333,0.8972975103333333,False,37.9,29,62,0,62,0,0.0,934.0,759.0,175.0,767.8,11.4
2020-05-24 12:45:00,10821.66,10553.953333333333,61443.333333333336,18,4136001,0.975261959194184,0.25,True,2638.4883333333332,2705.415,35.59846348275862,59.70246931034482,0.8916655068965518,False,37.9,29,62,0,62,0,0.0,934.0,759.0,175.0,767.8,11.4
2020-05-24 13:00:00,11060.380000000001,10788.033333333333,64111.26666666666,18,4136001,0.975376373445879,0.25,True,2697.008333333333,2765.0950000000003,35.69947006666667,57.66288356666667,0.8822624380000001,False,37.8,28,55,0,55,0,0.0,699.0,476.0,223.0,488.1,8.7
2020-05-24 13:15:00,11624.798571428571,11339.728095238097,66908.40476190476,18,4136001,0.9754773835917363,0.25,True,2834.9320238095243,2906.199642857143,35.65648383333333,56.96130673333333,0.8682732336666668,False,37.8,28,55,0,55,0,0.0,699.0,476.0,223.0,488.1,8.7
2020-05-24 13:30:00,11846.63380952381,11562.621904761903,69705.15714285715,18,4136001,0.9760259404208491,0.25,True,2890.655476190476,2961.6584523809524,36.1507882413793,58.844781448275846,0.851252400689655,False,37.8,28,55,0,55,0,0.0,699.0,476.0,223.0,488.1,8.7
2020-05-24 13:45:00,12139.844285714285,11859.340476190475,72665.92857142858,18,4136001,0.9768939532565589,0.25,True,2964.8351190476187,3034.9610714285714,36.4210002,56.72288319999999,0.825711697333333,False,37.8,28,55,0,55,0,0.0,699.0,476.0,223.0,488.1,8.7
2020-05-24 14:00:00,12454.586666666666,12172.666666666666,76957.4,18,4136001,0.9773641624932823,0.25,True,3043.1666666666665,3113.6466666666665,36.75481344827586,57.150470620689646,0.8011764662068966,False,37.9,26,71,0,71,0,0.0,582.0,357.0,225.0,396.1,6.6
2020-05-24 14:15:00,12737.953333333333,12452.813333333334,79582.59999999999,18,4136001,0.9776149281962094,0.25,True,3113.2033333333334,3184.4883333333332,37.07135226666667,57.42612313333333,0.7703641123333332,False,37.9,26,71,0,71,0,0.0,582.0,357.0,225.0,396.1,6.6
2020-05-24 14:30:00,13827.324285714287,13520.666190476191,81918.79523809523,18,4136001,0.9778223111788216,0.25,True,3380.166547619048,3456.8310714285717,37.2610419,56.476959333333326,0.7298151716666667,False,37.9,26,71,0,71,0,0.0,582.0,357.0,225.0,396.1,6.6
2020-05-24 14:45:00,14126.843809523809,13816.695238095237,86884.08571428571,18,4136001,0.9780454448558792,0.25,True,3454.1738095238093,3531.710952380952,37.33837655172415,55.58946293103448,0.6869518420689655,False,37.9,26,71,0,71,0,0.0,582.0,357.0,225.0,396.1,6.6
2020-05-24 15:00:00,16127.507619047617,15777.090476190475,96485.8238095238,18,4136001,0.9782720832546203,0.25,True,3944.2726190476187,4031.8769047619044,37.3177489,52.49230353333333,0.6405311346666664,False,37.8,25,59,0,59,0,0.0,441.0,264.0,177.0,342.0,7.6
2020-05-24 15:15:00,15019.199999999999,14697.878095238095,100309.09523809524,18,4136001,0.9786059240996922,0.25,True,3674.4695238095237,3754.7999999999997,37.8558788275862,53.01968789655172,0.5906654517241378,False,37.8,25,59,0,59,0,0.0,441.0,264.0,177.0,342.0,7.6
2020-05-24 15:30:00,13904.126666666667,13611.22,103892.93333333333,18,4136001,0.9789338321141109,0.25,True,3402.805,3476.0316666666668,37.629669266666674,52.48177703333332,0.5408719786666665,False,37.8,25,59,0,59,0,0.0,441.0,264.0,177.0,342.0,7.6
2020-05-24 15:45:00,12651.28619047619,12389.385238095238,107169.64285714286,18,4136001,0.979298472231376,0.25,True,3097.3463095238094,3162.8215476190476,37.87520046666666,51.82158226666667,0.4885721723333333,False,37.8,25,59,0,59,0,0.0,441.0,264.0,177.0,342.0,7.6
2020-05-24 16:00:00,11414.186666666666,11181.83,109538.11428571428,18,4136001,0.9796431692023027,0.25,True,2795.4575,2853.5466666666666,37.89913620689654,49.538368068965525,0.4384419389655172,False,37.6,25,78,0,70,29,0.0,312.0,184.0,128.0,308.6,7.2
2020-05-24 16:15:00,10114.771904761905,9913.263333333332,112721.74761904762,18,4136001,0.9800777938122653,0.25,True,2478.315833333333,2528.692976190476,38.77518216666667,49.99135630000001,0.385321908,False,37.6,25,78,0,70,29,0.0,312.0,184.0,128.0,308.6,7.2
2020-05-24 16:30:00,8793.273333333333,8623.24,115053.2,18,4136001,0.9806632494080703,0.25,True,2155.81,2198.318333333333,38.987169,47.90914286206896,0.3314760710344827,False,37.6,25,78,0,70,29,0.0,312.0,184.0,128.0,308.6,7.2
2020-05-24 16:45:00,7271.121428571429,7143.070476190476,117052.02857142857,18,4136001,0.9823891054992172,0.25,True,1785.767619047619,1817.7803571428572,38.97873133333332,45.854651066666655,0.273803273,False,37.6,25,78,0,70,29,0.0,312.0,184.0,128.0,308.6,7.2
2020-05-24 17:00:00,5576.665238095238,5480.172857142857,110372.55714285714,18,4136001,0.9826971179311205,0.25,True,1370.0432142857142,1394.1663095238096,38.56486116666667,43.506722933333336,0.2209424236666666,False,37.3,25,90,0,58,2,0.0,171.0,88.0,83.0,228.1,4.6
2020-05-24 17:15:00,4233.003333333333,4151.151428571428,110980.51428571428,18,4136001,0.9806633970454615,0.25,True,1037.787857142857,1058.2508333333333,38.470518758620685,41.95445324137931,0.1709687255172413,False,37.3,25,90,0,58,2,0.0,171.0,88.0,83.0,228.1,4.6
2020-05-24 17:30:00,3085.905714285714,3023.558571428571,111869.31904761905,18,4136001,0.9797961607937286,0.25,True,755.8896428571428,771.4764285714285,39.18163776666666,40.44253733333333,0.1248783890666666,False,37.3,25,90,0,58,2,0.0,171.0,88.0,83.0,228.1,4.6
2020-05-24 17:45:00,2097.5066666666667,2041.1933333333332,112502.4,18,4136001,0.9731522506086591,0.25,True,510.2983333333333,524.3766666666667,37.96452296551725,38.272174689655166,0.0853814388965517,False,37.3,25,90,0,58,2,0.0,171.0,88.0,83.0,228.1,4.6
2020-05-24 18:00:00,1264.0933333333332,1225.64,112913.8,18,4136001,0.9695803052517221,0.25,True,306.41,316.0233333333333,37.2827514,36.2624694,0.0514484753666666,False,35.2,29,51,0,51,0,0.0,56.0,21.0,35.0,131.0,4.7
2020-05-24 18:15:00,674.7090476190475,652.1295238095238,113148.37619047619,18,4136001,0.9665344285967357,0.25,True,163.03238095238095,168.67726190476188,35.638953733333324,34.168562566666665,0.0265587502,False,35.2,29,51,0,51,0,0.0,56.0,21.0,35.0,131.0,4.7
2020-05-24 18:30:00,244.0395238095238,235.53,121143.53809523808,18,4136001,0.9651305506719247,0.25,True,58.8825,61.00988095238095,34.93608875862069,32.78154768965517,0.0094392373896551,False,35.2,29,51,0,51,0,0.0,56.0,21.0,35.0,131.0,4.7
2020-05-24 18:45:00,0.0,0.0,119775.0,18,4136001,,0.25,True,0.0,0.0,34.5740123,32.09254563333334,0.0006638190729999,False,35.2,29,51,0,51,0,0.0,56.0,21.0,35.0,131.0,4.7
2020-05-24 19:00:00,0.0,0.0,113275.0,18,4136001,,0.25,True,0.0,0.0,34.27799579310344,31.822861206896548,0.0,False,33.9,31,34,0,34,0,0.0,1.0,0.0,1.0,0.0,4.4
2020-05-24 19:15:00,0.0,0.0,115701.66666666667,18,4136001,,0.25,True,0.0,0.0,33.65466803333334,31.721485366666663,0.0,False,33.9,31,34,0,34,0,0.0,1.0,0.0,1.0,0.0,4.4
2020-05-24 19:30:00,0.0,0.0,122375.0,18,4136001,,0.25,True,0.0,0.0,32.58645563333333,31.16104836666667,0.0,False,33.9,31,34,0,34,0,0.0,1.0,0.0,1.0,0.0,4.4
2020-05-24 19:45:00,0.0,0.0,122375.0,18,4136001,,0.25,True,0.0,0.0,32.134470724137934,30.82447768965517,0.0,False,33.9,31,34,0,34,0,0.0,1.0,0.0,1.0,0.0,4.4
2020-05-24 20:00:00,0.0,0.0,122375.0,18,4136001,,0.25,True,0.0,0.0,31.5436025,30.237124566666665,0.0,False,33.1,36,34,0,34,0,0.0,0.0,0.0,0.0,0.0,10.0
2020-05-24 20:15:00,0.0,0.0,122375.0,18,4136001,,0.25,True,0.0,0.0,31.09390031034483,29.804957827586204,0.0,False,33.1,36,34,0,34,0,0.0,0.0,0.0,0.0,0.0,10.0
2020-05-24 20:30:00,0.0,0.0,122375.0,18,4136001,,0.25,True,0.0,0.0,30.6486756,29.33413483333333,0.0,False,33.1,36,34,0,34,0,0.0,0.0,0.0,0.0,0.0,10.0
2020-05-24 20:45:00,0.0,0.0,119948.33333333333,18,4136001,,0.25,True,0.0,0.0,30.32377653333333,29.057456500000004,0.0,False,33.1,36,34,0,34,0,0.0,0.0,0.0,0.0,0.0,10.0
2020-05-24 21:00:00,0.0,0.0,113275.0,18,4136001,,0.25,True,0.0,0.0,29.870062379310344,28.62210596551724,0.0,False,32.6,38,39,0,39,0,0.0,0.0,0.0,0.0,0.0,8.9
2020-05-24 21:15:00,0.0,0.0,113275.0,18,4136001,,0.25,True,0.0,0.0,29.493515933333335,28.2586864,0.0,False,32.6,38,39,0,39,0,0.0,0.0,0.0,0.0,0.0,8.9
2020-05-24 21:30:00,0.0,0.0,113275.0,18,4136001,,0.25,True,0.0,0.0,29.129352766666663,27.972218800000004,0.0,False,32.6,38,39,0,39,0,0.0,0.0,0.0,0.0,0.0,8.9
2020-05-24 21:45:00,0.0,0.0,113275.0,18,4136001,,0.25,True,0.0,0.0,28.813397620689656,27.683126379310345,0.0,False,32.6,38,39,0,39,0,0.0,0.0,0.0,0.0,0.0,8.9
2020-05-24 22:00:00,0.0,0.0,113275.0,18,4136001,,0.25,True,0.0,0.0,28.480264433333332,27.3468169,0.0,False,32.2,39,52,0,26,36,0.0,0.0,0.0,0.0,0.0,14.5
2020-05-24 22:15:00,0.0,0.0,113275.0,18,4136001,,0.25,True,0.0,0.0,28.15289306896552,27.024714,0.0,False,32.2,39,52,0,26,36,0.0,0.0,0.0,0.0,0.0,14.5
2020-05-24 22:30:00,0.0,0.0,113275.0,18,4136001,,0.25,True,0.0,0.0,27.8130096,26.48564356666667,0.0,False,32.2,39,52,0,26,36,0.0,0.0,0.0,0.0,0.0,14.5
2020-05-24 22:45:00,0.0,0.0,112626.07142857143,18,4136001,,0.25,True,0.0,0.0,27.5779439,26.069362333333327,0.0,False,32.2,39,52,0,26,36,0.0,0.0,0.0,0.0,0.0,14.5
2020-05-24 23:00:00,0.0,0.0,113275.0,18,4136001,,0.25,True,0.0,0.0,27.270795068965523,25.918397,0.0,False,30.7,52,28,0,22,9,0.0,0.0,0.0,0.0,0.0,16.2
2020-05-24 23:15:00,0.0,0.0,113275.0,18,4136001,,0.25,True,0.0,0.0,27.093005166666664,25.6847971,0.0,False,30.7,52,28,0,22,9,0.0,0.0,0.0,0.0,0.0,16.2
2020-05-24 23:30:00,0.0,0.0,113275.0,18,4136001,,0.25,True,0.0,0.0,26.94672872413793,25.54129548275862,0.0,False,30.7,52,28,0,22,9,0.0,0.0,0.0,0.0,0.0,16.2
2020-05-24 23:45:00,0.0,0.0,98405.98095238095,18,4136001,,0.25,True,0.0,0.0,26.781771833333337,25.295773199999992,0.0,False,30.7,52,28,0,22,9,0.0,0.0,0.0,0.0,0.0,16.2
2020-05-25 00:00:00,0.0,0.0,38351.00476190476,18,4136001,,0.25,True,0.0,0.0,26.598948266666667,25.094320600000003,0.0,False,29.6,61,31,0,17,18,0.0,0.0,0.0,0.0,0.0,16.4
2020-05-25 00:15:00,0.0,0.0,18323.0,18,4136001,,0.25,True,0.0,0.0,26.496553517241374,25.05504517241379,0.0,False,29.6,61,31,0,17,18,0.0,0.0,0.0,0.0,0.0,16.4
2020-05-25 00:30:00,0.0,0.0,18323.0,18,4136001,,0.25,True,0.0,0.0,26.375868733333327,24.945605333333333,0.0,False,29.6,61,31,0,17,18,0.0,0.0,0.0,0.0,0.0,16.4
2020-05-25 00:45:00,0.0,0.0,18323.0,18,4136001,,0.25,True,0.0,0.0,26.233414866666667,24.790601666666664,0.0,False,29.6,61,31,0,17,18,0.0,0.0,0.0,0.0,0.0,16.4
2020-05-25 01:00:00,0.0,0.0,18323.0,18,4136001,,0.25,True,0.0,0.0,26.08462213793104,24.53372089655172,0.0,False,28.7,68,26,0,11,17,0.0,0.0,0.0,0.0,0.0,16.2
2020-05-25 01:15:00,0.0,0.0,18323.0,18,4136001,,0.25,True,0.0,0.0,25.9386293,24.3438151,0.0,False,28.7,68,26,0,11,17,0.0,0.0,0.0,0.0,0.0,16.2
2020-05-25 01:30:00,0.0,0.0,16469.0,18,4136001,,0.25,True,0.0,0.0,25.747982620689655,24.061103586206897,0.0,False,28.7,68,26,0,11,17,0.0,0.0,0.0,0.0,0.0,16.2
2020-05-25 01:45:00,0.0,0.0,13688.0,18,4136001,,0.25,True,0.0,0.0,25.6685404,23.945862000000005,0.0,False,28.7,68,26,0,11,17,0.0,0.0,0.0,0.0,0.0,16.2
2020-05-25 02:00:00,0.0,0.0,13688.0,18,4136001,,0.25,True,0.0,0.0,25.6219767,24.035473733333333,0.0,False,27.9,73,3,0,3,0,0.0,0.0,0.0,0.0,0.0,13.0
2020-05-25 02:15:00,0.0,0.0,13688.0,18,4136001,,0.25,True,0.0,0.0,25.496240931034485,23.91696686206896,0.0,False,27.9,73,3,0,3,0,0.0,0.0,0.0,0.0,0.0,13.0
2020-05-25 02:30:00,0.0,0.0,13688.0,18,4136001,,0.25,True,0.0,0.0,25.4765594,23.853684533333336,0.0,False,27.9,73,3,0,3,0,0.0,0.0,0.0,0.0,0.0,13.0
2020-05-25 02:45:00,0.0,0.0,13688.0,18,4136001,,0.25,True,0.0,0.0,25.58928316666666,24.11022853333333,0.0,False,27.9,73,3,0,3,0,0.0,0.0,0.0,0.0,0.0,13.0
2020-05-25 03:00:00,0.0,0.0,13688.0,18,4136001,,0.25,True,0.0,0.0,25.491499137931037,24.09814568965517,0.0,False,27.2,78,3,1,2,0,0.0,0.0,0.0,0.0,0.0,12.2
2020-05-25 03:15:00,0.0,0.0,13688.0,18,4136001,,0.25,True,0.0,0.0,25.484710600000003,24.117967733333334,0.0,False,27.2,78,3,1,2,0,0.0,0.0,0.0,0.0,0.0,12.2
2020-05-25 03:30:00,0.0,0.0,13688.0,18,4136001,,0.25,True,0.0,0.0,25.516807586206887,24.24836575862069,0.0,False,27.2,78,3,1,2,0,0.0,0.0,0.0,0.0,0.0,12.2
2020-05-25 03:45:00,0.0,0.0,13688.0,18,4136001,,0.25,True,0.0,0.0,25.50256333333333,24.087815366666668,0.0,False,27.2,78,3,1,2,0,0.0,0.0,0.0,0.0,0.0,12.2
2020-05-25 04:00:00,0.0,0.0,13688.0,18,4136001,,0.25,True,0.0,0.0,25.38500763333333,23.88479713333333,0.0,False,26.6,81,6,6,1,0,0.0,0.0,0.0,0.0,0.0,12.2
2020-05-25 04:15:00,0.0,0.0,11119.466666666667,18,4136001,,0.25,True,0.0,0.0,25.25344955172413,23.613887517241377,0.0,False,26.6,81,6,6,1,0,0.0,0.0,0.0,0.0,0.0,12.2
2020-05-25 04:30:00,0.0,0.0,8872.0,18,4136001,,0.25,True,0.0,0.0,25.22475063333333,23.563341266666665,0.0,False,26.6,81,6,6,1,0,0.0,0.0,0.0,0.0,0.0,12.2
2020-05-25 04:45:00,0.0,0.0,8872.0,18,4136001,,0.25,True,0.0,0.0,25.20791424137931,23.592037965517243,0.0,False,26.6,81,6,6,1,0,0.0,0.0,0.0,0.0,0.0,12.2
2020-05-25 05:00:00,0.0,0.0,8872.0,18,4136001,,0.25,True,0.0,0.0,25.1196219,23.583761666666664,0.0,False,26.6,81,11,1,1,39,0.0,0.0,0.0,0.0,0.0,11.7
2020-05-25 05:15:00,0.0,0.0,8872.0,18,4136001,,0.25,True,0.0,0.0,25.25614423333333,24.01270663333333,0.0,False,26.6,81,11,1,1,39,0.0,0.0,0.0,0.0,0.0,11.7
2020-05-25 05:30:00,0.0,0.0,0.0,18,4136001,,0.25,True,0.0,0.0,25.23564296551724,24.11748327586207,0.0,False,26.6,81,11,1,1,39,0.0,0.0,0.0,0.0,0.0,11.7
2020-05-25 05:45:00,0.0,0.0,0.0,18,4136001,,0.25,True,0.0,0.0,25.09642653333333,23.864661666666677,0.0018656662596666,False,26.6,81,11,1,1,39,0.0,0.0,0.0,0.0,0.0,11.7
2020-05-25 06:00:00,291.28761904761905,281.21476190476193,27.314285714285713,18,4136001,0.96541954932451,0.25,True,70.30369047619048,72.82190476190476,25.07477113333333,23.767200733333333,0.0135406322366666,False,26.8,79,35,1,0,35,0.0,18.0,4.0,14.0,42.7,14.7
2020-05-25 06:15:00,946.8542857142857,916.6652380952381,166.86190476190475,18,4136001,0.9681164799330516,0.25,True,229.16630952380953,236.7135714285714,25.33059148275862,24.42353882758621,0.0409569667586206,False,26.8,79,35,1,0,35,0.0,18.0,4.0,14.0,42.7,14.7
2020-05-25 06:30:00,2020.8719047619047,1965.4766666666667,513.5857142857143,18,4136001,0.9725884466181618,0.25,True,491.3691666666667,505.2179761904762,25.7025726,25.900403833333336,0.0827299857,False,26.8,79,35,1,0,35,0.0,18.0,4.0,14.0,42.7,14.7
2020-05-25 06:45:00,2623.713333333333,2564.9533333333334,1082.2666666666667,18,4136001,0.9776042606280667,0.25,True,641.2383333333333,655.9283333333333,26.17526551724137,27.515106241379307,0.107661149,False,26.8,79,35,1,0,35,0.0,18.0,4.0,14.0,42.7,14.7
2020-05-25 07:00:00,3539.42,3469.3399999999997,1899.0,18,4136001,0.9802001457865976,0.25,True,867.3349999999999,884.855,26.657475766666664,28.97328396666667,0.1572406776666666,False,28.2,71,27,0,0,27,0.0,165.0,92.0,73.0,357.7,16.7
2020-05-25 07:15:00,4747.360000000001,4656.466666666666,2959.4666666666667,18,4136001,0.9808539202139012,0.25,True,1164.1166666666666,1186.8400000000001,27.24854133333333,31.0637054,0.215982752,False,28.2,71,27,0,0,27,0.0,165.0,92.0,73.0,357.7,16.7
2020-05-25 07:30:00,6050.516666666666,5946.650476190476,4266.952380952381,18,4136001,0.9828335006416218,0.25,True,1486.662619047619,1512.6291666666666,27.645486655172416,32.8367784137931,0.2775579717241379,False,28.2,71,27,0,0,27,0.0,165.0,92.0,73.0,357.7,16.7
2020-05-25 07:45:00,7533.07380952381,7398.573333333333,5902.114285714286,18,4136001,0.9821453393938032,0.25,True,1849.6433333333332,1883.2684523809526,28.04843343333333,34.35977076666667,0.3435005653333333,False,28.2,71,27,0,0,27,0.0,165.0,92.0,73.0,357.7,16.7
2020-05-25 08:00:00,8678.88,8511.733333333334,7885.0,18,4136001,0.9807409865481876,0.25,True,2127.9333333333334,2169.72,28.199119758620693,35.124880137931044,0.3852337089655172,False,30.4,60,61,0,0,61,0.0,382.0,269.0,113.0,559.6,15.9
2020-05-25 08:15:00,10058.633333333333,9858.486666666666,10204.333333333332,18,4136001,0.9801020019286913,0.25,True,2464.6216666666664,2514.6583333333333,28.42741916666666,36.41876936666667,0.4291123916666667,False,30.4,60,61,0,0,61,0.0,382.0,269.0,113.0,559.6,15.9
2020-05-25 08:30:00,11352.16,11121.473333333333,12856.0,18,4136001,0.9796790508003176,0.25,True,2780.3683333333333,2838.04,28.85279133333333,38.169011266666665,0.4764366303333333,False,30.4,60,61,0,0,61,0.0,382.0,269.0,113.0,559.6,15.9
2020-05-25 08:45:00,12397.271904761905,12141.597142857143,15743.890476190476,18,4136001,0.9793765302665859,0.25,True,3035.3992857142857,3099.317976190476,29.553459206896548,40.767891620689674,0.5185651593103447,False,30.4,60,61,0,0,61,0.0,382.0,269.0,113.0,559.6,15.9
2020-05-25 09:00:00,14098.064285714285,13800.155714285713,18906.45238095238,18,4136001,0.9788688315366496,0.25,True,3450.038928571428,3524.516071428571,29.628590799999994,41.979558366666666,0.5930232706666668,False,32.9,49,66,0,0,66,0.0,596.0,455.0,141.0,671.5,14.8
2020-05-25 09:15:00,15274.666666666666,14946.76,22501.4,18,4136001,0.9785326466480447,0.25,True,3736.69,3818.6666666666665,30.05585455172413,44.41280589655172,0.6412408689655172,False,32.9,49,66,0,0,66,0.0,596.0,455.0,141.0,671.5,14.8
2020-05-25 09:30:00,15880.719999999998,15532.186666666666,26399.533333333333,18,4136001,0.9780530521705986,0.25,True,3883.0466666666666,3970.1799999999994,30.467728699999995,46.11891973333335,0.710985943,False,32.9,49,66,0,0,66,0.0,596.0,455.0,141.0,671.5,14.8
2020-05-25 09:45:00,15692.093333333332,15344.453333333333,30287.133333333335,18,4136001,0.9778461679639938,0.25,True,3836.1133333333332,3923.023333333333,30.640335000000007,47.74636040000001,0.7467538503333334,False,32.9,49,66,0,0,66,0.0,596.0,455.0,141.0,671.5,14.8
2020-05-25 10:00:00,15370.66857142857,15030.235714285714,34028.59523809524,18,4136001,0.9778517859804965,0.25,True,3757.5589285714286,3842.6671428571426,31.24525617241379,49.34420779310346,0.7555059558620689,False,35.0,41,76,0,0,76,0.0,771.0,611.0,160.0,732.4,14.2
2020-05-25 10:15:00,17254.90380952381,16861.33380952381,38009.25238095238,18,4136001,0.977190831989294,0.25,True,4215.333452380953,4313.725952380953,31.5482981,50.3546928,0.8140237236666666,False,35.0,41,76,0,0,76,0.0,771.0,611.0,160.0,732.4,14.2
2020-05-25 10:30:00,17729.48238095238,17317.448095238095,42285.07619047619,18,4136001,0.9767599371001968,0.25,True,4329.362023809524,4432.370595238095,31.9778925862069,51.87954624137932,0.845634558275862,False,35.0,41,76,0,0,76,0.0,771.0,611.0,160.0,732.4,14.2
2020-05-25 10:45:00,17857.63333333333,17431.72,46644.93333333333,18,4136001,0.9761495084268353,0.25,True,4357.93,4464.408333333333,32.2193849,52.1838337,0.8138235590000001,False,35.0,41,76,0,0,76,0.0,771.0,611.0,160.0,732.4,14.2
2020-05-25 11:00:00,18091.753333333334,17646.766666666666,50885.799999999996,18,4136001,0.9754038948869153,0.25,True,4411.691666666667,4522.9383333333335,32.46989949999999,52.15331013333333,0.9013854026666666,False,36.5,36,18,0,3,16,0.0,894.0,719.0,175.0,764.7,12.2
2020-05-25 11:15:00,16905.486190476193,16486.051428571427,55411.276190476194,18,4136001,0.9751894292078357,0.25,True,4121.512857142857,4226.371547619048,33.09682786206896,53.99734386206896,0.9101380644827584,False,36.5,36,18,0,3,16,0.0,894.0,719.0,175.0,764.7,12.2
2020-05-25 11:30:00,16681.492857142857,16270.109999999999,59436.23333333333,18,4136001,0.9753389663223871,0.25,True,4067.5274999999997,4170.373214285714,33.35838830000001,53.1043416,0.8306483269999999,False,36.5,36,18,0,3,16,0.0,894.0,719.0,175.0,764.7,12.2
2020-05-25 11:45:00,17365.29714285714,16933.932857142856,63577.28571428571,18,4136001,0.9751594065931825,0.25,True,4233.483214285714,4341.324285714285,33.84070462068965,55.51189951724138,0.9172781244827586,False,36.5,36,18,0,3,16,0.0,894.0,719.0,175.0,764.7,12.2
2020-05-25 12:00:00,17528.093333333334,17092.593333333334,67861.2,18,4136001,0.9751541715508893,0.25,True,4273.1483333333335,4382.0233333333335,33.85287566666668,55.435443033333335,0.90696158,False,37.7,32,21,0,16,6,0.0,931.0,752.0,179.0,761.0,9.8
2020-05-25 12:15:00,17673.04666666667,17233.946666666667,72200.4,18,4136001,0.9751542556141045,0.25,True,4308.486666666667,4418.261666666667,34.03098175862068,55.33183975862069,0.9077990237931032,False,37.7,32,21,0,16,6,0.0,931.0,752.0,179.0,761.0,9.8
2020-05-25 12:30:00,17576.486666666668,17139.745714285717,76494.78571428571,18,4136001,0.9751519765773659,0.25,True,4284.936428571429,4394.121666666667,34.60776683333333,57.03127543333334,0.9001118993333334,False,37.7,32,21,0,16,6,0.0,931.0,752.0,179.0,761.0,9.8
2020-05-25 12:45:00,17534.542857142857,17098.922857142858,80734.15238095238,18,4136001,0.9751564666641682,0.25,True,4274.730714285714,4383.635714285714,34.84495056666667,57.04478966666666,0.8978923863333333,False,37.7,32,21,0,16,6,0.0,931.0,752.0,179.0,761.0,9.8
2020-05-25 13:00:00,17218.210952380952,16790.5,84958.74285714285,18,4136001,0.9751593848185599,0.25,True,4197.625,4304.552738095238,35.04155441379311,57.14433331034482,0.884031485862069,False,38.0,29,53,0,49,8,0.0,847.0,660.0,187.0,677.0,6.1
2020-05-25 13:15:00,17334.63857142857,16904.286666666667,88719.85714285714,18,4136001,0.9751738749562842,0.25,True,4226.071666666667,4333.659642857143,35.411487586206896,56.247193379310346,0.8647803196551723,False,38.0,29,53,0,49,8,0.0,847.0,660.0,187.0,677.0,6.1
2020-05-25 13:30:00,17633.840952380953,17200.122857142855,93501.56666666667,18,4136001,0.975404218717333,0.25,True,4300.030714285714,4408.460238095238,35.661075896551715,57.11944141379311,0.8537382513793103,False,38.0,29,53,0,49,8,0.0,847.0,660.0,187.0,677.0,6.1
2020-05-25 13:45:00,17802.39619047619,17379.430952380953,97799.83333333333,18,4136001,0.9762411063336793,0.25,True,4344.857738095238,4450.599047619047,36.27135023333333,58.391761133333326,0.828360965,False,38.0,29,53,0,49,8,0.0,847.0,660.0,187.0,677.0,6.1
2020-05-25 14:00:00,17425.5,17024.173333333332,102094.43333333333,18,4136001,0.9769690013677274,0.25,True,4256.043333333333,4356.375,36.14197313793103,57.50238355172414,0.7983531075862069,False,38.0,28,29,0,27,3,0.0,651.0,431.0,220.0,478.3,6.5
2020-05-25 14:15:00,18164.615714285716,17754.39476190476,106361.18571428572,18,4136001,0.9774164805447366,0.25,True,4438.59869047619,4541.153928571429,36.43180633333333,56.28563356666666,0.7657678813333334,False,38.0,28,29,0,27,3,0.0,651.0,431.0,220.0,478.3,6.5
2020-05-25 14:30:00,18134.31333333333,17729.76,110861.73333333332,18,4136001,0.9776912791845441,0.25,True,4432.44,4533.578333333333,36.685085066666666,54.934546733333335,0.7321732966666668,False,38.0,28,29,0,27,3,0.0,651.0,431.0,220.0,478.3,6.5
2020-05-25 14:45:00,17105.266666666666,16729.02,115214.4,18,4136001,0.9780040455376318,0.25,True,4182.255,4276.316666666667,37.17701862068966,56.5918145862069,0.6885375613793103,False,38.0,28,29,0,27,3,0.0,651.0,431.0,220.0,478.3,6.5
2020-05-25 15:00:00,16266.488095238095,15912.644761904761,119301.79047619046,18,4136001,0.9782470972676075,0.25,True,3978.1611904761903,4066.622023809524,37.03174523333334,53.851719133333326,0.644651987,False,38.1,27,37,0,37,0,0.0,554.0,386.0,168.0,499.9,7.0
2020-05-25 15:15:00,15189.502380952381,14863.877619047618,123102.73809523808,18,4136001,0.9785625128632854,0.25,True,3715.9694047619046,3797.3755952380952,37.240537399999994,52.91991370000001,0.5943967366666667,False,38.1,27,37,0,37,0,0.0,554.0,386.0,168.0,499.9,7.0
2020-05-25 15:30:00,14008.324761904762,13712.781904761905,126681.29999999999,18,4136001,0.9789023411317122,0.25,True,3428.1954761904763,3502.0811904761904,37.39873517241379,51.745568724137925,0.5421353327586205,False,38.1,27,37,0,37,0,0.0,554.0,386.0,168.0,499.9,7.0
2020-05-25 15:45:00,12828.86,12562.646666666666,129983.93333333332,18,4136001,0.9792488706453001,0.25,True,3140.6616666666664,3207.215,37.532655666666656,50.829609366666666,0.4949797946666665,False,38.1,27,37,0,37,0,0.0,554.0,386.0,168.0,499.9,7.0
2020-05-25 16:00:00,12306.346666666666,12052.886666666665,133062.06666666665,18,4136001,0.9794041231841347,0.25,True,3013.2216666666664,3076.5866666666666,37.87244606896552,50.33469896551724,0.4748157786206896,False,37.7,27,33,0,33,0,0.0,366.0,240.0,126.0,402.2,6.6
2020-05-25 16:15:00,11316.370476190476,11086.669047619047,136113.7380952381,18,4136001,0.9797018461833926,0.25,True,2771.6672619047617,2829.092619047619,38.03672389999999,50.688926266666655,0.4429608533333333,False,37.7,27,33,0,33,0,0.0,366.0,240.0,126.0,402.2,6.6
2020-05-25 16:30:00,5662.079047619047,5557.9823809523805,138132.9380952381,18,4136001,0.9816151159686759,0.25,True,1389.4955952380951,1415.5197619047617,37.39374793333332,46.0385316,0.2183944863333333,False,37.7,27,33,0,33,0,0.0,366.0,240.0,126.0,402.2,6.6
2020-05-25 16:45:00,6778.63,6661.3557142857135,139555.17142857143,18,4136001,0.9826994118702029,0.25,True,1665.3389285714284,1694.6575,37.130947827586205,42.81054062068965,0.2564901431034483,False,37.7,27,33,0,33,0,0.0,366.0,240.0,126.0,402.2,6.6
2020-05-25 17:00:00,5132.866666666667,5038.686666666667,141121.93333333332,18,4136001,0.9816515787149482,0.25,True,1259.6716666666669,1283.2166666666667,36.98203236666667,41.7511568,0.1912531276666666,False,36.6,29,39,0,59,0,0.0,193.0,105.0,88.0,271.6,5.4
2020-05-25 17:15:00,2158.733333333333,2102.8133333333335,142005.53333333333,18,4136001,0.974095920447176,0.25,True,525.7033333333334,539.6833333333333,36.69451575862069,39.069836827586215,0.0776011656206896,False,36.6,29,39,0,59,0,0.0,193.0,105.0,88.0,271.6,5.4
2020-05-25 17:30:00,857.655238095238,829.47,142352.21904761903,18,4136001,0.9671368670727943,0.25,True,207.3675,214.4138095238095,36.00379930000001,35.96322700000001,0.0296054164,False,36.6,29,39,0,59,0,0.0,193.0,105.0,88.0,271.6,5.4
2020-05-25 17:45:00,452.7009523809524,437.23333333333335,142505.05714285714,18,4136001,0.9658325899994951,0.25,True,109.30833333333334,113.1752380952381,35.52824183333334,34.22728683333333,0.01476777235,False,36.6,29,39,0,59,0,0.0,193.0,105.0,88.0,271.6,5.4
2020-05-25 18:00:00,242.07142857142858,233.5609523809524,142586.15714285715,18,4136001,0.9648431198977082,0.25,True,58.3902380952381,60.517857142857146,35.27715700000001,33.420349275862065,0.0084153075896551,False,36.1,31,42,0,42,0,0.0,55.0,20.0,35.0,124.4,1.8
2020-05-25 18:15:00,13.453333333333333,12.966666666666667,142614.8,18,4136001,0.9638255698711596,0.25,True,3.2416666666666667,3.3633333333333333,34.82022003333333,32.71644093333334,0.0035430156366666,False,36.1,31,42,0,42,0,0.0,55.0,20.0,35.0,124.4,1.8
2020-05-25 18:30:00,0.0,0.0,142615.0,18,4136001,,0.25,True,0.0,0.0,34.42703462068965,32.08817193103449,0.0028885420862068,False,36.1,31,42,0,42,0,0.0,55.0,20.0,35.0,124.4,1.8
2020-05-25 18:45:00,0.0,0.0,142615.0,18,4136001,,0.25,True,0.0,0.0,34.163541566666666,31.61218263333333,0.0006920051126666,False,36.1,31,42,0,42,0,0.0,55.0,20.0,35.0,124.4,1.8
2020-05-25 19:00:00,0.0,0.0,142615.0,18,4136001,,0.25,True,0.0,0.0,33.94068846666667,31.27500096666667,0.0,False,34.7,35,43,0,43,3,0.0,1.0,0.0,1.0,0.0,2.5
2020-05-25 19:15:00,0.0,0.0,142615.0,18,4136001,,0.25,True,0.0,0.0,33.98035275862069,31.38765320689655,0.0,False,34.7,35,43,0,43,3,0.0,1.0,0.0,1.0,0.0,2.5
2020-05-25 19:30:00,0.0,0.0,142615.0,18,4136001,,0.25,True,0.0,0.0,33.921566000000006,31.59614653333333,0.0,False,34.7,35,43,0,43,3,0.0,1.0,0.0,1.0,0.0,2.5
2020-05-25 19:45:00,0.0,0.0,142615.0,18,4136001,,0.25,True,0.0,0.0,33.827981900000005,31.6019428,0.0,False,34.7,35,43,0,43,3,0.0,1.0,0.0,1.0,0.0,2.5
2020-05-25 20:00:00,0.0,0.0,142615.0,18,4136001,,0.25,True,0.0,0.0,33.81912886206898,31.76890503448276,0.0,False,33.4,39,42,0,40,10,0.0,0.0,0.0,0.0,0.0,7.6
2020-05-25 20:15:00,0.0,0.0,142615.0,18,4136001,,0.25,True,0.0,0.0,33.83254853333333,31.55258583333333,0.0,False,33.4,39,42,0,40,10,0.0,0.0,0.0,0.0,0.0,7.6
2020-05-25 20:30:00,0.0,0.0,142615.0,18,4136001,,0.25,True,0.0,0.0,33.42381403448276,30.88576741379311,0.0,False,33.4,39,42,0,40,10,0.0,0.0,0.0,0.0,0.0,7.6
2020-05-25 20:45:00,0.0,0.0,142615.0,18,4136001,,0.25,True,0.0,0.0,33.11771426666667,30.938583566666665,0.0,False,33.4,39,42,0,40,10,0.0,0.0,0.0,0.0,0.0,7.6
2020-05-25 21:00:00,0.0,0.0,142615.0,18,4136001,,0.25,True,0.0,0.0,32.3061685,30.91641446666667,0.0,False,32.7,43,42,0,42,3,0.0,0.0,0.0,0.0,0.0,11.9
2020-05-25 21:15:00,0.0,0.0,142615.0,18,4136001,,0.25,True,0.0,0.0,31.464322724137933,30.363739931034484,0.0,False,32.7,43,42,0,42,3,0.0,0.0,0.0,0.0,0.0,11.9
2020-05-25 21:30:00,0.0,0.0,142615.0,18,4136001,,0.25,True,0.0,0.0,30.9443297,30.07848716666668,0.0,False,32.7,43,42,0,42,3,0.0,0.0,0.0,0.0,0.0,11.9
2020-05-25 21:45:00,0.0,0.0,142615.0,18,4136001,,0.25,True,0.0,0.0,30.527473166666667,29.7056731,0.0,False,32.7,43,42,0,42,3,0.0,0.0,0.0,0.0,0.0,11.9
2020-05-25 22:00:00,0.0,0.0,142615.0,18,4136001,,0.25,True,0.0,0.0,30.17515310344828,29.125274620689652,0.0,False,32.2,44,32,0,32,0,0.0,0.0,0.0,0.0,0.0,8.4
2020-05-25 22:15:00,0.0,0.0,142615.0,18,4136001,,0.25,True,0.0,0.0,29.845425366666664,28.7142355,0.0,False,32.2,44,32,0,32,0,0.0,0.0,0.0,0.0,0.0,8.4
2020-05-25 22:30:00,0.0,0.0,142615.0,18,4136001,,0.25,True,0.0,0.0,29.52575586206897,28.399838344827582,0.0,False,32.2,44,32,0,32,0,0.0,0.0,0.0,0.0,0.0,8.4
2020-05-25 22:45:00,0.0,0.0,142615.0,18,4136001,,0.25,True,0.0,0.0,28.848941000000007,27.76683043333333,0.0,False,32.2,44,32,0,32,0,0.0,0.0,0.0,0.0,0.0,8.4
2020-05-25 23:00:00,0.0,0.0,142615.0,18,4136001,,0.25,True,0.0,0.0,28.36594346666667,27.074339833333333,0.0,False,31.5,46,34,0,22,16,0.0,0.0,0.0,0.0,0.0,7.6
2020-05-25 23:15:00,0.0,0.0,142615.0,18,4136001,,0.25,True,0.0,0.0,28.17704706896552,26.731218758620688,0.0,False,31.5,46,34,0,22,16,0.0,0.0,0.0,0.0,0.0,7.6
2020-05-25 23:30:00,0.0,0.0,142615.0,18,4136001,,0.25,True,0.0,0.0,28.059218566666665,26.648860599999995,0.0,False,31.5,46,34,0,22,16,0.0,0.0,0.0,0.0,0.0,7.6
2020-05-25 23:45:00,0.0,0.0,124003.46666666667,18,4136001,,0.25,True,0.0,0.0,28.20533268965517,27.197260379310347,0.0,False,31.5,46,34,0,22,16,0.0,0.0,0.0,0.0,0.0,7.6
2020-05-26 00:00:00,0.0,0.0,39760.81428571429,18,4136001,,0.25,True,0.0,0.0,28.342236633333336,27.489857900000004,0.0,False,30.9,48,59,0,20,50,0.0,0.0,0.0,0.0,0.0,8.6
2020-05-26 00:15:00,0.0,0.0,18711.0,18,4136001,,0.25,True,0.0,0.0,28.330767,27.96586293333333,0.0,False,30.9,48,59,0,20,50,0.0,0.0,0.0,0.0,0.0,8.6
2020-05-26 00:30:00,0.0,0.0,18711.0,18,4136001,,0.25,True,0.0,0.0,26.956657689655177,27.15537851724138,0.0,False,30.9,48,59,0,20,50,0.0,0.0,0.0,0.0,0.0,8.6
2020-05-26 00:45:00,0.0,0.0,18711.0,18,4136001,,0.25,True,0.0,0.0,25.448591033333333,25.536963900000003,0.0,False,30.9,48,59,0,20,50,0.0,0.0,0.0,0.0,0.0,8.6
2020-05-26 01:00:00,0.0,0.0,18711.0,18,4136001,,0.25,True,0.0,0.0,24.655147172413795,24.86020213793104,0.0,False,29.9,52,76,0,12,73,0.0,0.0,0.0,0.0,0.0,15.3
2020-05-26 01:15:00,0.0,0.0,18711.0,18,4136001,,0.25,True,0.0,0.0,24.426945133333334,24.16675193333333,0.0,False,29.9,52,76,0,12,73,0.0,0.0,0.0,0.0,0.0,15.3
2020-05-26 01:30:00,0.0,0.0,15416.714285714286,18,4136001,,0.25,True,0.0,0.0,24.272991933333333,23.955192066666665,0.0,False,29.9,52,76,0,12,73,0.0,0.0,0.0,0.0,0.0,15.3
2020-05-26 01:45:00,0.0,0.0,9487.0,18,4136001,,0.25,True,0.0,0.0,23.917083586206896,23.412220999999995,0.0,False,29.9,52,76,0,12,73,0.0,0.0,0.0,0.0,0.0,15.3
2020-05-26 02:00:00,0.0,0.0,9487.0,18,4136001,,0.25,True,0.0,0.0,23.914464199999998,23.141306566666668,0.0,False,28.9,59,79,0,10,77,0.0,0.0,0.0,0.0,0.0,10.2
2020-05-26 02:15:00,0.0,0.0,9487.0,18,4136001,,0.25,True,0.0,0.0,24.3156373,23.46102403333333,0.0,False,28.9,59,79,0,10,77,0.0,0.0,0.0,0.0,0.0,10.2
2020-05-26 02:30:00,0.0,0.0,9487.0,18,4136001,,0.25,True,0.0,0.0,24.750189344827582,23.78225075862069,0.0,False,28.9,59,79,0,10,77,0.0,0.0,0.0,0.0,0.0,10.2
2020-05-26 02:45:00,0.0,0.0,9487.0,18,4136001,,0.25,True,0.0,0.0,25.1728576,24.225251233333328,0.0,False,28.9,59,79,0,10,77,0.0,0.0,0.0,0.0,0.0,10.2
2020-05-26 03:00:00,0.0,0.0,9487.0,18,4136001,,0.25,True,0.0,0.0,25.45304903448275,24.545279551724136,0.0,False,28.2,64,68,0,11,65,0.0,0.0,0.0,0.0,0.0,9.7
2020-05-26 03:15:00,0.0,0.0,9487.0,18,4136001,,0.25,True,0.0,0.0,25.338595533333336,24.509605933333336,0.0,False,28.2,64,68,0,11,65,0.0,0.0,0.0,0.0,0.0,9.7
2020-05-26 03:30:00,0.0,0.0,9487.0,18,4136001,,0.25,True,0.0,0.0,24.867053066666667,23.70800986666667,0.0,False,28.2,64,68,0,11,65,0.0,0.0,0.0,0.0,0.0,9.7
2020-05-26 03:45:00,0.0,0.0,9487.0,18,4136001,,0.25,True,0.0,0.0,24.683298068965517,22.948253793103447,0.0,False,28.2,64,68,0,11,65,0.0,0.0,0.0,0.0,0.0,9.7
2020-05-26 04:00:00,0.0,0.0,9487.0,18,4136001,,0.25,True,0.0,0.0,24.555170766666667,22.6975231,0.0,False,27.4,76,16,2,10,6,0.0,0.0,0.0,0.0,0.0,14.0
2020-05-26 04:15:00,0.0,0.0,7842.0,18,4136001,,0.25,True,0.0,0.0,24.32685389655173,22.39847658620689,0.0,False,27.4,76,16,2,10,6,0.0,0.0,0.0,0.0,0.0,14.0
2020-05-26 04:30:00,0.0,0.0,6197.0,18,4136001,,0.25,True,0.0,0.0,24.26740726666667,22.155735233333328,0.0,False,27.4,76,16,2,10,6,0.0,0.0,0.0,0.0,0.0,14.0
2020-05-26 04:45:00,0.0,0.0,6197.0,18,4136001,,0.25,True,0.0,0.0,24.230326533333333,21.9190888,0.0,False,27.4,76,16,2,10,6,0.0,0.0,0.0,0.0,0.0,14.0
2020-05-26 05:00:00,0.0,0.0,6197.0,18,4136001,,0.25,True,0.0,0.0,24.10113010344827,21.67725248275863,0.0,False,27.4,75,11,1,7,0,0.0,0.0,0.0,0.0,0.0,14.8
2020-05-26 05:15:00,0.0,0.0,6197.0,18,4136001,,0.25,True,0.0,0.0,23.952657033333335,21.39651183333333,0.0,False,27.4,75,11,1,7,0,0.0,0.0,0.0,0.0,0.0,14.8
2020-05-26 05:30:00,0.0,0.0,0.0,18,4136001,,0.25,True,0.0,0.0,23.605529633333333,21.3432689,0.0,False,27.4,75,11,1,7,0,0.0,0.0,0.0,0.0,0.0,14.8
2020-05-26 05:45:00,0.0,0.0,0.0,18,4136001,,0.25,True,0.0,0.0,23.60175417241379,21.20069506896552,0.0014217668682758,False,27.4,75,11,1,7,0,0.0,0.0,0.0,0.0,0.0,14.8
2020-05-26 06:00:00,309.00666666666666,298.29333333333335,28.46666666666667,18,4136001,0.9653297663480832,0.25,True,74.57333333333334,77.25166666666667,23.248244166666662,21.408766666666665,0.01306554796,False,27.6,77,5,3,3,0,0.0,17.0,4.0,13.0,42.6,17.0
2020-05-26 06:15:00,884.875238095238,855.9538095238096,166.7095238095238,18,4136001,0.9673158120757407,0.25,True,213.9884523809524,221.2188095238095,23.36390234482759,21.92561724137931,0.0345209819310344,False,27.6,77,5,3,3,0,0.0,17.0,4.0,13.0,42.6,17.0
2020-05-26 06:30:00,1625.3347619047618,1578.0866666666666,466.5857142857143,18,4136001,0.9709302376682547,0.25,True,394.52166666666665,406.33369047619044,23.820372633333328,23.0798798,0.0596383301333333,False,27.6,77,5,3,3,0,0.0,17.0,4.0,13.0,42.6,17.0
2020-05-26 06:45:00,2508.930476190476,2446.794761904762,957.6476190476191,18,4136001,0.9752341825031118,0.25,True,611.6986904761904,627.232619047619,24.676736466666668,24.9631765,0.0955279817666666,False,27.6,77,5,3,3,0,0.0,17.0,4.0,13.0,42.6,17.0
2020-05-26 07:00:00,3577.6657142857143,3506.848571428571,1685.5809523809523,18,4136001,0.9802057686456371,0.25,True,876.7121428571428,894.4164285714286,25.71168996551724,27.316039000000004,0.1609921791724138,False,28.2,73,6,5,1,0,0.0,162.0,88.0,74.0,342.1,16.2
2020-05-26 07:15:00,4856.986666666667,4765.26,2714.6,18,4136001,0.9811144907404866,0.25,True,1191.315,1214.2466666666667,26.537083033333328,30.19405516666666,0.229912392,False,28.2,73,6,5,1,0,0.0,162.0,88.0,74.0,342.1,16.2
2020-05-26 07:30:00,6254.0,6146.9,4095.333333333333,18,4136001,0.9828749600255836,0.25,True,1536.725,1563.5,27.06469403448276,33.83034337931035,0.2940933110344827,False,28.2,73,6,5,1,0,0.0,162.0,88.0,74.0,342.1,16.2
2020-05-26 07:45:00,7769.71380952381,7628.56238095238,5813.519047619047,18,4136001,0.9818331238406218,0.25,True,1907.140595238095,1942.4284523809524,27.74542343333334,37.048123366666665,0.3591600466666666,False,28.2,73,6,5,1,0,0.0,162.0,88.0,74.0,342.1,16.2
2020-05-26 08:00:00,9283.019047619047,9100.953333333333,7884.290476190476,18,4136001,0.9803872303448078,0.25,True,2275.2383333333332,2320.754761904762,28.37274386206897,39.79584986206896,0.4144524720689655,False,30.2,63,1,1,0,0,0.0,378.0,263.0,115.0,547.3,15.1
2020-05-26 08:15:00,10807.656190476191,10589.797142857144,10306.27619047619,18,4136001,0.9798421559883607,0.25,True,2647.449285714286,2701.914047619048,29.114463266666668,42.41866956666666,0.4670698486666666,False,30.2,63,1,1,0,0,0.0,378.0,263.0,115.0,547.3,15.1
2020-05-26 08:30:00,12149.119999999999,11899.426666666666,13119.666666666666,18,4136001,0.9794476198001721,0.25,True,2974.8566666666666,3037.2799999999997,29.479894833333333,43.39231353333332,0.5148884359999998,False,30.2,63,1,1,0,0,0.0,378.0,263.0,115.0,547.3,15.1
2020-05-26 08:45:00,13557.96,13273.573333333334,16257.6,18,4136001,0.979024376331936,0.25,True,3318.3933333333334,3389.49,29.250902965517245,41.69375503448276,0.5685772948275861,False,30.2,63,1,1,0,0,0.0,378.0,263.0,115.0,547.3,15.1
2020-05-26 09:00:00,14912.540952380952,14594.092857142858,19810.190476190477,18,4136001,0.9786456180569784,0.25,True,3648.5232142857144,3728.135238095238,29.43369843333333,42.97400699999999,0.6259876306666667,False,32.4,54,0,0,0,0,0.0,592.0,456.0,136.0,673.3,12.6
2020-05-26 09:15:00,16030.836190476191,15683.190476190475,23572.128571428573,18,4136001,0.9783139375791108,0.25,True,3920.797619047619,4007.709047619048,30.01162086206897,45.39386427586206,0.6809812241379309,False,32.4,54,0,0,0,0,0.0,592.0,456.0,136.0,673.3,12.6
2020-05-26 09:30:00,17000.40095238095,16626.942857142858,27549.461904761905,18,4136001,0.9780323948662053,0.25,True,4156.7357142857145,4250.100238095238,31.118697033333337,48.9055509,0.7296872236666668,False,32.4,54,0,0,0,0,0.0,592.0,456.0,136.0,673.3,12.6
2020-05-26 09:45:00,16240.486666666668,15878.353333333333,31623.266666666666,18,4136001,0.9777018176384696,0.25,True,3969.588333333333,4060.121666666667,31.270243689655167,48.96429320689655,0.7733682055172415,False,32.4,54,0,0,0,0,0.0,592.0,456.0,136.0,673.3,12.6
2020-05-26 10:00:00,15844.859999999999,15485.92,35648.933333333334,18,4136001,0.9773465969405852,0.25,True,3871.48,3961.2149999999997,31.42967723333333,49.56611956666666,0.8099763006666665,False,34.4,46,2,1,0,0,0.0,782.0,633.0,149.0,759.1,10.6
2020-05-26 10:15:00,16322.097142857143,15946.645714285714,39371.64285714286,18,4136001,0.9769973536313786,0.25,True,3986.6614285714286,4080.5242857142857,31.98654983333333,51.735156,0.8409387246666667,False,34.4,46,2,1,0,0,0.0,782.0,633.0,149.0,759.1,10.6
2020-05-26 10:30:00,17038.53476190476,16628.588571428572,43561.04285714286,18,4136001,0.9759400561019627,0.25,True,4157.147142857143,4259.63369047619,31.981309517241368,51.08637396551724,0.8708299762068966,False,34.4,46,2,1,0,0,0.0,782.0,633.0,149.0,759.1,10.6
2020-05-26 10:45:00,18309.7,17861.94,47895.73333333333,18,4136001,0.9755452028159936,0.25,True,4465.485,4577.425,32.71930446666667,52.434899833333326,0.8921483193333333,False,34.4,46,2,1,0,0,0.0,782.0,633.0,149.0,759.1,10.6
2020-05-26 11:00:00,17949.176666666666,17507.024761904762,52360.933333333334,18,4136001,0.9753664520120846,0.25,True,4376.756190476191,4487.294166666667,32.877126724137945,52.64238758620688,0.9120311520689653,False,35.9,40,13,13,1,0,0.0,880.0,703.0,177.0,748.0,10.3
2020-05-26 11:15:00,17690.132380952382,17253.537142857145,56272.728571428575,18,4136001,0.9753198433627701,0.25,True,4313.384285714286,4422.5330952380955,33.28965223333333,53.12096660000001,0.9223363586666667,False,35.9,40,13,13,1,0,0.0,880.0,703.0,177.0,748.0,10.3
2020-05-26 11:30:00,15942.34,15549.373333333335,57206.171428571426,18,4136001,0.9753507536116615,0.25,True,3887.3433333333337,3985.585,33.292132034482755,53.4798983448276,0.9279103813793104,False,35.9,40,13,13,1,0,0.0,880.0,703.0,177.0,748.0,10.3
2020-05-26 11:45:00,16026.385714285714,15631.268095238096,61116.938095238096,18,4136001,0.9753458062165935,0.25,True,3907.817023809524,4006.5964285714285,33.788357466666675,54.01042590000001,0.9206189096666668,False,35.9,40,13,13,1,0,0.0,880.0,703.0,177.0,748.0,10.3
2020-05-26 12:00:00,16173.673333333332,15774.78,65047.46666666666,18,4136001,0.9753368746164035,0.25,True,3943.695,4043.418333333333,34.13226224137932,53.987062379310345,0.9187599279310344,False,37.1,36,23,6,22,0,0.0,933.0,747.0,186.0,756.2,10.0
2020-05-26 12:15:00,16186.07142857143,15785.48142857143,69062.1857142857,18,4136001,0.9752509432713312,0.25,True,3946.3703571428573,4046.5178571428573,34.20905173333334,53.7587892,0.8841375929999998,False,37.1,36,23,6,22,0,0.0,933.0,747.0,186.0,756.2,10.0
2020-05-26 12:30:00,16263.636666666667,15860.725238095236,72947.01428571428,18,4136001,0.9752262401805112,0.25,True,3965.181309523809,4065.909166666667,34.99182436666668,55.36570216666665,0.9052871096666664,False,37.1,36,23,6,22,0,0.0,933.0,747.0,186.0,756.2,10.0
2020-05-26 12:45:00,16108.409523809523,15710.013333333332,76859.56666666667,18,4136001,0.9752678133811207,0.25,True,3927.503333333333,4027.102380952381,35.052430241379305,56.085830103448274,0.8976051606896552,False,37.1,36,23,6,22,0,0.0,933.0,747.0,186.0,756.2,10.0
2020-05-26 13:00:00,15916.179999999998,15522.686666666666,80780.53333333333,18,4136001,0.9752771498353667,0.25,True,3880.6716666666666,3979.0449999999996,35.18206683333334,56.01871870000001,0.8801019616666667,False,37.7,32,43,0,43,0,0.0,813.0,617.0,196.0,633.1,6.9
2020-05-26 13:15:00,15654.226666666666,15275.346666666666,84644.26666666666,18,4136001,0.9757969519627074,0.25,True,3818.8366666666666,3913.5566666666664,35.11403779310345,54.24776093103447,0.7367161268965517,False,37.7,32,43,0,43,0,0.0,813.0,617.0,196.0,633.1,6.9
2020-05-26 13:30:00,15843.439047619046,15460.34380952381,88459.41428571429,18,4136001,0.9758199443350776,0.25,True,3865.0859523809527,3960.8597619047614,34.84871736666668,49.844618366666666,0.7406371426666668,False,37.7,32,43,0,43,0,0.0,813.0,617.0,196.0,633.1,6.9
2020-05-26 13:45:00,17481.529523809524,17053.92095238095,92587.94285714286,18,4136001,0.9755394074159142,0.25,True,4263.480238095238,4370.382380952381,35.276455896551724,52.93590996551725,0.8554158268965517,False,37.7,32,43,0,43,0,0.0,813.0,617.0,196.0,633.1,6.9
2020-05-26 14:00:00,16922.141904761906,16518.301904761905,96740.44761904761,18,4136001,0.976135408728232,0.25,True,4129.575476190476,4230.535476190476,35.58944219999999,53.72626433333332,0.8205244800000001,False,37.5,32,30,0,30,0,0.0,634.0,380.0,254.0,421.7,5.9
2020-05-26 14:15:00,15888.286666666665,15529.819999999998,100754.26666666666,18,4136001,0.9774383057036148,0.25,True,3882.4549999999995,3972.0716666666663,35.851493034482765,52.710907793103445,0.6559813148275863,False,37.5,32,30,0,30,0,0.0,634.0,380.0,254.0,421.7,5.9
2020-05-26 14:30:00,17724.273333333334,17324.253333333334,104855.46666666666,18,4136001,0.977430950624774,0.25,True,4331.0633333333335,4431.068333333334,35.536838,51.79687606666668,0.7535172576666666,False,37.5,32,30,0,30,0,0.0,634.0,380.0,254.0,421.7,5.9
2020-05-26 14:45:00,17139.95380952381,16757.5,109180.47142857143,18,4136001,0.9776864153909622,0.25,True,4189.375,4284.988452380952,35.52243240000001,52.3770518,0.7243150323333335,False,37.5,32,30,0,30,0,0.0,634.0,380.0,254.0,421.7,5.9
2020-05-26 15:00:00,15908.048095238093,15559.263809523809,113215.16666666667,18,4136001,0.9780749791787033,0.25,True,3889.8159523809522,3977.0120238095233,35.69397924137931,51.18871013793104,0.6602756279310344,False,38.1,30,40,0,40,0,0.0,537.0,355.0,182.0,459.6,4.3
2020-05-26 15:15:00,14816.986666666666,14497.114285714286,116940.9857142857,18,4136001,0.9784117791188955,0.25,True,3624.2785714285715,3704.2466666666664,35.67794563333332,49.94267583333334,0.608282797,False,38.1,30,40,0,40,0,0.0,537.0,355.0,182.0,459.6,4.3
2020-05-26 15:30:00,13146.726666666666,12868.94,120352.93333333333,18,4136001,0.9788702789895991,0.25,True,3217.235,3286.6816666666664,35.71428710344828,48.47235203448275,0.5435938762068965,False,38.1,30,40,0,40,0,0.0,537.0,355.0,182.0,459.6,4.3
2020-05-26 15:45:00,12448.647142857142,12189.014761904762,123497.5380952381,18,4136001,0.9791437271879496,0.25,True,3047.2536904761905,3112.1617857142855,35.899236233333326,47.2197897,0.5014666836666666,False,38.1,30,40,0,40,0,0.0,537.0,355.0,182.0,459.6,4.3
2020-05-26 16:00:00,11201.34,10972.140000000001,126416.66666666666,18,4136001,0.9795381623984274,0.25,True,2743.0350000000003,2800.335,35.93234362068964,46.234041620689645,0.4523626286206896,False,37.7,30,40,0,39,3,0.0,398.0,268.0,130.0,448.8,5.0
2020-05-26 16:15:00,9993.772857142856,9793.207142857143,128999.7761904762,18,4136001,0.9799309312756331,0.25,True,2448.301785714286,2498.443214285714,35.85735566666667,45.09171560000001,0.4015102666666665,False,37.7,30,40,0,39,3,0.0,398.0,268.0,130.0,448.8,5.0
2020-05-26 16:30:00,9170.422857142856,8989.041428571429,131325.11428571428,18,4136001,0.9802210398149581,0.25,True,2247.260357142857,2292.605714285714,36.129733133333325,44.49659299999999,0.36875262,False,37.7,30,40,0,39,3,0.0,398.0,268.0,130.0,448.8,5.0
2020-05-26 16:45:00,7735.673333333333,7589.833333333333,133491.13333333333,18,4136001,0.9811470839427036,0.25,True,1897.4583333333333,1933.9183333333333,36.31928237931035,44.1855354137931,0.3133076403448276,False,37.7,30,40,0,39,3,0.0,398.0,268.0,130.0,448.8,5.0
2020-05-26 17:00:00,3714.1709523809523,3641.758571428571,134611.5285714286,18,4136001,0.9805037565904279,0.25,True,910.4396428571428,928.5427380952381,35.64510623333332,40.699245066666656,0.1544300921666666,False,34.1,40,100,0,42,55,0.0,154.0,80.0,74.0,206.5,9.7
2020-05-26 17:15:00,2846.9161904761904,2788.752380952381,135658.34285714285,18,4136001,0.9795695392374439,0.25,True,697.1880952380952,711.7290476190476,35.023723517241386,37.51514403448276,0.1153053336896551,False,34.1,40,100,0,42,55,0.0,154.0,80.0,74.0,206.5,9.7
2020-05-26 17:30:00,2279.8514285714286,2221.102380952381,136289.40476190473,18,4136001,0.9742311946810234,0.25,True,555.2755952380952,569.9628571428572,34.622871999999994,36.126862733333326,0.0905732479333333,False,34.1,40,100,0,42,55,0.0,154.0,80.0,74.0,206.5,9.7
2020-05-26 17:45:00,1326.4066666666665,1286.58,136210.93333333332,18,4136001,0.9699740150079664,0.25,True,321.645,331.60166666666663,34.1636985862069,34.68681917241379,0.0522844154827586,False,34.1,40,100,0,42,55,0.0,154.0,80.0,74.0,206.5,9.7
2020-05-26 18:00:00,778.3666666666667,752.6933333333333,136977.93333333332,18,4136001,0.9670164018671576,0.25,True,188.17333333333332,194.59166666666667,33.8638795,33.452122066666675,0.0313217537333333,False,32.7,48,34,0,24,19,0.0,58.0,18.0,40.0,111.7,7.7
2020-05-26 18:15:00,629.3885714285714,608.2319047619047,130259.62857142856,18,4136001,0.9663853656912681,0.25,True,152.05797619047618,157.34714285714284,33.747506566666665,32.907039433333324,0.0271783938333333,False,32.7,48,34,0,24,19,0.0,58.0,18.0,40.0,111.7,7.7
2020-05-26 18:30:00,406.75333333333333,392.81333333333333,127893.53333333331,18,4136001,0.9657286152131513,0.25,True,98.20333333333333,101.68833333333333,33.429941000000014,32.58182196551724,0.0181047242413793,False,32.7,48,34,0,24,19,0.0,58.0,18.0,40.0,111.7,7.7
2020-05-26 18:45:00,23.03761904761905,22.245714285714286,127940.30476190476,18,4136001,0.9656255813472787,0.25,True,5.561428571428571,5.759404761904762,32.90912056666667,31.7251761,0.0027898978513333,False,32.7,48,34,0,24,19,0.0,58.0,18.0,40.0,111.7,7.7
2020-05-26 19:00:00,0.0,0.0,127941.0,18,4136001,,0.25,True,0.0,0.0,32.57301940000001,31.0817933,0.0,False,32.3,50,18,0,16,5,0.0,1.0,0.0,1.0,0.0,5.5
2020-05-26 19:15:00,0.0,0.0,127941.0,18,4136001,,0.25,True,0.0,0.0,32.22199196551724,30.624296,0.0,False,32.3,50,18,0,16,5,0.0,1.0,0.0,1.0,0.0,5.5
2020-05-26 19:30:00,0.0,0.0,127941.0,18,4136001,,0.25,True,0.0,0.0,32.0799193,30.424236099999995,0.0,False,32.3,50,18,0,16,5,0.0,1.0,0.0,1.0,0.0,5.5
2020-05-26 19:45:00,0.0,0.0,127941.0,18,4136001,,0.25,True,0.0,0.0,31.80501475862069,30.09996089655173,0.0,False,32.3,50,18,0,16,5,0.0,1.0,0.0,1.0,0.0,5.5
2020-05-26 20:00:00,0.0,0.0,127941.0,18,4136001,,0.25,True,0.0,0.0,31.45492246666667,30.05427043333334,0.0,False,31.8,52,17,0,16,3,0.0,0.0,0.0,0.0,0.0,6.1
2020-05-26 20:15:00,0.0,0.0,127941.0,18,4136001,,0.25,True,0.0,0.0,31.126100566666665,29.75645233333333,0.0,False,31.8,52,17,0,16,3,0.0,0.0,0.0,0.0,0.0,6.1
2020-05-26 20:30:00,0.0,0.0,127941.0,18,4136001,,0.25,True,0.0,0.0,30.858330896551724,29.46983806896552,0.0,False,31.8,52,17,0,16,3,0.0,0.0,0.0,0.0,0.0,6.1
2020-05-26 20:45:00,0.0,0.0,127941.0,18,4136001,,0.25,True,0.0,0.0,30.67841600000001,29.306706600000005,0.0,False,31.8,52,17,0,16,3,0.0,0.0,0.0,0.0,0.0,6.1
2020-05-26 21:00:00,0.0,0.0,127941.0,18,4136001,,0.25,True,0.0,0.0,30.486038333333337,29.092833533333337,0.0,False,31.2,55,29,0,29,0,0.0,0.0,0.0,0.0,0.0,9.9
2020-05-26 21:15:00,0.0,0.0,127941.0,18,4136001,,0.25,True,0.0,0.0,30.262353379310344,28.856250758620693,0.0,False,31.2,55,29,0,29,0,0.0,0.0,0.0,0.0,0.0,9.9
2020-05-26 21:30:00,0.0,0.0,127941.0,18,4136001,,0.25,True,0.0,0.0,30.004433033333328,28.625546266666667,0.0,False,31.2,55,29,0,29,0,0.0,0.0,0.0,0.0,0.0,9.9
2020-05-26 21:45:00,0.0,0.0,127941.0,18,4136001,,0.25,True,0.0,0.0,29.73663531034483,28.47653510344828,0.0,False,31.2,55,29,0,29,0,0.0,0.0,0.0,0.0,0.0,9.9
2020-05-26 22:00:00,0.0,0.0,127941.0,18,4136001,,0.25,True,0.0,0.0,29.409286366666677,28.10703326666667,0.0,False,30.6,57,33,0,33,0,0.0,0.0,0.0,0.0,0.0,13.5
2020-05-26 22:15:00,0.0,0.0,127941.0,18,4136001,,0.25,True,0.0,0.0,29.19312466666667,27.9139822,0.0,False,30.6,57,33,0,33,0,0.0,0.0,0.0,0.0,0.0,13.5
2020-05-26 22:30:00,0.0,0.0,127941.0,18,4136001,,0.25,True,0.0,0.0,28.909453172413787,27.65186386206896,0.0,False,30.6,57,33,0,33,0,0.0,0.0,0.0,0.0,0.0,13.5
2020-05-26 22:45:00,0.0,0.0,127941.0,18,4136001,,0.25,True,0.0,0.0,28.729790133333328,27.43372276666667,0.0,False,30.6,57,33,0,33,0,0.0,0.0,0.0,0.0,0.0,13.5
2020-05-26 23:00:00,0.0,0.0,127941.0,18,4136001,,0.25,True,0.0,0.0,28.394730206896547,27.17892455172414,0.0,False,30.0,59,26,0,26,0,0.0,0.0,0.0,0.0,0.0,17.4
2020-05-26 23:15:00,0.0,0.0,127941.0,18,4136001,,0.25,True,0.0,0.0,28.08758353333333,26.901304100000004,0.0,False,30.0,59,26,0,26,0,0.0,0.0,0.0,0.0,0.0,17.4
2020-05-26 23:30:00,0.0,0.0,127941.0,18,4136001,,0.25,True,0.0,0.0,27.919102966666667,26.765421533333345,0.0,False,30.0,59,26,0,26,0,0.0,0.0,0.0,0.0,0.0,17.4
2020-05-26 23:45:00,0.0,0.0,113394.06666666667,18,4136001,,0.25,True,0.0,0.0,27.749124413793112,26.54149862068965,0.0,False,30.0,59,26,0,26,0,0.0,0.0,0.0,0.0,0.0,17.4
2020-05-27 00:00:00,0.0,0.0,42731.619047619046,18,4136001,,0.25,True,0.0,0.0,27.54517020000001,26.290302733333327,0.0,False,29.0,63,56,0,20,45,0.0,0.0,0.0,0.0,0.0,15.8
2020-05-27 00:15:00,0.0,0.0,20850.0,18,4136001,,0.25,True,0.0,0.0,27.3088651724138,25.93619079310345,0.0,False,29.0,63,56,0,20,45,0.0,0.0,0.0,0.0,0.0,15.8
2020-05-27 00:30:00,0.0,0.0,20850.0,18,4136001,,0.25,True,0.0,0.0,27.243481233333338,25.818330900000003,0.0,False,29.0,63,56,0,20,45,0.0,0.0,0.0,0.0,0.0,15.8
2020-05-27 00:45:00,0.0,0.0,20850.0,18,4136001,,0.25,True,0.0,0.0,27.037514333333338,25.7874807,0.0,False,29.0,63,56,0,20,45,0.0,0.0,0.0,0.0,0.0,15.8
2020-05-27 01:00:00,0.0,0.0,20850.0,18,4136001,,0.25,True,0.0,0.0,26.721017896551725,25.61978475862069,0.0,False,28.4,66,60,0,18,52,0.0,0.0,0.0,0.0,0.0,18.3
2020-05-27 01:15:00,0.0,0.0,20850.0,18,4136001,,0.25,True,0.0,0.0,26.4405285,25.53565873333333,0.0,False,28.4,66,60,0,18,52,0.0,0.0,0.0,0.0,0.0,18.3
2020-05-27 01:30:00,0.0,0.0,17049.6,18,4136001,,0.25,True,0.0,0.0,26.336817137931032,25.409315517241385,0.0,False,28.4,66,60,0,18,52,0.0,0.0,0.0,0.0,0.0,18.3
2020-05-27 01:45:00,0.0,0.0,11349.0,18,4136001,,0.25,True,0.0,0.0,26.302457966666665,25.441988166666675,0.0,False,28.4,66,60,0,18,52,0.0,0.0,0.0,0.0,0.0,18.3
2020-05-27 02:00:00,0.0,0.0,11349.0,18,4136001,,0.25,True,0.0,0.0,26.29570036666667,25.482374166666677,0.0,False,28.0,69,14,0,14,0,0.0,0.0,0.0,0.0,0.0,17.3
2020-05-27 02:15:00,0.0,0.0,11349.0,18,4136001,,0.25,True,0.0,0.0,26.32174162068965,25.656483517241384,0.0,False,28.0,69,14,0,14,0,0.0,0.0,0.0,0.0,0.0,17.3
2020-05-27 02:30:00,0.0,0.0,11349.0,18,4136001,,0.25,True,0.0,0.0,26.358147999999996,25.897240100000005,0.0,False,28.0,69,14,0,14,0,0.0,0.0,0.0,0.0,0.0,17.3
2020-05-27 02:45:00,0.0,0.0,11349.0,18,4136001,,0.25,True,0.0,0.0,26.346510068965515,25.92935379310345,0.0,False,28.0,69,14,0,14,0,0.0,0.0,0.0,0.0,0.0,17.3
2020-05-27 03:00:00,0.0,0.0,11349.0,18,4136001,,0.25,True,0.0,0.0,26.33055106666666,25.81833503333333,0.0,False,27.7,73,9,0,9,0,0.0,0.0,0.0,0.0,0.0,16.5
2020-05-27 03:15:00,0.0,0.0,11349.0,18,4136001,,0.25,True,0.0,0.0,26.293633066666665,25.58749793333333,0.0,False,27.7,73,9,0,9,0,0.0,0.0,0.0,0.0,0.0,16.5
2020-05-27 03:30:00,0.0,0.0,11349.0,18,4136001,,0.25,True,0.0,0.0,26.139750413793102,25.266624482758615,0.0,False,27.7,73,9,0,9,0,0.0,0.0,0.0,0.0,0.0,16.5
2020-05-27 03:45:00,0.0,0.0,11349.0,18,4136001,,0.25,True,0.0,0.0,25.990677766666664,24.988451099999995,0.0,False,27.7,73,9,0,9,0,0.0,0.0,0.0,0.0,0.0,16.5
2020-05-27 04:00:00,0.0,0.0,11349.0,18,4136001,,0.25,True,0.0,0.0,25.853110586206896,24.63523813793103,0.0,False,27.3,75,7,0,6,1,0.0,0.0,0.0,0.0,0.0,15.3
2020-05-27 04:15:00,0.0,0.0,7956.8,18,4136001,,0.25,True,0.0,0.0,25.72998553333333,24.491960533333334,0.0,False,27.3,75,7,0,6,1,0.0,0.0,0.0,0.0,0.0,15.3
2020-05-27 04:30:00,0.0,0.0,4080.0,18,4136001,,0.25,True,0.0,0.0,25.6414103,24.403943,0.0,False,27.3,75,7,0,6,1,0.0,0.0,0.0,0.0,0.0,15.3
2020-05-27 04:45:00,0.0,0.0,4080.0,18,4136001,,0.25,True,0.0,0.0,25.632463206896556,24.421985482758625,0.0,False,27.3,75,7,0,6,1,0.0,0.0,0.0,0.0,0.0,15.3
2020-05-27 05:00:00,0.0,0.0,4080.0,18,4136001,,0.25,True,0.0,0.0,25.662893466666667,24.5508331,0.0,False,26.7,76,5,0,3,1,0.0,0.0,0.0,0.0,0.0,16.2
2020-05-27 05:15:00,0.0,0.0,4080.0,18,4136001,,0.25,True,0.0,0.0,25.65468393103448,24.54721051724137,0.0,False,26.7,76,5,0,3,1,0.0,0.0,0.0,0.0,0.0,16.2
2020-05-27 05:30:00,0.0,0.0,272.0,18,4136001,,0.25,True,0.0,0.0,25.67775883333333,24.7202515,8.957014266666669e-06,False,26.7,76,5,0,3,1,0.0,0.0,0.0,0.0,0.0,16.2
2020-05-27 05:45:00,0.0,0.0,0.0,18,4136001,,0.25,True,0.0,0.0,25.8521579,25.229091366666665,0.0010940335161666,False,26.7,76,5,0,3,1,0.0,0.0,0.0,0.0,0.0,16.2
2020-05-27 06:00:00,253.4819047619048,244.78714285714284,15.161904761904761,18,4136001,0.9656986879874959,0.25,True,61.19678571428571,63.3704761904762,25.866408896551725,25.49740079310345,0.013587657275862,False,26.6,76,4,0,2,2,0.0,18.0,4.0,14.0,42.6,16.3
2020-05-27 06:15:00,706.7104761904762,683.1995238095237,133.86666666666667,18,4136001,0.966731846812731,0.25,True,170.79988095238093,176.67761904761906,25.87323526666667,25.523671366666665,0.0311494365,False,26.6,76,4,0,2,2,0.0,18.0,4.0,14.0,42.6,16.3
2020-05-27 06:30:00,1387.1057142857142,1345.6714285714286,376.56190476190477,18,4136001,0.9701289632884095,0.25,True,336.41785714285714,346.77642857142854,25.858954275862068,25.846911,0.0565350018275862,False,26.6,76,4,0,2,2,0.0,18.0,4.0,14.0,42.6,16.3
2020-05-27 06:45:00,2176.08,2117.62,805.6,18,4136001,0.9731351788537186,0.25,True,529.405,544.02,26.015494833333324,26.7628153,0.0924335526333333,False,26.6,76,4,0,2,2,0.0,18.0,4.0,14.0,42.6,16.3
2020-05-27 07:00:00,3139.4133333333334,3076.4733333333334,1449.2,18,4136001,0.9799516682522424,0.25,True,769.1183333333333,784.8533333333334,26.345866766666663,28.121514933333334,0.1447626058666667,False,28.0,71,2,0,2,0,0.0,161.0,88.0,73.0,342.0,14.8
2020-05-27 07:15:00,4176.7814285714285,4096.091428571429,2330.8142857142857,18,4136001,0.9806812969795267,0.25,True,1024.0228571428572,1044.1953571428571,26.68681624137931,29.731587344827584,0.2032806665517241,False,28.0,71,2,0,2,0,0.0,161.0,88.0,73.0,342.0,14.8
2020-05-27 07:30:00,5534.891428571429,5438.863809523809,3497.0857142857144,18,4136001,0.9826504963490486,0.25,True,1359.7159523809523,1383.7228571428573,27.126970233333328,31.624971533333333,0.2717896166666667,False,28.0,71,2,0,2,0,0.0,161.0,88.0,73.0,342.0,14.8
2020-05-27 07:45:00,6972.373333333333,6848.608095238095,5003.590476190476,18,4136001,0.9822491951910343,0.25,True,1712.1520238095238,1743.0933333333332,27.6012014,33.841401999999995,0.3388386143333332,False,28.0,71,2,0,2,0,0.0,161.0,88.0,73.0,342.0,14.8
2020-05-27 08:00:00,8480.699999999999,8315.26,6940.2,18,4136001,0.9804921763533672,0.25,True,2078.815,2120.1749999999997,27.946249172413797,35.547710517241384,0.3980809603448276,False,30.5,60,1,0,1,0,0.0,375.0,262.0,113.0,545.4,13.8
2020-05-27 08:15:00,9805.046666666667,9608.74,9196.866666666667,18,4136001,0.9799790176079393,0.25,True,2402.185,2451.2616666666668,28.348582066666665,36.97313136666667,0.4448523619999999,False,30.5,60,1,0,1,0,0.0,375.0,262.0,113.0,545.4,13.8
2020-05-27 08:30:00,11243.5,11013.166666666666,11808.333333333332,18,4136001,0.979514089622152,0.25,True,2753.2916666666665,2810.875,28.668387482758625,38.95141403448275,0.4987673606896552,False,30.5,60,1,0,1,0,0.0,375.0,262.0,113.0,545.4,13.8
2020-05-27 08:45:00,12507.237619047619,12246.20619047619,14665.147619047619,18,4136001,0.9791295698920842,0.25,True,3061.5515476190476,3126.8094047619047,29.114828566666667,40.6182475,0.5528661323333331,False,30.5,60,1,0,1,0,0.0,375.0,262.0,113.0,545.4,13.8
2020-05-27 09:00:00,13738.513333333332,13446.573333333334,17810.6,18,4136001,0.9787502480860375,0.25,True,3361.6433333333334,3434.628333333333,29.509938137931037,42.32373655172415,0.6103561627586208,False,32.9,51,0,0,0,0,0.0,589.0,450.0,139.0,664.8,11.9
2020-05-27 09:15:00,14144.46,13838.893333333333,20187.533333333333,18,4136001,0.9783967244655034,0.25,True,3459.7233333333334,3536.115,30.09863990000001,44.7662934,0.6693973010000001,False,32.9,51,0,0,0,0,0.0,589.0,450.0,139.0,664.8,11.9
2020-05-27 09:30:00,12426.693333333333,12154.786666666665,20620.4,18,4136001,0.9781191456670693,0.25,True,3038.6966666666663,3106.673333333333,30.5813742,46.6188518,0.718648328,False,32.9,51,0,0,0,0,0.0,589.0,450.0,139.0,664.8,11.9
2020-05-27 09:45:00,10937.683809523809,10694.811428571427,23437.428571428572,18,4136001,0.97779489833662,0.25,True,2673.702857142857,2734.4209523809523,30.935180586206897,48.113867379310335,0.7639972810344828,False,32.9,51,0,0,0,0,0.0,589.0,450.0,139.0,664.8,11.9
2020-05-27 10:00:00,10630.061428571427,10391.484761904761,26044.185714285715,18,4136001,0.9775564169342031,0.25,True,2597.8711904761903,2657.515357142857,31.31298023333333,49.45657856666668,0.79805604,False,34.8,44,2,2,1,0,0.0,768.0,612.0,156.0,734.3,12.3
2020-05-27 10:15:00,10853.013333333332,10605.926666666666,28634.466666666667,18,4136001,0.9772333582316923,0.25,True,2651.4816666666666,2713.253333333333,31.922479241379317,51.56761858620689,0.8365737737931034,False,34.8,44,2,2,1,0,0.0,768.0,612.0,156.0,734.3,12.3
2020-05-27 10:30:00,11017.02,10753.193333333333,31379.13333333333,18,4136001,0.9760528104091063,0.25,True,2688.298333333333,2754.255,32.06901443333333,51.58849673333333,0.8668503409999999,False,34.8,44,2,2,1,0,0.0,768.0,612.0,156.0,734.3,12.3
2020-05-27 10:45:00,10394.0,10141.0,33992.066666666666,18,4136001,0.9756590340581105,0.25,True,2535.25,2598.5,32.310293586206896,54.26625848275863,0.8864955837931034,False,34.8,44,2,2,1,0,0.0,768.0,612.0,156.0,734.3,12.3
2020-05-27 11:00:00,10247.499523809523,9996.518095238096,36531.28571428572,18,4136001,0.9755080321801153,0.25,True,2499.129523809524,2561.874880952381,32.85389013333333,56.9974366,0.9083214753333332,False,36.4,38,13,1,12,0,0.0,882.0,713.0,169.0,759.0,12.4
2020-05-27 11:15:00,9572.166666666668,9336.726666666667,38865.066666666666,18,4136001,0.9754036877753207,0.25,True,2334.181666666667,2393.041666666667,33.18971146666667,57.36328196666668,0.922354443,False,36.4,38,13,1,12,0,0.0,882.0,713.0,169.0,759.0,12.4
2020-05-27 11:30:00,9698.58,9459.286666666667,41253.666666666664,18,4136001,0.9753269722646684,0.25,True,2364.8216666666667,2424.645,33.38143824137932,57.823421,0.9298871575862068,False,36.4,38,13,1,12,0,0.0,882.0,713.0,169.0,759.0,12.4
2020-05-27 11:45:00,9723.566666666668,9483.66,43651.73333333333,18,4136001,0.9753272975965608,0.25,True,2370.915,2430.891666666667,33.659670966666674,59.5346814,0.9260495819999998,False,36.4,38,13,1,12,0,0.0,882.0,713.0,169.0,759.0,12.4
2020-05-27 12:00:00,9824.152857142857,9581.570952380953,46031.51904761905,18,4136001,0.9753076007377542,0.25,True,2395.392738095238,2456.0382142857143,33.98225544827586,59.858907724137936,0.9195128537931032,False,37.3,35,22,0,22,0,0.0,889.0,705.0,184.0,714.0,12.8
2020-05-27 12:15:00,9953.925714285715,9708.235714285714,48388.25714285715,18,4136001,0.9753172761127411,0.25,True,2427.0589285714286,2488.4814285714288,34.103615266666665,59.78954180000001,0.9092761316666667,False,37.3,35,22,0,22,0,0.0,889.0,705.0,184.0,714.0,12.8
2020-05-27 12:30:00,11058.553333333333,10784.82,50910.0,18,4136001,0.9752469129476248,0.25,True,2696.205,2764.6383333333333,34.4032065,61.01963693333333,0.9003745003333333,False,37.3,35,22,0,22,0,0.0,889.0,705.0,184.0,714.0,12.8
2020-05-27 12:45:00,10980.62,10709.086666666666,53645.46666666667,18,4136001,0.9752715845431921,0.25,True,2677.2716666666665,2745.155,35.2097264137931,62.2064442413793,0.894425374137931,False,37.3,35,22,0,22,0,0.0,889.0,705.0,184.0,714.0,12.8
2020-05-27 13:00:00,10824.0,10556.86,55965.6,18,4136001,0.975319660014782,0.25,True,2639.215,2706.0,34.87108163333334,59.03612156666667,0.8813539596666666,False,37.5,34,22,0,22,0,0.0,795.0,591.0,204.0,606.6,13.5
2020-05-27 13:15:00,10753.619999999999,10490.066666666668,59017.13333333334,18,4136001,0.9754916638924073,0.25,True,2622.516666666667,2688.4049999999997,34.894239724137925,58.56227693103449,0.871650222413793,False,37.5,34,22,0,22,0,0.0,795.0,591.0,204.0,606.6,13.5
2020-05-27 13:30:00,10375.480476190476,10124.268095238096,61586.47619047619,18,4136001,0.9757878797489081,0.25,True,2531.067023809524,2593.870119047619,35.0906768,59.08446826666666,0.8556886543333331,False,37.5,34,22,0,22,0,0.0,795.0,591.0,204.0,606.6,13.5
2020-05-27 13:45:00,11227.38,10960.513333333334,64163.066666666666,18,4136001,0.9762307264324656,0.25,True,2740.1283333333336,2806.845,35.51851879310345,58.420965896551714,0.8315519148275862,False,37.5,34,22,0,22,0,0.0,795.0,591.0,204.0,606.6,13.5
2020-05-27 14:00:00,11949.614761904762,11672.124761904763,67021.92380952381,18,4136001,0.9767783308894078,0.25,True,2918.0311904761907,2987.4036904761906,35.476049966666665,56.9033244,0.8040098256666666,False,37.2,34,23,0,23,0,0.0,702.0,491.0,211.0,544.9,10.7
2020-05-27 14:15:00,11604.84,11343.42,69932.93333333333,18,4136001,0.9774731922197979,0.25,True,2835.855,2901.21,35.65742886666667,57.16079906666666,0.7707152826666666,False,37.2,34,23,0,23,0,0.0,702.0,491.0,211.0,544.9,10.7
2020-05-27 14:30:00,12582.698095238095,12302.743333333334,72838.07619047619,18,4136001,0.9777508162569116,0.25,True,3075.6858333333334,3145.6745238095236,35.912321000000006,56.77182734482759,0.727426555862069,False,37.2,34,23,0,23,0,0.0,702.0,491.0,211.0,544.9,10.7
2020-05-27 14:45:00,13353.623076923077,13012.780476190477,76031.56666666667,18,4136001,0.974475646139689,0.25,True,3253.1951190476193,3338.4057692307692,36.235972448275874,57.29486737931035,0.6953102462068966,False,37.2,34,23,0,23,0,0.0,702.0,491.0,211.0,544.9,10.7
2020-05-27 15:00:00,12614.214761904761,12340.388571428572,79165.02857142857,18,4136001,0.9782922523799776,0.25,True,3085.097142857143,3153.5536904761902,36.513027896551726,55.280168379310346,0.6456942672413793,False,37.7,32,26,0,24,4,0.0,598.0,418.0,180.0,541.0,8.9
2020-05-27 15:15:00,14801.120476190477,14483.515238095239,100668.60476190476,18,4136001,0.9785418111685431,0.25,True,3620.8788095238097,3700.2801190476193,36.57019083333334,52.36386706666666,0.6026225323333332,False,37.7,32,26,0,24,4,0.0,598.0,418.0,180.0,541.0,8.9
2020-05-27 15:30:00,14171.606666666667,13872.066666666666,107321.46666666666,18,4136001,0.9788633704670512,0.25,True,3468.0166666666664,3542.9016666666666,36.45769750000001,50.0452634,0.5468141826666665,False,37.7,32,26,0,24,4,0.0,598.0,418.0,180.0,541.0,8.9
2020-05-27 15:45:00,12817.921428571428,12551.959047619048,110648.34761904762,18,4136001,0.9792507402674864,0.25,True,3137.989761904762,3204.480357142857,36.80793193103448,50.016385896551725,0.4925972475862069,False,37.7,32,26,0,24,4,0.0,598.0,418.0,180.0,541.0,8.9
2020-05-27 16:00:00,11513.823333333334,11279.345238095237,113632.10476190476,18,4136001,0.9796350796386404,0.25,True,2819.836309523809,2878.4558333333334,36.71518786666666,48.349578,0.441205682,False,37.8,32,32,0,32,0,0.0,427.0,287.0,140.0,480.2,8.4
2020-05-27 16:15:00,9868.545714285714,9671.76761904762,114665.84285714285,18,4136001,0.9800600715713118,0.25,True,2417.941904761905,2467.1364285714285,36.964430766666666,46.67871173333333,0.383355916,False,37.8,32,32,0,32,0,0.0,427.0,287.0,140.0,480.2,8.4
2020-05-27 16:30:00,8713.986666666666,8545.046666666667,117721.00000000001,18,4136001,0.9806127773127954,0.25,True,2136.2616666666668,2178.4966666666664,36.576483275862074,44.791317793103445,0.3314189710344827,False,37.8,32,32,0,32,0,0.0,427.0,287.0,140.0,480.2,8.4
2020-05-27 16:45:00,7252.44,7124.54,119782.66666666666,18,4136001,0.9823645559287634,0.25,True,1781.135,1813.11,36.52530409999999,42.988296433333325,0.2773934323333332,False,37.8,32,32,0,32,0,0.0,427.0,287.0,140.0,480.2,8.4
2020-05-27 17:00:00,5874.993333333334,5773.526666666667,121967.93333333332,18,4136001,0.9827290584159527,0.25,True,1443.3816666666667,1468.7483333333334,36.38729220689656,41.35595913793104,0.2247577820689655,False,36.8,32,22,0,23,0,0.0,223.0,127.0,96.0,327.2,8.9
2020-05-27 17:15:00,4622.20619047619,4533.225714285714,123245.22857142857,18,4136001,0.9807493494397079,0.25,True,1133.3064285714286,1155.5515476190476,36.1450072,39.7874309,0.1787798223333333,False,36.8,32,22,0,23,0,0.0,223.0,127.0,96.0,327.2,8.9
2020-05-27 17:30:00,3346.3999999999996,3279.9195238095235,123589.93333333332,18,4136001,0.9801337329098505,0.25,True,819.9798809523809,836.5999999999999,35.660515200000006,37.96012950000001,0.1312430646666667,False,36.8,32,22,0,23,0,0.0,223.0,127.0,96.0,327.2,8.9
2020-05-27 17:45:00,2421.537619047619,2360.5380952380956,121382.01428571428,18,4136001,0.9748095906792006,0.25,True,590.1345238095239,605.3844047619048,35.27785006896551,36.45135282758619,0.0984507385172413,False,36.8,32,22,0,23,0,0.0,223.0,127.0,96.0,327.2,8.9
2020-05-27 18:00:00,1682.7199999999998,1634.5133333333333,123938.6,18,4136001,0.9713519381319136,0.25,True,408.62833333333333,420.67999999999995,34.87930386666667,35.163087999999995,0.0688152109333333,False,35.8,34,51,0,51,3,0.0,68.0,29.0,39.0,179.4,8.4
2020-05-27 18:15:00,1037.4066666666668,1004.22,124922.46666666666,18,4136001,0.9680099735879854,0.25,True,251.055,259.3516666666667,34.3074077586207,33.987224655172405,0.0424576224137931,False,35.8,34,51,0,51,3,0.0,68.0,29.0,39.0,179.4,8.4
2020-05-27 18:30:00,425.1295238095238,410.5733333333333,125666.55238095237,18,4136001,0.9657605749284252,0.25,True,102.64333333333333,106.28238095238095,33.31375693333333,32.678836133333334,0.0170757014,False,35.8,34,51,0,51,3,0.0,68.0,29.0,39.0,179.4,8.4
2020-05-27 18:45:00,17.60809523809524,16.980476190476192,125671.87619047618,18,4136001,0.9643562214349461,0.25,True,4.245119047619048,4.40202380952381,32.73957140000001,31.609019900000003,0.00277697229,False,35.8,34,51,0,51,3,0.0,68.0,29.0,39.0,179.4,8.4
2020-05-27 19:00:00,0.0,0.0,125712.73333333334,18,4136001,,0.25,True,0.0,0.0,32.29425027586207,30.93356203448276,0.0001495296034482,False,34.0,38,70,0,66,41,0.0,1.0,0.0,1.0,0.0,18.2
2020-05-27 19:15:00,0.0,0.0,126279.0,18,4136001,,0.25,True,0.0,0.0,31.976751533333335,30.487788933333327,0.0,False,34.0,38,70,0,66,41,0.0,1.0,0.0,1.0,0.0,18.2
2020-05-27 19:30:00,0.0,0.0,125712.73333333334,18,4136001,,0.25,True,0.0,0.0,31.72019262068965,30.12918627586207,0.0,False,34.0,38,70,0,66,41,0.0,1.0,0.0,1.0,0.0,18.2
2020-05-27 19:45:00,0.0,0.0,125146.46666666667,18,4136001,,0.25,True,0.0,0.0,31.482985366666675,29.89566446666667,0.0,False,34.0,38,70,0,66,41,0.0,1.0,0.0,1.0,0.0,18.2
2020-05-27 20:00:00,0.0,0.0,125065.57142857142,18,4136001,,0.25,True,0.0,0.0,31.1700011,29.667542366666662,0.0,False,31.5,50,57,0,42,39,0.0,0.0,0.0,0.0,0.0,20.2
2020-05-27 20:15:00,0.0,0.0,124580.2,18,4136001,,0.25,True,0.0,0.0,30.763200344827585,29.45844158620689,0.0,False,31.5,50,57,0,42,39,0.0,0.0,0.0,0.0,0.0,20.2
2020-05-27 20:30:00,0.0,0.0,124580.2,18,4136001,,0.25,True,0.0,0.0,30.48431633333333,29.160376966666668,0.0,False,31.5,50,57,0,42,39,0.0,0.0,0.0,0.0,0.0,20.2
2020-05-27 20:45:00,0.0,0.0,125995.86666666667,18,4136001,,0.25,True,0.0,0.0,30.26717013793104,28.934176793103447,0.0,False,31.5,50,57,0,42,39,0.0,0.0,0.0,0.0,0.0,20.2
2020-05-27 21:00:00,0.0,0.0,124297.06666666667,18,4136001,,0.25,True,0.0,0.0,29.836890533333328,28.655800300000003,0.0,False,29.7,60,34,0,20,25,0.0,0.0,0.0,0.0,0.0,13.9
2020-05-27 21:15:00,0.0,0.0,125065.57142857143,18,4136001,,0.25,True,0.0,0.0,29.4307483,28.27520563333333,0.0,False,29.7,60,34,0,20,25,0.0,0.0,0.0,0.0,0.0,13.9
2020-05-27 21:30:00,0.0,0.0,124863.33333333333,18,4136001,,0.25,True,0.0,0.0,29.027173344827585,27.961456172413797,0.0,False,29.7,60,34,0,20,25,0.0,0.0,0.0,0.0,0.0,13.9
2020-05-27 21:45:00,0.0,0.0,124013.93333333333,18,4136001,,0.25,True,0.0,0.0,28.65424503333333,27.580540966666664,0.0,False,29.7,60,34,0,20,25,0.0,0.0,0.0,0.0,0.0,13.9
2020-05-27 22:00:00,0.0,0.0,123730.8,18,4136001,,0.25,True,0.0,0.0,28.21444182758621,27.12730151724138,0.0,False,29.3,62,18,0,16,10,0.0,0.0,0.0,0.0,0.0,13.7
2020-05-27 22:15:00,0.0,0.0,122245.2,18,4136001,,0.25,True,0.0,0.0,27.881787100000004,26.8362142,0.0,False,29.3,62,18,0,16,10,0.0,0.0,0.0,0.0,0.0,13.7
2020-05-27 22:30:00,0.0,0.0,123245.42857142858,18,4136001,,0.25,True,0.0,0.0,27.655378033333328,26.557822666666667,0.0,False,29.3,62,18,0,16,10,0.0,0.0,0.0,0.0,0.0,13.7
2020-05-27 22:45:00,0.0,0.0,122315.13333333333,18,4136001,,0.25,True,0.0,0.0,27.54581510344828,26.455545448275863,0.0,False,29.3,62,18,0,16,10,0.0,0.0,0.0,0.0,0.0,13.7
2020-05-27 23:00:00,0.0,0.0,124580.2,18,4136001,,0.25,True,0.0,0.0,27.433627633333334,26.35103059999999,0.0,False,28.9,66,28,0,20,16,0.0,0.0,0.0,0.0,0.0,14.2
2020-05-27 23:15:00,0.0,0.0,126279.0,18,4136001,,0.25,True,0.0,0.0,27.2775927,26.15223796666667,0.0,False,28.9,66,28,0,20,16,0.0,0.0,0.0,0.0,0.0,14.2
2020-05-27 23:30:00,0.0,0.0,126279.0,18,4136001,,0.25,True,0.0,0.0,27.151248275862077,26.124452758620688,0.0,False,28.9,66,28,0,20,16,0.0,0.0,0.0,0.0,0.0,14.2
2020-05-27 23:45:00,0.0,0.0,114614.56190476191,18,4136001,,0.25,True,0.0,0.0,27.031506266666668,26.02319926666667,0.0,False,28.9,66,28,0,20,16,0.0,0.0,0.0,0.0,0.0,14.2
2020-05-28 00:00:00,0.0,0.0,43424.89523809524,18,4136001,,0.25,True,0.0,0.0,26.95437820689655,25.935048896551727,0.0,False,28.8,69,65,0,13,60,0.0,0.0,0.0,0.0,0.0,14.3
2020-05-28 00:15:00,0.0,0.0,25887.0,18,4136001,,0.25,True,0.0,0.0,26.77435536666667,25.772069266666666,0.0,False,28.8,69,65,0,13,60,0.0,0.0,0.0,0.0,0.0,14.3
2020-05-28 00:30:00,0.0,0.0,25887.0,18,4136001,,0.25,True,0.0,0.0,26.6561134,25.659902,0.0,False,28.8,69,65,0,13,60,0.0,0.0,0.0,0.0,0.0,14.3
2020-05-28 00:45:00,0.0,0.0,25887.0,18,4136001,,0.25,True,0.0,0.0,26.550078275862067,25.492629448275864,0.0,False,28.8,69,65,0,13,60,0.0,0.0,0.0,0.0,0.0,14.3
2020-05-28 01:00:00,0.0,0.0,25887.0,18,4136001,,0.25,True,0.0,0.0,26.52567636666667,25.465288200000003,0.0,False,28.7,69,76,0,9,74,0.0,0.0,0.0,0.0,0.0,14.8
2020-05-28 01:15:00,0.0,0.0,25887.0,18,4136001,,0.25,True,0.0,0.0,26.47003672413793,25.33668044827586,0.0,False,28.7,69,76,0,9,74,0.0,0.0,0.0,0.0,0.0,14.8
2020-05-28 01:30:00,0.0,0.0,22086.6,18,4136001,,0.25,True,0.0,0.0,26.33213006666666,25.194514000000005,0.0,False,28.7,69,76,0,9,74,0.0,0.0,0.0,0.0,0.0,14.8
2020-05-28 01:45:00,0.0,0.0,16386.0,18,4136001,,0.25,True,0.0,0.0,26.23442876666667,25.040356366666668,0.0,False,28.7,69,76,0,9,74,0.0,0.0,0.0,0.0,0.0,14.8
2020-05-28 02:00:00,0.0,0.0,16386.0,18,4136001,,0.25,True,0.0,0.0,26.130086,24.88745427586207,0.0,False,28.0,72,75,0,1,75,0.0,0.0,0.0,0.0,0.0,15.8
2020-05-28 02:15:00,0.0,0.0,16386.0,18,4136001,,0.25,True,0.0,0.0,26.052109866666665,24.724460933333333,0.0,False,28.0,72,75,0,1,75,0.0,0.0,0.0,0.0,0.0,15.8
2020-05-28 02:30:00,0.0,0.0,16386.0,18,4136001,,0.25,True,0.0,0.0,25.994292206896557,24.62203037931035,0.0,False,28.0,72,75,0,1,75,0.0,0.0,0.0,0.0,0.0,15.8
2020-05-28 02:45:00,0.0,0.0,16386.0,18,4136001,,0.25,True,0.0,0.0,25.821884333333333,24.59615866666667,0.0,False,28.0,72,75,0,1,75,0.0,0.0,0.0,0.0,0.0,15.8
2020-05-28 03:00:00,0.0,0.0,16386.0,18,4136001,,0.25,True,0.0,0.0,25.6450083,24.3678171,0.0,False,27.2,76,70,0,0,70,0.0,0.0,0.0,0.0,0.0,16.3
2020-05-28 03:15:00,0.0,0.0,16386.0,18,4136001,,0.25,True,0.0,0.0,25.4630914137931,24.147175793103443,0.0,False,27.2,76,70,0,0,70,0.0,0.0,0.0,0.0,0.0,16.3
2020-05-28 03:30:00,0.0,0.0,16386.0,18,4136001,,0.25,True,0.0,0.0,25.396689766666665,24.162099200000004,0.0,False,27.2,76,70,0,0,70,0.0,0.0,0.0,0.0,0.0,16.3
2020-05-28 03:45:00,0.0,0.0,16386.0,18,4136001,,0.25,True,0.0,0.0,25.322547366666665,24.118665499999995,0.0,False,27.2,76,70,0,0,70,0.0,0.0,0.0,0.0,0.0,16.3
2020-05-28 04:00:00,0.0,0.0,16386.0,18,4136001,,0.25,True,0.0,0.0,25.22778513793103,24.03553620689655,0.0,False,26.6,77,69,0,0,68,0.0,0.0,0.0,0.0,0.0,18.6
2020-05-28 04:15:00,0.0,0.0,12455.333333333332,18,4136001,,0.25,True,0.0,0.0,25.1873179,23.98497623333333,0.0,False,26.6,77,69,0,0,68,0.0,0.0,0.0,0.0,0.0,18.6
2020-05-28 04:30:00,0.0,0.0,9016.0,18,4136001,,0.25,True,0.0,0.0,25.09606627586207,23.83145458620689,0.0,False,26.6,77,69,0,0,68,0.0,0.0,0.0,0.0,0.0,18.6
2020-05-28 04:45:00,0.0,0.0,9016.0,18,4136001,,0.25,True,0.0,0.0,25.066149966666664,23.708615333333334,0.0,False,26.6,77,69,0,0,68,0.0,0.0,0.0,0.0,0.0,18.6
2020-05-28 05:00:00,0.0,0.0,9016.0,18,4136001,,0.25,True,0.0,0.0,24.957902033333333,23.6192252,0.0,False,26.2,77,82,0,7,86,0.0,0.0,0.0,0.0,0.0,15.1
2020-05-28 05:15:00,0.0,0.0,9016.0,18,4136001,,0.25,True,0.0,0.0,24.824542758620687,23.394589137931035,0.0,False,26.2,77,82,0,7,86,0.0,0.0,0.0,0.0,0.0,15.1
2020-05-28 05:30:00,0.0,0.0,601.0666666666667,18,4136001,,0.25,True,0.0,0.0,24.733798100000005,23.3999888,0.0,False,26.2,77,82,0,7,86,0.0,0.0,0.0,0.0,0.0,15.1
2020-05-28 05:45:00,0.0,0.0,0.0,18,4136001,,0.25,True,0.0,0.0,24.625941517241376,23.330337000000004,0.0007518960316206,False,26.2,77,82,0,7,86,0.0,0.0,0.0,0.0,0.0,15.1
2020-05-28 06:00:00,252.4495238095238,243.6338095238095,18.63809523809524,18,4136001,0.9650792992092714,0.25,True,60.908452380952376,63.11238095238095,24.53575763333334,23.220302499999995,0.0113989684833333,False,26.3,76,86,1,3,86,0.0,18.0,4.0,14.0,42.6,17.3
2020-05-28 06:15:00,655.3085714285714,633.4738095238096,125.37142857142857,18,4136001,0.9666801826547726,0.25,True,158.3684523809524,163.82714285714286,24.444755166666667,23.26247773333333,0.0275119194,False,26.3,76,86,1,3,86,0.0,18.0,4.0,14.0,42.6,17.3
2020-05-28 06:30:00,1224.6,1186.84,340.6666666666667,18,4136001,0.9691654417769068,0.25,True,296.71,306.15,24.534789137931035,23.769572344827584,0.0502204798965517,False,26.3,76,86,1,3,86,0.0,18.0,4.0,14.0,42.6,17.3
2020-05-28 06:45:00,2105.275238095238,2047.6085714285714,740.847619047619,18,4136001,0.9726084905084236,0.25,True,511.90214285714285,526.3188095238095,24.850560400000003,24.952828933333333,0.0845067319333333,False,26.3,76,86,1,3,86,0.0,18.0,4.0,14.0,42.6,17.3
2020-05-28 07:00:00,2811.9,2751.04,1361.1999999999998,18,4136001,0.978356271560155,0.25,True,687.76,702.975,25.183908448275865,26.435457310344827,0.1236372101724137,False,27.7,69,86,1,0,86,0.0,158.0,77.0,81.0,299.2,19.1
2020-05-28 07:15:00,4147.82,4066.939523809524,2124.6761904761906,18,4136001,0.9805004855103462,0.25,True,1016.734880952381,1036.955,25.478246866666662,27.74035556666666,0.1933547477,False,27.7,69,86,1,0,86,0.0,158.0,77.0,81.0,299.2,19.1
2020-05-28 07:30:00,6509.301904761905,6396.803809523809,3428.0285714285715,18,4136001,0.9827173333048514,0.25,True,1599.2009523809522,1627.3254761904761,26.05972793333333,30.890153033333327,0.3130934316666667,False,27.7,69,86,1,0,86,0.0,158.0,77.0,81.0,299.2,19.1
2020-05-28 07:45:00,7862.16619047619,7716.2733333333335,5157.980952380953,18,4136001,0.9814436818545526,0.25,True,1929.0683333333334,1965.5415476190476,26.61136382758621,33.25964879310344,0.3736760334482758,False,27.7,69,86,1,0,86,0.0,158.0,77.0,81.0,299.2,19.1
2020-05-28 08:00:00,9085.473333333333,8906.306666666667,7194.733333333334,18,4136001,0.9802798753467991,0.25,True,2226.576666666667,2271.3683333333333,27.2177164,35.41308373333333,0.4216330299999999,False,30.0,58,82,0,1,82,0.0,377.0,254.0,123.0,528.9,18.4
2020-05-28 08:15:00,10636.220000000001,10421.693333333333,9862.6,18,4136001,0.9798305538371086,0.25,True,2605.423333333333,2659.0550000000003,27.694369551724133,36.99113927586206,0.4630431651724139,False,30.0,58,82,0,1,82,0.0,377.0,254.0,123.0,528.9,18.4
2020-05-28 08:30:00,12014.546666666667,11767.285238095237,12631.742857142857,18,4136001,0.9794198286933758,0.25,True,2941.8213095238093,3003.6366666666668,27.866249533333328,38.409922400000006,0.5144629306666667,False,30.0,58,82,0,1,82,0.0,377.0,254.0,123.0,528.9,18.4
2020-05-28 08:45:00,13722.342857142858,13433.653809523808,15887.823809523808,18,4136001,0.9789621167008825,0.25,True,3358.413452380952,3430.5857142857144,28.35388803333333,40.10097536666666,0.5767309066666667,False,30.0,58,82,0,1,82,0.0,377.0,254.0,123.0,528.9,18.4
2020-05-28 09:00:00,14996.16238095238,14675.06238095238,19366.92380952381,18,4136001,0.9785878552230235,0.25,True,3668.765595238095,3749.040595238095,28.817779586206896,42.35615389655172,0.6353010537931034,False,32.5,46,80,0,0,80,0.0,589.0,440.0,149.0,650.3,16.5
2020-05-28 09:15:00,16001.473333333332,15653.586666666666,23014.866666666665,18,4136001,0.9782590853092279,0.25,True,3913.3966666666665,4000.368333333333,29.13839216666667,43.758472733333335,0.689092685,False,32.5,46,80,0,0,80,0.0,589.0,440.0,149.0,650.3,16.5
2020-05-28 09:30:00,17047.399999999998,16671.626666666667,27192.533333333333,18,4136001,0.9779571469354077,0.25,True,4167.906666666667,4261.849999999999,29.812256862068967,45.42635168965517,0.7303585513793102,False,32.5,46,80,0,0,80,0.0,589.0,440.0,149.0,650.3,16.5
2020-05-28 09:45:00,15596.063333333334,15244.860952380952,31673.399999999998,18,4136001,0.9774813442696298,0.25,True,3811.215238095238,3899.0158333333334,29.883147066666655,47.08923636666668,0.7954705493333332,False,32.5,46,80,0,0,80,0.0,589.0,440.0,149.0,650.3,16.5
2020-05-28 10:00:00,13857.900952380953,13542.851904761905,35146.6619047619,18,4136001,0.9772657454616228,0.25,True,3385.712976190476,3464.475238095238,30.26816117241379,48.527451137931045,0.8190595527586207,False,34.7,39,77,0,0,77,0.0,774.0,615.0,159.0,738.3,15.3
2020-05-28 10:15:00,13712.165238095238,13396.615714285716,38502.47142857143,18,4136001,0.9769876224264815,0.25,True,3349.153928571429,3428.0413095238096,30.916080633333333,50.25051286666666,0.8502744063333334,False,34.7,39,77,0,0,77,0.0,774.0,615.0,159.0,738.3,15.3
2020-05-28 10:30:00,13940.739523809523,13601.325238095238,41821.490476190476,18,4136001,0.975653064521104,0.25,True,3400.3313095238095,3485.184880952381,31.428188,51.578083333333325,0.8928550653333334,False,34.7,39,77,0,0,77,0.0,774.0,615.0,159.0,738.3,15.3
2020-05-28 10:45:00,13776.766666666666,13435.673333333332,45064.6,18,4136001,0.9752414088453265,0.25,True,3358.918333333333,3444.1916666666666,31.867666034482763,53.97435779310345,0.944926685862069,False,34.7,39,77,0,0,77,0.0,774.0,615.0,159.0,738.3,15.3
2020-05-28 11:00:00,13565.814285714287,13227.46238095238,48392.12857142857,18,4136001,0.9750584891083012,0.25,True,3306.865595238095,3391.4535714285716,32.250002933333334,54.972528033333326,0.950091591,False,36.3,34,0,0,0,0,0.0,892.0,714.0,178.0,760.5,15.6
2020-05-28 11:15:00,13402.76380952381,13068.488095238095,51615.566666666666,18,4136001,0.9750591953244611,0.25,True,3267.122023809524,3350.6909523809527,32.65010024137931,55.2399158275862,0.9295386206896552,False,36.3,34,0,0,0,0,0.0,892.0,714.0,178.0,760.5,15.6
2020-05-28 11:30:00,13763.02,13418.946666666667,55187.73333333333,18,4136001,0.9750001574266888,0.25,True,3354.7366666666667,3440.755,33.2425792,55.32797343333333,0.9395630633333332,False,36.3,34,0,0,0,0,0.0,892.0,714.0,178.0,760.5,15.6
2020-05-28 11:45:00,13773.36,13429.033333333335,58333.0,18,4136001,0.9750005324287853,0.25,True,3357.2583333333337,3443.34,33.30460926666666,55.940555800000006,0.9374205993333332,False,36.3,34,0,0,0,0,0.0,892.0,714.0,178.0,760.5,15.6
2020-05-28 12:00:00,13967.489047619047,13618.281904761905,62026.81904761905,18,4136001,0.9749985740696414,0.25,True,3404.5704761904763,3491.8722619047617,33.82084693103447,57.21688717241379,0.9325944065517242,False,37.7,30,2,0,2,0,0.0,963.0,797.0,166.0,807.5,15.3
2020-05-28 12:15:00,14028.457619047618,13677.759523809524,65427.5,18,4136001,0.9750009512976022,0.25,True,3419.439880952381,3507.1144047619046,33.921571300000004,54.12072936666668,0.9208775076666667,False,37.7,30,2,0,2,0,0.0,963.0,797.0,166.0,807.5,15.3
2020-05-28 12:30:00,13821.926666666666,13476.513333333332,68469.33333333333,18,4136001,0.9750097550317394,0.25,True,3369.128333333333,3455.4816666666666,34.537515655172406,56.04204586206897,0.9164318455172416,False,37.7,30,2,0,2,0,0.0,963.0,797.0,166.0,807.5,15.3
2020-05-28 12:45:00,13813.906190476191,13468.565714285714,66129.37142857142,18,4136001,0.9750005196626739,0.25,True,3367.1414285714286,3453.476547619048,34.8263913,56.65080976666666,0.9112355296666667,False,37.7,30,2,0,2,0,0.0,963.0,797.0,166.0,807.5,15.3
2020-05-28 13:00:00,13773.714761904761,13429.349523809526,66997.55714285714,18,4136001,0.9749983759611693,0.25,True,3357.3373809523814,3443.4286904761902,34.803477833333346,55.043299133333335,0.908015837,False,38.4,27,26,0,25,1,0.0,895.0,712.0,183.0,730.9,14.1
2020-05-28 13:15:00,13694.47,13358.264285714286,69952.6761904762,18,4136001,0.9754495271240352,0.25,True,3339.5660714285714,3423.6175,35.44179665517242,56.94153217241378,0.8661959731034484,False,38.4,27,26,0,25,1,0.0,895.0,712.0,183.0,730.9,14.1
2020-05-28 13:30:00,1948.2133333333334,1899.7399999999998,17778.4,18,4136001,0.9751190834679294,0.25,True,474.93499999999995,487.05333333333334,35.42169006666666,57.171374533333335,0.8731674043333335,False,38.4,27,26,0,25,1,0.0,895.0,712.0,183.0,730.9,14.1
2020-05-28 13:45:00,6171.892857142857,6022.9423809523805,38043.69047619047,18,4136001,0.9758663217852052,0.25,True,1505.7355952380951,1542.9732142857142,35.62051265517242,58.288988,0.8494377324137931,False,38.4,27,26,0,25,1,0.0,895.0,712.0,183.0,730.9,14.1
2020-05-28 14:00:00,11072.336190476191,10812.42,76583.51904761905,18,4136001,0.9765256233187937,0.25,True,2703.105,2768.084047619048,35.9137401,55.18969333333333,0.825664062,False,38.5,25,36,0,35,1,0.0,695.0,512.0,183.0,568.2,10.9
2020-05-28 14:15:00,11196.253333333332,10940.439999999999,78360.26666666666,18,4136001,0.9771518805695715,0.25,True,2735.1099999999997,2799.063333333333,35.939725800000005,54.244008533333336,0.7929243776666665,False,38.5,25,36,0,35,1,0.0,695.0,512.0,183.0,568.2,10.9
2020-05-28 14:30:00,12015.805238095238,11745.310476190476,83119.65238095238,18,4136001,0.9774884199148653,0.25,True,2936.327619047619,3003.9513095238094,36.14210455172413,53.37273834482759,0.756161510689655,False,38.5,25,36,0,35,1,0.0,695.0,512.0,183.0,568.2,10.9
2020-05-28 14:45:00,12799.89087912088,12512.992747252747,80600.2663003663,18,4136001,0.9775858923659951,0.25,True,3128.2481868131867,3199.97271978022,36.355113499999995,52.16838669999999,0.7166423916666665,False,38.5,25,36,0,35,1,0.0,695.0,512.0,183.0,568.2,10.9
2020-05-28 15:00:00,16618.490952380955,16253.250952380951,95818.81904761904,18,4136001,0.9780220718567907,0.25,True,4063.312738095238,4154.622738095239,36.45796251724138,52.2840965862069,0.678660646551724,False,38.7,23,33,0,33,1,0.0,564.0,408.0,156.0,528.0,9.7
2020-05-28 15:15:00,15936.966666666667,15591.051428571427,98901.79047619048,18,4136001,0.9782947881281105,0.25,True,3897.762857142857,3984.241666666667,36.6095683,52.34130329999999,0.6340104356666667,False,38.7,23,33,0,33,1,0.0,564.0,408.0,156.0,528.0,9.7
2020-05-28 15:30:00,14512.293333333331,14202.846666666666,101590.33333333333,18,4136001,0.9786769286177605,0.25,True,3550.7116666666666,3628.073333333333,36.39649043333333,49.668291966666665,0.5767240336666666,False,38.7,23,33,0,33,1,0.0,564.0,408.0,156.0,528.0,9.7
2020-05-28 15:45:00,13171.858095238094,12896.4,105568.2619047619,18,4136001,0.9790873775555115,0.25,True,3224.1,3292.9645238095236,36.59087493103448,49.00247848275863,0.5181575251724136,False,38.7,23,33,0,33,1,0.0,564.0,408.0,156.0,528.0,9.7
2020-05-28 16:00:00,11621.94380952381,11384.488095238094,109129.68095238095,18,4136001,0.9795683305497375,0.25,True,2846.1220238095234,2905.4859523809523,36.38811346666667,46.913487800000006,0.4516247826666666,False,38.6,22,39,0,39,0,0.0,398.0,266.0,132.0,444.7,10.6
2020-05-28 16:15:00,10047.572857142857,9847.245714285715,112277.40952380953,18,4136001,0.9800621358306719,0.25,True,2461.8114285714287,2511.8932142857143,36.4456671724138,45.08533996551724,0.3893451389655172,False,38.6,22,39,0,39,0,0.0,398.0,266.0,132.0,444.7,10.6
2020-05-28 16:30:00,8557.681904761905,8392.395714285714,112899.67142857143,18,4136001,0.980685635161992,0.25,True,2098.0989285714286,2139.420476190476,36.29604069999999,43.555332433333355,0.3311419660000001,False,38.6,22,39,0,39,0,0.0,398.0,266.0,132.0,444.7,10.6
2020-05-28 16:45:00,6287.973333333333,6177.386666666667,114531.46666666666,18,4136001,0.9824129873324315,0.25,True,1544.3466666666668,1571.9933333333333,36.0796324,41.75067123333333,0.2460547723333333,False,38.6,22,39,0,39,0,0.0,398.0,266.0,132.0,444.7,10.6
2020-05-28 17:00:00,5765.273809523809,5665.291428571429,115635.30476190476,18,4136001,0.9826578261058101,0.25,True,1416.3228571428572,1441.3184523809523,36.11797693103448,40.400126379310336,0.2249348289655172,False,37.3,24,40,0,33,64,0.0,220.0,126.0,94.0,324.0,14.1
2020-05-28 17:15:00,4618.219743589743,4529.433296703297,117083.4956043956,18,4136001,0.9807747461541463,0.25,True,1132.3583241758242,1154.5549358974358,35.92730935714287,39.34080710714285,0.1816261371428571,False,37.3,24,40,0,33,64,0.0,220.0,126.0,94.0,324.0,14.1
2020-05-28 17:30:00,3525.307619047619,3455.6857142857143,120323.60476190476,18,4136001,0.9802508284991273,0.25,True,863.9214285714286,881.3269047619048,35.61566613793104,37.97406434482759,0.1379701603448275,False,37.3,24,40,0,33,64,0.0,220.0,126.0,94.0,324.0,14.1
2020-05-28 17:45:00,2494.286666666667,2432.6,119844.86666666665,18,4136001,0.9752688143303495,0.25,True,608.15,623.5716666666667,35.353067933333335,36.5165201,0.1007002154999999,False,37.3,24,40,0,33,64,0.0,220.0,126.0,94.0,324.0,14.1
2020-05-28 18:00:00,1656.1399999999999,1608.3600000000001,121575.0,18,4136001,0.9711497820232591,0.25,True,402.09000000000003,414.03499999999997,34.86090699999999,35.0129935,0.0671790305666666,False,35.7,27,42,0,24,25,0.0,77.0,32.0,45.0,197.4,11.6
2020-05-28 18:15:00,996.8747619047618,964.7647619047619,117975.87619047618,18,4136001,0.9677893339995425,0.25,True,241.19119047619049,249.21869047619046,34.393154724137936,33.77010365517242,0.0407689018275862,False,35.7,27,42,0,24,25,0.0,77.0,32.0,45.0,197.4,11.6
2020-05-28 18:30:00,434.06619047619046,419.18380952380954,115326.8619047619,18,4136001,0.9657140286921351,0.25,True,104.79595238095239,108.51654761904761,33.86342440000001,32.70471503333333,0.0176701960233333,False,35.7,27,42,0,24,25,0.0,77.0,32.0,45.0,197.4,11.6
2020-05-28 18:45:00,23.693333333333335,22.826666666666668,120901.93333333332,18,4136001,0.9634214969048959,0.25,True,5.706666666666667,5.923333333333334,33.303918310344834,31.744157379310344,0.0030869890448275,False,35.7,27,42,0,24,25,0.0,77.0,32.0,45.0,197.4,11.6
2020-05-28 19:00:00,0.0,0.0,120902.53333333333,18,4136001,,0.25,True,0.0,0.0,32.856109499999995,31.145240266666665,4.860614666666669e-05,False,34.2,30,62,0,15,56,0.0,1.0,0.0,1.0,0.0,14.2
2020-05-28 19:15:00,0.0,0.0,120902.53333333333,18,4136001,,0.25,True,0.0,0.0,32.498491433333335,30.71850893333333,0.0,False,34.2,30,62,0,15,56,0.0,1.0,0.0,1.0,0.0,14.2
2020-05-28 19:30:00,0.0,0.0,120069.42857142858,18,4136001,,0.25,True,0.0,0.0,32.20801506896552,30.300052,0.0,False,34.2,30,62,0,15,56,0.0,1.0,0.0,1.0,0.0,14.2
2020-05-28 19:45:00,0.0,0.0,120306.06666666667,18,4136001,,0.25,True,0.0,0.0,31.991269033333328,30.080726266666662,0.0,False,34.2,30,62,0,15,56,0.0,1.0,0.0,1.0,0.0,14.2
2020-05-28 20:00:00,0.0,0.0,120288.66666666667,18,4136001,,0.25,True,0.0,0.0,31.82494913793104,30.073990482758617,0.0,False,33.4,31,84,0,17,81,0.0,0.0,0.0,0.0,0.0,16.8
2020-05-28 20:15:00,0.0,0.0,120902.53333333333,18,4136001,,0.25,True,0.0,0.0,31.52625613333333,29.97868233333333,0.0,False,33.4,31,84,0,17,81,0.0,0.0,0.0,0.0,0.0,16.8
2020-05-28 20:30:00,0.0,0.0,119060.93333333333,18,4136001,,0.25,True,0.0,0.0,30.8956166,29.62035006666667,0.0,False,33.4,31,84,0,17,81,0.0,0.0,0.0,0.0,0.0,16.8
2020-05-28 20:45:00,0.0,0.0,120727.14285714286,18,4136001,,0.25,True,0.0,0.0,30.473426862068965,29.367228517241376,0.0,False,33.4,31,84,0,17,81,0.0,0.0,0.0,0.0,0.0,16.8
2020-05-28 21:00:00,0.0,0.0,120902.53333333333,18,4136001,,0.25,True,0.0,0.0,30.115943400000003,28.95356143333333,0.0,False,32.2,38,86,0,16,84,0.0,0.0,0.0,0.0,0.0,19.0
2020-05-28 21:15:00,0.0,0.0,118973.23809523809,18,4136001,,0.25,True,0.0,0.0,29.71401663414634,28.57717970731707,0.0,False,32.2,38,86,0,16,84,0.0,0.0,0.0,0.0,0.0,19.0
2020-05-28 21:30:00,0.0,0.0,119060.93333333333,18,4136001,,0.25,True,0.0,0.0,29.253361999999992,28.184445299999997,0.0,False,32.2,38,86,0,16,84,0.0,0.0,0.0,0.0,0.0,19.0
2020-05-28 21:45:00,0.0,0.0,117833.2,18,4136001,,0.25,True,0.0,0.0,28.92670510344827,27.78877189655172,0.0,False,32.2,38,86,0,16,84,0.0,0.0,0.0,0.0,0.0,19.0
2020-05-28 22:00:00,0.0,0.0,116780.85714285714,18,4136001,,0.25,True,0.0,0.0,28.64024146666668,27.478933666666663,0.0,False,31.6,44,71,0,14,66,0.0,0.0,0.0,0.0,0.0,23.0
2020-05-28 22:15:00,0.0,0.0,115377.73333333334,18,4136001,,0.25,True,0.0,0.0,28.329109766666665,27.1190949,0.0,False,31.6,44,71,0,14,66,0.0,0.0,0.0,0.0,0.0,23.0
2020-05-28 22:30:00,0.0,0.0,115377.73333333334,18,4136001,,0.25,True,0.0,0.0,28.081277724137934,26.831408241379314,0.0,False,31.6,44,71,0,14,66,0.0,0.0,0.0,0.0,0.0,23.0
2020-05-28 22:45:00,0.0,0.0,114807.46666666667,18,4136001,,0.25,True,0.0,0.0,27.772994866666664,26.534714800000003,0.0,False,31.6,44,71,0,14,66,0.0,0.0,0.0,0.0,0.0,23.0
2020-05-28 23:00:00,0.0,0.0,116605.46666666667,18,4136001,,0.25,True,0.0,0.0,27.59085896551724,26.317582896551727,0.0,False,30.0,56,15,0,12,4,0.0,0.0,0.0,0.0,0.0,20.0
2020-05-28 23:15:00,0.0,0.0,114807.71428571429,18,4136001,,0.25,True,0.0,0.0,27.441112433333327,26.10953556666668,0.0,False,30.0,56,15,0,12,4,0.0,0.0,0.0,0.0,0.0,20.0
2020-05-28 23:30:00,0.0,0.0,115377.73333333334,18,4136001,,0.25,True,0.0,0.0,27.3101562,25.97653576666666,0.0,False,30.0,56,15,0,12,4,0.0,0.0,0.0,0.0,0.0,20.0
2020-05-28 23:45:00,0.0,0.0,102363.6,18,4136001,,0.25,True,0.0,0.0,27.138604379310344,25.851081517241376,0.0,False,30.0,56,15,0,12,4,0.0,0.0,0.0,0.0,0.0,20.0
2020-05-29 00:00:00,0.0,0.0,33841.961904761905,18,4136001,,0.25,True,0.0,0.0,26.99076313333333,25.722065133333327,0.0,False,29.0,65,42,0,13,33,0.0,0.0,0.0,0.0,0.0,17.7
2020-05-29 00:15:00,0.0,0.0,16391.0,18,4136001,,0.25,True,0.0,0.0,26.80260293103448,25.374184413793103,0.0,False,29.0,65,42,0,13,33,0.0,0.0,0.0,0.0,0.0,17.7
2020-05-29 00:30:00,0.0,0.0,16391.0,18,4136001,,0.25,True,0.0,0.0,26.681321433333327,25.323287766666667,0.0,False,29.0,65,42,0,13,33,0.0,0.0,0.0,0.0,0.0,17.7
2020-05-29 00:45:00,0.0,0.0,16391.0,18,4136001,,0.25,True,0.0,0.0,26.4969411,25.2111663,0.0,False,29.0,65,42,0,13,33,0.0,0.0,0.0,0.0,0.0,17.7
2020-05-29 01:00:00,0.0,0.0,16391.0,18,4136001,,0.25,True,0.0,0.0,26.38262417241379,24.972103793103447,0.0,False,28.2,71,72,0,4,71,0.0,0.0,0.0,0.0,0.0,16.6
2020-05-29 01:15:00,0.0,0.0,16391.0,18,4136001,,0.25,True,0.0,0.0,26.30350463333333,24.84053763333333,0.0,False,28.2,71,72,0,4,71,0.0,0.0,0.0,0.0,0.0,16.6
2020-05-29 01:30:00,0.0,0.0,16391.0,18,4136001,,0.25,True,0.0,0.0,26.22506880000001,24.94512823333333,0.0,False,28.2,71,72,0,4,71,0.0,0.0,0.0,0.0,0.0,16.6
2020-05-29 01:45:00,0.0,0.0,16391.0,18,4136001,,0.25,True,0.0,0.0,26.097451068965515,24.802712379310343,0.0,False,28.2,71,72,0,4,71,0.0,0.0,0.0,0.0,0.0,16.6
2020-05-29 02:00:00,0.0,0.0,16391.0,18,4136001,,0.25,True,0.0,0.0,25.955143300000003,24.5328807,0.0,False,27.6,75,34,0,1,33,0.0,0.0,0.0,0.0,0.0,17.4
2020-05-29 02:15:00,0.0,0.0,16391.0,18,4136001,,0.25,True,0.0,0.0,25.833975034482755,24.36486489655173,0.0,False,27.6,75,34,0,1,33,0.0,0.0,0.0,0.0,0.0,17.4
2020-05-29 02:30:00,0.0,0.0,14650.8,18,4136001,,0.25,True,0.0,0.0,25.680298733333327,24.188002566666665,0.0,False,27.6,75,34,0,1,33,0.0,0.0,0.0,0.0,0.0,17.4
2020-05-29 02:45:00,0.0,0.0,12662.0,18,4136001,,0.25,True,0.0,0.0,25.56937136666667,24.0352417,0.0,False,27.6,75,34,0,1,33,0.0,0.0,0.0,0.0,0.0,17.4
2020-05-29 03:00:00,0.0,0.0,12662.0,18,4136001,,0.25,True,0.0,0.0,25.465695000000004,24.06939603448276,0.0,False,27.0,78,13,1,0,11,0.0,0.0,0.0,0.0,0.0,16.6
2020-05-29 03:15:00,0.0,0.0,12662.0,18,4136001,,0.25,True,0.0,0.0,25.375859299999995,24.17657473333333,0.0,False,27.0,78,13,1,0,11,0.0,0.0,0.0,0.0,0.0,16.6
2020-05-29 03:30:00,0.0,0.0,12662.0,18,4136001,,0.25,True,0.0,0.0,25.32109213793104,24.17932855172414,0.0,False,27.0,78,13,1,0,11,0.0,0.0,0.0,0.0,0.0,16.6
2020-05-29 03:45:00,0.0,0.0,12662.0,18,4136001,,0.25,True,0.0,0.0,25.334724766666668,24.2521799,0.0,False,27.0,78,13,1,0,11,0.0,0.0,0.0,0.0,0.0,16.6
2020-05-29 04:00:00,0.0,0.0,12662.0,18,4136001,,0.25,True,0.0,0.0,25.3367522,24.25311673333333,0.0,False,26.4,80,3,2,0,1,0.0,0.0,0.0,0.0,0.0,17.1
2020-05-29 04:15:00,0.0,0.0,12662.0,18,4136001,,0.25,True,0.0,0.0,25.283853448275863,24.245465517241385,0.0,False,26.4,80,3,2,0,1,0.0,0.0,0.0,0.0,0.0,17.1
2020-05-29 04:30:00,0.0,0.0,10392.6,18,4136001,,0.25,True,0.0,0.0,25.236387966666666,24.3584523,0.0,False,26.4,80,3,2,0,1,0.0,0.0,0.0,0.0,0.0,17.1
2020-05-29 04:45:00,0.0,0.0,7799.0,18,4136001,,0.25,True,0.0,0.0,25.271249724137935,24.652820586206897,0.0,False,26.4,80,3,2,0,1,0.0,0.0,0.0,0.0,0.0,17.1
2020-05-29 05:00:00,0.0,0.0,7799.0,18,4136001,,0.25,True,0.0,0.0,25.226778066666668,24.49097596666667,0.0,False,26.0,82,2,0,2,51,0.0,0.0,0.0,0.0,0.0,15.5
2020-05-29 05:15:00,0.0,0.0,7799.0,18,4136001,,0.25,True,0.0,0.0,24.964557866666667,23.727933766666663,0.0,False,26.0,82,2,0,2,51,0.0,0.0,0.0,0.0,0.0,15.5
2020-05-29 05:30:00,0.0,0.0,519.9333333333335,18,4136001,,0.25,True,0.0,0.0,24.767082344827585,23.24329237931035,0.0,False,26.0,82,2,0,2,51,0.0,0.0,0.0,0.0,0.0,15.5
2020-05-29 05:45:00,0.0,0.0,0.0,18,4136001,,0.25,True,0.0,0.0,24.619948399999995,23.00487673333333,0.0009392253286666,False,26.0,82,2,0,2,51,0.0,0.0,0.0,0.0,0.0,15.5
2020-05-29 06:00:00,372.9657142857143,360.1452380952381,26.714285714285715,18,4136001,0.9656255905049359,0.25,True,90.03630952380952,93.24142857142857,24.4827584137931,23.04052841379311,0.0161589714206896,False,26.2,80,85,1,1,85,0.0,18.0,4.0,14.0,42.6,15.6
2020-05-29 06:15:00,1103.28,1068.5733333333333,201.60000000000002,18,4136001,0.9685422860319531,0.25,True,267.1433333333333,275.82,24.557709733333336,23.65191146666667,0.044439674,False,26.2,80,85,1,1,85,0.0,18.0,4.0,14.0,42.6,15.6
2020-05-29 06:30:00,1823.5266666666669,1771.98,565.2666666666667,18,4136001,0.9717324305649492,0.25,True,442.995,455.8816666666667,24.892176199999994,24.824798566666665,0.0705033599333333,False,26.2,80,85,1,1,85,0.0,18.0,4.0,14.0,42.6,15.6
2020-05-29 06:45:00,2239.4328571428573,2178.5,1064.2952380952381,18,4136001,0.9727909426047283,0.25,True,544.625,559.8582142857143,25.177636586206887,25.749839931034483,0.087852315137931,False,26.2,80,85,1,1,85,0.0,18.0,4.0,14.0,42.6,15.6
2020-05-29 07:00:00,2366.1066666666666,2302.4557142857143,1611.3857142857141,18,4136001,0.9730988660495925,0.25,True,575.6139285714286,591.5266666666666,25.37383093333333,26.47309786666667,0.0993941285333333,False,27.3,72,2,0,0,1,0.0,153.0,75.0,78.0,291.5,16.8
2020-05-29 07:15:00,2647.7314285714288,2584.062857142857,2222.4,18,4136001,0.9759535386627473,0.25,True,646.0157142857142,661.9328571428572,25.4577804137931,26.799945689655168,0.1120997714827586,False,27.3,72,2,0,0,1,0.0,153.0,75.0,78.0,291.5,16.8
2020-05-29 07:30:00,3350.76,3284.2799999999997,2896.4666666666667,18,4136001,0.9801597249579198,0.25,True,821.0699999999999,837.69,25.65482773333333,27.552905166666665,0.1492939266666666,False,27.3,72,2,0,0,1,0.0,153.0,75.0,78.0,291.5,16.8
2020-05-29 07:45:00,4007.2466666666664,3929.1133333333332,3845.9333333333334,18,4136001,0.9805019905604347,0.25,True,982.2783333333333,1001.8116666666666,25.902096551724135,28.66828651724138,0.1780584679310345,False,27.3,72,2,0,0,1,0.0,153.0,75.0,78.0,291.5,16.8
2020-05-29 08:00:00,5020.969047619048,4927.11619047619,4991.590476190477,18,4136001,0.981307820013875,0.25,True,1231.7790476190476,1255.242261904762,26.17342826666667,29.33909613333333,0.218879112,False,29.5,62,9,0,0,9,0.0,381.0,270.0,111.0,562.5,17.8
2020-05-29 08:15:00,8687.833809523809,8521.36761904762,6518.890476190476,18,4136001,0.9808391603562093,0.25,True,2130.341904761905,2171.958452380952,26.85397320689655,32.288299758620695,0.3768298110344826,False,29.5,62,9,0,0,9,0.0,381.0,270.0,111.0,562.5,17.8
2020-05-29 08:30:00,11963.52,11717.24,9022.933333333332,18,4136001,0.9794140854865457,0.25,True,2929.31,2990.88,27.773820866666664,36.704646766666656,0.5176104069999999,False,29.5,62,9,0,0,9,0.0,381.0,270.0,111.0,562.5,17.8
2020-05-29 08:45:00,14357.653333333334,14051.58,12245.933333333332,18,4136001,0.9786822173354234,0.25,True,3512.895,3589.4133333333334,28.271382566666663,39.75964049999999,0.6179401333333332,False,29.5,62,9,0,0,9,0.0,381.0,270.0,111.0,562.5,17.8
2020-05-29 09:00:00,16293.415714285713,15936.432857142856,16003.861904761903,18,4136001,0.9780903609529914,0.25,True,3984.108214285714,4073.3539285714282,28.4639881724138,41.575621448275854,0.7064269782758623,False,31.8,53,39,0,0,39,0.0,595.0,458.0,137.0,677.3,17.2
2020-05-29 09:15:00,15399.982857142857,15055.709523809524,20118.58095238095,18,4136001,0.9776445638591311,0.25,True,3763.927380952381,3849.9957142857143,29.08187056666668,44.60174056666665,0.79107714,False,31.8,53,39,0,0,39,0.0,595.0,458.0,137.0,677.3,17.2
2020-05-29 09:30:00,14398.516666666666,14074.45380952381,23637.485714285714,18,4136001,0.9774933165238416,0.25,True,3518.6134523809524,3599.6291666666666,29.044031689655167,45.56511927586208,0.7860884686206897,False,31.8,53,39,0,0,39,0.0,595.0,458.0,137.0,677.3,17.2
2020-05-29 09:45:00,13548.22,13244.086666666666,26977.933333333334,18,4136001,0.9775517866307653,0.25,True,3311.0216666666665,3387.055,29.62591830000001,46.888681133333336,0.775009372,False,31.8,53,39,0,0,39,0.0,595.0,458.0,137.0,677.3,17.2
2020-05-29 10:00:00,12696.673333333332,12414.493333333332,30224.466666666667,18,4136001,0.9777752807690833,0.25,True,3103.623333333333,3174.168333333333,29.86575410344828,46.878901620689646,0.7475488296551724,False,33.7,46,68,0,0,68,0.0,771.0,612.0,159.0,735.1,15.6
2020-05-29 10:15:00,13185.05238095238,12894.626666666667,33755.12857142857,18,4136001,0.9779731087981666,0.25,True,3223.6566666666668,3296.263095238095,29.9178681,45.684719900000005,0.7135236940000002,False,33.7,46,68,0,0,68,0.0,771.0,612.0,159.0,735.1,15.6
2020-05-29 10:30:00,11856.645238095238,11596.761904761905,36418.60476190476,18,4136001,0.9780812086290368,0.25,True,2899.190476190476,2964.1613095238095,30.44296473333333,47.2638366,0.7075077343333332,False,33.7,46,68,0,0,68,0.0,771.0,612.0,159.0,735.1,15.6
2020-05-29 10:45:00,11977.514761904762,11712.922380952381,39413.76666666667,18,4136001,0.977909241924382,0.25,True,2928.2305952380952,2994.3786904761905,30.793403310344825,47.35266403448278,0.7067424499999999,False,33.7,46,68,0,0,68,0.0,771.0,612.0,159.0,735.1,15.6
2020-05-29 11:00:00,10582.933333333332,10344.173333333334,41784.53333333333,18,4136001,0.9774391473063551,0.25,True,2586.0433333333335,2645.733333333333,31.1520284,47.61166263333334,0.713380371,False,35.4,39,78,0,0,78,0.0,882.0,699.0,183.0,744.8,14.0
2020-05-29 11:15:00,11047.166666666666,10796.173333333332,44734.53333333333,18,4136001,0.9772798455109153,0.25,True,2699.043333333333,2761.7916666666665,31.570711344827583,48.41205858620688,0.7733386589655173,False,35.4,39,78,0,0,78,0.0,882.0,699.0,183.0,744.8,14.0
2020-05-29 11:30:00,10791.015238095239,10550.441904761905,47543.7,18,4136001,0.9777061446003668,0.25,True,2637.610476190476,2697.7538095238097,31.9604165,49.445565866666655,0.7484819603333333,False,35.4,39,78,0,0,78,0.0,882.0,699.0,183.0,744.8,14.0
2020-05-29 11:45:00,11843.967619047618,11570.62476190476,49962.795238095234,18,4136001,0.9769213437646297,0.25,True,2892.65619047619,2960.9919047619046,32.550793827586205,52.048067379310346,0.8196058627586209,False,35.4,39,78,0,0,78,0.0,882.0,699.0,183.0,744.8,14.0
2020-05-29 12:00:00,10938.149047619048,10692.397619047619,52331.45714285714,18,4136001,0.9775326312064724,0.25,True,2673.0994047619047,2734.537261904762,33.23828616666666,53.1420321,0.7673453496666666,False,36.8,34,80,0,2,79,0.0,947.0,765.0,182.0,775.4,12.4
2020-05-29 12:15:00,11684.646666666667,11421.673333333332,54281.066666666666,18,4136001,0.9774941133578706,0.25,True,2855.418333333333,2921.161666666667,33.35098180000001,52.71200683333333,0.7658345263333333,False,36.8,34,80,0,2,79,0.0,947.0,765.0,182.0,775.4,12.4
2020-05-29 12:30:00,12515.521428571428,12239.604285714286,58141.35714285714,18,4136001,0.9779540034003492,0.25,True,3059.9010714285714,3128.880357142857,33.444806241379304,51.32947096551723,0.6826072096551725,False,36.8,34,80,0,2,79,0.0,947.0,765.0,182.0,775.4,12.4
2020-05-29 12:45:00,13116.263333333332,12830.88,59660.53333333333,18,4136001,0.9782420247229966,0.25,True,3207.72,3279.065833333333,33.535686299999995,49.74276826666664,0.6423758776666665,False,36.8,34,80,0,2,79,0.0,947.0,765.0,182.0,775.4,12.4
2020-05-29 13:00:00,14079.005238095238,13774.26619047619,66894.8,18,4136001,0.9783550725022475,0.25,True,3443.5665476190475,3519.7513095238096,34.05683744827586,50.4980903448276,0.6296979582758622,False,37.8,30,76,0,23,72,0.0,924.0,737.0,187.0,756.8,10.7
2020-05-29 13:15:00,14592.581428571428,14279.151904761904,70598.59523809524,18,4136001,0.9785213106163761,0.25,True,3569.787976190476,3648.145357142857,34.39466233333333,50.26856289999999,0.6084145303333333,False,37.8,30,76,0,23,72,0.0,924.0,737.0,187.0,756.8,10.7
2020-05-29 13:30:00,14218.862380952381,13917.82,74354.60476190476,18,4136001,0.9788279559301692,0.25,True,3479.455,3554.7155952380954,34.22270603448277,48.8906311724138,0.5674552231034483,False,37.8,30,76,0,23,72,0.0,924.0,737.0,187.0,756.8,10.7
2020-05-29 13:45:00,14363.557619047619,14059.07380952381,77770.61904761904,18,4136001,0.97880164388243,0.25,True,3514.7684523809526,3590.8894047619046,34.6315206,47.54902343333334,0.5704880843333333,False,37.8,30,76,0,23,72,0.0,924.0,737.0,187.0,756.8,10.7
2020-05-29 14:00:00,15103.16619047619,14779.769047619047,81412.5238095238,18,4136001,0.9785874604848703,0.25,True,3694.942261904762,3775.7915476190474,34.91430986666667,48.02034716666666,0.5952845136666665,False,37.7,28,90,0,26,89,0.0,684.0,445.0,239.0,493.9,9.1
2020-05-29 14:15:00,14378.91,14074.19857142857,85018.91904761904,18,4136001,0.9788084473321392,0.25,True,3518.5496428571423,3594.7275,35.13401651724138,48.17732937931035,0.566209544137931,False,37.7,28,90,0,26,89,0.0,684.0,445.0,239.0,493.9,9.1
2020-05-29 14:30:00,14172.260476190477,13872.737619047619,88507.4761904762,18,4136001,0.9788655551705348,0.25,True,3468.1844047619047,3543.065119047619,35.50521643333333,49.7864919,0.5634546516666668,False,37.7,28,90,0,26,89,0.0,684.0,445.0,239.0,493.9,9.1
2020-05-29 14:45:00,13368.42619047619,13088.932380952381,91886.06190476191,18,4136001,0.9790929907872833,0.25,True,3272.2330952380953,3342.1065476190474,35.610545172413794,48.46977710344827,0.5190474620689655,False,37.7,28,90,0,26,89,0.0,684.0,445.0,239.0,493.9,9.1
2020-05-29 15:00:00,13224.851428571428,12949.002857142857,95135.45714285714,18,4136001,0.9791416506326401,0.25,True,3237.2507142857144,3306.212857142857,35.63542780000001,46.97482506666666,0.5135671423333333,False,37.7,27,92,0,28,90,0.0,531.0,333.0,198.0,430.8,7.9
2020-05-29 15:15:00,14729.595238095237,14415.490952380951,98078.81428571428,18,4136001,0.9786752941518776,0.25,True,3603.8727380952378,3682.398809523809,36.10386876666665,48.93551656666667,0.5943270203333331,False,37.7,27,92,0,28,90,0.0,531.0,333.0,198.0,430.8,7.9
2020-05-29 15:30:00,14596.163809523809,14285.810000000001,102174.22380952381,18,4136001,0.9787373029260397,0.25,True,3571.4525000000003,3649.040952380952,36.55113175862069,51.36411586206897,0.5697870562068967,False,37.7,27,92,0,28,90,0.0,531.0,333.0,198.0,430.8,7.9
2020-05-29 15:45:00,13833.683516483516,13542.534615384615,105526.18681318681,18,4136001,0.9789536242641389,0.5,True,6771.267307692307,6916.841758241758,36.71613210344827,50.76182420689655,0.5429974348275861,False,37.7,27,92,0,28,90,0.0,531.0,333.0,198.0,430.8,7.9
2020-05-29 16:15:00,14224.163636363637,13934.054545454544,142108.72727272726,22,4136001,0.9796044886486375,0.25,True,3483.513636363636,3556.0409090909093,37.22775545454546,49.11258877272727,0.4472856822727273,False,37.4,27,88,0,27,86,0.0,366.0,216.0,150.0,360.8,6.2
2020-05-29 16:30:00,12724.846666666668,12469.88,144997.86666666667,22,4136001,0.9799630853443156,0.25,True,3117.47,3181.211666666667,37.406764620689664,48.7054024137931,0.3995272593103447,False,37.4,27,88,0,27,86,0.0,366.0,216.0,150.0,360.8,6.2
2020-05-29 16:45:00,11092.120952380952,10875.724285714286,147911.5380952381,22,4136001,0.980490956815593,0.25,True,2718.9310714285716,2773.030238095238,37.3985575,47.04768986666667,0.3459329543333333,False,37.4,27,88,0,27,86,0.0,366.0,216.0,150.0,360.8,6.2
2020-05-29 17:00:00,8883.21238095238,8726.887619047619,150304.2238095238,22,4136001,0.982402226221681,0.25,True,2181.7219047619046,2220.803095238095,37.254791413793114,44.60627572413792,0.2746237575862069,False,36.4,30,87,0,38,79,0.0,242.0,140.0,102.0,359.2,8.0
2020-05-29 17:15:00,7004.706666666667,6881.1866666666665,152257.06666666665,22,4136001,0.9823661423842635,0.25,True,1720.2966666666666,1751.1766666666667,37.10092476666666,42.44847923333334,0.2182872136666667,False,36.4,30,87,0,38,79,0.0,242.0,140.0,102.0,359.2,8.0
2020-05-29 17:30:00,5123.639999999999,5023.933333333333,153230.4,22,4136001,0.9805398765981478,0.25,True,1255.9833333333333,1280.9099999999999,36.82863758620689,40.355844413793115,0.1616158465517241,False,36.4,30,87,0,38,79,0.0,242.0,140.0,102.0,359.2,8.0
2020-05-29 17:45:00,3407.806666666667,3329.9,154287.86666666667,22,4136001,0.977138765696802,0.25,True,832.475,851.9516666666667,36.5074798,38.23906853333332,0.1109071405333333,False,36.4,30,87,0,38,79,0.0,242.0,140.0,102.0,359.2,8.0
2020-05-29 18:00:00,2004.1114285714286,1945.9685714285715,155495.90952380953,22,4136001,0.9709882113768981,0.25,True,486.4921428571429,501.02785714285716,35.970144433333324,36.182405566666645,0.0657276798666666,False,34.9,34,63,0,44,39,0.0,65.0,24.0,41.0,147.7,10.4
2020-05-29 18:15:00,778.6838095238095,752.5352380952381,155824.99047619046,22,4136001,0.9664195259889093,0.25,True,188.13380952380953,194.67095238095237,35.319178103448266,34.34450782758621,0.0246554272068965,False,34.9,34,63,0,44,39,0.0,65.0,24.0,41.0,147.7,10.4
2020-05-29 18:30:00,338.1823809523809,326.38714285714286,155411.79523809522,22,4136001,0.9651216658241609,0.25,True,81.59678571428572,84.54559523809523,34.86204663333333,33.104230699999995,0.0106390969,False,34.9,34,63,0,44,39,0.0,65.0,24.0,41.0,147.7,10.4
2020-05-29 18:45:00,0.0,0.0,155986.0,22,4136001,,0.25,True,0.0,0.0,34.235506172413785,32.04101141379311,0.0003823935377241,False,34.9,34,63,0,44,39,0.0,65.0,24.0,41.0,147.7,10.4
2020-05-29 19:00:00,0.0,0.0,155445.86666666667,22,4136001,,0.25,True,0.0,0.0,33.905494999999995,31.55852056666667,0.0,False,33.7,37,55,0,41,29,0.0,1.0,0.0,1.0,0.0,12.8
2020-05-29 19:15:00,0.0,0.0,155510.8,22,4136001,,0.25,True,0.0,0.0,33.650812724137936,31.391802551724137,0.0,False,33.7,37,55,0,41,29,0.0,1.0,0.0,1.0,0.0,12.8
2020-05-29 19:30:00,0.0,0.0,155986.0,22,4136001,,0.25,True,0.0,0.0,33.35302726666668,31.184542700000005,0.0,False,33.7,37,55,0,41,29,0.0,1.0,0.0,1.0,0.0,12.8
2020-05-29 19:45:00,0.0,0.0,155986.0,22,4136001,,0.25,True,0.0,0.0,32.924453103448286,30.91584524137931,0.0,False,33.7,37,55,0,41,29,0.0,1.0,0.0,1.0,0.0,12.8
2020-05-29 20:00:00,0.0,0.0,155986.0,22,4136001,,0.25,True,0.0,0.0,32.6156241,30.895663566666663,0.0,False,32.9,40,56,0,51,14,0.0,0.0,0.0,0.0,0.0,20.2
2020-05-29 20:15:00,0.0,0.0,155986.0,22,4136001,,0.25,True,0.0,0.0,32.25608534482759,30.546981241379303,0.0,False,32.9,40,56,0,51,14,0.0,0.0,0.0,0.0,0.0,20.2
2020-05-29 20:30:00,0.0,0.0,155986.0,22,4136001,,0.25,True,0.0,0.0,31.889839700000003,30.27932726666667,0.0,False,32.9,40,56,0,51,14,0.0,0.0,0.0,0.0,0.0,20.2
2020-05-29 20:45:00,0.0,0.0,155986.0,22,4136001,,0.25,True,0.0,0.0,31.234285433333337,29.93442583333333,0.0,False,32.9,40,56,0,51,14,0.0,0.0,0.0,0.0,0.0,20.2
2020-05-29 21:00:00,0.0,0.0,155986.0,22,4136001,,0.25,True,0.0,0.0,30.585795517241376,29.47653296551724,0.0,False,29.5,58,54,0,33,43,0.0,0.0,0.0,0.0,0.0,22.6
2020-05-29 21:15:00,0.0,0.0,155986.0,22,4136001,,0.25,True,0.0,0.0,30.055038433333326,28.956928566666665,0.0,False,29.5,58,54,0,33,43,0.0,0.0,0.0,0.0,0.0,22.6
2020-05-29 21:30:00,0.0,0.0,155986.0,22,4136001,,0.25,True,0.0,0.0,29.67125813793103,28.56394379310344,0.0,False,29.5,58,54,0,33,43,0.0,0.0,0.0,0.0,0.0,22.6
2020-05-29 21:45:00,0.0,0.0,155986.0,22,4136001,,0.25,True,0.0,0.0,29.299063166666663,28.2344615,0.0,False,29.5,58,54,0,33,43,0.0,0.0,0.0,0.0,0.0,22.6
2020-05-29 22:00:00,0.0,0.0,155405.57142857142,22,4136001,,0.25,True,0.0,0.0,28.879126000000003,27.775134200000004,0.0,False,28.5,64,55,0,54,12,0.0,0.0,0.0,0.0,0.0,20.6
2020-05-29 22:15:00,0.0,0.0,155986.0,22,4136001,,0.25,True,0.0,0.0,28.595756827586204,27.47134503448276,0.0,False,28.5,64,55,0,54,12,0.0,0.0,0.0,0.0,0.0,20.6
2020-05-29 22:30:00,0.0,0.0,155986.0,22,4136001,,0.25,True,0.0,0.0,28.2120383,27.139359599999995,0.0,False,28.5,64,55,0,54,12,0.0,0.0,0.0,0.0,0.0,20.6
2020-05-29 22:45:00,0.0,0.0,155436.66666666666,22,4136001,,0.25,True,0.0,0.0,27.93107882758621,26.773745758620684,0.0,False,28.5,64,55,0,54,12,0.0,0.0,0.0,0.0,0.0,20.6
2020-05-29 23:00:00,0.0,0.0,155986.0,22,4136001,,0.25,True,0.0,0.0,27.75027870000001,26.60153193333333,0.0,False,28.2,66,50,0,34,38,0.0,0.0,0.0,0.0,0.0,17.6
2020-05-29 23:15:00,0.0,0.0,155986.0,22,4136001,,0.25,True,0.0,0.0,27.6048168,26.344863033333333,0.0,False,28.2,66,50,0,34,38,0.0,0.0,0.0,0.0,0.0,17.6
2020-05-29 23:30:00,0.0,0.0,155436.6,22,4136001,,0.25,True,0.0,0.0,27.425482586206897,26.055791413793106,0.0,False,28.2,66,50,0,34,38,0.0,0.0,0.0,0.0,0.0,17.6
2020-05-29 23:45:00,0.0,0.0,143031.4,22,4136001,,0.25,True,0.0,0.0,27.23922823333333,25.907132866666668,0.0,False,28.2,66,50,0,34,38,0.0,0.0,0.0,0.0,0.0,17.6
2020-05-30 00:00:00,0.0,0.0,59839.333333333336,22,4136001,,0.25,True,0.0,0.0,27.099090413793107,25.72224062068966,0.0,False,28.0,66,31,0,17,19,0.0,0.0,0.0,0.0,0.0,17.1
2020-05-30 00:15:00,0.0,0.0,30422.333333333332,22,4136001,,0.25,True,0.0,0.0,26.999725266666665,25.630884,0.0,False,28.0,66,31,0,17,19,0.0,0.0,0.0,0.0,0.0,17.1
2020-05-30 00:30:00,0.0,0.0,27674.0,22,4136001,,0.25,True,0.0,0.0,26.9552894,25.73499136666667,0.0,False,28.0,66,31,0,17,19,0.0,0.0,0.0,0.0,0.0,17.1
2020-05-30 00:45:00,0.0,0.0,27674.0,22,4136001,,0.25,True,0.0,0.0,27.073268344827586,26.24371324137931,0.0,False,28.0,66,31,0,17,19,0.0,0.0,0.0,0.0,0.0,17.1
2020-05-30 01:00:00,0.0,0.0,27674.0,22,4136001,,0.25,True,0.0,0.0,26.92997463333333,26.3968119,0.0,False,27.8,67,27,0,24,10,0.0,0.0,0.0,0.0,0.0,15.8
2020-05-30 01:15:00,0.0,0.0,27674.0,22,4136001,,0.25,True,0.0,0.0,26.07999410344828,25.75550365517241,0.0,False,27.8,67,27,0,24,10,0.0,0.0,0.0,0.0,0.0,15.8
2020-05-30 01:30:00,0.0,0.0,27674.0,22,4136001,,0.25,True,0.0,0.0,24.709818500000004,24.303867566666668,0.0,False,27.8,67,27,0,24,10,0.0,0.0,0.0,0.0,0.0,15.8
2020-05-30 01:45:00,0.0,0.0,27674.0,22,4136001,,0.25,True,0.0,0.0,24.5050355,23.77980353333333,0.0,False,27.8,67,27,0,24,10,0.0,0.0,0.0,0.0,0.0,15.8
2020-05-30 02:00:00,0.0,0.0,27674.0,22,4136001,,0.25,True,0.0,0.0,24.03427651724138,23.420100793103448,0.0,False,27.5,69,29,0,20,13,0.0,0.0,0.0,0.0,0.0,16.1
2020-05-30 02:15:00,0.0,0.0,27674.0,22,4136001,,0.25,True,0.0,0.0,23.561014833333328,23.014751166666667,0.0,False,27.5,69,29,0,20,13,0.0,0.0,0.0,0.0,0.0,16.1
2020-05-30 02:30:00,0.0,0.0,23881.86666666667,22,4136001,,0.25,True,0.0,0.0,23.44592420689656,22.826087758620687,0.0,False,27.5,69,29,0,20,13,0.0,0.0,0.0,0.0,0.0,16.1
2020-05-30 02:45:00,0.0,0.0,19548.0,22,4136001,,0.25,True,0.0,0.0,23.590169300000007,23.091042100000003,0.0,False,27.5,69,29,0,20,13,0.0,0.0,0.0,0.0,0.0,16.1
2020-05-30 03:00:00,0.0,0.0,19548.0,22,4136001,,0.25,True,0.0,0.0,23.707537586206893,23.256745620689657,0.0,False,27.1,72,44,0,44,1,0.0,0.0,0.0,0.0,0.0,16.9
2020-05-30 03:15:00,0.0,0.0,19548.0,22,4136001,,0.25,True,0.0,0.0,23.60865073333333,22.961358666666666,0.0,False,27.1,72,44,0,44,1,0.0,0.0,0.0,0.0,0.0,16.9
2020-05-30 03:30:00,0.0,0.0,19548.0,22,4136001,,0.25,True,0.0,0.0,23.66515603333333,22.8551992,0.0,False,27.1,72,44,0,44,1,0.0,0.0,0.0,0.0,0.0,16.9
2020-05-30 03:45:00,0.0,0.0,19548.0,22,4136001,,0.25,True,0.0,0.0,23.861258344827583,22.988277000000004,0.0,False,27.1,72,44,0,44,1,0.0,0.0,0.0,0.0,0.0,16.9
2020-05-30 04:00:00,0.0,0.0,19548.0,22,4136001,,0.25,True,0.0,0.0,24.001286,22.884807400000003,0.0,False,26.8,75,41,0,41,1,0.0,0.0,0.0,0.0,0.0,13.6
2020-05-30 04:15:00,0.0,0.0,19548.0,22,4136001,,0.25,True,0.0,0.0,23.873749600000004,22.919100833333328,0.0,False,26.8,75,41,0,41,1,0.0,0.0,0.0,0.0,0.0,13.6
2020-05-30 04:30:00,0.0,0.0,17659.86666666667,22,4136001,,0.25,True,0.0,0.0,23.773719482758622,22.59231772413793,0.0,False,26.8,75,41,0,41,1,0.0,0.0,0.0,0.0,0.0,13.6
2020-05-30 04:45:00,0.0,0.0,15502.0,22,4136001,,0.25,True,0.0,0.0,23.838063233333333,22.527732333333336,0.0,False,26.8,75,41,0,41,1,0.0,0.0,0.0,0.0,0.0,13.6
2020-05-30 05:00:00,0.0,0.0,15502.0,22,4136001,,0.25,True,0.0,0.0,23.980964448275863,22.819694655172416,0.0,False,26.2,76,58,0,22,32,0.0,0.0,0.0,0.0,0.0,12.7
2020-05-30 05:15:00,0.0,0.0,15502.0,22,4136001,,0.25,True,0.0,0.0,23.8346821,22.318359466666664,0.0,False,26.2,76,58,0,22,32,0.0,0.0,0.0,0.0,0.0,12.7
2020-05-30 05:30:00,0.0,0.0,8588.8,22,4136001,,0.25,True,0.0,0.0,23.58334133333333,21.981009,0.0,False,26.2,76,58,0,22,32,0.0,0.0,0.0,0.0,0.0,12.7
2020-05-30 05:45:00,0.0,0.0,8095.0,22,4136001,,0.25,True,0.0,0.0,23.672746482758615,22.420285000000007,0.00045009486,False,26.2,76,58,0,22,32,0.0,0.0,0.0,0.0,0.0,12.7
2020-05-30 06:00:00,140.78666666666666,135.88,5404.133333333334,22,4136001,0.9651482147930676,0.25,True,33.97,35.196666666666665,23.99907926666667,22.900317399999995,0.0073249025366666,False,26.3,77,64,0,21,60,0.0,15.0,3.0,12.0,31.9,13.7
2020-05-30 06:15:00,442.4480952380952,427.10238095238094,84.2047619047619,22,4136001,0.9653163513395706,0.25,True,106.77559523809524,110.6120238095238,24.31754710344827,23.531919379310345,0.015087458775862,False,26.3,77,64,0,21,60,0.0,15.0,3.0,12.0,31.9,13.7
2020-05-30 06:30:00,560.7490476190476,541.4490476190476,204.47142857142856,22,4136001,0.9655817516196449,0.25,True,135.3622619047619,140.1872619047619,24.369366633333332,23.945122266666665,0.0178093433666666,False,26.3,77,64,0,21,60,0.0,15.0,3.0,12.0,31.9,13.7
2020-05-30 06:45:00,1147.0585714285714,1110.452857142857,384.4095238095238,22,4136001,0.9680873189935498,0.25,True,277.61321428571426,286.76464285714286,24.441856,24.456810500000003,0.0357170422333333,False,26.3,77,64,0,21,60,0.0,15.0,3.0,12.0,31.9,13.7
2020-05-30 07:00:00,3081.572857142857,3010.1919047619044,871.8809523809524,22,4136001,0.9768361951217551,0.25,True,752.5479761904761,770.3932142857143,25.03589275862069,25.97868603448276,0.0985079377241379,False,27.3,70,95,0,9,95,0.0,121.0,43.0,78.0,167.2,14.2
2020-05-30 07:15:00,3450.6266666666666,3379.5466666666666,1701.2,22,4136001,0.9794008431318756,0.25,True,844.8866666666667,862.6566666666666,25.66914373333333,27.293509933333336,0.1114509436,False,27.3,70,95,0,9,95,0.0,121.0,43.0,78.0,167.2,14.2
2020-05-30 07:30:00,3217.1109523809523,3141.9009523809523,2562.595238095238,22,4136001,0.9766218818333455,0.25,True,785.4752380952381,804.2777380952381,26.014155068965515,27.832418275862068,0.1039657008965517,False,27.3,70,95,0,9,95,0.0,121.0,43.0,78.0,167.2,14.2
2020-05-30 07:45:00,4497.111428571428,4402.691904761905,3388.2571428571428,22,4136001,0.9790044064263898,0.25,True,1100.6729761904762,1124.277857142857,26.21130173333333,27.5272562,0.1392150568333333,False,27.3,70,95,0,9,95,0.0,121.0,43.0,78.0,167.2,14.2
2020-05-30 08:00:00,7634.821428571428,7498.823333333334,5038.890476190476,22,4136001,0.9821871282111255,0.25,True,1874.7058333333334,1908.705357142857,27.117775466666664,30.8955617,0.2669899673333333,False,28.7,64,100,0,4,100,0.0,258.0,96.0,162.0,200.1,14.0
2020-05-30 08:15:00,6387.034761904762,6272.167619047619,6719.742857142857,22,4136001,0.9820155757500706,0.25,True,1568.0419047619048,1596.7586904761904,26.781264655172407,30.040735758620688,0.2079072020689655,False,28.7,64,100,0,4,100,0.0,258.0,96.0,162.0,200.1,14.0
2020-05-30 08:30:00,4802.913333333333,4708.973333333333,8093.2,22,4136001,0.9804410378700706,0.25,True,1177.2433333333333,1200.7283333333332,26.109615,28.208099366666666,0.1482772239999999,False,28.7,64,100,0,4,100,0.0,258.0,96.0,162.0,200.1,14.0
2020-05-30 08:45:00,7078.620476190476,6950.961428571429,9363.02380952381,22,4136001,0.9819655470937537,0.25,True,1737.7403571428572,1769.655119047619,25.788373344827583,28.674119586206896,0.2154493851724138,False,28.7,64,100,0,4,100,0.0,258.0,96.0,162.0,200.1,14.0
2020-05-30 09:00:00,10182.483333333334,9988.323333333334,11586.290476190476,22,4136001,0.9809319599508306,0.25,True,2497.0808333333334,2545.6208333333334,26.106516633333335,31.08028253333333,0.3236861666666666,False,30.5,57,98,0,4,98,0.0,436.0,192.0,244.0,284.1,14.2
2020-05-30 09:15:00,10001.450476190475,9812.309523809523,13949.233333333334,22,4136001,0.9810886478085131,0.25,True,2453.0773809523807,2500.362619047619,26.51990468965517,31.456435586206897,0.3180073086206897,False,30.5,57,98,0,4,98,0.0,436.0,192.0,244.0,284.1,14.2
2020-05-30 09:30:00,12089.877142857144,11848.812380952382,16708.85714285714,22,4136001,0.9800606111165335,0.25,True,2962.2030952380956,3022.469285714286,26.940843566666672,32.851707000000005,0.3861781230000001,False,30.5,57,98,0,4,98,0.0,436.0,192.0,244.0,284.1,14.2
2020-05-30 09:45:00,17444.22,17060.57619047619,19901.690476190473,22,4136001,0.9780073967466696,0.25,True,4265.144047619047,4361.055,27.548072166666667,35.87183746666666,0.5942283216666666,False,30.5,57,98,0,4,98,0.0,436.0,192.0,244.0,284.1,14.2
2020-05-30 10:00:00,16845.880476190476,16485.474761904763,24111.190476190477,22,4136001,0.9786057063152561,0.25,True,4121.368690476191,4211.470119047619,27.910501413793103,37.94116517241379,0.5691819124137932,False,32.4,49,100,0,1,100,0.0,656.0,395.0,261.0,474.7,13.4
2020-05-30 10:15:00,14549.608571428571,14249.540476190476,27953.12857142857,22,4136001,0.9793762083862966,0.25,True,3562.385119047619,3637.4021428571427,28.476782166666663,38.0192168,0.5079887003333332,False,32.4,49,100,0,1,100,0.0,656.0,395.0,261.0,474.7,13.4
2020-05-30 10:30:00,20916.294285714284,20440.841428571428,32286.152380952382,22,4136001,0.9772687814271389,0.25,True,5110.210357142857,5229.073571428571,29.42414586206897,41.107080931034496,0.7076214027586208,False,32.4,49,100,0,1,100,0.0,656.0,395.0,261.0,474.7,13.4
2020-05-30 10:45:00,19676.33380952381,19203.737142857142,37889.03333333333,22,4136001,0.9759814673179655,0.25,True,4800.934285714286,4919.083452380953,30.913739966666665,49.52102430000001,0.9369564706666664,False,32.4,49,100,0,1,100,0.0,656.0,395.0,261.0,474.7,13.4
2020-05-30 11:00:00,15049.711428571429,14703.964761904761,41696.561904761904,22,4136001,0.9770263590562754,0.25,True,3675.9911904761902,3762.427857142857,31.278098466666663,47.35640383333333,0.7625164443333335,False,33.8,44,99,0,7,98,0.0,801.0,524.0,277.0,558.6,12.8
2020-05-30 11:15:00,20881.36619047619,20367.431904761906,46223.12380952381,22,4136001,0.9753878993823362,0.25,True,5091.857976190477,5220.341547619048,31.905789172413787,51.048263137931045,0.987074708275862,False,33.8,44,99,0,7,98,0.0,801.0,524.0,277.0,558.6,12.8
2020-05-30 11:30:00,19438.78,18969.486666666668,51217.86666666667,22,4136001,0.9758578813416618,0.25,True,4742.371666666667,4859.695,32.40038546666666,51.640188566666666,0.8328051736666665,False,33.8,44,99,0,7,98,0.0,801.0,524.0,277.0,558.6,12.8
2020-05-30 11:45:00,18423.818571428572,17975.180952380953,56414.07142857143,22,4136001,0.975649042715642,0.25,True,4493.795238095238,4605.954642857143,32.96299803448276,54.69868941379311,1.0359709579310343,False,33.8,44,99,0,7,98,0.0,801.0,524.0,277.0,558.6,12.8
2020-05-30 12:00:00,14204.161428571428,13900.590952380953,59412.719047619044,22,4136001,0.9786280606766515,0.25,True,3475.1477380952383,3551.040357142857,33.16402170000001,50.691745966666666,0.617782115333333,False,35.0,41,49,0,9,47,0.0,911.0,668.0,243.0,677.3,12.9
2020-05-30 12:15:00,19192.155238095238,18761.207142857143,64239.857142857145,22,4136001,0.9775456122623117,0.25,True,4690.301785714286,4798.0388095238095,33.14692303333333,47.62712613333333,0.6965329063333334,False,35.0,41,49,0,9,47,0.0,911.0,668.0,243.0,677.3,12.9
2020-05-30 12:30:00,19932.439523809524,19442.702857142856,68819.2,22,4136001,0.9754301691932052,0.25,True,4860.675714285714,4983.109880952381,34.255510931034486,56.78703055172414,0.9960414413793102,False,35.0,41,49,0,9,47,0.0,911.0,668.0,243.0,677.3,12.9
2020-05-30 12:45:00,17585.426666666666,17166.886666666665,73325.0,22,4136001,0.9761996107382855,0.25,True,4291.721666666666,4396.356666666667,34.49277953333333,57.077078333333354,0.884460836,False,35.0,41,49,0,9,47,0.0,911.0,668.0,243.0,677.3,12.9
2020-05-30 13:00:00,19048.171904761904,18589.575714285715,77144.68095238095,22,4136001,0.975924398794325,0.25,True,4647.393928571429,4762.042976190476,35.01506744827586,54.8516855862069,0.8438060293103448,False,35.7,39,16,1,13,7,0.0,868.0,624.0,244.0,640.9,12.0
2020-05-30 13:15:00,20771.914285714283,20258.380952380954,82995.75714285714,22,4136001,0.9752775152896472,0.25,True,5064.5952380952385,5192.978571428571,35.57238653333333,57.65958873333334,0.9409397846666666,False,35.7,39,16,1,13,7,0.0,868.0,624.0,244.0,640.9,12.0
2020-05-30 13:30:00,19014.211904761905,18558.680476190475,88182.2619047619,22,4136001,0.9760425816829491,0.25,True,4639.670119047619,4753.552976190476,35.86465056666667,56.2409188,0.8167053623333334,False,35.7,39,16,1,13,7,0.0,868.0,624.0,244.0,640.9,12.0
2020-05-30 13:45:00,19174.22476190476,18708.697142857145,91607.52857142857,22,4136001,0.9757211764841455,0.25,True,4677.174285714286,4793.55619047619,36.170828896551726,55.448996655172415,0.8500879662068966,False,35.7,39,16,1,13,7,0.0,868.0,624.0,244.0,640.9,12.0
2020-05-30 14:00:00,19405.666666666668,18949.14,96520.86666666667,22,4136001,0.9764745692838861,0.25,True,4737.285,4851.416666666667,35.8791038,52.71295663333334,0.824260238,False,36.2,37,34,0,33,3,0.0,796.0,619.0,177.0,687.0,11.3
2020-05-30 14:15:00,19942.599047619045,19488.42761904762,102059.38095238095,22,4136001,0.9772260662972287,0.25,True,4872.106904761905,4985.649761904761,35.94459365517242,51.349900724137925,0.7934317486206895,False,36.2,37,34,0,33,3,0.0,796.0,619.0,177.0,687.0,11.3
2020-05-30 14:30:00,20084.4,19634.126666666667,107306.40000000001,22,4136001,0.9775809417591098,0.25,True,4908.531666666667,5021.1,36.025648866666685,50.678597200000006,0.7504877179999999,False,36.2,37,34,0,33,3,0.0,796.0,619.0,177.0,687.0,11.3
2020-05-30 14:45:00,19536.640952380953,19102.03619047619,110370.53333333333,22,4136001,0.977754376355481,0.25,True,4775.509047619047,4884.160238095238,36.46223937931035,49.67382806896551,0.7266899831034483,False,36.2,37,34,0,33,3,0.0,796.0,619.0,177.0,687.0,11.3
2020-05-30 15:00:00,20499.79380952381,20049.105714285713,116577.27142857143,22,4136001,0.9780149937396583,0.25,True,5012.276428571428,5124.948452380952,37.038291233333325,49.66475023333333,0.6808359306666665,False,35.9,37,57,0,56,3,0.0,554.0,375.0,179.0,485.0,11.3
2020-05-30 15:15:00,19083.072857142855,18670.297142857144,121612.45714285714,22,4136001,0.9783695363228041,0.25,True,4667.574285714286,4770.768214285714,37.428121,49.058924533333325,0.6243103806666666,False,35.9,37,57,0,56,3,0.0,554.0,375.0,179.0,485.0,11.3
2020-05-30 15:30:00,17498.95619047619,17125.88380952381,123768.99523809523,22,4136001,0.9786803065913483,0.25,True,4281.470952380952,4374.739047619048,36.871171517241365,48.76117779310345,0.5755358613793102,False,35.9,37,57,0,56,3,0.0,554.0,375.0,179.0,485.0,11.3
2020-05-30 15:45:00,16600.78,16252.566666666668,132681.8,22,4136001,0.9790242787788688,0.25,True,4063.141666666667,4150.195,36.61823533333333,46.94166666666667,0.5236087176666666,False,35.9,37,57,0,56,3,0.0,554.0,375.0,179.0,485.0,11.3
2020-05-30 16:00:00,14930.849523809524,14623.801428571429,137058.0619047619,22,4136001,0.9794353231710989,0.25,True,3655.9503571428572,3732.712380952381,36.55245013793103,45.959262,0.4692858168965516,False,34.6,40,55,0,50,23,0.0,379.0,222.0,157.0,370.5,10.4
2020-05-30 16:15:00,13214.600476190477,12948.128571428571,140297.55238095237,22,4136001,0.9798350388842989,0.25,True,3237.032142857143,3303.6501190476192,36.426467133333325,43.91818623333333,0.4148623726666666,False,34.6,40,55,0,50,23,0.0,379.0,222.0,157.0,370.5,10.4
2020-05-30 16:30:00,11642.917142857143,11413.139523809523,143562.2380952381,22,4136001,0.9802646006814034,0.25,True,2853.2848809523807,2910.7292857142857,36.28947668965519,42.77483834482759,0.3615315610344827,False,34.6,40,55,0,50,23,0.0,379.0,222.0,157.0,370.5,10.4
2020-05-30 16:45:00,10083.87619047619,9894.45476190476,146224.62380952382,22,4136001,0.9812154150850909,0.25,True,2473.61369047619,2520.9690476190476,36.38166093333334,41.71702763333334,0.3126336673333333,False,34.6,40,55,0,50,23,0.0,379.0,222.0,157.0,370.5,10.4
2020-05-30 17:00:00,8212.715238095238,8070.860952380952,148480.01904761905,22,4136001,0.9827274803031907,0.25,True,2017.715238095238,2053.1788095238094,35.91564846666666,40.487598766666665,0.2525650936666666,False,34.5,38,44,0,11,21,0.0,185.0,64.0,121.0,163.9,5.4
2020-05-30 17:15:00,6502.986666666667,6385.446666666667,150310.4,22,4136001,0.981925228202836,0.25,True,1596.3616666666667,1625.7466666666667,35.45489910344828,38.62065175862069,0.2011415051724137,False,34.5,38,44,0,11,21,0.0,185.0,64.0,121.0,163.9,5.4
2020-05-30 17:30:00,4823.068571428571,4728.778571428571,151720.01428571428,22,4136001,0.9804502053819916,0.25,True,1182.1946428571428,1205.7671428571427,35.16447003571429,37.389189607142846,0.1528224096428571,False,34.5,38,44,0,11,21,0.0,185.0,64.0,121.0,163.9,5.4
2020-05-30 17:45:00,3007.5095238095237,2934.8238095238094,152698.3523809524,22,4136001,0.9758319254817702,0.25,True,733.7059523809523,751.8773809523809,34.806607931034485,35.957243862068964,0.0987987890689655,False,34.5,38,44,0,11,21,0.0,185.0,64.0,121.0,163.9,5.4
2020-05-30 18:00:00,1488.4942857142858,1442.1861904761904,150303.7333333333,22,4136001,0.9688893026446027,0.25,True,360.5465476190476,372.12357142857144,34.11661996666666,34.23459079999999,0.0489493161,False,32.8,47,12,0,7,6,0.0,85.0,38.0,47.0,233.2,4.1
2020-05-30 18:15:00,811.8066666666666,784.6395238095238,146976.5761904762,22,4136001,0.9665349596490838,0.25,True,196.15988095238095,202.95166666666665,33.7702291724138,33.27685844827586,0.0275617622068965,False,32.8,47,12,0,7,6,0.0,85.0,38.0,47.0,233.2,4.1
2020-05-30 18:30:00,296.4866666666667,286.14,146021.66666666666,22,4136001,0.9651024216940615,0.25,True,71.535,74.12166666666667,33.38554473333334,32.382025000000006,0.0104004473599999,False,32.8,47,12,0,7,6,0.0,85.0,38.0,47.0,233.2,4.1
2020-05-30 18:45:00,0.0,0.0,146593.53333333333,22,4136001,,0.25,True,0.0,0.0,32.99551386206897,31.721315551724143,0.000559735022931,False,32.8,47,12,0,7,6,0.0,85.0,38.0,47.0,233.2,4.1
2020-05-30 19:00:00,0.0,0.0,145505.0,22,4136001,,0.25,True,0.0,0.0,32.823653166666666,31.564240400000003,0.0,False,32.1,46,23,1,18,6,0.0,1.0,0.0,1.0,0.0,3.2
2020-05-30 19:15:00,0.0,0.0,145505.0,22,4136001,,0.25,True,0.0,0.0,32.647284103448285,31.33284772413793,0.0,False,32.1,46,23,1,18,6,0.0,1.0,0.0,1.0,0.0,3.2
2020-05-30 19:30:00,0.0,0.0,145505.0,22,4136001,,0.25,True,0.0,0.0,32.1994953,30.375280733333337,0.0,False,32.1,46,23,1,18,6,0.0,1.0,0.0,1.0,0.0,3.2
2020-05-30 19:45:00,0.0,0.0,145242.86666666667,22,4136001,,0.25,True,0.0,0.0,31.74300303448276,29.323392827586208,0.0,False,32.1,46,23,1,18,6,0.0,1.0,0.0,1.0,0.0,3.2
2020-05-30 20:00:00,0.0,0.0,145505.0,22,4136001,,0.25,True,0.0,0.0,30.889555900000005,28.18157963333333,0.0,False,31.4,47,17,8,13,6,0.0,0.0,0.0,0.0,0.0,9.1
2020-05-30 20:15:00,0.0,0.0,145505.0,22,4136001,,0.25,True,0.0,0.0,29.999992586206904,27.5773935862069,0.0,False,31.4,47,17,8,13,6,0.0,0.0,0.0,0.0,0.0,9.1
2020-05-30 20:30:00,0.0,0.0,145505.0,22,4136001,,0.25,True,0.0,0.0,30.71953423333333,27.718881000000003,0.0,False,31.4,47,17,8,13,6,0.0,0.0,0.0,0.0,0.0,9.1
2020-05-30 20:45:00,0.0,0.0,145505.0,22,4136001,,0.25,True,0.0,0.0,30.1452219,27.410910966666663,0.0,False,31.4,47,17,8,13,6,0.0,0.0,0.0,0.0,0.0,9.1
2020-05-30 21:00:00,0.0,0.0,145505.0,22,4136001,,0.25,True,0.0,0.0,30.08647,27.061780275862077,0.0,False,30.0,51,36,0,31,10,0.0,0.0,0.0,0.0,0.0,8.3
2020-05-30 21:15:00,0.0,0.0,144968.4,22,4136001,,0.25,True,0.0,0.0,29.662378933333336,26.671178166666664,0.0,False,30.0,51,36,0,31,10,0.0,0.0,0.0,0.0,0.0,8.3
2020-05-30 21:30:00,0.0,0.0,145505.0,22,4136001,,0.25,True,0.0,0.0,29.786013103448276,26.178995000000004,0.0,False,30.0,51,36,0,31,10,0.0,0.0,0.0,0.0,0.0,8.3
2020-05-30 21:45:00,0.0,0.0,145505.0,22,4136001,,0.25,True,0.0,0.0,29.67955723333333,25.698066133333327,0.0,False,30.0,51,36,0,31,10,0.0,0.0,0.0,0.0,0.0,8.3
2020-05-30 22:00:00,0.0,0.0,145505.0,22,4136001,,0.25,True,0.0,0.0,29.0949584,25.20096026666667,0.0,False,29.3,54,28,1,22,11,0.0,0.0,0.0,0.0,0.0,8.0
2020-05-30 22:15:00,0.0,0.0,145505.0,22,4136001,,0.25,True,0.0,0.0,28.566172620689656,24.988610620689656,0.0,False,29.3,54,28,1,22,11,0.0,0.0,0.0,0.0,0.0,8.0
2020-05-30 22:30:00,0.0,0.0,145505.0,22,4136001,,0.25,True,0.0,0.0,28.682131833333337,25.62156166666667,0.0,False,29.3,54,28,1,22,11,0.0,0.0,0.0,0.0,0.0,8.0
2020-05-30 22:45:00,0.0,0.0,145505.0,22,4136001,,0.25,True,0.0,0.0,28.516374379310346,25.832993172413797,0.0,False,29.3,54,28,1,22,11,0.0,0.0,0.0,0.0,0.0,8.0
2020-05-30 23:00:00,0.0,0.0,145505.0,22,4136001,,0.25,True,0.0,0.0,28.163496933333334,25.648109866666665,0.0,False,29.2,57,32,0,26,11,0.0,0.0,0.0,0.0,0.0,10.2
2020-05-30 23:15:00,0.0,0.0,145505.0,22,4136001,,0.25,True,0.0,0.0,27.89965086206897,25.263016103448276,0.0,False,29.2,57,32,0,26,11,0.0,0.0,0.0,0.0,0.0,10.2
2020-05-30 23:30:00,0.0,0.0,145505.0,22,4136001,,0.25,True,0.0,0.0,27.798886966666664,25.04084273333333,0.0,False,29.2,57,32,0,26,11,0.0,0.0,0.0,0.0,0.0,10.2
2020-05-30 23:45:00,0.0,0.0,137015.5761904762,22,4136001,,0.25,True,0.0,0.0,27.731472633333336,24.894776399999994,0.0,False,29.2,57,32,0,26,11,0.0,0.0,0.0,0.0,0.0,10.2
2020-05-31 00:00:00,0.0,0.0,59165.219047619044,22,4136001,,0.25,True,0.0,0.0,27.2400891724138,24.326188655172416,0.0,False,28.5,62,32,0,29,7,0.0,0.0,0.0,0.0,0.0,12.8
2020-05-31 00:15:00,0.0,0.0,30775.666666666668,22,4136001,,0.25,True,0.0,0.0,27.180777933333328,24.19800923333333,0.0,False,28.5,62,32,0,29,7,0.0,0.0,0.0,0.0,0.0,12.8
2020-05-31 00:30:00,0.0,0.0,28033.0,22,4136001,,0.25,True,0.0,0.0,27.63067831034482,24.354256344827583,0.0,False,28.5,62,32,0,29,7,0.0,0.0,0.0,0.0,0.0,12.8
2020-05-31 00:45:00,0.0,0.0,28033.0,22,4136001,,0.25,True,0.0,0.0,27.532306,24.118866000000004,0.0,False,28.5,62,32,0,29,7,0.0,0.0,0.0,0.0,0.0,12.8
2020-05-31 01:00:00,0.0,0.0,28033.0,22,4136001,,0.25,True,0.0,0.0,27.24455036666667,24.198669433333336,0.0,False,28.0,63,21,0,17,6,0.0,0.0,0.0,0.0,0.0,12.6
2020-05-31 01:15:00,0.0,0.0,28033.0,22,4136001,,0.25,True,0.0,0.0,27.009202586206893,24.199347137931035,0.0,False,28.0,63,21,0,17,6,0.0,0.0,0.0,0.0,0.0,12.6
2020-05-31 01:30:00,0.0,0.0,28033.0,22,4136001,,0.25,True,0.0,0.0,27.197297200000005,24.45462746666667,0.0,False,28.0,63,21,0,17,6,0.0,0.0,0.0,0.0,0.0,12.6
2020-05-31 01:45:00,0.0,0.0,28033.0,22,4136001,,0.25,True,0.0,0.0,27.05856948275862,24.34783824137931,0.0,False,28.0,63,21,0,17,6,0.0,0.0,0.0,0.0,0.0,12.6
2020-05-31 02:00:00,0.0,0.0,28033.0,22,4136001,,0.25,True,0.0,0.0,26.798573966666662,24.09575603333333,0.0,False,27.6,64,28,0,9,22,0.0,0.0,0.0,0.0,0.0,12.1
2020-05-31 02:15:00,0.0,0.0,28033.0,22,4136001,,0.25,True,0.0,0.0,26.526500793103448,23.984698137931037,0.0,False,27.6,64,28,0,9,22,0.0,0.0,0.0,0.0,0.0,12.1
2020-05-31 02:30:00,0.0,0.0,24213.333333333336,22,4136001,,0.25,True,0.0,0.0,26.085212233333333,23.59523426666667,0.0,False,27.6,64,28,0,9,22,0.0,0.0,0.0,0.0,0.0,12.1
2020-05-31 02:45:00,0.0,0.0,19848.0,22,4136001,,0.25,True,0.0,0.0,26.013380900000005,23.499401866666663,0.0,False,27.6,64,28,0,9,22,0.0,0.0,0.0,0.0,0.0,12.1
2020-05-31 03:00:00,0.0,0.0,19848.0,22,4136001,,0.25,True,0.0,0.0,25.993267275862078,23.6857364137931,0.0,False,27.5,65,33,0,12,24,0.0,0.0,0.0,0.0,0.0,12.6
2020-05-31 03:15:00,0.0,0.0,19848.0,22,4136001,,0.25,True,0.0,0.0,26.08363966666667,23.89557200000001,0.0,False,27.5,65,33,0,12,24,0.0,0.0,0.0,0.0,0.0,12.6
2020-05-31 03:30:00,0.0,0.0,19848.0,22,4136001,,0.25,True,0.0,0.0,26.013526655172413,24.03578572413793,0.0,False,27.5,65,33,0,12,24,0.0,0.0,0.0,0.0,0.0,12.6
2020-05-31 03:45:00,0.0,0.0,19848.0,22,4136001,,0.25,True,0.0,0.0,25.885065966666662,23.884342399999998,0.0,False,27.5,65,33,0,12,24,0.0,0.0,0.0,0.0,0.0,12.6
2020-05-31 04:00:00,0.0,0.0,19848.0,22,4136001,,0.25,True,0.0,0.0,25.601646766666672,23.5670493,0.0,False,27.3,66,31,0,23,11,0.0,0.0,0.0,0.0,0.0,11.4
2020-05-31 04:15:00,0.0,0.0,19848.0,22,4136001,,0.25,True,0.0,0.0,25.317720620689656,23.214291310344823,0.0,False,27.3,66,31,0,23,11,0.0,0.0,0.0,0.0,0.0,11.4
2020-05-31 04:30:00,0.0,0.0,18013.066666666666,22,4136001,,0.25,True,0.0,0.0,25.169656433333337,23.081614133333336,0.0,False,27.3,66,31,0,23,11,0.0,0.0,0.0,0.0,0.0,11.4
2020-05-31 04:45:00,0.0,0.0,15916.0,22,4136001,,0.25,True,0.0,0.0,25.6225405862069,23.55671224137932,0.0,False,27.3,66,31,0,23,11,0.0,0.0,0.0,0.0,0.0,11.4
2020-05-31 05:00:00,0.0,0.0,15916.0,22,4136001,,0.25,True,0.0,0.0,25.85061973333333,24.0697113,0.0,False,27.5,69,25,0,71,72,0.0,0.0,0.0,0.0,0.0,9.7
2020-05-31 05:15:00,0.0,0.0,15916.0,22,4136001,,0.25,True,0.0,0.0,25.946306103448272,24.6745931724138,0.0,False,27.5,69,25,0,71,72,0.0,0.0,0.0,0.0,0.0,9.7
2020-05-31 05:30:00,0.0,0.0,8614.533333333333,22,4136001,,0.25,True,0.0,0.0,26.212676827586204,25.184758551724144,0.0001694370140344,False,27.5,69,25,0,71,72,0.0,0.0,0.0,0.0,0.0,9.7
2020-05-31 05:45:00,0.0,0.0,8093.0,22,4136001,,0.25,True,0.0,0.0,26.250502333333337,25.325603066666677,0.0021765761446666,False,27.5,69,25,0,71,72,0.0,0.0,0.0,0.0,0.0,9.7
2020-05-31 06:00:00,399.27666666666664,385.42761904761903,5426.085714285714,22,4136001,0.9653146582927937,0.25,True,96.35690476190476,99.81916666666666,26.293774862068965,25.354828896551727,0.0154248861724137,False,27.6,71,92,0,60,89,0.0,8.0,1.0,7.0,10.6,7.8
2020-05-31 06:15:00,1216.1480952380953,1177.125238095238,222.04285714285714,22,4136001,0.9679127424565694,0.25,True,294.2813095238095,304.0370238095238,26.47503153333333,25.98855486666666,0.0410410586333333,False,27.6,71,92,0,60,89,0.0,8.0,1.0,7.0,10.6,7.8
2020-05-31 06:30:00,2194.3404761904762,2132.3347619047618,631.3095238095239,22,4136001,0.9717428927012455,0.25,True,533.0836904761904,548.5851190476191,26.623247000000003,27.165574689655177,0.0711786957586207,False,27.6,71,92,0,60,89,0.0,8.0,1.0,7.0,10.6,7.8
2020-05-31 06:45:00,2906.94,2829.0066666666667,1275.3333333333333,22,4136001,0.9731905944624473,0.25,True,707.2516666666667,726.735,26.876637733333336,28.5874726,0.0953332493666666,False,27.6,71,92,0,60,89,0.0,8.0,1.0,7.0,10.6,7.8
2020-05-31 07:00:00,2908.8014285714285,2830.9919047619046,2005.647619047619,22,4136001,0.9732503143579183,0.25,True,707.7479761904762,727.2003571428571,27.106279366666666,29.493136633333325,0.0943534478333333,False,28.3,67,43,2,23,37,0.0,86.0,26.0,60.0,101.1,9.7
2020-05-31 07:15:00,2648.2019047619046,2575.542380952381,2661.6809523809525,22,4136001,0.9725626948312098,0.25,True,643.8855952380952,662.0504761904762,27.146846344827587,29.54309482758621,0.0838950156206896,False,28.3,67,43,2,23,37,0.0,86.0,26.0,60.0,101.1,9.7
2020-05-31 07:30:00,2901.537619047619,2823.669523809524,3326.4142857142856,22,4136001,0.9731631619294139,0.25,True,705.917380952381,725.3844047619048,27.3117461,29.563504100000003,0.0903087209666666,False,28.3,67,43,2,23,37,0.0,86.0,26.0,60.0,101.1,9.7
2020-05-31 07:45:00,3692.6428571428573,3612.208095238095,4124.9047619047615,22,4136001,0.9782175625922844,0.25,True,903.0520238095238,923.1607142857143,27.38396910344828,29.679152862068968,0.1110246576551724,False,28.3,67,43,2,23,37,0.0,86.0,26.0,60.0,101.1,9.7
2020-05-31 08:00:00,5785.7961904761905,5676.619047619048,5243.814285714286,22,4136001,0.9811301436720402,0.25,True,1419.154761904762,1446.4490476190476,27.74403266666667,31.240413499999995,0.1787927566666666,False,29.5,62,75,1,42,64,0.0,234.0,106.0,128.0,221.1,8.0
2020-05-31 08:15:00,9557.34,9380.160476190476,6947.533333333333,22,4136001,0.9814614187828911,0.25,True,2345.040119047619,2389.335,28.15140893333333,33.575649966666674,0.301327223,False,29.5,62,75,1,42,64,0.0,234.0,106.0,128.0,221.1,8.0
2020-05-31 08:30:00,10737.986190476191,10532.596666666666,9740.842857142858,22,4136001,0.9808726217219678,0.25,True,2633.1491666666666,2684.4965476190478,28.85903086206897,38.49397013793104,0.3827413824137931,False,29.5,62,75,1,42,64,0.0,234.0,106.0,128.0,221.1,8.0
2020-05-31 08:45:00,8889.230952380953,8732.084761904762,12076.952380952382,22,4136001,0.9823217338689912,0.25,True,2183.0211904761904,2222.307738095238,28.908792066666667,37.432584800000015,0.2893271926666666,False,29.5,62,75,1,42,64,0.0,234.0,106.0,128.0,221.1,8.0
2020-05-31 09:00:00,8839.047619047618,8683.747142857143,14290.109523809524,22,4136001,0.9824301799375068,0.25,True,2170.9367857142856,2209.7619047619046,29.230036206896543,37.51293513793103,0.293544414137931,False,30.9,57,94,0,45,92,0.0,430.0,202.0,228.0,299.1,5.9
2020-05-31 09:15:00,13065.369047619048,12801.750952380953,16601.82857142857,22,4136001,0.979823142057657,0.25,True,3200.4377380952383,3266.342261904762,29.5595477,39.40730686666668,0.4417368036666665,False,30.9,57,94,0,45,92,0.0,430.0,202.0,228.0,299.1,5.9
2020-05-31 09:30:00,20546.405238095238,20092.902857142857,20822.47619047619,22,4136001,0.9779278965981096,0.25,True,5023.225714285714,5136.6013095238095,30.568175344827587,47.62321131034482,0.7581236731034483,False,30.9,57,94,0,45,92,0.0,430.0,202.0,228.0,299.1,5.9
2020-05-31 09:45:00,17054.25857142857,16690.04857142857,25675.07619047619,22,4136001,0.9786440437457558,0.25,True,4172.512142857143,4263.564642857143,31.156837966666668,51.43617453333332,0.6040004026666667,False,30.9,57,94,0,45,92,0.0,430.0,202.0,228.0,299.1,5.9
2020-05-31 10:00:00,14979.090952380951,14667.30619047619,29207.47619047619,22,4136001,0.9791853348847447,0.25,True,3666.8265476190477,3744.772738095238,31.05239956666667,45.03242686666668,0.451743708,False,32.4,51,100,1,77,100,0.0,597.0,290.0,307.0,348.7,3.9
2020-05-31 10:15:00,17273.492857142857,16905.455714285712,32935.171428571426,22,4136001,0.978693530839366,0.25,True,4226.363928571428,4318.373214285714,31.722634206896554,47.4245668275862,0.6126659689655172,False,32.4,51,100,1,77,100,0.0,597.0,290.0,307.0,348.7,3.9
2020-05-31 10:30:00,19492.670476190477,19067.53714285714,37996.590476190475,22,4136001,0.9781900928427114,0.25,True,4766.884285714285,4873.167619047619,32.271562833333334,50.19941723333333,0.7158687563333334,False,32.4,51,100,1,77,100,0.0,597.0,290.0,307.0,348.7,3.9
2020-05-31 10:45:00,22226.36,21708.34,42561.0,22,4136001,0.9766934396815313,0.25,True,5427.085,5556.59,33.31406296551724,57.166491448275856,0.7457961268965518,False,32.4,51,100,1,77,100,0.0,597.0,290.0,307.0,348.7,3.9
2020-05-31 11:00:00,14805.55238095238,14498.175238095238,47214.73333333334,22,4136001,0.9792390628226348,0.25,True,3624.5438095238096,3701.388095238095,32.96100906666666,51.626101666666656,0.4808237753333333,False,33.6,47,92,6,84,69,0.0,707.0,408.0,299.0,435.2,4.3
2020-05-31 11:15:00,19397.633333333335,18971.56,51087.13333333334,22,4136001,0.9780347774384848,0.25,True,4742.89,4849.408333333334,33.08877037931034,51.79495462068965,0.7030249227586206,False,33.6,47,92,6,84,69,0.0,707.0,408.0,299.0,435.2,4.3
2020-05-31 11:30:00,20858.60619047619,20393.97619047619,56484.590476190475,22,4136001,0.9777247820033085,0.25,True,5098.494047619048,5214.651547619047,33.533041833333336,54.255354633333326,0.7328439533333335,False,33.6,47,92,6,84,69,0.0,707.0,408.0,299.0,435.2,4.3
2020-05-31 11:45:00,15409.959047619048,15077.123333333331,60442.14761904762,22,4136001,0.9784012590002864,0.25,True,3769.280833333333,3852.489761904762,33.543277241379315,50.77153675862069,0.4505056720689655,False,33.6,47,92,6,84,69,0.0,707.0,408.0,299.0,435.2,4.3
2020-05-31 12:00:00,23350.121904761905,22789.858571428573,65018.55714285714,22,4136001,0.9760059782292153,0.25,True,5697.464642857143,5837.530476190476,33.67513840000001,55.049168900000005,0.813154215,False,34.2,44,56,7,47,28,0.0,611.0,304.0,307.0,308.3,6.1
2020-05-31 12:15:00,23893.896666666664,23312.861904761903,70784.39047619047,22,4136001,0.9756827122000851,0.25,True,5828.215476190476,5973.474166666666,34.73891906666667,60.83309920000001,0.8998097250000001,False,34.2,44,56,7,47,28,0.0,611.0,304.0,307.0,308.3,6.1
2020-05-31 12:30:00,11050.38,10832.106666666667,75404.86666666667,22,4136001,0.9802474364380833,0.25,True,2708.0266666666666,2762.595,34.07653389655172,52.363130724137925,0.3194593531034483,False,34.2,44,56,7,47,28,0.0,611.0,304.0,307.0,308.3,6.1
2020-05-31 12:45:00,24836.429047619047,24233.94142857143,79536.94761904761,22,4136001,0.9757417776165622,0.25,True,6058.4853571428575,6209.107261904762,34.74858209999999,54.45613010000001,0.860170252,False,34.2,44,56,7,47,28,0.0,611.0,304.0,307.0,308.3,6.1
2020-05-31 13:00:00,22783.87619047619,22238.201904761903,84023.25238095238,22,4136001,0.9760499802073898,0.25,True,5559.550476190476,5695.969047619047,35.2726524137931,61.08201006896552,0.8632760117241379,False,35.5,41,98,15,23,98,0.0,810.0,542.0,268.0,556.8,6.6
2020-05-31 13:15:00,26057.342857142856,25409.596666666668,89857.7,22,4136001,0.9751415102442563,0.25,True,6352.399166666667,6514.335714285714,35.98741463333332,64.1427207,0.9603939863333336,False,35.5,41,98,15,23,98,0.0,810.0,542.0,268.0,556.8,6.6
2020-05-31 13:30:00,23157.680952380953,22600.71761904762,96814.22857142857,22,4136001,0.9759490885776251,0.25,True,5650.179404761905,5789.420238095238,35.82564268965517,63.02653303448275,0.837395707586207,False,35.5,41,98,15,23,98,0.0,810.0,542.0,268.0,556.8,6.6
2020-05-31 13:45:00,24824.87380952381,24214.880476190476,102602.51904761905,22,4136001,0.9754281396145781,0.25,True,6053.720119047619,6206.218452380953,36.074380533333326,62.14148253333333,0.8990759116666666,False,35.5,41,98,15,23,98,0.0,810.0,542.0,268.0,556.8,6.6
2020-05-31 14:00:00,25219.500476190475,24595.294285714288,108660.33333333333,22,4136001,0.9752490660524583,0.25,True,6148.823571428572,6304.875119047619,36.7613546,62.75171296666667,0.9187809383333334,False,35.9,39,98,18,13,98,0.0,698.0,382.0,316.0,424.0,7.8
2020-05-31 14:15:00,17066.12,16674.12,114422.0,22,4136001,0.9770305142586598,0.25,True,4168.53,4266.53,36.608745586206894,61.79855031034482,0.6655635313793103,False,35.9,39,98,18,13,98,0.0,698.0,382.0,316.0,424.0,7.8
2020-05-31 14:30:00,8829.581904761904,8659.581904761904,117044.73333333334,22,4136001,0.9807465402287828,0.25,True,2164.895476190476,2207.395476190476,31.554353833333334,40.07902133333333,0.3005127816666666,False,35.9,39,98,18,13,98,0.0,698.0,382.0,316.0,424.0,7.8
2020-05-31 14:45:00,8906.72380952381,8740.164761904762,119341.69523809524,22,4136001,0.9812996281033269,0.25,True,2185.0411904761904,2226.6809523809525,29.09773824137931,32.461152137931045,0.2697951396551723,False,35.9,39,98,18,13,98,0.0,698.0,382.0,316.0,424.0,7.8
2020-05-31 15:00:00,13323.649047619048,13051.709047619048,121770.21428571428,22,4136001,0.9795896755439835,0.25,True,3262.927261904762,3330.912261904762,28.258013866666666,30.5615907,0.4094698046666666,False,34.6,40,97,0,17,97,0.0,499.0,277.0,222.0,358.1,9.1
2020-05-31 15:15:00,9228.886666666665,9043.773333333333,125083.6,22,4136001,0.9799419648307164,0.25,True,2260.943333333333,2307.2216666666664,28.61687723333333,34.26511020000001,0.286445456,False,34.6,40,97,0,17,97,0.0,499.0,277.0,222.0,358.1,9.1
2020-05-31 15:30:00,5909.113333333334,5801.413333333334,126628.13333333333,22,4136001,0.9817739153195009,0.25,True,1450.3533333333335,1477.2783333333334,28.31004703448276,31.66338493103449,0.1824975713793103,False,34.6,40,97,0,17,97,0.0,499.0,277.0,222.0,358.1,9.1
2020-05-31 15:45:00,5928.320476190476,5819.138571428572,127754.87142857142,22,4136001,0.9815829955211759,0.25,True,1454.784642857143,1482.080119047619,28.09238476666667,32.0827222,0.1858628973333333,False,34.6,40,97,0,17,97,0.0,499.0,277.0,222.0,358.1,9.1
2020-05-31 16:00:00,4808.720476190476,4714.900476190476,129448.1619047619,22,4136001,0.9804896124728952,0.25,True,1178.725119047619,1202.180119047619,28.06294406896552,31.57601393103448,0.1506258237931034,False,34.9,38,99,7,51,99,0.0,301.0,137.0,164.0,228.5,7.7
2020-05-31 16:15:00,4573.73619047619,4484.244285714286,130589.37619047619,22,4136001,0.9804335228279559,0.25,True,1121.0610714285715,1143.4340476190475,29.37561533333333,32.16830666666668,0.1437750286666666,False,34.9,38,99,7,51,99,0.0,301.0,137.0,164.0,228.5,7.7
2020-05-31 16:30:00,3995.1666666666665,3916.0266666666666,131662.2,22,4136001,0.9801910642025782,0.25,True,979.0066666666667,998.7916666666666,29.412227,31.889497931034484,0.1258943477586207,False,34.9,38,99,7,51,99,0.0,301.0,137.0,164.0,228.5,7.7
2020-05-31 16:45:00,2951.513333333333,2879.133333333333,132535.26666666666,22,4136001,0.9754769869468093,0.25,True,719.7833333333333,737.8783333333332,29.636312833333335,31.64319953333333,0.0949052116,False,34.9,38,99,7,51,99,0.0,301.0,137.0,164.0,228.5,7.7
2020-05-31 17:00:00,2059.465714285714,2000.6904761904761,133137.3619047619,22,4136001,0.9714609290712941,0.25,True,500.17261904761904,514.8664285714285,29.727227400000004,31.1070222,0.0660900407666666,False,33.2,47,100,0,4,89,1.0,156.0,39.0,117.0,99.7,3.4
2020-05-31 17:15:00,1244.742857142857,1204.777619047619,133523.0095238095,22,4136001,0.9678927757119468,0.25,True,301.19440476190476,311.18571428571425,29.63297568965517,30.42649889655172,0.0400000306551724,False,33.2,47,100,0,4,89,1.0,156.0,39.0,117.0,99.7,3.4
2020-05-31 17:30:00,1797.7485714285713,1744.5795238095238,139120.04285714283,22,4136001,0.970424647548574,0.25,True,436.14488095238096,449.4371428571428,29.6294576,30.210314766666663,0.0547341133666666,False,33.2,47,100,0,4,89,1.0,156.0,39.0,117.0,99.7,3.4
2020-05-31 17:45:00,1565.68,1517.58,139113.8,22,4136001,0.9692785243472484,0.25,True,379.395,391.42,29.26658268965517,29.935880482758616,0.0485714671724138,False,33.2,47,100,0,4,89,1.0,156.0,39.0,117.0,99.7,3.4
2020-05-31 18:00:00,1100.9133333333334,1064.7933333333333,141195.4,22,4136001,0.9671908778771564,0.25,True,266.1983333333333,275.22833333333335,29.2769705,29.4960744,0.034425974,False,32.4,52,91,0,3,91,0.0,78.0,25.0,53.0,153.0,2.5
2020-05-31 18:15:00,569.75,550.2871428571428,141405.4238095238,22,4136001,0.9658396539835767,0.25,True,137.5717857142857,142.4375,29.359654766666665,29.106293833333336,0.0185542837166666,False,32.4,52,91,0,3,91,0.0,78.0,25.0,53.0,153.0,2.5
2020-05-31 18:30:00,27.022857142857145,26.07761904761905,141471.0380952381,22,4136001,0.9650207936843589,0.25,True,6.519404761904762,6.755714285714286,29.01673524137932,28.527480689655174,0.0018831484467931,False,32.4,52,91,0,3,91,0.0,78.0,25.0,53.0,153.0,2.5
2020-05-31 18:45:00,0.0,0.0,141472.0,22,4136001,,0.25,True,0.0,0.0,28.521704166666662,27.120938133333333,0.0,False,32.4,52,91,0,3,91,0.0,78.0,25.0,53.0,153.0,2.5
2020-05-31 19:00:00,0.0,0.0,141472.0,22,4136001,,0.25,True,0.0,0.0,25.673301827586208,24.197520241379312,7.940190241379313e-06,False,32.0,51,96,0,26,96,0.0,1.0,0.0,1.0,0.0,1.5
2020-05-31 19:15:00,0.0,0.0,141472.0,22,4136001,,0.25,True,0.0,0.0,25.302272400000003,23.84010223333333,0.0006869619313333,False,32.0,51,96,0,26,96,0.0,1.0,0.0,1.0,0.0,1.5
2020-05-31 19:30:00,0.0,0.0,141472.0,22,4136001,,0.25,True,0.0,0.0,25.5190387,23.86186216666667,0.0006716413406666,False,32.0,51,96,0,26,96,0.0,1.0,0.0,1.0,0.0,1.5
2020-05-31 19:45:00,0.0,0.0,141472.0,22,4136001,,0.25,True,0.0,0.0,25.92626117241379,23.717881793103448,0.0012282454462068,False,32.0,51,96,0,26,96,0.0,1.0,0.0,1.0,0.0,1.5
2020-05-31 20:00:00,0.0,0.0,141472.0,22,4136001,,0.25,True,0.0,0.0,25.868222133333337,23.557260200000005,0.0012794913646666,False,30.6,57,94,2,43,92,0.0,0.0,0.0,0.0,0.0,4.1
2020-05-31 20:15:00,0.0,0.0,141472.0,22,4136001,,0.25,True,0.0,0.0,25.86443365517241,24.365257551724135,0.0008855208968965,False,30.6,57,94,2,43,92,0.0,0.0,0.0,0.0,0.0,4.1
2020-05-31 20:30:00,0.0,0.0,141472.0,22,4136001,,0.25,True,0.0,0.0,26.0712495,24.731907466666662,0.0002469506195333,False,30.6,57,94,2,43,92,0.0,0.0,0.0,0.0,0.0,4.1
2020-05-31 20:45:00,0.0,0.0,141472.0,22,4136001,,0.25,True,0.0,0.0,25.99110468965517,24.672519,0.0,False,30.6,57,94,2,43,92,0.0,0.0,0.0,0.0,0.0,4.1
2020-05-31 21:00:00,0.0,0.0,141472.0,22,4136001,,0.25,True,0.0,0.0,25.90679843333333,24.3962097,0.0,False,29.2,63,94,0,31,92,0.0,0.0,0.0,0.0,0.0,8.4
2020-05-31 21:15:00,0.0,0.0,141472.0,22,4136001,,0.25,True,0.0,0.0,25.56336389655172,24.169891448275862,0.0,False,29.2,63,94,0,31,92,0.0,0.0,0.0,0.0,0.0,8.4
2020-05-31 21:30:00,0.0,0.0,141472.0,22,4136001,,0.25,True,0.0,0.0,25.33227123333334,24.059310066666672,0.0,False,29.2,63,94,0,31,92,0.0,0.0,0.0,0.0,0.0,8.4
2020-05-31 21:45:00,0.0,0.0,141472.0,22,4136001,,0.25,True,0.0,0.0,25.28147476666667,24.49779563333333,3.838638e-06,False,29.2,63,94,0,31,92,0.0,0.0,0.0,0.0,0.0,8.4
2020-05-31 22:00:00,0.0,0.0,141472.0,22,4136001,,0.25,True,0.0,0.0,25.27859720689655,25.041368,5.427062534482759e-05,False,27.7,72,94,0,34,92,0.2,0.0,0.0,0.0,0.0,10.7
2020-05-31 22:15:00,0.0,0.0,141472.0,22,4136001,,0.25,True,0.0,0.0,25.172681666666666,25.051722133333328,0.0,False,27.7,72,94,0,34,92,0.2,0.0,0.0,0.0,0.0,10.7
2020-05-31 22:30:00,0.0,0.0,141472.0,22,4136001,,0.25,True,0.0,0.0,25.16554944827586,24.985311379310343,0.0,False,27.7,72,94,0,34,92,0.2,0.0,0.0,0.0,0.0,10.7
2020-05-31 22:45:00,0.0,0.0,141472.0,22,4136001,,0.25,True,0.0,0.0,25.097927966666663,24.7690255,0.0,False,27.7,72,94,0,34,92,0.2,0.0,0.0,0.0,0.0,10.7
2020-05-31 23:00:00,0.0,0.0,141472.0,22,4136001,,0.25,True,0.0,0.0,24.955934655172417,24.54141020689656,0.0,False,26.1,84,96,10,29,95,1.2,0.0,0.0,0.0,0.0,14.0
2020-05-31 23:15:00,0.0,0.0,141472.0,22,4136001,,0.25,True,0.0,0.0,24.791358266666663,24.301851366666664,0.0,False,26.1,84,96,10,29,95,1.2,0.0,0.0,0.0,0.0,14.0
2020-05-31 23:30:00,0.0,0.0,141472.0,22,4136001,,0.25,True,0.0,0.0,24.71377466666667,24.239088933333328,0.0,False,26.1,84,96,10,29,95,1.2,0.0,0.0,0.0,0.0,14.0
2020-05-31 23:45:00,0.0,0.0,129247.13333333333,22,4136001,,0.25,True,0.0,0.0,24.88328603448276,24.51085468965517,0.0,False,26.1,84,96,10,29,95,1.2,0.0,0.0,0.0,0.0,14.0
2020-06-01 00:00:00,0.0,0.0,52141.666666666664,22,4136001,,0.25,True,0.0,0.0,25.14487823333333,24.373991933333336,0.0,False,25.8,85,96,3,17,95,0.1,0.0,0.0,0.0,0.0,14.4
2020-06-01 00:15:00,0.0,0.0,27184.333333333336,22,4136001,,0.25,True,0.0,0.0,25.005375275862065,23.899509793103448,0.0,False,25.8,85,96,3,17,95,0.1,0.0,0.0,0.0,0.0,14.4
2020-06-01 00:30:00,0.0,0.0,24963.0,22,4136001,,0.25,True,0.0,0.0,24.77038563333333,23.57786976666667,0.0,False,25.8,85,96,3,17,95,0.1,0.0,0.0,0.0,0.0,14.4
2020-06-01 00:45:00,0.0,0.0,24963.0,22,4136001,,0.25,True,0.0,0.0,24.599648379310345,23.444983448275863,0.0,False,25.8,85,96,3,17,95,0.1,0.0,0.0,0.0,0.0,14.4
2020-06-01 01:00:00,0.0,0.0,24963.0,22,4136001,,0.25,True,0.0,0.0,24.555659099999996,23.400925566666665,0.0,False,25.3,86,96,11,17,95,0.3,0.0,0.0,0.0,0.0,14.1
2020-06-01 01:15:00,0.0,0.0,24963.0,22,4136001,,0.25,True,0.0,0.0,24.649969433333336,23.3517333,0.0,False,25.3,86,96,11,17,95,0.3,0.0,0.0,0.0,0.0,14.1
2020-06-01 01:30:00,0.0,0.0,24963.0,22,4136001,,0.25,True,0.0,0.0,24.903930482758614,23.57673272413793,0.0,False,25.3,86,96,11,17,95,0.3,0.0,0.0,0.0,0.0,14.1
2020-06-01 01:45:00,0.0,0.0,24963.0,22,4136001,,0.25,True,0.0,0.0,24.6729461,23.422769266666663,0.0,False,25.3,86,96,11,17,95,0.3,0.0,0.0,0.0,0.0,14.1
2020-06-01 02:00:00,0.0,0.0,24963.0,22,4136001,,0.25,True,0.0,0.0,24.439102793103444,23.29818010344828,0.0,False,24.2,88,96,0,9,96,1.6,0.0,0.0,0.0,0.0,15.8
2020-06-01 02:15:00,0.0,0.0,24963.0,22,4136001,,0.25,True,0.0,0.0,24.264511233333337,23.09995933333333,0.0,False,24.2,88,96,0,9,96,1.6,0.0,0.0,0.0,0.0,15.8
2020-06-01 02:30:00,0.0,0.0,21840.066666666666,22,4136001,,0.25,True,0.0,0.0,24.043559,22.765743000000004,0.0,False,24.2,88,96,0,9,96,1.6,0.0,0.0,0.0,0.0,15.8
2020-06-01 02:45:00,0.0,0.0,18271.0,22,4136001,,0.25,True,0.0,0.0,23.91952593103448,22.84983024137931,0.0,False,24.2,88,96,0,9,96,1.6,0.0,0.0,0.0,0.0,15.8
2020-06-01 03:00:00,0.0,0.0,18271.0,22,4136001,,0.25,True,0.0,0.0,23.8130928,22.95408326666667,0.0,False,24.0,87,97,7,16,97,0.0,0.0,0.0,0.0,0.0,11.9
2020-06-01 03:15:00,0.0,0.0,18271.0,22,4136001,,0.25,True,0.0,0.0,23.68584606896552,23.00851527586207,0.0,False,24.0,87,97,7,16,97,0.0,0.0,0.0,0.0,0.0,11.9
2020-06-01 03:30:00,0.0,0.0,18271.0,22,4136001,,0.25,True,0.0,0.0,23.788126333333327,23.314534466666665,0.0,False,24.0,87,97,7,16,97,0.0,0.0,0.0,0.0,0.0,11.9
2020-06-01 03:45:00,0.0,0.0,18271.0,22,4136001,,0.25,True,0.0,0.0,23.78079093103448,23.10813110344828,0.0,False,24.0,87,97,7,16,97,0.0,0.0,0.0,0.0,0.0,11.9
2020-06-01 04:00:00,0.0,0.0,18271.0,22,4136001,,0.25,True,0.0,0.0,23.77050976666667,22.930192066666663,0.0,False,24.1,86,98,13,9,98,0.0,0.0,0.0,0.0,0.0,9.4
2020-06-01 04:15:00,0.0,0.0,18271.0,22,4136001,,0.25,True,0.0,0.0,23.72071133333333,22.8736441,0.0,False,24.1,86,98,13,9,98,0.0,0.0,0.0,0.0,0.0,9.4
2020-06-01 04:30:00,0.0,0.0,15751.466666666667,22,4136001,,0.25,True,0.0,0.0,23.568036448275855,22.489772344827585,0.0,False,24.1,86,98,13,9,98,0.0,0.0,0.0,0.0,0.0,9.4
2020-06-01 04:45:00,0.0,0.0,12872.0,22,4136001,,0.25,True,0.0,0.0,23.396958600000005,22.235097400000004,0.0,False,24.1,86,98,13,9,98,0.0,0.0,0.0,0.0,0.0,9.4
2020-06-01 05:00:00,0.0,0.0,12872.0,22,4136001,,0.25,True,0.0,0.0,23.315240344827583,22.32914896551724,0.0,False,24.5,91,97,39,20,96,0.0,0.0,0.0,0.0,0.0,7.7
2020-06-01 05:15:00,0.0,0.0,12872.0,22,4136001,,0.25,True,0.0,0.0,23.318588166666665,22.361772700000003,0.0,False,24.5,91,97,39,20,96,0.0,0.0,0.0,0.0,0.0,7.7
2020-06-01 05:30:00,0.0,0.0,6947.2,22,4136001,,0.25,True,0.0,0.0,23.286697600000004,22.35413833333333,0.0,False,24.5,91,97,39,20,96,0.0,0.0,0.0,0.0,0.0,7.7
2020-06-01 05:45:00,0.0,0.0,6524.0,22,4136001,,0.25,True,0.0,0.0,23.38028920689655,22.75453237931034,0.0007611838662068,False,24.5,91,97,39,20,96,0.0,0.0,0.0,0.0,0.0,7.7
2020-06-01 06:00:00,103.54428571428572,99.89285714285714,4664.733333333333,22,4136001,0.9647355858776782,0.25,True,24.973214285714285,25.88607142857143,23.470155033333327,22.829620200000004,0.0063919369866666,False,24.9,88,94,2,12,94,0.0,11.0,1.0,10.0,10.7,4.8
2020-06-01 06:15:00,678.8866666666667,655.9399999999999,83.8,22,4136001,0.9661995620280263,0.25,True,163.98499999999999,169.72166666666666,23.67332510344828,23.338527344827583,0.0209013741034482,False,24.9,88,94,2,12,94,0.0,11.0,1.0,10.0,10.7,4.8
2020-06-01 06:30:00,1565.8495238095238,1517.6514285714284,362.7809523809524,22,4136001,0.9692192036940847,0.25,True,379.4128571428571,391.46238095238095,23.979217633333327,23.886279333333327,0.0468731341666666,False,24.9,88,94,2,12,94,0.0,11.0,1.0,10.0,10.7,4.8
2020-06-01 06:45:00,2385.6842857142856,2318.8204761904763,818.9571428571429,22,4136001,0.9719729010564405,0.25,True,579.7051190476191,596.4210714285714,24.209690400000003,25.161978166666664,0.0697066674666666,False,24.9,88,94,2,12,94,0.0,11.0,1.0,10.0,10.7,4.8
2020-06-01 07:00:00,2150.5866666666666,2089.24,1405.3619047619047,22,4136001,0.9714744503825312,0.25,True,522.31,537.6466666666666,24.567252344827587,26.587057137931037,0.0646242286206896,False,26.0,81,93,0,11,93,0.0,136.0,45.0,91.0,175.1,3.2
2020-06-01 07:15:00,5194.679523809524,5093.412857142857,2179.404761904762,22,4136001,0.9805056950669399,0.25,True,1273.3532142857143,1298.669880952381,24.835614033333336,27.84200043333333,0.1504371014,False,26.0,81,93,0,11,93,0.0,136.0,45.0,91.0,175.1,3.2
2020-06-01 07:30:00,5425.54,5320.44,3605.7999999999997,22,4136001,0.9806286563180807,0.25,True,1330.11,1356.385,25.36163324137931,30.20812979310345,0.1628700658620689,False,26.0,81,93,0,11,93,0.0,136.0,45.0,91.0,175.1,3.2
2020-06-01 07:45:00,4384.822380952381,4298.565714285714,4766.614285714286,22,4136001,0.9803283555928367,0.25,True,1074.6414285714286,1096.2055952380952,25.5112201,29.69533993333333,0.1320704731333333,False,26.0,81,93,0,11,93,0.0,136.0,45.0,91.0,175.1,3.2
2020-06-01 08:00:00,5161.9742857142855,5061.8271428571425,5997.309523809524,22,4136001,0.9805990620421533,0.25,True,1265.4567857142856,1290.4935714285714,25.689117433333333,29.60674846666667,0.161106645,False,28.0,69,95,20,11,95,0.0,345.0,196.0,149.0,409.1,4.1
2020-06-01 08:15:00,6660.532380952381,6541.394761904761,7318.22380952381,22,4136001,0.9821128984541346,0.25,True,1635.3486904761903,1665.1330952380952,25.838382137931035,29.698359931034485,0.2175741148275862,False,28.0,69,95,20,11,95,0.0,345.0,196.0,149.0,409.1,4.1
2020-06-01 08:30:00,8748.71380952381,8591.410476190476,9048.409523809523,22,4136001,0.9820198332282748,0.25,True,2147.852619047619,2187.1784523809524,26.10598753333333,30.992041066666665,0.2816243653333333,False,28.0,69,95,20,11,95,0.0,345.0,196.0,149.0,409.1,4.1
2020-06-01 08:45:00,16292.486666666666,15950.7,12193.133333333333,22,4136001,0.9790218231471113,0.25,True,3987.675,4073.1216666666664,26.78541406896552,35.383090241379314,0.547218646551724,False,28.0,69,95,20,11,95,0.0,345.0,196.0,149.0,409.1,4.1
2020-06-01 09:00:00,19335.431904761906,18916.574285714283,16734.290476190476,22,4136001,0.9783373021554037,0.25,True,4729.143571428571,4833.857976190477,27.515931200000004,39.75073440000002,0.6603211486666669,False,30.0,59,89,9,8,88,0.0,543.0,332.0,211.0,491.9,6.4
2020-06-01 09:15:00,19666.893333333333,19236.45476190476,21422.114285714284,22,4136001,0.9781135452288733,0.25,True,4809.11369047619,4916.723333333333,28.245770233333328,41.81874679999999,0.6987364796666666,False,30.0,59,89,9,8,88,0.0,543.0,332.0,211.0,491.9,6.4
2020-06-01 09:30:00,21041.504285714283,20570.53523809524,26505.009523809524,22,4136001,0.9776171398573058,0.25,True,5142.63380952381,5260.376071428571,29.05904,46.36068413793104,0.8137932979310345,False,30.0,59,89,9,8,88,0.0,543.0,332.0,211.0,491.9,6.4
2020-06-01 09:45:00,19132.946666666667,18696.986666666664,31292.399999999998,22,4136001,0.9772141736662272,0.25,True,4674.246666666666,4783.236666666667,29.394693966666665,49.35060226666668,0.7883443606666666,False,30.0,59,89,9,8,88,0.0,543.0,332.0,211.0,491.9,6.4
2020-06-01 10:00:00,20359.967142857142,19887.963809523808,36003.776190476194,22,4136001,0.9768170876690768,0.25,True,4971.990952380952,5089.9917857142855,29.30169255172414,47.55944086206897,0.6254762248275861,False,31.7,52,83,8,6,82,0.0,689.0,443.0,246.0,533.0,6.4
2020-06-01 10:15:00,25125.95238095238,24514.154285714285,41884.26666666666,22,4136001,0.9756507500307972,0.25,True,6128.538571428571,6281.488095238095,29.8226225,50.4896434,0.9184480953333332,False,31.7,52,83,8,6,82,0.0,689.0,443.0,246.0,533.0,6.4
2020-06-01 10:30:00,19720.437619047618,19271.44857142857,47415.014285714286,22,4136001,0.9772322979696263,0.25,True,4817.862142857142,4930.109404761904,30.160547758620687,49.79540931034483,0.6883862282758619,False,31.7,52,83,8,6,82,0.0,689.0,443.0,246.0,533.0,6.4
2020-06-01 10:45:00,10298.572857142857,10104.997619047619,51298.64761904762,22,4136001,0.981203683191795,0.25,True,2526.2494047619048,2574.6432142857143,30.09952903333333,43.9329496,0.3199997146666665,False,31.7,52,83,8,6,82,0.0,689.0,443.0,246.0,533.0,6.4
2020-06-01 11:00:00,10936.593333333332,10725.593333333332,53738.13333333333,22,4136001,0.9807069721284324,0.25,True,2681.398333333333,2734.148333333333,30.165436866666667,41.23620903333333,0.3167546243333333,False,32.7,49,73,28,22,67,0.0,756.0,519.0,237.0,553.8,4.8
2020-06-01 11:15:00,14162.407142857142,13870.07238095238,56882.39047619047,22,4136001,0.9793583986849155,0.25,True,3467.518095238095,3540.6017857142856,30.59765,43.20352179310344,0.4543418306896551,False,32.7,49,73,28,22,67,0.0,756.0,519.0,237.0,553.8,4.8
2020-06-01 11:30:00,11246.035238095237,11029.773333333333,60121.30952380953,22,4136001,0.9807699424567575,0.25,True,2757.443333333333,2811.5088095238093,30.9631358,43.168145766666655,0.352625237,False,32.7,49,73,28,22,67,0.0,756.0,519.0,237.0,553.8,4.8
2020-06-01 11:45:00,10158.01761904762,9948.728571428572,56625.385714285716,22,4136001,0.979396664244153,0.25,True,2487.182142857143,2539.504404761905,30.702194655172413,39.67880793103448,0.4859102437931034,False,32.7,49,73,28,22,67,0.0,756.0,519.0,237.0,553.8,4.8
2020-06-01 12:00:00,8713.150952380953,8497.120952380952,17124.15238095238,22,4136001,0.9752064435494523,0.25,True,2124.280238095238,2178.287738095238,32.09725336666666,53.4779175,1.0797786666666669,False,33.5,47,31,17,22,13,0.1,822.0,564.0,258.0,572.3,2.9
2020-06-01 12:15:00,20036.613333333335,19562.97333333333,68600.13333333333,22,4136001,0.9763612746265834,0.25,True,4890.743333333333,5009.153333333334,32.32455834482758,56.086723758620685,0.7521377041379309,False,33.5,47,31,17,22,13,0.1,822.0,564.0,258.0,572.3,2.9
2020-06-01 12:30:00,26630.506666666668,25979.760476190477,73903.95238095238,22,4136001,0.9755638824817882,0.25,True,6494.940119047619,6657.626666666667,32.71362183333334,49.31692216666666,0.9170147646666666,False,33.5,47,31,17,22,13,0.1,822.0,564.0,258.0,572.3,2.9
2020-06-01 12:45:00,17605.901904761904,17224.15142857143,79469.60476190476,22,4136001,0.97831690314671,0.25,True,4306.037857142857,4401.475476190476,32.914065724137934,48.51724062068966,0.5200881703448276,False,33.5,47,31,17,22,13,0.1,822.0,564.0,258.0,572.3,2.9
2020-06-01 13:00:00,9301.269047619047,9130.998571428572,82832.68095238095,22,4136001,0.9816938446443433,0.25,True,2282.749642857143,2325.317261904762,32.35695386666666,41.9516938,0.2914817913333333,False,34.2,45,69,67,17,9,0.0,807.0,576.0,231.0,591.8,3.4
2020-06-01 13:15:00,2260.7571428571428,2207.385238095238,84313.09047619048,22,4136001,0.9763920220575071,0.25,True,551.8463095238095,565.1892857142857,29.79072676666667,35.04367046666667,0.0697438200333333,False,34.2,45,69,67,17,9,0.0,807.0,576.0,231.0,591.8,3.4
2020-06-01 13:30:00,987.75,955.15,84481.5,22,4136001,0.9669956972918249,0.25,True,238.7875,246.9375,24.81791675,25.7830125,0.03035270925,False,34.2,45,69,67,17,9,0.0,807.0,576.0,231.0,591.8,3.4
2020-06-01 13:45:00,2278.86,2214.5,85344.6,22,4136001,0.9717578087289258,0.25,True,553.625,569.715,25.2230896,25.4652862,0.0665650115,False,34.2,45,69,67,17,9,0.0,807.0,576.0,231.0,591.8,3.4
2020-06-01 14:00:00,1907.8785714285714,1852.4499999999998,85655.28571428572,22,4136001,0.9709475370924324,0.25,True,463.11249999999995,476.96964285714284,25.41993251724138,25.74652410344828,0.0549807242413793,False,34.7,43,68,31,65,7,0.0,723.0,517.0,206.0,573.8,5.1
2020-06-01 14:15:00,1517.74,1470.54,86066.59999999999,22,4136001,0.9689011293106856,0.25,True,367.635,379.435,25.73312062068965,25.572927448275863,0.043911696137931,False,34.7,43,68,31,65,7,0.0,723.0,517.0,206.0,573.8,5.1
2020-06-01 14:30:00,1250.3266666666666,1209.8799999999999,86399.2,22,4136001,0.9676511205071741,0.25,True,302.46999999999997,312.58166666666665,25.779276466666666,25.289524266666664,0.0368734744,False,34.7,43,68,31,65,7,0.0,723.0,517.0,206.0,573.8,5.1
2020-06-01 14:45:00,1220.3533333333332,1180.7466666666667,86427.8,22,4136001,0.9675449186847526,0.25,True,295.18666666666667,305.0883333333333,25.818098448275865,25.854119620689655,0.036230325275862,False,34.7,43,68,31,65,7,0.0,723.0,517.0,206.0,573.8,5.1
2020-06-01 15:00:00,1274.1200000000001,1232.92,87003.13333333333,22,4136001,0.9676639562992496,0.25,True,308.23,318.53000000000003,25.837277399999994,26.1028746,0.0375434128666666,False,32.4,51,21,4,15,12,0.2,445.0,262.0,183.0,338.6,10.7
2020-06-01 15:15:00,1352.3466666666666,1309.0266666666666,87044.46666666666,22,4136001,0.9679667935243429,0.25,True,327.25666666666666,338.08666666666664,25.770825620689656,26.20280220689655,0.0397396260344827,False,32.4,51,21,4,15,12,0.2,445.0,262.0,183.0,338.6,10.7
2020-06-01 15:30:00,1516.4880952380954,1468.671904761905,87667.10476190476,22,4136001,0.9684691290183303,0.25,True,367.1679761904762,379.12202380952385,25.699231733333328,26.291916966666665,0.0438830790666666,False,32.4,51,21,4,15,12,0.2,445.0,262.0,183.0,338.6,10.7
2020-06-01 15:45:00,1784.7366666666667,1731.9042857142856,88054.48095238095,22,4136001,0.9703976603724652,0.25,True,432.9760714285714,446.18416666666667,25.7438171,26.56079706666667,0.0511050262666666,False,32.4,51,21,4,15,12,0.2,445.0,262.0,183.0,338.6,10.7
2020-06-01 16:00:00,2211.133333333333,2148.4,88531.73333333334,22,4136001,0.9716284258449664,0.25,True,537.1,552.7833333333333,25.802610448275864,26.95674606896552,0.0626689252413793,False,32.6,50,45,15,20,38,0.0,401.0,248.0,153.0,413.3,5.6
2020-06-01 16:15:00,2957.9666666666667,2881.46,89158.93333333333,22,4136001,0.9741353857942956,0.25,True,720.365,739.4916666666667,25.874815966666667,27.320389866666662,0.0838168420666666,False,32.6,50,45,15,20,38,0.0,401.0,248.0,153.0,413.3,5.6
2020-06-01 16:30:00,3157.9266666666667,3084.9733333333334,89963.86666666667,22,4136001,0.9768983446945148,0.25,True,771.2433333333333,789.4816666666667,25.735058,27.556919448275863,0.0932735847586207,False,32.6,50,45,15,20,38,0.0,401.0,248.0,153.0,413.3,5.6
2020-06-01 16:45:00,1545.6228571428571,1497.9890476190476,90507.89047619049,22,4136001,0.9691814796192504,0.25,True,374.4972619047619,386.4057142857143,25.29312340000001,26.636511266666677,0.0480440166999999,False,32.6,50,45,15,20,38,0.0,401.0,248.0,153.0,413.3,5.6
2020-06-01 17:00:00,1734.3285714285714,1682.4219047619047,90915.62380952381,22,4136001,0.9700710306444925,0.25,True,420.60547619047617,433.58214285714286,24.985779689655168,25.35485210344828,0.0526809618965517,False,28.9,71,46,13,23,92,0.4,210.0,109.0,101.0,278.0,3.4
2020-06-01 17:15:00,696.3147619047619,672.8166666666667,91218.36666666665,22,4136001,0.9662536305078232,0.25,True,168.20416666666668,174.07869047619047,24.644906633333328,24.1804921,0.0235144601,False,28.9,71,46,13,23,92,0.4,210.0,109.0,101.0,278.0,3.4
2020-06-01 17:30:00,178.83269230769233,172.48397435897436,91313.07051282052,22,4136001,0.9644991200054484,0.5,True,86.24198717948718,89.41634615384616,24.592791038461534,23.769449192307693,0.0081184141923076,False,28.9,71,46,13,23,92,0.4,210.0,109.0,101.0,278.0,3.4
2020-06-01 18:00:00,0.0,0.0,91326.0,22,4136001,,0.25,True,0.0,0.0,23.71810766666667,23.40748345833333,0.0009708703345833,False,27.9,80,98,3,71,96,4.7,61.0,12.0,49.0,73.3,7.7
2020-06-01 18:15:00,0.0,0.0,91326.0,22,4136001,,0.25,True,0.0,0.0,23.446385966666664,23.27403063333333,0.0003928348473333,False,27.9,80,98,3,71,96,4.7,61.0,12.0,49.0,73.3,7.7
2020-06-01 18:30:00,0.0,0.0,91326.0,22,4136001,,0.25,True,0.0,0.0,23.588117965517245,23.3298445862069,5.559669268965517e-05,False,27.9,80,98,3,71,96,4.7,61.0,12.0,49.0,73.3,7.7
2020-06-01 18:45:00,0.0,0.0,91326.0,22,4136001,,0.25,True,0.0,0.0,23.59890143333333,23.349148733333344,0.0,False,27.9,80,98,3,71,96,4.7,61.0,12.0,49.0,73.3,7.7
2020-06-01 19:00:00,0.0,0.0,91326.0,22,4136001,,0.25,True,0.0,0.0,23.72271413793104,23.42210965517241,0.0,False,25.7,90,100,45,38,99,8.5,1.0,0.0,1.0,0.0,10.6
2020-06-01 19:15:00,0.0,0.0,91326.0,22,4136001,,0.25,True,0.0,0.0,23.58577883333333,23.355973333333328,0.0,False,25.7,90,100,45,38,99,8.5,1.0,0.0,1.0,0.0,10.6
2020-06-01 19:30:00,0.0,0.0,91326.0,22,4136001,,0.25,True,0.0,0.0,23.44893493103448,23.228958862068968,0.0,False,25.7,90,100,45,38,99,8.5,1.0,0.0,1.0,0.0,10.6
2020-06-01 19:45:00,0.0,0.0,91326.0,22,4136001,,0.25,True,0.0,0.0,23.29360873333333,23.142231366666675,0.0,False,25.7,90,100,45,38,99,8.5,1.0,0.0,1.0,0.0,10.6
2020-06-01 20:00:00,0.0,0.0,91326.0,22,4136001,,0.25,True,0.0,0.0,23.13512375862069,22.956744,0.0,False,25.6,93,100,6,10,100,0.3,0.0,0.0,0.0,0.0,8.7
2020-06-01 20:15:00,0.0,0.0,91326.0,22,4136001,,0.25,True,0.0,0.0,23.22152303333333,22.95596703333333,0.0,False,25.6,93,100,6,10,100,0.3,0.0,0.0,0.0,0.0,8.7
2020-06-01 20:30:00,0.0,0.0,91326.0,22,4136001,,0.25,True,0.0,0.0,23.271758862068967,22.853514620689648,0.0,False,25.6,93,100,6,10,100,0.3,0.0,0.0,0.0,0.0,8.7
2020-06-01 20:45:00,0.0,0.0,91326.0,22,4136001,,0.25,True,0.0,0.0,23.369856766666665,23.009596599999995,0.0,False,25.6,93,100,6,10,100,0.3,0.0,0.0,0.0,0.0,8.7
2020-06-01 21:00:00,0.0,0.0,91326.0,22,4136001,,0.25,True,0.0,0.0,23.33274262068965,23.007589344827576,0.0,False,25.7,93,99,6,7,99,0.3,0.0,0.0,0.0,0.0,10.1
2020-06-01 21:15:00,0.0,0.0,91326.0,22,4136001,,0.25,True,0.0,0.0,23.3867891,23.03463536666667,0.0,False,25.7,93,99,6,7,99,0.3,0.0,0.0,0.0,0.0,10.1
2020-06-01 21:30:00,0.0,0.0,91326.0,22,4136001,,0.25,True,0.0,0.0,23.4847129,23.058717766666664,0.0,False,25.7,93,99,6,7,99,0.3,0.0,0.0,0.0,0.0,10.1
2020-06-01 21:45:00,0.0,0.0,91326.0,22,4136001,,0.25,True,0.0,0.0,23.600198586206893,23.070833344827587,0.0,False,25.7,93,99,6,7,99,0.3,0.0,0.0,0.0,0.0,10.1
2020-06-01 22:00:00,0.0,0.0,91326.0,22,4136001,,0.25,True,0.0,0.0,23.658306066666672,23.232104766666662,0.0,False,25.6,90,100,7,16,100,0.2,0.0,0.0,0.0,0.0,8.8
2020-06-01 22:15:00,0.0,0.0,91326.0,22,4136001,,0.25,True,0.0,0.0,23.667698551724136,23.233116448275865,0.0,False,25.6,90,100,7,16,100,0.2,0.0,0.0,0.0,0.0,8.8
2020-06-01 22:30:00,0.0,0.0,91061.33333333333,22,4136001,,0.25,True,0.0,0.0,23.6461244,23.244825266666663,0.0,False,25.6,90,100,7,16,100,0.2,0.0,0.0,0.0,0.0,8.8
2020-06-01 22:45:00,0.0,0.0,91326.0,22,4136001,,0.25,True,0.0,0.0,23.661650793103448,23.346891344827583,0.0,False,25.6,90,100,7,16,100,0.2,0.0,0.0,0.0,0.0,8.8
2020-06-01 23:00:00,0.0,0.0,91326.0,22,4136001,,0.25,True,0.0,0.0,23.591604633333333,23.25824696666667,0.0,False,25.4,92,100,16,47,100,0.6,0.0,0.0,0.0,0.0,1.8
2020-06-01 23:15:00,0.0,0.0,91326.0,22,4136001,,0.25,True,0.0,0.0,23.5920869,23.23701086666667,0.0,False,25.4,92,100,16,47,100,0.6,0.0,0.0,0.0,0.0,1.8
2020-06-01 23:30:00,0.0,0.0,91326.0,22,4136001,,0.25,True,0.0,0.0,23.68483689655173,23.412834344827587,0.0,False,25.4,92,100,16,47,100,0.6,0.0,0.0,0.0,0.0,1.8
2020-06-01 23:45:00,0.0,0.0,83908.66666666667,22,4136001,,0.25,True,0.0,0.0,23.643209,23.09573873333333,0.0,False,25.4,92,100,16,47,100,0.6,0.0,0.0,0.0,0.0,1.8
2020-06-02 00:00:00,0.0,0.0,35170.933333333334,22,4136001,,0.25,True,0.0,0.0,23.54084489655172,22.76998803448276,0.0,False,25.0,94,100,17,22,100,0.1,0.0,0.0,0.0,0.0,2.8
2020-06-02 00:15:00,0.0,0.0,20552.22857142857,22,4136001,,0.25,True,0.0,0.0,23.453650199999995,22.522193399999995,0.0,False,25.0,94,100,17,22,100,0.1,0.0,0.0,0.0,0.0,2.8
2020-06-02 00:30:00,0.0,0.0,15960.0,22,4136001,,0.25,True,0.0,0.0,23.393078866666663,22.47517596666667,0.0,False,25.0,94,100,17,22,100,0.1,0.0,0.0,0.0,0.0,2.8
2020-06-02 00:45:00,0.0,0.0,15960.0,22,4136001,,0.25,True,0.0,0.0,23.42435786206897,22.32573203448276,0.0,False,25.0,94,100,17,22,100,0.1,0.0,0.0,0.0,0.0,2.8
2020-06-02 01:00:00,0.0,0.0,15960.0,22,4136001,,0.25,True,0.0,0.0,23.40566436666667,22.287760633333328,0.0,False,24.6,89,100,23,23,100,3.1,0.0,0.0,0.0,0.0,1.1
2020-06-02 01:15:00,0.0,0.0,15960.0,22,4136001,,0.25,True,0.0,0.0,23.37376044827586,22.294950379310343,0.0,False,24.6,89,100,23,23,100,3.1,0.0,0.0,0.0,0.0,1.1
2020-06-02 01:30:00,0.0,0.0,15960.0,22,4136001,,0.25,True,0.0,0.0,23.281397500000004,21.9850617,0.0,False,24.6,89,100,23,23,100,3.1,0.0,0.0,0.0,0.0,1.1
2020-06-02 01:45:00,0.0,0.0,15960.0,22,4136001,,0.25,True,0.0,0.0,23.15951693103448,21.808919000000003,0.0,False,24.6,89,100,23,23,100,3.1,0.0,0.0,0.0,0.0,1.1
2020-06-02 02:00:00,0.0,0.0,15960.0,22,4136001,,0.25,True,0.0,0.0,23.188746533333333,21.8047476,0.0,False,24.2,93,100,0,15,100,0.5,0.0,0.0,0.0,0.0,4.7
2020-06-02 02:15:00,0.0,0.0,15960.0,22,4136001,,0.25,True,0.0,0.0,23.142530566666668,21.798753966666663,0.0,False,24.2,93,100,0,15,100,0.5,0.0,0.0,0.0,0.0,4.7
2020-06-02 02:30:00,0.0,0.0,15960.0,22,4136001,,0.25,True,0.0,0.0,23.046586344827592,21.81410910344828,0.0,False,24.2,93,100,0,15,100,0.5,0.0,0.0,0.0,0.0,4.7
2020-06-02 02:45:00,0.0,0.0,12551.57142857143,22,4136001,,0.25,True,0.0,0.0,23.0449349,21.928314233333342,0.0,False,24.2,93,100,0,15,100,0.5,0.0,0.0,0.0,0.0,4.7
2020-06-02 03:00:00,0.0,0.0,11622.0,22,4136001,,0.25,True,0.0,0.0,23.054548482758616,22.202292758620693,0.0,False,24.4,91,100,0,16,100,0.1,0.0,0.0,0.0,0.0,7.6
2020-06-02 03:15:00,0.0,0.0,11622.0,22,4136001,,0.25,True,0.0,0.0,23.0670103,22.257735366666665,0.0,False,24.4,91,100,0,16,100,0.1,0.0,0.0,0.0,0.0,7.6
2020-06-02 03:30:00,0.0,0.0,11622.0,22,4136001,,0.25,True,0.0,0.0,23.055033551724133,21.74863513793104,0.0,False,24.4,91,100,0,16,100,0.1,0.0,0.0,0.0,0.0,7.6
2020-06-02 03:45:00,0.0,0.0,11622.0,22,4136001,,0.25,True,0.0,0.0,23.02189033333333,21.418355300000005,0.0,False,24.4,91,100,0,16,100,0.1,0.0,0.0,0.0,0.0,7.6
2020-06-02 04:00:00,0.0,0.0,11622.0,22,4136001,,0.25,True,0.0,0.0,23.09342620689656,22.18510710344828,0.0,False,24.4,88,100,0,29,100,0.0,0.0,0.0,0.0,0.0,8.5
2020-06-02 04:15:00,0.0,0.0,11622.0,22,4136001,,0.25,True,0.0,0.0,23.003746500000005,22.22702553333333,0.0,False,24.4,88,100,0,29,100,0.0,0.0,0.0,0.0,0.0,8.5
2020-06-02 04:30:00,0.0,0.0,11622.0,22,4136001,,0.25,True,0.0,0.0,23.159515896551724,22.215366862068965,0.0,False,24.4,88,100,0,29,100,0.0,0.0,0.0,0.0,0.0,8.5
2020-06-02 04:45:00,0.0,0.0,8216.266666666666,22,4136001,,0.25,True,0.0,0.0,23.118444333333333,22.3312501,0.0,False,24.4,88,100,0,29,100,0.0,0.0,0.0,0.0,0.0,8.5
2020-06-02 05:00:00,0.0,0.0,7973.0,22,4136001,,0.25,True,0.0,0.0,23.046839266666662,22.076184133333328,0.0,False,24.4,86,100,1,30,100,0.0,0.0,0.0,0.0,0.0,6.5
2020-06-02 05:15:00,0.0,0.0,7973.0,22,4136001,,0.25,True,0.0,0.0,23.055029172413796,21.936602413793103,0.0,False,24.4,86,100,1,30,100,0.0,0.0,0.0,0.0,0.0,6.5
2020-06-02 05:30:00,0.0,0.0,4143.0,22,4136001,,0.25,True,0.0,0.0,22.95900966666667,22.1907981,0.0,False,24.4,86,100,1,30,100,0.0,0.0,0.0,0.0,0.0,6.5
2020-06-02 05:45:00,5.365714285714285,5.178095238095238,4143.0,22,4136001,0.9650337238196663,0.25,True,1.2945238095238094,1.3414285714285712,22.926509413793102,22.15299417241379,0.0022517831692068,False,24.4,86,100,1,30,100,0.0,0.0,0.0,0.0,0.0,6.5
2020-06-02 06:00:00,580.5328571428571,560.7314285714285,2125.390476190476,22,4136001,0.9658909425576995,0.25,True,140.18285714285713,145.13321428571427,22.916382666666664,22.247264800000004,0.0197261745333333,False,25.0,82,100,0,11,100,0.0,13.0,0.0,13.0,0.0,6.1
2020-06-02 06:15:00,1457.4433333333334,1412.097142857143,295.06666666666666,22,4136001,0.9688864812517419,0.25,True,353.0242857142857,364.36083333333335,23.032455400000003,22.654440366666662,0.0478369210666666,False,25.0,82,100,0,11,100,0.0,13.0,0.0,13.0,0.0,6.1
2020-06-02 06:30:00,2444.554761904762,2378.0414285714287,753.1952380952381,22,4136001,0.97279122792835,0.25,True,594.5103571428572,611.1386904761905,23.34289765517241,23.383397620689653,0.0765928847931034,False,25.0,82,100,0,11,100,0.0,13.0,0.0,13.0,0.0,6.1
2020-06-02 06:45:00,5309.429999999999,5207.334285714285,1666.9619047619046,22,4136001,0.9807708710189768,0.25,True,1301.8335714285713,1327.3574999999998,23.856942766666663,24.491645266666666,0.1477497143333332,False,25.0,82,100,0,11,100,0.0,13.0,0.0,13.0,0.0,6.1
2020-06-02 07:00:00,5325.154285714286,5224.114285714286,2971.461904761905,22,4136001,0.9810259018652175,0.25,True,1306.0285714285715,1331.2885714285715,24.22141779310345,25.01937748275861,0.1818574268965516,False,26.2,74,95,0,15,95,0.0,125.0,23.0,102.0,89.6,8.4
2020-06-02 07:15:00,7167.462380952381,7043.2904761904765,4526.766666666666,22,4136001,0.9826756112327993,0.25,True,1760.8226190476191,1791.8655952380952,24.62806283333333,27.239791766666663,0.245755635,False,26.2,74,95,0,15,95,0.0,125.0,23.0,102.0,89.6,8.4
2020-06-02 07:30:00,7971.315238095238,7834.374285714286,6396.795238095237,22,4136001,0.9828207832345527,0.25,True,1958.5935714285715,1992.8288095238095,24.969555068965523,28.1687254137931,0.2627643006896551,False,26.2,74,95,0,15,95,0.0,125.0,23.0,102.0,89.6,8.4
2020-06-02 07:45:00,8443.792380952382,8295.330952380953,8370.095238095237,22,4136001,0.9824176836812888,0.25,True,2073.8327380952383,2110.9480952380954,25.263770500000003,29.250516766666664,0.2766070663333333,False,26.2,74,95,0,15,95,0.0,125.0,23.0,102.0,89.6,8.4
2020-06-02 08:00:00,10844.583333333332,10634.464285714284,10767.633333333333,22,4136001,0.9806245162990082,0.25,True,2658.616071428571,2711.145833333333,25.729429199999995,32.35679116666666,0.3595941213333333,False,27.8,66,95,0,9,94,0.0,313.0,141.0,172.0,294.5,11.3
2020-06-02 08:15:00,11199.373333333333,10980.859999999999,13466.733333333334,22,4136001,0.9804887892536843,0.25,True,2745.2149999999997,2799.8433333333332,26.090604379310346,33.56801127586206,0.3688924465517241,False,27.8,66,95,0,9,94,0.0,313.0,141.0,172.0,294.5,11.3
2020-06-02 08:30:00,11943.593333333332,11707.530476190475,16274.119047619046,22,4136001,0.9802351896489954,0.25,True,2926.882619047619,2985.898333333333,26.44687696666666,34.41820253333332,0.377332969,False,27.8,66,95,0,9,94,0.0,313.0,141.0,172.0,294.5,11.3
2020-06-02 08:45:00,14129.07619047619,13840.97619047619,19503.842857142856,22,4136001,0.9796094241324713,0.25,True,3460.2440476190477,3532.2690476190473,26.808725310344823,35.04586710344829,0.443209798275862,False,27.8,66,95,0,9,94,0.0,313.0,141.0,172.0,294.5,11.3
2020-06-02 09:00:00,15303.534285714286,14987.06142857143,23138.44761904762,22,4136001,0.9793202765299593,0.25,True,3746.7653571428573,3825.8835714285715,27.249029466666663,35.537271133333334,0.4957501996666666,False,29.4,59,98,6,5,98,0.0,504.0,275.0,229.0,407.7,15.8
2020-06-02 09:15:00,12783.971428571429,12528.579047619049,26608.004761904762,22,4136001,0.9800224537124986,0.25,True,3132.144761904762,3195.9928571428572,27.425496275862077,34.496706137931035,0.394868714137931,False,29.4,59,98,6,5,98,0.0,504.0,275.0,229.0,407.7,15.8
2020-06-02 09:30:00,13247.09761904762,12981.047142857142,29515.885714285716,22,4136001,0.9799163194956809,0.25,True,3245.2617857142855,3311.774404761905,27.327536,33.792619,0.4056886073333333,False,29.4,59,98,6,5,98,0.0,504.0,275.0,229.0,407.7,15.8
2020-06-02 09:45:00,13610.093333333332,13333.973333333333,33017.333333333336,22,4136001,0.9797121156161556,0.25,True,3333.4933333333333,3402.523333333333,27.754356551724136,36.347844689655176,0.4331567996551724,False,29.4,59,98,6,5,98,0.0,504.0,275.0,229.0,407.7,15.8
2020-06-02 10:00:00,14623.733333333334,14322.005714285715,36440.37619047619,22,4136001,0.979367264694313,0.25,True,3580.5014285714287,3655.9333333333334,27.99881283333333,38.14251193333333,0.4691548053333333,False,31.3,51,94,0,0,95,0.0,710.0,465.0,245.0,559.8,14.7
2020-06-02 10:15:00,16029.567142857142,15693.361428571428,40362.60476190476,22,4136001,0.9790259018668805,0.25,True,3923.340357142857,4007.3917857142856,28.474187379310347,40.54221093103449,0.5366073751724137,False,31.3,51,94,0,0,95,0.0,710.0,465.0,245.0,559.8,14.7
2020-06-02 10:30:00,14327.718095238095,14033.785714285714,44012.857142857145,22,4136001,0.9794850527489042,0.25,True,3508.4464285714284,3581.9295238095237,28.5353607,40.11957696666667,0.4402971343333333,False,31.3,51,94,0,0,95,0.0,710.0,465.0,245.0,559.8,14.7
2020-06-02 10:45:00,14690.448571428571,14376.927142857143,47517.69523809524,22,4136001,0.9786581446409203,0.25,True,3594.2317857142857,3672.6121428571428,28.8915477,41.118934,0.5421418333333334,False,31.3,51,94,0,0,95,0.0,710.0,465.0,245.0,559.8,14.7
2020-06-02 11:00:00,13645.628571428571,13365.20523809524,50608.938095238096,22,4136001,0.97944958476149,0.25,True,3341.30130952381,3411.407142857143,28.94237755172413,40.4737073448276,0.4515145148275862,False,32.6,48,92,5,3,92,0.0,875.0,675.0,200.0,720.6,16.6
2020-06-02 11:15:00,5498.685714285714,5378.966666666666,23059.63333333333,22,4136001,0.9782276977009224,0.25,True,1344.7416666666666,1374.6714285714286,29.25102733333333,43.11183256666668,0.6886449540000001,False,32.6,48,92,5,3,92,0.0,875.0,675.0,200.0,720.6,16.6
2020-06-02 11:30:00,15379.158095238095,14998.535238095239,49367.91428571429,22,4136001,0.9752507351321975,0.25,True,3749.6338095238098,3844.789523809524,30.376630103448274,53.56674610344828,0.9250587272413796,False,32.6,48,92,5,3,92,0.0,875.0,675.0,200.0,720.6,16.6
2020-06-02 11:45:00,12743.955714285714,12440.525238095239,54435.9,22,4136001,0.9761902439875606,0.25,True,3110.1313095238097,3185.9889285714285,31.0751586,58.731929366666655,0.9018453599999998,False,32.6,48,92,5,3,92,0.0,875.0,675.0,200.0,720.6,16.6
2020-06-02 12:00:00,10649.74476190476,10408.080952380953,57082.29523809524,22,4136001,0.9773080186495865,0.25,True,2602.0202380952383,2662.43619047619,31.1120174137931,55.954420448275854,0.7622861868965517,False,33.9,44,95,5,15,94,0.0,914.0,727.0,187.0,737.9,18.1
2020-06-02 12:15:00,9057.466666666667,8849.713333333333,56316.53333333333,22,4136001,0.9770627548541903,0.25,True,2212.4283333333333,2264.366666666667,31.06728196666667,55.0839924,0.6874744083333332,False,33.9,44,95,5,15,94,0.0,914.0,727.0,187.0,737.9,18.1
2020-06-02 12:30:00,0.0,0.0,0.0,22,4136001,,0.25,True,0.0,0.0,31.939592433333328,62.56430569999999,1.083226548,False,33.9,44,95,5,15,94,0.0,914.0,727.0,187.0,737.9,18.1
2020-06-02 12:45:00,12598.599523809524,12293.598095238096,48983.857142857145,22,4136001,0.9757908465940981,0.25,True,3073.399523809524,3149.649880952381,33.18994672413792,66.6359527586207,1.0562036024137933,False,33.9,44,95,5,15,94,0.0,914.0,727.0,187.0,737.9,18.1
2020-06-02 13:00:00,10930.619999999999,10691.98,70087.0,22,4136001,0.978167752606897,0.25,True,2672.995,2732.6549999999997,32.27054523333334,55.004828066666654,0.5661604149999998,False,32.9,45,97,0,42,95,0.4,847.0,642.0,205.0,659.8,19.1
2020-06-02 13:15:00,15849.075238095238,15464.837142857143,73329.51904761905,22,4136001,0.9757564343997478,0.25,True,3866.2092857142857,3962.2688095238095,32.887627827586215,54.72453555172415,0.891525553103448,False,32.9,45,97,0,42,95,0.4,847.0,642.0,205.0,659.8,19.1
2020-06-02 13:30:00,16862.486666666668,16444.18666666667,77249.18571428572,22,4136001,0.975193457034609,0.25,True,4111.046666666667,4215.621666666667,33.179932833333325,57.115372966666655,0.93505356,False,32.9,45,97,0,42,95,0.4,847.0,642.0,205.0,659.8,19.1
2020-06-02 13:45:00,15726.330476190476,15344.34857142857,81252.42380952381,22,4136001,0.975710678003351,0.25,True,3836.0871428571427,3931.582619047619,33.78014186206898,58.9595032413793,0.86941443,False,32.9,45,97,0,42,95,0.4,847.0,642.0,205.0,659.8,19.1
2020-06-02 14:00:00,18936.80238095238,18469.104285714286,85503.75714285714,22,4136001,0.9753021610602786,0.25,True,4617.276071428571,4734.200595238095,33.581305900000004,59.8907156,0.966886285,False,32.2,48,95,1,70,92,0.3,656.0,411.0,245.0,456.2,15.3
2020-06-02 14:15:00,16215.28,15833.446666666667,89767.13333333333,22,4136001,0.9764522516211047,0.25,True,3958.3616666666667,4053.82,32.98081806896551,55.06886103448276,0.7214576427586207,False,32.2,48,95,1,70,92,0.3,656.0,411.0,245.0,456.2,15.3
2020-06-02 14:30:00,13029.986666666668,12731.236666666666,93291.77142857143,22,4136001,0.9770721177509518,0.25,True,3182.8091666666664,3257.496666666667,32.73657323333333,50.73028446666667,0.602263703,False,32.2,48,95,1,70,92,0.3,656.0,411.0,245.0,456.2,15.3
2020-06-02 14:45:00,15778.324285714285,15417.28238095238,96861.54761904762,22,4136001,0.9771178549620257,0.25,True,3854.320595238095,3944.5810714285712,32.74011437931035,51.55821696551723,0.670690565862069,False,32.2,48,95,1,70,92,0.3,656.0,411.0,245.0,456.2,15.3
2020-06-02 15:00:00,15747.557142857142,15402.649523809523,100890.86666666667,22,4136001,0.9780977064621058,0.25,True,3850.6623809523808,3936.8892857142855,32.62758303333334,49.09895223333333,0.4792966316666666,False,31.1,53,86,67,39,70,0.1,517.0,300.0,217.0,387.6,24.5
2020-06-02 15:15:00,13167.813333333334,12874.493333333332,103586.59999999999,22,4136001,0.9777244715903222,0.25,True,3218.623333333333,3291.9533333333334,31.9380421,42.293699200000006,0.4006817327666666,False,31.1,53,86,67,39,70,0.1,517.0,300.0,217.0,387.6,24.5
2020-06-02 15:30:00,18384.569523809525,17983.16380952381,108375.91428571429,22,4136001,0.9781661619128007,0.25,True,4495.790952380952,4596.142380952381,32.84086431034483,48.34478234482759,0.5600057106896552,False,31.1,53,86,67,39,70,0.1,517.0,300.0,217.0,387.6,24.5
2020-06-02 15:45:00,12251.978571428572,12000.988571428572,112240.5,22,4136001,0.9795143291724894,0.25,True,3000.247142857143,3062.994642857143,31.931493066666665,43.15259639999999,0.3353806863333332,False,31.1,53,86,67,39,70,0.1,517.0,300.0,217.0,387.6,24.5
2020-06-02 16:00:00,7293.675714285714,7138.434285714286,83612.01904761905,22,4136001,0.9787156113525357,0.25,True,1784.6085714285714,1823.4189285714285,31.42358703448276,39.554146827586216,0.3865036213793103,False,30.9,53,57,0,32,48,0.0,356.0,191.0,165.0,318.0,19.1
2020-06-02 16:15:00,0.0,0.0,0.0,22,4136001,,0.25,True,0.0,0.0,31.6451579,42.85566706666666,0.3780669756666667,False,30.9,53,57,0,32,48,0.0,356.0,191.0,165.0,318.0,19.1
2020-06-02 16:30:00,0.0,0.0,0.0,22,4136001,,0.25,True,0.0,0.0,32.09593496666667,42.76547349999999,0.4176225276666667,False,30.9,53,57,0,32,48,0.0,356.0,191.0,165.0,318.0,19.1
2020-06-02 16:45:00,10956.174285714285,10737.665714285715,100198.43333333333,22,4136001,0.9800561249090859,0.25,True,2684.4164285714287,2739.0435714285713,32.224939551724134,42.130451206896566,0.3644395048275861,False,30.9,53,57,0,32,48,0.0,356.0,191.0,165.0,318.0,19.1
2020-06-02 17:00:00,10964.691904761905,10754.255714285715,119374.7619047619,22,4136001,0.9808078336989297,0.25,True,2688.5639285714287,2741.172976190476,31.528182966666662,39.44536643333333,0.3232714083333334,False,32.5,44,78,7,24,78,0.0,225.0,120.0,105.0,305.5,13.5
2020-06-02 17:15:00,8887.95,8732.167142857143,121760.19047619047,22,4136001,0.9824725772373991,0.25,True,2183.0417857142857,2221.9875,30.72394213793104,36.51634479310344,0.2603328393103448,False,32.5,44,78,7,24,78,0.0,225.0,120.0,105.0,305.5,13.5
2020-06-02 17:30:00,7377.195238095238,7250.38,123775.97142857143,22,4136001,0.9828098302942595,0.25,True,1812.595,1844.2988095238095,30.1612061,34.92869266666666,0.2214934133333333,False,32.5,44,78,7,24,78,0.0,225.0,120.0,105.0,305.5,13.5
2020-06-02 17:45:00,4460.2,4371.21,125277.93333333333,22,4136001,0.9800479799112148,0.25,True,1092.8025,1115.05,29.57704313793104,32.96825548275864,0.1376829444482758,False,32.5,44,78,7,24,78,0.0,225.0,120.0,105.0,305.5,13.5
2020-06-02 18:00:00,3310.6404761904764,3234.8819047619045,126180.25238095238,22,4136001,0.9771166419387989,0.25,True,808.7204761904761,827.6601190476191,29.159902933333328,31.01178996666667,0.1019844427999999,False,30.8,50,80,14,25,74,0.0,68.0,26.0,42.0,158.0,13.4
2020-06-02 18:15:00,1784.3866666666668,1731.5,126814.13333333333,22,4136001,0.9703614313788491,0.25,True,432.875,446.0966666666667,28.77739734482758,29.769714379310347,0.0553288056206896,False,30.8,50,80,14,25,74,0.0,68.0,26.0,42.0,158.0,13.4
2020-06-02 18:30:00,541.1914285714286,522.6166666666667,126832.04761904762,22,4136001,0.9656780190444012,0.25,True,130.65416666666667,135.29785714285714,28.263504,28.163774666666665,0.0173682756766666,False,30.8,50,80,14,25,74,0.0,68.0,26.0,42.0,158.0,13.4
2020-06-02 18:45:00,23.954761904761902,23.087619047619047,127150.4,22,4136001,0.9638008150283273,0.25,True,5.771904761904762,5.988690476190476,27.9587657,27.024054999999997,0.001615691398,False,30.8,50,80,14,25,74,0.0,68.0,26.0,42.0,158.0,13.4
2020-06-02 19:00:00,0.0,0.0,127151.0,22,4136001,,0.25,True,0.0,0.0,27.649506689655176,26.337868620689648,0.0,False,29.9,52,79,0,22,74,0.0,1.0,0.0,1.0,0.0,16.3
2020-06-02 19:15:00,0.0,0.0,127151.0,22,4136001,,0.25,True,0.0,0.0,27.327332666666667,25.931244766666666,0.0,False,29.9,52,79,0,22,74,0.0,1.0,0.0,1.0,0.0,16.3
2020-06-02 19:30:00,0.0,0.0,127151.0,22,4136001,,0.25,True,0.0,0.0,27.10787,25.67865724137932,0.0,False,29.9,52,79,0,22,74,0.0,1.0,0.0,1.0,0.0,16.3
2020-06-02 19:45:00,0.0,0.0,127151.0,22,4136001,,0.25,True,0.0,0.0,26.866580000000003,25.344942233333327,0.0,False,29.9,52,79,0,22,74,0.0,1.0,0.0,1.0,0.0,16.3
2020-06-02 20:00:00,0.0,0.0,127151.0,22,4136001,,0.25,True,0.0,0.0,26.851251066666663,25.323512699999995,0.0,False,28.8,57,84,0,13,83,0.0,0.0,0.0,0.0,0.0,10.5
2020-06-02 20:15:00,0.0,0.0,126785.66666666667,22,4136001,,0.25,True,0.0,0.0,26.742217068965516,25.533428344827588,0.0,False,28.8,57,84,0,13,83,0.0,0.0,0.0,0.0,0.0,10.5
2020-06-02 20:30:00,0.0,0.0,127151.0,22,4136001,,0.25,True,0.0,0.0,26.576506433333336,25.671432433333333,0.0,False,28.8,57,84,0,13,83,0.0,0.0,0.0,0.0,0.0,10.5
2020-06-02 20:45:00,0.0,0.0,127151.0,22,4136001,,0.25,True,0.0,0.0,26.32929210344828,25.44009513793104,0.0,False,28.8,57,84,0,13,83,0.0,0.0,0.0,0.0,0.0,10.5
2020-06-02 21:00:00,0.0,0.0,127151.0,22,4136001,,0.25,True,0.0,0.0,26.221999066666665,25.291845633333327,0.0,False,28.2,59,93,0,4,93,0.0,0.0,0.0,0.0,0.0,10.6
2020-06-02 21:15:00,0.0,0.0,127151.0,22,4136001,,0.25,True,0.0,0.0,26.089873300000008,25.114930066666663,0.0,False,28.2,59,93,0,4,93,0.0,0.0,0.0,0.0,0.0,10.6
2020-06-02 21:30:00,0.0,0.0,127151.0,22,4136001,,0.25,True,0.0,0.0,25.897334827586207,24.964121862068964,0.0,False,28.2,59,93,0,4,93,0.0,0.0,0.0,0.0,0.0,10.6
2020-06-02 21:45:00,0.0,0.0,127151.0,22,4136001,,0.25,True,0.0,0.0,25.658333266666663,24.3061309,0.0,False,28.2,59,93,0,4,93,0.0,0.0,0.0,0.0,0.0,10.6
2020-06-02 22:00:00,0.0,0.0,127151.0,22,4136001,,0.25,True,0.0,0.0,25.557441275862068,24.190670689655164,0.0,False,27.7,61,95,0,9,95,0.0,0.0,0.0,0.0,0.0,14.8
2020-06-02 22:15:00,0.0,0.0,127151.0,22,4136001,,0.25,True,0.0,0.0,25.4292397,24.002729433333336,0.0,False,27.7,61,95,0,9,95,0.0,0.0,0.0,0.0,0.0,14.8
2020-06-02 22:30:00,0.0,0.0,127151.0,22,4136001,,0.25,True,0.0,0.0,25.28490893103449,24.087029862068967,0.0,False,27.7,61,95,0,9,95,0.0,0.0,0.0,0.0,0.0,14.8
2020-06-02 22:45:00,0.0,0.0,127151.0,22,4136001,,0.25,True,0.0,0.0,25.146390900000004,24.0475769,0.0,False,27.7,61,95,0,9,95,0.0,0.0,0.0,0.0,0.0,14.8
2020-06-02 23:00:00,0.0,0.0,127151.0,22,4136001,,0.25,True,0.0,0.0,25.105476066666668,24.3027872,0.0,False,26.9,64,95,0,11,95,0.0,0.0,0.0,0.0,0.0,15.4
2020-06-02 23:15:00,0.0,0.0,127151.0,22,4136001,,0.25,True,0.0,0.0,25.022536586206897,24.224228482758623,0.0,False,26.9,64,95,0,11,95,0.0,0.0,0.0,0.0,0.0,15.4
2020-06-02 23:30:00,0.0,0.0,127151.0,22,4136001,,0.25,True,0.0,0.0,24.9870756,24.487060433333337,0.0,False,26.9,64,95,0,11,95,0.0,0.0,0.0,0.0,0.0,15.4
2020-06-02 23:45:00,0.0,0.0,118724.30476190476,22,4136001,,0.25,True,0.0,0.0,25.01158706896552,24.60736403448276,0.0,False,26.9,64,95,0,11,95,0.0,0.0,0.0,0.0,0.0,15.4
2020-06-03 00:00:00,0.0,0.0,56320.55238095238,22,4136001,,0.25,True,0.0,0.0,25.009733933333337,24.62781073333333,0.0,False,26.1,68,96,0,24,95,0.0,0.0,0.0,0.0,0.0,14.0
2020-06-03 00:15:00,0.0,0.0,42041.0,22,4136001,,0.25,True,0.0,0.0,25.11708393333333,24.668722566666663,0.0,False,26.1,68,96,0,24,95,0.0,0.0,0.0,0.0,0.0,14.0
2020-06-03 00:30:00,0.0,0.0,40035.666666666664,22,4136001,,0.25,True,0.0,0.0,25.03663796551724,24.67274310344828,0.0,False,26.1,68,96,0,24,95,0.0,0.0,0.0,0.0,0.0,14.0
2020-06-03 00:45:00,0.0,0.0,33676.42857142857,22,4136001,,0.25,True,0.0,0.0,24.88153950000001,24.4358582,0.0,False,26.1,68,96,0,24,95,0.0,0.0,0.0,0.0,0.0,14.0
2020-06-03 01:00:00,0.0,0.0,30545.0,22,4136001,,0.25,True,0.0,0.0,24.849428275862063,24.534219413793107,0.0,False,25.7,70,98,0,90,93,0.0,0.0,0.0,0.0,0.0,13.0
2020-06-03 01:15:00,0.0,0.0,25193.86666666667,22,4136001,,0.25,True,0.0,0.0,24.70987946666667,24.405362866666664,0.0,False,25.7,70,98,0,90,93,0.0,0.0,0.0,0.0,0.0,13.0
2020-06-03 01:30:00,0.0,0.0,23248.0,22,4136001,,0.25,True,0.0,0.0,23.89929813333333,22.698678666666662,0.0,False,25.7,70,98,0,90,93,0.0,0.0,0.0,0.0,0.0,13.0
2020-06-03 01:45:00,0.0,0.0,23248.0,22,4136001,,0.25,True,0.0,0.0,23.764127482758617,22.400543241379307,0.0,False,25.7,70,98,0,90,93,0.0,0.0,0.0,0.0,0.0,13.0
2020-06-03 02:00:00,0.0,0.0,23248.0,22,4136001,,0.25,True,0.0,0.0,24.0012901,22.53145743333334,0.0,False,25.6,70,98,0,86,90,0.0,0.0,0.0,0.0,0.0,12.8
2020-06-03 02:15:00,0.0,0.0,23248.0,22,4136001,,0.25,True,0.0,0.0,24.127484655172417,22.98021413793104,0.0,False,25.6,70,98,0,86,90,0.0,0.0,0.0,0.0,0.0,12.8
2020-06-03 02:30:00,0.0,0.0,23248.0,22,4136001,,0.25,True,0.0,0.0,24.176533066666668,23.671940233333327,0.0,False,25.6,70,98,0,86,90,0.0,0.0,0.0,0.0,0.0,12.8
2020-06-03 02:45:00,0.0,0.0,23248.0,22,4136001,,0.25,True,0.0,0.0,23.986036827586208,23.768178068965515,0.0,False,25.6,70,98,0,86,90,0.0,0.0,0.0,0.0,0.0,12.8
2020-06-03 03:00:00,0.0,0.0,23248.0,22,4136001,,0.25,True,0.0,0.0,23.849284566666665,23.284093366666664,0.0,False,25.6,71,98,0,87,91,0.0,0.0,0.0,0.0,0.0,12.9
2020-06-03 03:15:00,0.0,0.0,23248.0,22,4136001,,0.25,True,0.0,0.0,23.739755166666665,22.95713493333333,0.0,False,25.6,71,98,0,87,91,0.0,0.0,0.0,0.0,0.0,12.9
2020-06-03 03:30:00,0.0,0.0,22754.4,22,4136001,,0.25,True,0.0,0.0,23.71006827586207,22.816541103448277,0.0,False,25.6,71,98,0,87,91,0.0,0.0,0.0,0.0,0.0,12.9
2020-06-03 03:45:00,0.0,0.0,15844.0,22,4136001,,0.25,True,0.0,0.0,23.777843833333336,22.928754666666663,0.0,False,25.6,71,98,0,87,91,0.0,0.0,0.0,0.0,0.0,12.9
2020-06-03 04:00:00,0.0,0.0,15844.0,22,4136001,,0.25,True,0.0,0.0,23.80809186206897,23.26818020689656,0.0,False,25.5,70,99,0,92,91,0.0,0.0,0.0,0.0,0.0,13.4
2020-06-03 04:15:00,0.0,0.0,15844.0,22,4136001,,0.25,True,0.0,0.0,23.859061433333327,23.233272366666668,0.0,False,25.5,70,99,0,92,91,0.0,0.0,0.0,0.0,0.0,13.4
2020-06-03 04:30:00,0.0,0.0,15844.0,22,4136001,,0.25,True,0.0,0.0,23.956093333333328,23.429384666666667,0.0,False,25.5,70,99,0,92,91,0.0,0.0,0.0,0.0,0.0,13.4
2020-06-03 04:45:00,0.0,0.0,15844.0,22,4136001,,0.25,True,0.0,0.0,23.93930348275862,23.3768531724138,0.0,False,25.5,70,99,0,92,91,0.0,0.0,0.0,0.0,0.0,13.4
2020-06-03 05:00:00,0.0,0.0,15844.0,22,4136001,,0.25,True,0.0,0.0,23.97426166666667,23.51823226666667,0.0,False,25.5,72,94,0,90,99,0.0,0.0,0.0,0.0,0.0,9.0
2020-06-03 05:15:00,0.0,0.0,15844.0,22,4136001,,0.25,True,0.0,0.0,23.90179627586207,23.270747827586213,0.0,False,25.5,72,94,0,90,99,0.0,0.0,0.0,0.0,0.0,9.0
2020-06-03 05:30:00,0.0,0.0,10364.8,22,4136001,,0.25,True,0.0,0.0,23.712452133333336,22.607200066666664,0.0,False,25.5,72,94,0,90,99,0.0,0.0,0.0,0.0,0.0,9.0
2020-06-03 05:45:00,0.0,0.0,7138.0,22,4136001,,0.25,True,0.0,0.0,23.659767866666677,22.38197536666668,0.0004657985739999,False,25.5,72,94,0,90,99,0.0,0.0,0.0,0.0,0.0,9.0
2020-06-03 06:00:00,63.75476190476191,61.51095238095238,5711.799999999999,22,4136001,0.9648056167606528,0.25,True,15.377738095238096,15.938690476190477,23.71561617241379,22.62310255172413,0.0055109736,False,25.8,71,98,0,87,97,0.0,8.0,0.0,8.0,0.0,10.8
2020-06-03 06:15:00,615.0866666666667,594.12,71.8,22,4136001,0.9659126627141974,0.25,True,148.53,153.77166666666668,23.793487200000005,22.96333716666667,0.01923344485,False,25.8,71,98,0,87,97,0.0,8.0,0.0,8.0,0.0,10.8
2020-06-03 06:30:00,1309.84,1267.9133333333334,304.40000000000003,22,4136001,0.9679910014454692,0.25,True,316.97833333333335,327.46,23.843538103448275,24.019455517241383,0.0410589368275862,False,25.8,71,98,0,87,97,0.0,8.0,0.0,8.0,0.0,10.8
2020-06-03 06:45:00,2325.4723809523807,2260.592380952381,710.6285714285714,22,4136001,0.9721002921679816,0.25,True,565.1480952380953,581.3680952380952,24.083965133333333,25.116689999999995,0.0729462730999999,False,25.8,71,98,0,87,97,0.0,8.0,0.0,8.0,0.0,10.8
2020-06-03 07:00:00,3284.423333333333,3204.5090476190476,1424.6,22,4136001,0.9756687011375049,0.25,True,801.1272619047619,821.1058333333333,24.424050933333334,26.273237033333327,0.1068794512333333,False,26.4,68,98,0,73,97,0.0,59.0,8.0,51.0,31.2,11.4
2020-06-03 07:15:00,3809.623333333333,3729.4761904761904,2302.6714285714284,22,4136001,0.9789619246197193,0.25,True,932.3690476190476,952.4058333333332,24.73453382758621,27.13060372413793,0.1249983837931034,False,26.4,68,98,0,73,97,0.0,59.0,8.0,51.0,31.2,11.4
2020-06-03 07:30:00,4239.173333333333,4153.946666666667,3248.3333333333335,22,4136001,0.9798954513144073,0.25,True,1038.4866666666667,1059.7933333333333,24.866045133333333,27.325342799999994,0.1415349551666666,False,26.4,68,98,0,73,97,0.0,59.0,8.0,51.0,31.2,11.4
2020-06-03 07:45:00,8057.530952380952,7899.3852380952385,4513.619047619048,22,4136001,0.9803729312092829,0.25,True,1974.8463095238096,2014.382738095238,25.196312241379317,28.44484520689655,0.2808776558620689,False,26.4,68,98,0,73,97,0.0,59.0,8.0,51.0,31.2,11.4
2020-06-03 08:00:00,9578.816666666668,9401.52619047619,7106.452380952382,22,4136001,0.9814914010404405,0.25,True,2350.3815476190475,2394.704166666667,26.033628366666665,33.145246166666674,0.3417407889999999,False,27.2,66,91,1,41,91,0.0,165.0,35.0,130.0,73.2,13.1
2020-06-03 08:15:00,9734.538571428571,9556.038095238095,9327.638095238095,22,4136001,0.9816631805523494,0.25,True,2389.0095238095237,2433.634642857143,26.00159110344827,32.63766906896551,0.3276802989655172,False,27.2,66,91,1,41,91,0.0,165.0,35.0,130.0,73.2,13.1
2020-06-03 08:30:00,11134.916666666666,10916.765714285713,11856.852380952381,22,4136001,0.9804083893116141,0.25,True,2729.1914285714283,2783.7291666666665,26.487010566666665,33.678327633333325,0.3485793976666666,False,27.2,66,91,1,41,91,0.0,165.0,35.0,130.0,73.2,13.1
2020-06-03 08:45:00,11456.146666666666,11230.466666666667,14678.066666666668,22,4136001,0.9803005315341634,0.25,True,2807.616666666667,2864.0366666666664,26.84006023333333,34.61722103333334,0.3597880143333333,False,27.2,66,91,1,41,91,0.0,165.0,35.0,130.0,73.2,13.1
2020-06-03 09:00:00,15143.809523809523,14829.678571428572,17881.309523809523,22,4136001,0.9792568077479405,0.25,True,3707.419642857143,3785.9523809523807,27.38324703448276,36.82217831034483,0.495570491724138,False,29.5,56,71,45,19,49,0.0,461.0,266.0,195.0,394.6,21.7
2020-06-03 09:15:00,9250.08761904762,9070.894285714285,21166.614285714284,22,4136001,0.9806279312463654,0.25,True,2267.723571428571,2312.521904761905,27.369920800000003,36.14035139999999,0.2928772996666666,False,29.5,56,71,45,19,49,0.0,461.0,266.0,195.0,394.6,21.7
2020-06-03 09:30:00,11140.756666666666,10925.244761904762,23330.580952380955,22,4136001,0.9806555415210961,0.25,True,2731.3111904761904,2785.1891666666666,27.27601155172413,34.18242127586208,0.3393964103448275,False,29.5,56,71,45,19,49,0.0,461.0,266.0,195.0,394.6,21.7
2020-06-03 09:45:00,14450.282857142856,14152.994761904762,26264.719047619048,22,4136001,0.9794268321127608,0.25,True,3538.2486904761904,3612.570714285714,27.503353766666667,36.01624946666666,0.4310271809999999,False,29.5,56,71,45,19,49,0.0,461.0,266.0,195.0,394.6,21.7
2020-06-03 10:00:00,12582.753333333332,12326.486666666666,30004.399999999998,22,4136001,0.9796334983387314,0.25,True,3081.6216666666664,3145.688333333333,27.972231034482764,38.56706386206897,0.3771576586206897,False,31.0,50,70,3,59,37,0.0,660.0,416.0,244.0,501.1,19.9
2020-06-03 10:15:00,9289.439523809524,9107.088095238096,32799.24761904762,22,4136001,0.9803700289878579,0.25,True,2276.772023809524,2322.359880952381,27.937732966666672,36.67256890000001,0.294314601,False,31.0,50,70,3,59,37,0.0,660.0,416.0,244.0,501.1,19.9
2020-06-03 10:30:00,10186.524761904762,9989.834285714285,34751.938095238096,22,4136001,0.9806911109737785,0.25,True,2497.4585714285713,2546.6311904761906,27.73315862068965,33.86757368965518,0.2884730410344827,False,31.0,50,70,3,59,37,0.0,660.0,416.0,244.0,501.1,19.9
2020-06-03 10:45:00,3398.9038095238093,3321.8914285714286,10022.1,22,4136001,0.9773419945758424,0.25,True,830.4728571428572,849.7259523809523,29.227473900000003,44.62195646666667,0.8408771333333332,False,31.0,50,70,3,59,37,0.0,660.0,416.0,244.0,501.1,19.9
2020-06-03 11:00:00,7896.113333333333,7721.113333333334,22865.133333333335,22,4136001,0.9778371975410688,0.25,True,1930.2783333333334,1974.0283333333332,29.679937633333328,48.9569479,0.612939433,False,32.5,44,95,41,92,43,0.0,721.0,362.0,359.0,386.7,22.6
2020-06-03 11:15:00,13453.016666666666,13158.219523809523,40496.2,22,4136001,0.9780869116450602,0.25,True,3289.5548809523807,3363.2541666666666,29.355584482758616,42.176900655172425,0.5865128013793105,False,32.5,44,95,41,92,43,0.0,721.0,362.0,359.0,386.7,22.6
2020-06-03 11:30:00,13019.131428571429,12717.717142857142,44003.04285714286,22,4136001,0.9768483567918509,0.25,True,3179.4292857142855,3254.782857142857,29.9561614,45.211833433333325,0.6931028513333332,False,32.5,44,95,41,92,43,0.0,721.0,362.0,359.0,386.7,22.6
2020-06-03 11:45:00,10583.31380952381,10347.827142857142,46526.490476190476,22,4136001,0.9777492502910803,0.25,True,2586.9567857142856,2645.8284523809525,29.695796655172416,42.21561486206896,0.6007798837931035,False,32.5,44,95,41,92,43,0.0,721.0,362.0,359.0,386.7,22.6
2020-06-03 12:00:00,13707.146190476189,13380.495714285715,49614.54761904762,22,4136001,0.9761693300960463,0.25,True,3345.1239285714287,3426.7865476190473,30.57128906666667,48.612530500000005,0.820300996,False,32.6,43,91,44,91,5,0.0,610.0,172.0,438.0,174.6,22.6
2020-06-03 12:15:00,11281.119999999999,11024.733333333334,52706.46666666667,22,4136001,0.977272942166499,0.25,True,2756.1833333333334,2820.2799999999997,30.7003918,46.0092608,0.6219817166666665,False,32.6,43,91,44,91,5,0.0,610.0,172.0,438.0,174.6,22.6
2020-06-03 12:30:00,9472.91238095238,9273.391904761904,55166.3,22,4136001,0.9789377893337574,0.25,True,2318.347976190476,2368.228095238095,30.121441,41.4236335862069,0.5045320313793104,False,32.6,43,91,44,91,5,0.0,610.0,172.0,438.0,174.6,22.6
2020-06-03 12:45:00,6113.14,5997.613333333333,57081.13333333333,22,4136001,0.9811019105293405,0.25,True,1499.4033333333332,1528.285,29.988367733333337,38.625959,0.2743211493333333,False,32.6,43,91,44,91,5,0.0,610.0,172.0,438.0,174.6,22.6
2020-06-03 13:00:00,2421.2799999999997,2357.457619047619,58077.433333333334,22,4136001,0.9736410572290769,0.25,True,589.3644047619048,605.3199999999999,28.013037310344828,31.479803758620687,0.0655425346206896,False,33.1,42,94,48,94,17,0.0,634.0,302.0,332.0,310.4,23.7
2020-06-03 13:15:00,13510.22619047619,13234.459047619048,59699.15238095238,22,4136001,0.9795882660312867,0.25,True,3308.614761904762,3377.5565476190477,27.09222916666667,30.6291027,0.387105846,False,33.1,42,94,48,94,17,0.0,634.0,302.0,332.0,310.4,23.7
2020-06-03 13:30:00,12560.806666666667,12306.115714285714,63304.114285714284,22,4136001,0.9797233601997202,0.25,True,3076.5289285714284,3140.201666666667,28.598572866666657,37.6843487,0.4068712906666667,False,33.1,42,94,48,94,17,0.0,634.0,302.0,332.0,310.4,23.7
2020-06-03 13:45:00,11944.656666666666,11607.276666666667,65293.7,22,4136001,0.9717547344042539,0.5,True,5803.638333333333,5972.328333333333,28.745618083333333,36.34914641666667,0.3485087883333333,False,33.1,42,94,48,94,17,0.0,634.0,302.0,332.0,310.4,23.7
2020-06-03 14:15:00,15438.090476190475,15077.14380952381,73946.48095238095,22,4136001,0.9766197336889988,0.25,True,3769.2859523809525,3859.5226190476187,30.450429444444445,45.62854911111112,0.7605293333333332,False,32.7,43,92,0,38,91,0.0,604.0,278.0,326.0,308.5,24.2
2020-06-03 14:30:00,10139.697142857143,9933.102857142858,76731.77142857143,22,4136001,0.9796252015416634,0.25,True,2483.2757142857145,2534.924285714286,29.63802373333333,40.395398066666665,0.437246157,False,32.7,43,92,0,38,91,0.0,604.0,278.0,326.0,308.5,24.2
2020-06-03 14:45:00,14898.23380952381,14579.19380952381,79781.06666666667,22,4136001,0.9785853810539574,0.25,True,3644.7984523809523,3724.5584523809525,29.54072510344828,38.459671551724135,0.5355106165517242,False,32.7,43,92,0,38,91,0.0,604.0,278.0,326.0,308.5,24.2
2020-06-03 15:00:00,14290.391904761904,13955.545714285714,83513.2619047619,22,4136001,0.9765684389408096,0.25,True,3488.8864285714285,3572.597976190476,30.53915813333334,47.42155653333333,0.7561365073333336,False,31.7,47,88,17,27,85,0.0,458.0,228.0,230.0,294.5,23.1
2020-06-03 15:15:00,11480.073333333332,11238.52,86620.8,22,4136001,0.9789589032822672,0.25,True,2809.63,2870.018333333333,30.2794955862069,44.771209620689646,0.4806955124137931,False,31.7,47,88,17,27,85,0.0,458.0,228.0,230.0,294.5,23.1
2020-06-03 15:30:00,9438.324285714285,9260.90380952381,89245.17142857143,22,4136001,0.9812021211796021,0.25,True,2315.2259523809525,2359.5810714285712,29.630815666666663,37.693619866666666,0.295706478,False,31.7,47,88,17,27,85,0.0,458.0,228.0,230.0,294.5,23.1
2020-06-03 15:45:00,15173.826666666666,14860.613333333333,92198.66666666667,22,4136001,0.9793583161180173,0.25,True,3715.153333333333,3793.4566666666665,29.615360758620685,37.79705796551723,0.4517718568965516,False,31.7,47,88,17,27,85,0.0,458.0,228.0,230.0,294.5,23.1
2020-06-03 16:00:00,10154.24619047619,9963.444285714286,95554.66666666666,22,4136001,0.9812096436128505,0.25,True,2490.8610714285714,2538.5615476190474,29.84168186666667,37.93393056666667,0.3154774509999999,False,30.6,51,78,1,6,78,0.0,244.0,107.0,137.0,178.0,21.4
2020-06-03 16:15:00,6634.670476190477,6516.0142857142855,97519.34761904762,22,4136001,0.982115737186646,0.25,True,1629.0035714285714,1658.6676190476192,29.38401,34.55478431034484,0.203640675862069,False,30.6,51,78,1,6,78,0.0,244.0,107.0,137.0,178.0,21.4
2020-06-03 16:30:00,5549.509047619047,5442.245714285714,98918.49047619046,22,4136001,0.9806715634819347,0.25,True,1360.5614285714285,1387.3772619047618,28.7046204,32.335272400000015,0.169755189,False,30.6,51,78,1,6,78,0.0,244.0,107.0,137.0,178.0,21.4
2020-06-03 16:45:00,6353.34,6235.578571428571,100328.98095238095,22,4136001,0.9814646424445365,0.25,True,1558.8946428571428,1588.335,28.346714400000003,31.930106666666664,0.193300146,False,30.6,51,78,1,6,78,0.0,244.0,107.0,137.0,178.0,21.4
2020-06-03 17:00:00,5553.460952380952,5448.073333333334,101922.61904761904,22,4136001,0.9810230737280262,0.25,True,1362.0183333333334,1388.365238095238,28.03211920689655,31.82951734482759,0.1668194265517241,False,29.9,54,87,3,77,94,0.0,222.0,116.0,106.0,294.7,18.7
2020-06-03 17:15:00,3893.9138095238095,3815.6847619047617,103050.4,22,4136001,0.9799099180295893,0.25,True,953.9211904761904,973.4784523809524,27.456891733333336,29.92605376666667,0.1186315144333333,False,29.9,54,87,3,77,94,0.0,222.0,116.0,106.0,294.7,18.7
2020-06-03 17:30:00,3315.74,3237.7599999999998,103919.33333333333,22,4136001,0.9764818713168101,0.25,True,809.4399999999999,828.935,27.154575689655168,28.822833931034484,0.1014438695862068,False,29.9,54,87,3,77,94,0.0,222.0,116.0,106.0,294.7,18.7
2020-06-03 17:45:00,2699.924761904762,2626.187619047619,104667.75714285714,22,4136001,0.9726891860478653,0.25,True,656.5469047619048,674.9811904761905,26.89719013333333,28.131608,0.0830490961333333,False,29.9,54,87,3,77,94,0.0,222.0,116.0,106.0,294.7,18.7
2020-06-03 18:00:00,1713.858095238095,1662.5423809523809,105215.34761904762,22,4136001,0.970058364558715,0.25,True,415.6355952380952,428.46452380952377,26.82174593333333,27.434948666666664,0.0536429102,False,29.4,55,94,0,49,90,0.0,45.0,3.0,42.0,18.1,16.7
2020-06-03 18:15:00,824.3638095238096,796.7395238095238,105511.64285714286,22,4136001,0.9664901765517304,0.25,True,199.18488095238095,206.0909523809524,26.64500493103448,26.866010999999997,0.0267571178965517,False,29.4,55,94,0,49,90,0.0,45.0,3.0,42.0,18.1,16.7
2020-06-03 18:30:00,278.75666666666666,268.99857142857144,105643.88095238095,22,4136001,0.9649942175203156,0.25,True,67.24964285714286,69.68916666666667,26.406685333333336,26.28797106666666,0.01010098071,False,29.4,55,94,0,49,90,0.0,45.0,3.0,42.0,18.1,16.7
2020-06-03 18:45:00,0.0,0.0,105672.0,22,4136001,,0.25,True,0.0,0.0,26.04888079310345,25.386317655172416,0.0009356197531034,False,29.4,55,94,0,49,90,0.0,45.0,3.0,42.0,18.1,16.7
2020-06-03 19:00:00,0.0,0.0,105672.0,22,4136001,,0.25,True,0.0,0.0,25.8285533,24.90916953333333,0.0,False,28.5,58,83,0,1,83,0.0,2.0,0.0,2.0,0.0,15.3
2020-06-03 19:15:00,0.0,0.0,105672.0,22,4136001,,0.25,True,0.0,0.0,25.531681310344837,24.413450068965517,0.0,False,28.5,58,83,0,1,83,0.0,2.0,0.0,2.0,0.0,15.3
2020-06-03 19:30:00,0.0,0.0,105672.0,22,4136001,,0.25,True,0.0,0.0,25.206123966666656,23.9327332,0.0,False,28.5,58,83,0,1,83,0.0,2.0,0.0,2.0,0.0,15.3
2020-06-03 19:45:00,0.0,0.0,105672.0,22,4136001,,0.25,True,0.0,0.0,24.984067655172414,23.820578862068963,0.0,False,28.5,58,83,0,1,83,0.0,2.0,0.0,2.0,0.0,15.3
2020-06-03 20:00:00,0.0,0.0,105672.0,22,4136001,,0.25,True,0.0,0.0,24.8314126,23.98214826666667,0.0,False,27.8,60,96,0,1,96,0.0,0.0,0.0,0.0,0.0,16.8
2020-06-03 20:15:00,0.0,0.0,105672.0,22,4136001,,0.25,True,0.0,0.0,24.7192687,24.015367800000003,0.0,False,27.8,60,96,0,1,96,0.0,0.0,0.0,0.0,0.0,16.8
2020-06-03 20:30:00,0.0,0.0,105672.0,22,4136001,,0.25,True,0.0,0.0,24.657951551724135,24.00843231034483,0.0,False,27.8,60,96,0,1,96,0.0,0.0,0.0,0.0,0.0,16.8
2020-06-03 20:45:00,0.0,0.0,105280.06666666667,22,4136001,,0.25,True,0.0,0.0,24.5213178,23.8033204,0.0,False,27.8,60,96,0,1,96,0.0,0.0,0.0,0.0,0.0,16.8
2020-06-03 21:00:00,0.0,0.0,105672.0,22,4136001,,0.25,True,0.0,0.0,24.463247413793106,23.728676689655178,0.0,False,27.1,63,100,0,0,100,0.0,0.0,0.0,0.0,0.0,17.3
2020-06-03 21:15:00,0.0,0.0,105672.0,22,4136001,,0.25,True,0.0,0.0,24.223528166666668,23.5329428,0.0,False,27.1,63,100,0,0,100,0.0,0.0,0.0,0.0,0.0,17.3
2020-06-03 21:30:00,0.0,0.0,105672.0,22,4136001,,0.25,True,0.0,0.0,23.884560966666665,23.15591536666667,0.0,False,27.1,63,100,0,0,100,0.0,0.0,0.0,0.0,0.0,17.3
2020-06-03 21:45:00,0.0,0.0,105672.0,22,4136001,,0.25,True,0.0,0.0,23.8075873448276,22.942808965517244,0.0,False,27.1,63,100,0,0,100,0.0,0.0,0.0,0.0,0.0,17.3
2020-06-03 22:00:00,0.0,0.0,105672.0,22,4136001,,0.25,True,0.0,0.0,23.7768878,22.9507608,0.0,False,26.6,65,99,0,0,99,0.0,0.0,0.0,0.0,0.0,17.1
2020-06-03 22:15:00,0.0,0.0,105672.0,22,4136001,,0.25,True,0.0,0.0,23.66013751724138,22.72563220689656,0.0,False,26.6,65,99,0,0,99,0.0,0.0,0.0,0.0,0.0,17.1
2020-06-03 22:30:00,0.0,0.0,105672.0,22,4136001,,0.25,True,0.0,0.0,23.76125463333333,22.753861500000003,0.0,False,26.6,65,99,0,0,99,0.0,0.0,0.0,0.0,0.0,17.1
2020-06-03 22:45:00,0.0,0.0,105672.0,22,4136001,,0.25,True,0.0,0.0,23.851649655172416,22.93449668965517,0.0,False,26.6,65,99,0,0,99,0.0,0.0,0.0,0.0,0.0,17.1
2020-06-03 23:00:00,0.0,0.0,105672.0,22,4136001,,0.25,True,0.0,0.0,23.8517117,22.952899433333336,0.0,False,26.0,67,96,0,0,96,0.0,0.0,0.0,0.0,0.0,15.8
2020-06-03 23:15:00,0.0,0.0,105672.0,22,4136001,,0.25,True,0.0,0.0,23.84605431034483,22.88483610344828,0.0,False,26.0,67,96,0,0,96,0.0,0.0,0.0,0.0,0.0,15.8
2020-06-03 23:30:00,0.0,0.0,105672.0,22,4136001,,0.25,True,0.0,0.0,23.800831800000005,22.8171417,0.0,False,26.0,67,96,0,0,96,0.0,0.0,0.0,0.0,0.0,15.8
2020-06-03 23:45:00,0.0,0.0,96759.93809523809,22,4136001,,0.25,True,0.0,0.0,23.7193359,22.8010347,0.0,False,26.0,67,96,0,0,96,0.0,0.0,0.0,0.0,0.0,15.8
2020-06-04 00:00:00,0.0,0.0,44605.09523809524,22,4136001,,0.25,True,0.0,0.0,23.506170827586203,22.726138724137925,0.0,False,25.4,71,95,0,2,95,0.0,0.0,0.0,0.0,0.0,14.8
2020-06-04 00:15:00,0.0,0.0,33253.0,22,4136001,,0.25,True,0.0,0.0,23.52986140000001,22.7003695,0.0,False,25.4,71,95,0,2,95,0.0,0.0,0.0,0.0,0.0,14.8
2020-06-04 00:30:00,0.0,0.0,33253.0,22,4136001,,0.25,True,0.0,0.0,23.517205517241383,22.666822551724145,0.0,False,25.4,71,95,0,2,95,0.0,0.0,0.0,0.0,0.0,14.8
2020-06-04 00:45:00,0.0,0.0,31601.0,22,4136001,,0.25,True,0.0,0.0,23.47985453333333,22.62901106666667,0.0,False,25.4,71,95,0,2,95,0.0,0.0,0.0,0.0,0.0,14.8
2020-06-04 01:00:00,0.0,0.0,27643.285714285714,22,4136001,,0.25,True,0.0,0.0,23.47402967857143,22.578498,0.0,False,25.1,73,95,0,6,95,0.0,0.0,0.0,0.0,0.0,14.6
2020-06-04 01:15:00,0.0,0.0,26091.0,22,4136001,,0.25,True,0.0,0.0,23.451709266666665,22.467801,0.0,False,25.1,73,95,0,6,95,0.0,0.0,0.0,0.0,0.0,14.6
2020-06-04 01:30:00,0.0,0.0,20499.4,22,4136001,,0.25,True,0.0,0.0,23.5328036,22.458771933333335,0.0,False,25.1,73,95,0,6,95,0.0,0.0,0.0,0.0,0.0,14.6
2020-06-04 01:45:00,0.0,0.0,20100.0,22,4136001,,0.25,True,0.0,0.0,23.616814000000005,22.61726865517241,0.0,False,25.1,73,95,0,6,95,0.0,0.0,0.0,0.0,0.0,14.6
2020-06-04 02:00:00,0.0,0.0,20100.0,22,4136001,,0.25,True,0.0,0.0,23.573609399999995,22.591768733333332,0.0,False,24.8,75,98,0,5,98,0.0,0.0,0.0,0.0,0.0,16.6
2020-06-04 02:15:00,0.0,0.0,20100.0,22,4136001,,0.25,True,0.0,0.0,23.48257872413793,22.52911786206896,0.0,False,24.8,75,98,0,5,98,0.0,0.0,0.0,0.0,0.0,16.6
2020-06-04 02:30:00,0.0,0.0,20100.0,22,4136001,,0.25,True,0.0,0.0,23.379536,22.36650506666667,0.0,False,24.8,75,98,0,5,98,0.0,0.0,0.0,0.0,0.0,16.6
2020-06-04 02:45:00,0.0,0.0,20100.0,22,4136001,,0.25,True,0.0,0.0,23.489091551724137,22.323780172413795,0.0,False,24.8,75,98,0,5,98,0.0,0.0,0.0,0.0,0.0,16.6
2020-06-04 03:00:00,0.0,0.0,20100.0,22,4136001,,0.25,True,0.0,0.0,23.473553633333328,22.32298903333333,0.0,False,24.7,77,96,0,12,96,0.0,0.0,0.0,0.0,0.0,16.1
2020-06-04 03:15:00,0.0,0.0,20100.0,22,4136001,,0.25,True,0.0,0.0,23.384287,22.225722862068974,0.0,False,24.7,77,96,0,12,96,0.0,0.0,0.0,0.0,0.0,16.1
2020-06-04 03:30:00,0.0,0.0,20100.0,22,4136001,,0.25,True,0.0,0.0,23.35194186666667,21.98627733333333,0.0,False,24.7,77,96,0,12,96,0.0,0.0,0.0,0.0,0.0,16.1
2020-06-04 03:45:00,0.0,0.0,19663.35714285714,22,4136001,,0.25,True,0.0,0.0,23.323459966666668,21.813084933333336,0.0,False,24.7,77,96,0,12,96,0.0,0.0,0.0,0.0,0.0,16.1
2020-06-04 04:00:00,0.0,0.0,13987.0,22,4136001,,0.25,True,0.0,0.0,23.215870896551728,21.506956931034484,0.0,False,24.6,79,93,0,32,91,0.0,0.0,0.0,0.0,0.0,15.5
2020-06-04 04:15:00,0.0,0.0,13987.0,22,4136001,,0.25,True,0.0,0.0,23.006512333333337,21.2095956,0.0,False,24.6,79,93,0,32,91,0.0,0.0,0.0,0.0,0.0,15.5
2020-06-04 04:30:00,0.0,0.0,13987.0,22,4136001,,0.25,True,0.0,0.0,23.00293793103448,21.327939724137927,0.0,False,24.6,79,93,0,32,91,0.0,0.0,0.0,0.0,0.0,15.5
2020-06-04 04:45:00,0.0,0.0,13987.0,22,4136001,,0.25,True,0.0,0.0,23.15551916666667,21.789905733333335,0.0,False,24.6,79,93,0,32,91,0.0,0.0,0.0,0.0,0.0,15.5
2020-06-04 05:00:00,0.0,0.0,13987.0,22,4136001,,0.25,True,0.0,0.0,23.29152943333333,22.05218916666667,0.0,False,24.6,81,92,0,37,95,0.0,0.0,0.0,0.0,0.0,13.8
2020-06-04 05:15:00,0.0,0.0,13987.0,22,4136001,,0.25,True,0.0,0.0,23.260269620689648,22.12411924137931,0.0,False,24.6,81,92,0,37,95,0.0,0.0,0.0,0.0,0.0,13.8
2020-06-04 05:30:00,0.0,0.0,9500.533333333333,22,4136001,,0.25,True,0.0,0.0,23.181041900000007,21.964067633333336,0.0,False,24.6,81,92,0,37,95,0.0,0.0,0.0,0.0,0.0,13.8
2020-06-04 05:45:00,0.0,0.0,1984.5333333333333,22,4136001,,0.25,True,0.0,0.0,23.217326379310347,22.105368827586208,0.0003561030461379,False,24.6,81,92,0,37,95,0.0,0.0,0.0,0.0,0.0,13.8
2020-06-04 06:00:00,129.23809523809524,124.73142857142858,5.976190476190476,22,4136001,0.9651289609432573,0.25,True,31.182857142857145,32.30952380952381,23.32922356666667,22.320104066666666,0.00682581012,False,25.2,79,100,2,100,94,0.1,11.0,1.0,10.0,10.7,13.5
2020-06-04 06:15:00,639.6866666666666,617.92,91.86666666666666,22,4136001,0.9659729242441613,0.25,True,154.48,159.92166666666665,23.42791444827586,22.65980793103449,0.0203257591896551,False,25.2,79,100,2,100,94,0.1,11.0,1.0,10.0,10.7,13.5
2020-06-04 06:30:00,1393.9985714285713,1349.9142857142856,331.4095238095238,22,4136001,0.9683756593314812,0.25,True,337.4785714285714,348.4996428571428,23.6890575,23.523084533333336,0.0435386421666666,False,25.2,79,100,2,100,94,0.1,11.0,1.0,10.0,10.7,13.5
2020-06-04 06:45:00,2249.4866666666667,2185.7666666666664,774.8,22,4136001,0.9716735373700073,0.25,True,546.4416666666666,562.3716666666667,23.98467506666666,24.883126833333336,0.0712860028666666,False,25.2,79,100,2,100,94,0.1,11.0,1.0,10.0,10.7,13.5
2020-06-04 07:00:00,3672.767619047619,3593.349523809524,1474.3571428571427,22,4136001,0.9783764987400185,0.25,True,898.337380952381,918.1919047619048,24.33044337931035,26.54599527586208,0.1125833156206896,False,25.1,82,96,0,61,93,0.4,43.0,4.0,39.0,15.6,10.2
2020-06-04 07:15:00,4673.952857142857,4582.271428571428,2552.9095238095238,22,4136001,0.9803846056274789,0.25,True,1145.567857142857,1168.4882142857143,24.709500066666664,28.19929003333333,0.1479487797333334,False,25.1,82,96,0,61,93,0.4,43.0,4.0,39.0,15.6,10.2
2020-06-04 07:30:00,5317.326666666667,5214.36,3692.0,22,4136001,0.9806356326926187,0.25,True,1303.59,1329.3316666666667,24.904997724137928,28.62191875862069,0.1676162806896552,False,25.1,82,96,0,61,93,0.4,43.0,4.0,39.0,15.6,10.2
2020-06-04 07:45:00,7418.511428571429,7290.57619047619,5207.442857142857,22,4136001,0.9827545944591374,0.25,True,1822.6440476190476,1854.6278571428572,25.1223704,30.170912633333334,0.2355763336666667,False,25.1,82,96,0,61,93,0.4,43.0,4.0,39.0,15.6,10.2
2020-06-04 08:00:00,8444.221904761904,8295.144285714285,7209.480952380953,22,4136001,0.9823456061755612,0.25,True,2073.786071428571,2111.055476190476,25.454187655172408,31.759098586206896,0.2613326248275861,False,26.4,74,92,0,53,88,0.0,199.0,62.0,137.0,129.7,12.5
2020-06-04 08:15:00,12513.156666666666,12261.64619047619,9810.62380952381,22,4136001,0.9799003174905926,0.25,True,3065.4115476190477,3128.2891666666665,26.0076823,34.365958633333335,0.405336878,False,26.4,74,92,0,53,88,0.0,199.0,62.0,137.0,129.7,12.5
2020-06-04 08:30:00,10997.614761904762,10781.129047619048,12662.228571428572,22,4136001,0.9803152120734752,0.25,True,2695.282261904762,2749.4036904761906,26.450226793103447,35.794787206896544,0.3652829586206896,False,26.4,74,92,0,53,88,0.0,199.0,62.0,137.0,129.7,12.5
2020-06-04 08:45:00,11332.6,11109.357619047618,15356.5,22,4136001,0.9803008682074384,0.25,True,2777.3394047619045,2833.15,26.4298736,35.13495476666666,0.355304296,False,26.4,74,92,0,53,88,0.0,199.0,62.0,137.0,129.7,12.5
2020-06-04 09:00:00,12684.469523809523,12429.76619047619,18346.019047619047,22,4136001,0.9799200642285245,0.25,True,3107.4415476190475,3171.1173809523807,26.654045666666672,36.18255623333333,0.4013127146666666,False,28.4,63,64,43,47,30,0.0,381.0,198.0,183.0,294.0,18.0
2020-06-04 09:15:00,14942.391904761906,14634.79476190476,21710.614285714284,22,4136001,0.979414464242561,0.25,True,3658.69869047619,3735.5979761904764,27.027789862068964,38.14800303448276,0.4671588324137931,False,28.4,63,64,43,47,30,0.0,381.0,198.0,183.0,294.0,18.0
2020-06-04 09:30:00,15875.43,15542.201428571429,25428.19523809524,22,4136001,0.9790097924006738,0.25,True,3885.550357142857,3968.8575,27.4964255,39.6057933,0.5079747253333332,False,28.4,63,64,43,47,30,0.0,381.0,198.0,183.0,294.0,18.0
2020-06-04 09:45:00,14469.839523809524,14159.91,28909.266666666666,22,4136001,0.978580997854223,0.25,True,3539.9775,3617.459880952381,27.648838413793104,39.44161744827587,0.511515428275862,False,28.4,63,64,43,47,30,0.0,381.0,198.0,183.0,294.0,18.0
2020-06-04 10:00:00,14476.905714285715,14138.405714285715,32098.97619047619,22,4136001,0.976617931574565,0.25,True,3534.6014285714286,3619.2264285714286,28.752326433333334,45.223463,0.7474316673333334,False,30.1,57,48,18,14,38,0.0,517.0,259.0,258.0,312.2,17.6
2020-06-04 10:15:00,12997.784285714286,12707.403809523808,35529.97142857143,22,4136001,0.9776592325424548,0.25,True,3176.850952380952,3249.4460714285715,28.820756517241374,44.4616604137931,0.6849686296551724,False,30.1,57,48,18,14,38,0.0,517.0,259.0,258.0,312.2,17.6
2020-06-04 10:30:00,10747.915238095238,10514.636666666667,39186.6619047619,22,4136001,0.9782954585832858,0.25,True,2628.659166666667,2686.9788095238096,28.779559300000003,43.550388666666656,0.5005721016666665,False,30.1,57,48,18,14,38,0.0,517.0,259.0,258.0,312.2,17.6
2020-06-04 10:45:00,7692.524285714286,7548.34,38973.333333333336,22,4136001,0.9812565706185616,0.25,True,1887.085,1923.1310714285714,27.79197634482759,35.40643496551724,0.2994588744827586,False,30.1,57,48,18,14,38,0.0,517.0,259.0,258.0,312.2,17.6
2020-06-04 11:00:00,14204.475714285714,13885.109047619047,41742.0,22,4136001,0.9775164762789891,0.25,True,3471.277261904762,3551.1189285714286,28.644737733333336,39.689086866666656,0.6534224343333332,False,31.8,51,55,13,13,49,0.0,760.0,533.0,227.0,569.6,19.7
2020-06-04 11:15:00,13853.122857142858,13532.25,45812.13809523809,22,4136001,0.9768375072933528,0.25,True,3383.0625,3463.2807142857146,29.649976599999995,49.73668216666666,0.776167843,False,31.8,51,55,13,13,49,0.0,760.0,533.0,227.0,569.6,19.7
2020-06-04 11:30:00,16158.818571428572,15773.183333333334,50988.80952380953,22,4136001,0.9761346885361345,0.25,True,3943.2958333333336,4039.704642857143,30.20047648275862,50.65878303448276,0.8754993144827584,False,31.8,51,55,13,13,49,0.0,760.0,533.0,227.0,569.6,19.7
2020-06-04 11:45:00,16648.401904761904,16246.698571428571,55010.885714285716,22,4136001,0.9758713577656704,0.25,True,4061.6746428571428,4162.100476190476,31.101126966666666,56.17383843333334,0.9597550606666668,False,31.8,51,55,13,13,49,0.0,760.0,533.0,227.0,569.6,19.7
2020-06-04 12:00:00,13050.385714285714,12751.063809523808,58759.13809523809,22,4136001,0.9770641334811851,0.25,True,3187.765952380952,3262.5964285714285,31.748693,54.58599944827585,0.7538634593103448,False,32.3,48,88,3,4,88,0.0,843.0,580.0,263.0,589.1,19.1
2020-06-04 12:15:00,13170.277142857141,12860.594761904762,61928.561904761904,22,4136001,0.9764862669484268,0.25,True,3215.1486904761905,3292.5692857142853,31.40540860000001,50.13670766666666,0.6268134326666664,False,32.3,48,88,3,4,88,0.0,843.0,580.0,263.0,589.1,19.1
2020-06-04 12:30:00,18504.201904761903,18045.845714285715,65655.06666666667,22,4136001,0.9752296158010342,0.25,True,4511.461428571429,4626.050476190476,32.124079379310345,54.41021503448276,1.0987660434482758,False,32.3,48,88,3,4,88,0.0,843.0,580.0,263.0,589.1,19.1
2020-06-04 12:45:00,16493.594761904762,16094.543333333333,69982.99047619048,22,4136001,0.9758056727880136,0.25,True,4023.6358333333333,4123.3986904761905,32.99476956666668,61.4893392,1.0755276863333334,False,32.3,48,88,3,4,88,0.0,843.0,580.0,263.0,589.1,19.1
2020-06-04 13:00:00,12759.353333333333,12470.933333333332,73811.6,22,4136001,0.9773954061412725,0.25,True,3117.733333333333,3189.838333333333,32.87322086666667,58.39144286666665,0.7529416256666667,False,32.6,46,98,5,10,98,0.0,790.0,479.0,311.0,492.4,19.6
2020-06-04 13:15:00,15369.939999999999,14996.393333333333,77027.06666666667,22,4136001,0.9756962833513556,0.25,True,3749.0983333333334,3842.4849999999997,32.73378110344828,55.400899068965515,0.9427802534482758,False,32.6,46,98,5,10,98,0.0,790.0,479.0,311.0,492.4,19.6
2020-06-04 13:30:00,12770.900952380953,12468.591904761905,80730.15714285715,22,4136001,0.9763282912657242,0.25,True,3117.147976190476,3192.725238095238,32.67796206666667,55.279134166666665,0.8002419046666666,False,32.6,46,98,5,10,98,0.0,790.0,479.0,311.0,492.4,19.6
2020-06-04 13:45:00,4859.49,4772.410476190476,82607.97619047618,22,4136001,0.9820805220692864,0.25,True,1193.102619047619,1214.8725,30.929569551724143,41.087706413793114,0.2616007365517241,False,32.6,46,98,5,10,98,0.0,790.0,479.0,311.0,492.4,19.6
2020-06-04 14:00:00,5102.243809523809,5012.839523809524,83858.75238095238,22,4136001,0.9824774571635709,0.25,True,1253.209880952381,1275.5609523809524,29.894924933333336,36.105009,0.2491807296666666,False,33.0,45,98,6,17,98,0.0,745.0,445.0,300.0,493.8,18.9
2020-06-04 14:15:00,10851.153333333334,10630.66,85674.06666666667,22,4136001,0.9796801937489901,0.25,True,2657.665,2712.7883333333334,29.59220320689655,37.910414206896554,0.4174138455172413,False,33.0,45,98,6,17,98,0.0,745.0,445.0,300.0,493.8,18.9
2020-06-04 14:30:00,11273.19619047619,11048.106666666667,88578.03333333334,22,4136001,0.9800332115217082,0.25,True,2762.0266666666666,2818.2990476190475,29.9574492,39.75319209999999,0.3781839226666667,False,33.0,45,98,6,17,98,0.0,745.0,445.0,300.0,493.8,18.9
2020-06-04 14:45:00,12516.091904761905,12266.244285714285,91383.8,22,4136001,0.98003788874764,0.25,True,3066.5610714285713,3129.022976190476,29.019922586206896,36.56108675862069,0.3754210289655172,False,33.0,45,98,6,17,98,0.0,745.0,445.0,300.0,493.8,18.9
2020-06-04 15:00:00,13208.04619047619,12941.465714285714,94624.25714285714,22,4136001,0.9798168122411097,0.25,True,3235.3664285714285,3302.0115476190476,28.9516053,37.17042136666666,0.400242852,False,32.6,46,100,8,21,100,0.0,605.0,410.0,195.0,529.3,20.1
2020-06-04 15:15:00,10617.137619047619,10411.040952380952,97062.44761904761,22,4136001,0.9805883022278133,0.25,True,2602.760238095238,2654.2844047619046,28.692960482758625,36.04145986206896,0.3241478868965516,False,32.6,46,100,8,21,100,0.0,605.0,410.0,195.0,529.3,20.1
2020-06-04 15:30:00,10081.566666666668,9893.266666666666,100168.2,22,4136001,0.9813223473864842,0.25,True,2473.3166666666666,2520.391666666667,28.495817033333328,35.430655966666656,0.3111335316666667,False,32.6,46,100,8,21,100,0.0,605.0,410.0,195.0,529.3,20.1
2020-06-04 15:45:00,8610.877142857144,8460.11476190476,102405.81428571428,22,4136001,0.9824916348879228,0.25,True,2115.02869047619,2152.719285714286,28.173362266666665,33.9577191,0.2588776076666667,False,32.6,46,100,8,21,100,0.0,605.0,410.0,195.0,529.3,20.1
2020-06-04 16:00:00,6102.664285714286,5988.28,104192.39047619049,22,4136001,0.9812566642438372,0.25,True,1497.07,1525.6660714285715,27.82616858620689,32.240811137931026,0.1853187451724138,False,32.5,45,98,8,18,97,0.1,462.0,285.0,177.0,473.6,21.5
2020-06-04 16:15:00,7442.355238095238,7313.704761904762,105401.74285714286,22,4136001,0.9827137415408563,0.25,True,1828.4261904761904,1860.5888095238095,27.60287473333333,31.772151633333333,0.2226279066666666,False,32.5,45,98,8,18,97,0.1,462.0,285.0,177.0,473.6,21.5
2020-06-04 16:30:00,8288.973333333333,8138.846666666666,107647.53333333333,22,4136001,0.9818883882684305,0.25,True,2034.7116666666666,2072.2433333333333,27.935087000000003,33.111304999999994,0.246114384137931,False,32.5,45,98,8,18,97,0.1,462.0,285.0,177.0,473.6,21.5
2020-06-04 16:45:00,10231.766666666666,10038.433333333332,110066.06666666667,22,4136001,0.9811045990754285,0.25,True,2509.608333333333,2557.9416666666666,28.583680233333336,35.29065466666667,0.3044036246666667,False,32.5,45,98,8,18,97,0.1,462.0,285.0,177.0,473.6,21.5
2020-06-04 17:00:00,6600.9138095238095,6477.0690476190475,112240.31428571428,22,4136001,0.9812382398136938,0.25,True,1619.2672619047619,1650.2284523809524,28.506739034482752,34.13578827586206,0.2031273489655172,False,31.4,46,95,0,3,99,0.0,225.0,98.0,127.0,248.5,18.8
2020-06-04 17:15:00,4325.933809523809,4240.533809523809,113490.61904761905,22,4136001,0.9802585976207064,0.25,True,1060.1334523809523,1081.4834523809523,28.05126853333333,31.183719966666665,0.1302995793333333,False,31.4,46,95,0,3,99,0.0,225.0,98.0,127.0,248.5,18.8
2020-06-04 17:30:00,3210.4490476190476,3132.9895238095237,114410.69047619047,22,4136001,0.975872682400311,0.25,True,783.2473809523809,802.6122619047619,27.81005551724138,29.81780168965517,0.0966307924137931,False,31.4,46,95,0,3,99,0.0,225.0,98.0,127.0,248.5,18.8
2020-06-04 17:45:00,2623.153333333333,2550.9,115115.0,22,4136001,0.9724555433282589,0.25,True,637.725,655.7883333333333,27.715189433333336,29.011674033333332,0.0797806046666666,False,31.4,46,95,0,3,99,0.0,225.0,98.0,127.0,248.5,18.8
2020-06-04 18:00:00,1845.6666666666665,1791.0866666666666,115673.26666666666,22,4136001,0.9704280296189273,0.25,True,447.77166666666665,461.41666666666663,27.576374896551723,28.309877620689647,0.0573083227586206,False,29.9,52,97,0,2,97,0.0,87.0,32.0,55.0,192.0,14.8
2020-06-04 18:15:00,1037.0619047619048,1003.1119047619047,116028.05714285714,22,4136001,0.9672632850130635,0.25,True,250.77797619047618,259.2654761904762,27.4625298,27.48582456666667,0.0334204809333333,False,29.9,52,97,0,2,97,0.0,87.0,32.0,55.0,192.0,14.8
2020-06-04 18:30:00,485.81095238095236,469.1009523809524,116210.24285714286,22,4136001,0.9656039043210028,0.25,True,117.2752380952381,121.45273809523809,27.4985625,26.796627866666665,0.0164729437433333,False,29.9,52,97,0,2,97,0.0,87.0,32.0,55.0,192.0,14.8
2020-06-04 18:45:00,2.5599999999999996,2.48,116256.93333333333,22,4136001,0.9687500000000001,0.25,True,0.62,0.6399999999999999,27.167746517241383,26.19345286206897,0.0013895391787931,False,29.9,52,97,0,2,97,0.0,87.0,32.0,55.0,192.0,14.8
2020-06-04 19:00:00,0.0,0.0,116257.0,22,4136001,,0.25,True,0.0,0.0,27.061259833333327,25.8164489,0.0,False,28.8,56,97,0,6,97,0.0,2.0,0.0,2.0,0.0,11.9
2020-06-04 19:15:00,0.0,0.0,116257.0,22,4136001,,0.25,True,0.0,0.0,26.844621344827583,25.52530424137931,0.0,False,28.8,56,97,0,6,97,0.0,2.0,0.0,2.0,0.0,11.9
2020-06-04 19:30:00,0.0,0.0,116257.0,22,4136001,,0.25,True,0.0,0.0,26.619942066666663,25.20446646666668,0.0,False,28.8,56,97,0,6,97,0.0,2.0,0.0,2.0,0.0,11.9
2020-06-04 19:45:00,0.0,0.0,116257.0,22,4136001,,0.25,True,0.0,0.0,25.886081,24.99820575862069,0.0,False,28.8,56,97,0,6,97,0.0,2.0,0.0,2.0,0.0,11.9
2020-06-04 20:00:00,0.0,0.0,116257.0,22,4136001,,0.25,True,0.0,0.0,25.415011433333333,24.773209866666665,0.0,False,28.1,60,98,0,10,98,0.0,0.0,0.0,0.0,0.0,11.9
2020-06-04 20:15:00,0.0,0.0,116257.0,22,4136001,,0.25,True,0.0,0.0,25.253174833333336,24.170247333333343,0.0,False,28.1,60,98,0,10,98,0.0,0.0,0.0,0.0,0.0,11.9
2020-06-04 20:30:00,0.0,0.0,116257.0,22,4136001,,0.25,True,0.0,0.0,25.07101975862069,23.582273310344828,0.0,False,28.1,60,98,0,10,98,0.0,0.0,0.0,0.0,0.0,11.9
2020-06-04 20:45:00,0.0,0.0,116257.0,22,4136001,,0.25,True,0.0,0.0,25.05708616666666,23.458534766666663,0.0,False,28.1,60,98,0,10,98,0.0,0.0,0.0,0.0,0.0,11.9
2020-06-04 21:00:00,0.0,0.0,116257.0,22,4136001,,0.25,True,0.0,0.0,24.761007275862077,23.159667,0.0,False,27.9,61,99,0,7,99,0.0,0.0,0.0,0.0,0.0,13.5
2020-06-04 21:15:00,0.0,0.0,116257.0,22,4136001,,0.25,True,0.0,0.0,24.4274142,22.75670473333333,0.0,False,27.9,61,99,0,7,99,0.0,0.0,0.0,0.0,0.0,13.5
2020-06-04 21:30:00,0.0,0.0,116257.0,22,4136001,,0.25,True,0.0,0.0,24.47409263333333,22.554964200000004,0.0,False,27.9,61,99,0,7,99,0.0,0.0,0.0,0.0,0.0,13.5
2020-06-04 21:45:00,0.0,0.0,116257.0,22,4136001,,0.25,True,0.0,0.0,24.59759410344828,22.771948448275865,0.0,False,27.9,61,99,0,7,99,0.0,0.0,0.0,0.0,0.0,13.5
2020-06-04 22:00:00,0.0,0.0,116257.0,22,4136001,,0.25,True,0.0,0.0,24.31747246666667,22.5268189,0.0,False,27.5,63,90,0,4,90,0.0,0.0,0.0,0.0,0.0,13.1
2020-06-04 22:15:00,0.0,0.0,116257.0,22,4136001,,0.25,True,0.0,0.0,24.096436724137934,22.39316851724137,0.0,False,27.5,63,90,0,4,90,0.0,0.0,0.0,0.0,0.0,13.1
2020-06-04 22:30:00,0.0,0.0,116077.33333333333,22,4136001,,0.25,True,0.0,0.0,24.35011396666667,23.499982766666665,0.0001880975060666,False,27.5,63,90,0,4,90,0.0,0.0,0.0,0.0,0.0,13.1
2020-06-04 22:45:00,0.0,0.0,116257.0,22,4136001,,0.25,True,0.0,0.0,24.49744276666667,24.038970000000003,8.957066999999999e-06,False,27.5,63,90,0,4,90,0.0,0.0,0.0,0.0,0.0,13.1
2020-06-04 23:00:00,0.0,0.0,116257.0,22,4136001,,0.25,True,0.0,0.0,24.43652979310345,23.844636172413797,0.0,False,26.8,67,87,0,4,87,0.0,0.0,0.0,0.0,0.0,14.2
2020-06-04 23:15:00,0.0,0.0,116257.0,22,4136001,,0.25,True,0.0,0.0,24.212598600000003,23.096633800000003,0.0,False,26.8,67,87,0,4,87,0.0,0.0,0.0,0.0,0.0,14.2
2020-06-04 23:30:00,0.0,0.0,116257.0,22,4136001,,0.25,True,0.0,0.0,24.22958896551724,23.374482310344828,0.0,False,26.8,67,87,0,4,87,0.0,0.0,0.0,0.0,0.0,14.2
2020-06-04 23:45:00,0.0,0.0,111900.66666666667,22,4136001,,0.25,True,0.0,0.0,24.3579734,23.80095623333333,0.0,False,26.8,67,87,0,4,87,0.0,0.0,0.0,0.0,0.0,14.2
2020-06-05 00:00:00,0.0,0.0,95698.46666666666,22,4136001,,0.25,True,0.0,0.0,24.299669068965517,23.54368431034483,0.0,False,26.1,70,89,0,3,89,0.0,0.0,0.0,0.0,0.0,13.9
2020-06-05 00:15:00,0.0,0.0,94040.0,22,4136001,,0.25,True,0.0,0.0,24.0563783,22.687831633333328,0.0,False,26.1,70,89,0,3,89,0.0,0.0,0.0,0.0,0.0,13.9
2020-06-05 00:30:00,0.0,0.0,94040.0,22,4136001,,0.25,True,0.0,0.0,23.76232196666667,22.111972199999997,0.0,False,26.1,70,89,0,3,89,0.0,0.0,0.0,0.0,0.0,13.9
2020-06-05 00:45:00,0.0,0.0,94040.0,22,4136001,,0.25,True,0.0,0.0,23.608251103448275,21.823795758620687,0.0,False,26.1,70,89,0,3,89,0.0,0.0,0.0,0.0,0.0,13.9
2020-06-05 01:00:00,0.0,0.0,94040.0,22,4136001,,0.25,True,0.0,0.0,23.518258666666668,21.77961946666667,0.0,False,25.5,73,91,0,6,90,0.0,0.0,0.0,0.0,0.0,12.9
2020-06-05 01:15:00,0.0,0.0,94040.0,22,4136001,,0.25,True,0.0,0.0,23.339248137931037,21.60733051724138,0.0,False,25.5,73,91,0,6,90,0.0,0.0,0.0,0.0,0.0,12.9
2020-06-05 01:30:00,0.0,0.0,87956.0,22,4136001,,0.25,True,0.0,0.0,23.214794,21.530665033333328,0.0,False,25.5,73,91,0,6,90,0.0,0.0,0.0,0.0,0.0,12.9
2020-06-05 01:45:00,0.0,0.0,87020.0,22,4136001,,0.25,True,0.0,0.0,23.100183966666663,21.412393133333328,0.0,False,25.5,73,91,0,6,90,0.0,0.0,0.0,0.0,0.0,12.9
2020-06-05 02:00:00,0.0,0.0,86840.33333333333,22,4136001,,0.25,True,0.0,0.0,23.03813327586207,21.36666555172414,0.0,False,25.1,76,94,0,4,94,0.0,0.0,0.0,0.0,0.0,13.0
2020-06-05 02:15:00,0.0,0.0,87020.0,22,4136001,,0.25,True,0.0,0.0,23.073260366666663,21.467229300000003,0.0,False,25.1,76,94,0,4,94,0.0,0.0,0.0,0.0,0.0,13.0
2020-06-05 02:30:00,0.0,0.0,87020.0,22,4136001,,0.25,True,0.0,0.0,23.01282675862069,21.443581344827585,0.0,False,25.1,76,94,0,4,94,0.0,0.0,0.0,0.0,0.0,13.0
2020-06-05 02:45:00,0.0,0.0,87020.0,22,4136001,,0.25,True,0.0,0.0,23.018499566666662,21.6443869,0.0,False,25.1,76,94,0,4,94,0.0,0.0,0.0,0.0,0.0,13.0
2020-06-05 03:00:00,0.0,0.0,87020.0,22,4136001,,0.25,True,0.0,0.0,23.082872931034487,21.872289172413797,0.0,False,24.6,79,29,0,2,28,0.0,0.0,0.0,0.0,0.0,12.6
2020-06-05 03:15:00,0.0,0.0,87020.0,22,4136001,,0.25,True,0.0,0.0,23.14973,22.048149533333333,0.0,False,24.6,79,29,0,2,28,0.0,0.0,0.0,0.0,0.0,12.6
2020-06-05 03:30:00,0.0,0.0,87020.0,22,4136001,,0.25,True,0.0,0.0,23.204861724137924,22.07574655172414,0.0,False,24.6,79,29,0,2,28,0.0,0.0,0.0,0.0,0.0,12.6
2020-06-05 03:45:00,0.0,0.0,87020.0,22,4136001,,0.25,True,0.0,0.0,23.2978301,21.964779766666656,0.0,False,24.6,79,29,0,2,28,0.0,0.0,0.0,0.0,0.0,12.6
2020-06-05 04:00:00,0.0,0.0,87020.0,22,4136001,,0.25,True,0.0,0.0,23.39066483333333,21.92678636666667,0.0,False,24.2,82,18,0,1,17,0.0,0.0,0.0,0.0,0.0,12.0
2020-06-05 04:15:00,0.0,0.0,87020.0,22,4136001,,0.25,True,0.0,0.0,23.48055724137931,22.33335506896552,0.0,False,24.2,82,18,0,1,17,0.0,0.0,0.0,0.0,0.0,12.0
2020-06-05 04:30:00,0.0,0.0,87020.0,22,4136001,,0.25,True,0.0,0.0,23.541043100000003,22.629008866666663,0.0,False,24.2,82,18,0,1,17,0.0,0.0,0.0,0.0,0.0,12.0
2020-06-05 04:45:00,0.0,0.0,87020.0,22,4136001,,0.25,True,0.0,0.0,23.55039810344827,22.658952413793106,0.0,False,24.2,82,18,0,1,17,0.0,0.0,0.0,0.0,0.0,12.0
2020-06-05 05:00:00,0.0,0.0,87020.0,22,4136001,,0.25,True,0.0,0.0,23.479852466666667,22.4354817,0.0,False,24.2,81,3,0,1,1,0.0,0.0,0.0,0.0,0.0,9.9
2020-06-05 05:15:00,0.0,0.0,87020.0,22,4136001,,0.25,True,0.0,0.0,23.508968900000003,22.6392059,0.0,False,24.2,81,3,0,1,1,0.0,0.0,0.0,0.0,0.0,9.9
2020-06-05 05:30:00,0.0,0.0,13396.800000000003,22,4136001,,0.25,True,0.0,0.0,23.51972896551724,22.71437331034484,0.0,False,24.2,81,3,0,1,1,0.0,0.0,0.0,0.0,0.0,9.9
2020-06-05 05:45:00,0.0,0.0,0.0,22,4136001,,0.25,True,0.0,0.0,23.482278566666665,22.69325356666667,0.000946964667,False,24.2,81,3,0,1,1,0.0,0.0,0.0,0.0,0.0,9.9
2020-06-05 06:00:00,90.63190476190476,87.47190476190477,4.152380952380952,22,4136001,0.9651336909634471,0.25,True,21.867976190476192,22.65797619047619,23.48507603448276,22.861815448275863,0.0061887873206896,False,24.8,78,1,0,1,0,0.0,18.0,4.0,14.0,42.8,10.8
2020-06-05 06:15:00,678.81,655.802380952381,90.52380952380952,22,4136001,0.9661059515216055,0.25,True,163.95059523809525,169.7025,23.5497906,23.19854326666667,0.0220205288,False,24.8,78,1,0,1,0,0.0,18.0,4.0,14.0,42.8,10.8
2020-06-05 06:30:00,1336.060476190476,1293.9014285714286,322.1047619047619,22,4136001,0.9684452550087732,0.25,True,323.47535714285715,334.015119047619,23.611078866666663,23.604514566666666,0.0441504464333333,False,24.8,78,1,0,1,0,0.0,18.0,4.0,14.0,42.8,10.8
2020-06-05 06:45:00,2772.872380952381,2702.402857142857,800.847619047619,22,4136001,0.9745860919191239,0.25,True,675.6007142857143,693.2180952380952,23.88723224137932,24.89371882758621,0.0877622152413793,False,24.8,78,1,0,1,0,0.0,18.0,4.0,14.0,42.8,10.8
2020-06-05 07:00:00,3665.609523809524,3584.5442857142857,1588.3,22,4136001,0.9778849226660153,0.25,True,896.1360714285714,916.402380952381,24.3056306,26.727956066666668,0.1223387135,False,26.2,72,48,0,14,39,0.0,162.0,88.0,74.0,343.8,13.0
2020-06-05 07:15:00,4417.034761904762,4329.547619047619,2587.133333333333,22,4136001,0.9801932410377012,0.25,True,1082.3869047619048,1104.2586904761904,24.58904119999999,28.138516133333333,0.1402624606666666,False,26.2,72,48,0,14,39,0.0,162.0,88.0,74.0,343.8,13.0
2020-06-05 07:30:00,4797.838571428571,4703.95619047619,3742.547619047619,22,4136001,0.9804323593729358,0.25,True,1175.9890476190476,1199.4596428571429,24.888433965517248,29.011805137931034,0.1549188731034483,False,26.2,72,48,0,14,39,0.0,162.0,88.0,74.0,343.8,13.0
2020-06-05 07:45:00,6118.149523809524,6002.455714285715,5061.233333333334,22,4136001,0.9810900650476794,0.25,True,1500.6139285714287,1529.537380952381,24.9963226,29.5161509,0.200846841,False,26.2,72,48,0,14,39,0.0,162.0,88.0,74.0,343.8,13.0
2020-06-05 08:00:00,6865.586666666666,6741.4,6664.933333333333,22,4136001,0.981911718153729,0.25,True,1685.35,1716.3966666666665,25.38429096551725,31.102873689655173,0.2160856144827586,False,27.9,63,69,0,17,63,0.0,348.0,227.0,121.0,475.4,15.0
2020-06-05 08:15:00,11260.51761904762,11040.780952380952,8765.633333333333,22,4136001,0.980486095390946,0.25,True,2760.195238095238,2815.129404761905,25.930556166666666,34.080560266666666,0.3888253183333333,False,27.9,63,69,0,17,63,0.0,348.0,227.0,121.0,475.4,15.0
2020-06-05 08:30:00,16717.666666666664,16366.40238095238,12256.004761904762,22,4136001,0.9789884382361403,0.25,True,4091.600595238095,4179.416666666666,26.913648793103448,40.7417414137931,0.5699424124137931,False,27.9,63,69,0,17,63,0.0,348.0,227.0,121.0,475.4,15.0
2020-06-05 08:45:00,15154.705714285716,14839.35380952381,16191.580952380951,22,4136001,0.9791911561525977,0.25,True,3709.8384523809523,3788.676428571429,27.553101733333328,43.09634683333332,0.5106229946666668,False,27.9,63,69,0,17,63,0.0,348.0,227.0,121.0,475.4,15.0
2020-06-05 09:00:00,15710.563809523808,15379.957619047618,19940.57619047619,22,4136001,0.9789564401071478,0.25,True,3844.9894047619046,3927.640952380952,27.474611433333337,40.47210883333334,0.521611014,False,29.6,56,83,0,18,79,0.0,554.0,399.0,155.0,592.8,16.8
2020-06-05 09:15:00,19992.173333333332,19541.626666666663,24401.466666666667,22,4136001,0.9774638475189956,0.25,True,4885.406666666666,4998.043333333333,28.375374620689666,45.23055913793104,0.8295012827586207,False,29.6,56,83,0,18,79,0.0,554.0,399.0,155.0,592.8,16.8
2020-06-05 09:30:00,16325.32142857143,15950.052857142855,28860.904761904763,22,4136001,0.9770130975325358,0.25,True,3987.5132142857137,4081.3303571428573,28.9215555,48.03612473333335,0.737069957,False,29.6,56,83,0,18,79,0.0,554.0,399.0,155.0,592.8,16.8
2020-06-05 09:45:00,16446.713333333333,16052.532857142858,33012.90476190476,22,4136001,0.976032872452907,0.25,True,4013.1332142857145,4111.678333333333,29.35511203448276,47.91289651724137,0.7594489110344828,False,29.6,56,83,0,18,79,0.0,554.0,399.0,155.0,592.8,16.8
2020-06-05 10:00:00,14142.764285714286,13803.663809523809,36616.62380952381,22,4136001,0.9760230412287219,0.25,True,3450.915952380952,3535.6910714285714,29.860947766666666,51.5000714,0.8117192696666667,False,30.8,52,85,13,14,82,0.1,731.0,567.0,164.0,683.8,18.4
2020-06-05 10:15:00,13341.379047619048,13024.80619047619,39647.13333333333,22,4136001,0.9762713542570883,0.25,True,3256.2015476190477,3335.344761904762,30.15575227586207,50.61020517241381,0.8470610855172414,False,30.8,52,85,13,14,82,0.1,731.0,567.0,164.0,683.8,18.4
2020-06-05 10:30:00,16217.586666666666,15818.393333333333,43495.933333333334,22,4136001,0.9753851580054246,0.25,True,3954.5983333333334,4054.3966666666665,30.86852616666667,57.25780413333334,0.9209433376666668,False,30.8,52,85,13,14,82,0.1,731.0,567.0,164.0,683.8,18.4
2020-06-05 10:45:00,15214.506666666666,14844.673333333334,47394.73333333334,22,4136001,0.9756920588070334,0.25,True,3711.1683333333335,3803.6266666666666,31.095844275862067,57.40067255172414,0.8930844131034481,False,30.8,52,85,13,14,82,0.1,731.0,567.0,164.0,683.8,18.4
2020-06-05 11:00:00,15922.274285714286,15531.050952380952,51299.12380952381,22,4136001,0.9754291801338741,0.25,True,3882.762738095238,3980.5685714285714,31.44439172413793,58.12696682758621,0.9164784675862068,False,31.8,48,82,8,13,79,0.2,759.0,531.0,228.0,567.7,15.9
2020-06-05 11:15:00,13993.69619047619,13659.471904761906,54757.69047619047,22,4136001,0.9761160824727815,0.25,True,3414.8679761904764,3498.4240476190475,31.800298,56.206728200000015,0.9401133463333332,False,31.8,48,82,8,13,79,0.2,759.0,531.0,228.0,567.7,15.9
2020-06-05 11:30:00,15259.310476190476,14888.462857142858,58477.22857142857,22,4136001,0.9756969609061784,0.25,True,3722.1157142857146,3814.827619047619,32.135494,57.79458213333333,0.8567388703333331,False,31.8,48,82,8,13,79,0.2,759.0,531.0,228.0,567.7,15.9
2020-06-05 11:45:00,7478.4,7326.12,61005.933333333334,22,4136001,0.9796373555840822,0.25,True,1831.53,1869.6,31.144323896551725,45.17489596551725,0.3769944793103448,False,31.8,48,82,8,13,79,0.2,759.0,531.0,228.0,567.7,15.9
2020-06-05 12:00:00,17580.79,17149.453333333335,64051.038095238095,22,4136001,0.975465455951259,0.25,True,4287.363333333334,4395.1975,31.854984566666666,51.42422273333334,0.9867557566666668,False,33.0,44,81,8,27,78,0.3,885.0,675.0,210.0,685.8,15.3
2020-06-05 12:15:00,18622.959523809524,18162.058095238095,68540.8619047619,22,4136001,0.97525090316702,0.25,True,4540.514523809524,4655.739880952381,32.97867465517242,59.2911701724138,0.9660673,False,33.0,44,81,8,27,78,0.3,885.0,675.0,210.0,685.8,15.3
2020-06-05 12:30:00,18031.703333333335,17587.506666666668,72968.42857142858,22,4136001,0.9753657955404842,0.25,True,4396.876666666667,4507.925833333334,33.09526663333333,59.620575933333335,0.9897816713333332,False,33.0,44,81,8,27,78,0.3,885.0,675.0,210.0,685.8,15.3
2020-06-05 12:45:00,15555.786666666667,15176.906666666668,77385.8,22,4136001,0.9756437904351136,0.25,True,3794.226666666667,3888.9466666666667,33.23081796551725,59.0263535862069,0.765350568275862,False,33.0,44,81,8,27,78,0.3,885.0,675.0,210.0,685.8,15.3
2020-06-05 13:00:00,14436.37380952381,14092.452380952382,80960.61428571428,22,4136001,0.9761767440280231,0.25,True,3523.1130952380954,3609.0934523809524,33.12394726666667,52.78040236666666,0.7339340326666665,False,33.3,44,80,0,35,70,0.2,756.0,502.0,254.0,516.1,14.5
2020-06-05 13:15:00,18667.405238095238,18202.06619047619,84962.89047619047,22,4136001,0.9750721087540644,0.25,True,4550.516547619048,4666.8513095238095,33.690490586206906,58.17828634482759,1.0410162006896553,False,33.3,44,80,0,35,70,0.2,756.0,502.0,254.0,516.1,14.5
2020-06-05 13:30:00,6548.303333333333,6422.21380952381,88060.54285714286,22,4136001,0.9807447032626482,0.25,True,1605.5534523809524,1637.0758333333333,32.81328523333334,49.790734833333325,0.3470472646666668,False,33.3,44,80,0,35,70,0.2,756.0,502.0,254.0,516.1,14.5
2020-06-05 13:45:00,5243.0257142857145,5150.708571428571,89366.01904761905,22,4136001,0.9823923917432626,0.25,True,1287.6771428571428,1310.7564285714286,30.93428653333333,36.944321733333325,0.2062072193333333,False,33.3,44,80,0,35,70,0.2,756.0,502.0,254.0,516.1,14.5
2020-06-05 14:00:00,8337.27,8193.07,91093.45714285715,22,4136001,0.9827041705498322,0.25,True,2048.2675,2084.3175,29.49830575862069,33.69434131034483,0.2405096113793103,False,33.5,43,94,28,26,91,0.1,692.0,481.0,211.0,533.7,15.1
2020-06-05 14:15:00,9925.597142857143,9740.986666666666,93242.00476190475,22,4136001,0.9814005672874473,0.25,True,2435.2466666666664,2481.3992857142857,29.638054366666672,34.26934706666667,0.2848750106666667,False,33.5,43,94,28,26,91,0.1,692.0,481.0,211.0,533.7,15.1
2020-06-05 14:30:00,11630.614285714286,11401.65238095238,96019.51428571428,22,4136001,0.9803138596864023,0.25,True,2850.413095238095,2907.6535714285715,30.180354724137928,36.60531837931034,0.3482828503448275,False,33.5,43,94,28,26,91,0.1,692.0,481.0,211.0,533.7,15.1
2020-06-05 14:45:00,8641.310476190476,8490.791428571429,98464.87142857142,22,4136001,0.9825814558991053,0.25,True,2122.697857142857,2160.327619047619,30.379783166666662,35.84586903333333,0.2557180766666666,False,33.5,43,94,28,26,91,0.1,692.0,481.0,211.0,533.7,15.1
2020-06-05 15:00:00,10815.386666666667,10607.64,100735.73333333334,22,4136001,0.9807915636241699,0.25,True,2651.91,2703.846666666667,29.511418655172413,35.19934613793103,0.3145418731034483,False,33.4,43,97,1,18,96,0.0,575.0,385.0,190.0,496.8,15.5
2020-06-05 15:15:00,12778.869047619048,12522.612380952381,103748.40000000001,22,4136001,0.9799468430491185,0.25,True,3130.6530952380954,3194.717261904762,29.535261899999995,36.872007466666666,0.3843689899999999,False,33.4,43,97,1,18,96,0.0,575.0,385.0,190.0,496.8,15.5
2020-06-05 15:30:00,11285.28380952381,11065.838571428572,106761.0238095238,22,4136001,0.9805547435227067,0.25,True,2766.459642857143,2821.3209523809523,29.23310810344828,36.75918268965517,0.3375091299999999,False,33.4,43,97,1,18,96,0.0,575.0,385.0,190.0,496.8,15.5
2020-06-05 15:45:00,8581.575238095238,8432.635238095238,109133.3142857143,22,4136001,0.9826442120627426,0.25,True,2108.1588095238094,2145.3938095238095,29.071617666666665,34.94572446666666,0.2552887386666667,False,33.4,43,97,1,18,96,0.0,575.0,385.0,190.0,496.8,15.5
2020-06-05 16:00:00,7666.6776190476185,7535.214761904762,111170.80476190476,22,4136001,0.9828526953036031,0.25,True,1883.8036904761905,1916.6694047619046,29.295579379310343,34.458113310344835,0.2302861731034482,False,33.0,43,99,3,18,99,0.0,417.0,229.0,188.0,380.2,17.4
2020-06-05 16:15:00,7634.246666666667,7503.906666666667,112988.06666666667,22,4136001,0.9829269336332683,0.25,True,1875.9766666666667,1908.5616666666667,29.429052599999995,34.010382,0.2247399976666666,False,33.0,43,99,3,18,99,0.0,417.0,229.0,188.0,380.2,17.4
2020-06-05 16:30:00,11258.522380952381,11040.944285714286,115042.23809523809,22,4136001,0.9806743649054512,0.25,True,2760.2360714285714,2814.6305952380953,30.14625143333334,35.39622016666666,0.338446496,False,33.0,43,99,3,18,99,0.0,417.0,229.0,188.0,380.2,17.4
2020-06-05 16:45:00,13726.013333333332,13446.693333333333,118649.2,22,4136001,0.9796503184707189,0.25,True,3361.673333333333,3431.503333333333,31.838410517241375,41.189445689655166,0.3993899403448275,False,33.0,43,99,3,18,99,0.0,417.0,229.0,188.0,380.2,17.4
2020-06-05 17:00:00,9899.761904761905,9713.039999999999,121327.50476190475,22,4136001,0.9811387479256355,0.25,True,2428.2599999999998,2474.940476190476,31.014636724137933,37.4139605862069,0.288733524137931,False,32.6,42,100,1,19,100,0.1,211.0,95.0,116.0,240.4,16.2
2020-06-05 17:15:00,6758.865714285714,6637.801904761905,123442.57619047619,22,4136001,0.9820881469404067,0.25,True,1659.4504761904761,1689.7164285714284,30.78587326666667,35.49428416666667,0.2034260188333333,False,32.6,42,100,1,19,100,0.1,211.0,95.0,116.0,240.4,16.2
2020-06-05 17:30:00,4207.5461904761905,4117.610476190476,124657.97619047618,22,4136001,0.978625139163229,0.25,True,1029.402619047619,1051.8865476190476,30.219437241379318,32.59782675862069,0.129202366,False,32.6,42,100,1,19,100,0.1,211.0,95.0,116.0,240.4,16.2
2020-06-05 17:45:00,3998.8438095238093,3914.8814285714284,125757.6238095238,22,4136001,0.9790033357260884,0.25,True,978.7203571428571,999.7109523809523,30.03724260000001,31.976170833333327,0.1223071633333333,False,32.6,42,100,1,19,100,0.1,211.0,95.0,116.0,240.4,16.2
2020-06-05 18:00:00,1643.3885714285714,1593.3628571428571,126414.29047619046,22,4136001,0.9695594120858296,0.25,True,398.3407142857143,410.84714285714284,29.26668989655172,29.949845931034485,0.0528231213103448,False,30.9,48,100,14,39,100,0.1,77.0,21.0,56.0,125.2,16.0
2020-06-05 18:15:00,880.327619047619,851.0466666666666,126724.70476190475,22,4136001,0.9667385735180841,0.25,True,212.76166666666666,220.08190476190475,28.38648066666667,28.267755066666663,0.0281089406666666,False,30.9,48,100,14,39,100,0.1,77.0,21.0,56.0,125.2,16.0
2020-06-05 18:30:00,426.3666666666666,411.6066666666666,126885.8,22,4136001,0.9653819091548745,0.25,True,102.90166666666666,106.59166666666665,28.046846689655176,27.304832724137928,0.0139561956793103,False,30.9,48,100,14,39,100,0.1,77.0,21.0,56.0,125.2,16.0
2020-06-05 18:45:00,4.526666666666667,4.38,126931.93333333333,22,4136001,0.9675994108983799,0.25,True,1.095,1.1316666666666668,27.9624705,26.97316593333333,0.0022514848816666,False,30.9,48,100,14,39,100,0.1,77.0,21.0,56.0,125.2,16.0
2020-06-05 19:00:00,0.0,0.0,126932.0,22,4136001,,0.25,True,0.0,0.0,27.811192,26.976147827586203,0.0,False,29.7,55,95,0,29,94,0.0,1.0,0.0,1.0,0.0,15.9
2020-06-05 19:15:00,0.0,0.0,126932.0,22,4136001,,0.25,True,0.0,0.0,27.6333039,26.9026762,0.0,False,29.7,55,95,0,29,94,0.0,1.0,0.0,1.0,0.0,15.9
2020-06-05 19:30:00,0.0,0.0,126932.0,22,4136001,,0.25,True,0.0,0.0,27.510825448275863,26.629292448275866,0.0,False,29.7,55,95,0,29,94,0.0,1.0,0.0,1.0,0.0,15.9
2020-06-05 19:45:00,0.0,0.0,126932.0,22,4136001,,0.25,True,0.0,0.0,27.453949366666667,26.54800013333333,0.0,False,29.7,55,95,0,29,94,0.0,1.0,0.0,1.0,0.0,15.9
2020-06-05 20:00:00,0.0,0.0,126932.0,22,4136001,,0.25,True,0.0,0.0,27.255858266666667,26.33677163333333,0.0,False,29.0,59,94,1,26,93,0.0,0.0,0.0,0.0,0.0,13.6
2020-06-05 20:15:00,0.0,0.0,126932.0,22,4136001,,0.25,True,0.0,0.0,26.938065,25.62583444827586,0.0,False,29.0,59,94,1,26,93,0.0,0.0,0.0,0.0,0.0,13.6
2020-06-05 20:30:00,0.0,0.0,126932.0,22,4136001,,0.25,True,0.0,0.0,26.712303966666664,25.213476499999995,0.0,False,29.0,59,94,1,26,93,0.0,0.0,0.0,0.0,0.0,13.6
2020-06-05 20:45:00,0.0,0.0,126728.46666666667,22,4136001,,0.25,True,0.0,0.0,26.51872724137931,25.01957120689655,0.0,False,29.0,59,94,1,26,93,0.0,0.0,0.0,0.0,0.0,13.6
2020-06-05 21:00:00,0.0,0.0,126418.13333333333,22,4136001,,0.25,True,0.0,0.0,26.30304063333333,24.75647483333333,0.0,False,28.4,62,94,0,16,93,0.0,0.0,0.0,0.0,0.0,15.0
2020-06-05 21:15:00,0.0,0.0,126932.0,22,4136001,,0.25,True,0.0,0.0,26.129026206896555,24.53709872413793,0.0,False,28.4,62,94,0,16,93,0.0,0.0,0.0,0.0,0.0,15.0
2020-06-05 21:30:00,0.0,0.0,126932.0,22,4136001,,0.25,True,0.0,0.0,25.942817266666665,24.318805933333334,0.0,False,28.4,62,94,0,16,93,0.0,0.0,0.0,0.0,0.0,15.0
2020-06-05 21:45:00,0.0,0.0,126932.0,22,4136001,,0.25,True,0.0,0.0,25.792556172413796,24.152764758620688,0.0,False,28.4,62,94,0,16,93,0.0,0.0,0.0,0.0,0.0,15.0
2020-06-05 22:00:00,0.0,0.0,126932.0,22,4136001,,0.25,True,0.0,0.0,25.5582213,23.9446586,0.0,False,27.9,64,92,0,9,92,0.0,0.0,0.0,0.0,0.0,12.6
2020-06-05 22:15:00,0.0,0.0,126932.0,22,4136001,,0.25,True,0.0,0.0,25.354045533333327,23.63304446666667,0.0,False,27.9,64,92,0,9,92,0.0,0.0,0.0,0.0,0.0,12.6
2020-06-05 22:30:00,0.0,0.0,126932.0,22,4136001,,0.25,True,0.0,0.0,25.245068689655177,23.50212368965517,0.0,False,27.9,64,92,0,9,92,0.0,0.0,0.0,0.0,0.0,12.6
2020-06-05 22:45:00,0.0,0.0,126932.0,22,4136001,,0.25,True,0.0,0.0,25.0918865,23.4060833,0.0,False,27.9,64,92,0,9,92,0.0,0.0,0.0,0.0,0.0,12.6
2020-06-05 23:00:00,0.0,0.0,126932.0,22,4136001,,0.25,True,0.0,0.0,24.87186710344828,23.09075196551724,0.0,False,27.2,67,94,0,8,94,0.0,0.0,0.0,0.0,0.0,11.3
2020-06-05 23:15:00,0.0,0.0,126932.0,22,4136001,,0.25,True,0.0,0.0,24.566193666666667,22.65855713333333,0.0,False,27.2,67,94,0,8,94,0.0,0.0,0.0,0.0,0.0,11.3
2020-06-05 23:30:00,0.0,0.0,126932.0,22,4136001,,0.25,True,0.0,0.0,24.2827841,22.1539898,0.0,False,27.2,67,94,0,8,94,0.0,0.0,0.0,0.0,0.0,11.3
2020-06-05 23:45:00,0.0,0.0,120053.2,22,4136001,,0.25,True,0.0,0.0,24.27867286206897,22.059910206896557,0.0,False,27.2,67,94,0,8,94,0.0,0.0,0.0,0.0,0.0,11.3
2020-06-06 00:00:00,0.0,0.0,96457.2,22,4136001,,0.25,True,0.0,0.0,24.2577074137931,22.235346448275855,0.0,False,26.6,69,92,0,8,91,0.0,0.0,0.0,0.0,0.0,14.4
2020-06-06 00:15:00,0.0,0.0,93827.0,22,4136001,,0.25,True,0.0,0.0,24.152395633333327,22.20056783333333,0.0,False,26.6,69,92,0,8,91,0.0,0.0,0.0,0.0,0.0,14.4
2020-06-06 00:30:00,0.0,0.0,93827.0,22,4136001,,0.25,True,0.0,0.0,24.016052366666667,22.0070414,0.0,False,26.6,69,92,0,8,91,0.0,0.0,0.0,0.0,0.0,14.4
2020-06-06 00:45:00,0.0,0.0,93827.0,22,4136001,,0.25,True,0.0,0.0,23.65134203448276,21.56589262068966,0.0,False,26.6,69,92,0,8,91,0.0,0.0,0.0,0.0,0.0,14.4
2020-06-06 01:00:00,0.0,0.0,93827.0,22,4136001,,0.25,True,0.0,0.0,23.357765766666667,21.0108591,0.0,False,25.8,72,92,0,7,92,0.0,0.0,0.0,0.0,0.0,16.4
2020-06-06 01:15:00,0.0,0.0,93827.0,22,4136001,,0.25,True,0.0,0.0,23.185933413793105,20.85564748275862,0.0,False,25.8,72,92,0,7,92,0.0,0.0,0.0,0.0,0.0,16.4
2020-06-06 01:30:00,0.0,0.0,87085.2,22,4136001,,0.25,True,0.0,0.0,23.313764400000004,21.180877566666663,0.0,False,25.8,72,92,0,7,92,0.0,0.0,0.0,0.0,0.0,16.4
2020-06-06 01:45:00,0.0,0.0,85803.64285714286,22,4136001,,0.25,True,0.0,0.0,23.393579366666668,21.341383833333325,0.0,False,25.8,72,92,0,7,92,0.0,0.0,0.0,0.0,0.0,16.4
2020-06-06 02:00:00,0.0,0.0,86048.0,22,4136001,,0.25,True,0.0,0.0,23.459977,21.39655596551724,0.0,False,25.2,76,96,0,6,96,0.0,0.0,0.0,0.0,0.0,15.4
2020-06-06 02:15:00,0.0,0.0,86048.0,22,4136001,,0.25,True,0.0,0.0,23.5872457,21.49099636666667,0.0,False,25.2,76,96,0,6,96,0.0,0.0,0.0,0.0,0.0,15.4
2020-06-06 02:30:00,0.0,0.0,86048.0,22,4136001,,0.25,True,0.0,0.0,23.59115072413793,21.61104520689655,0.0,False,25.2,76,96,0,6,96,0.0,0.0,0.0,0.0,0.0,15.4
2020-06-06 02:45:00,0.0,0.0,86048.0,22,4136001,,0.25,True,0.0,0.0,23.648073466666663,21.750159833333328,0.0,False,25.2,76,96,0,6,96,0.0,0.0,0.0,0.0,0.0,15.4
2020-06-06 03:00:00,0.0,0.0,86048.0,22,4136001,,0.25,True,0.0,0.0,23.584800166666675,21.643939133333333,0.0,False,24.7,79,95,3,6,95,0.0,0.0,0.0,0.0,0.0,14.1
2020-06-06 03:15:00,0.0,0.0,86048.0,22,4136001,,0.25,True,0.0,0.0,23.494155482758615,21.507689448275865,0.0,False,24.7,79,95,3,6,95,0.0,0.0,0.0,0.0,0.0,14.1
2020-06-06 03:30:00,0.0,0.0,86048.0,22,4136001,,0.25,True,0.0,0.0,23.261666033333327,21.1863811,0.0,False,24.7,79,95,3,6,95,0.0,0.0,0.0,0.0,0.0,14.1
2020-06-06 03:45:00,0.0,0.0,86048.0,22,4136001,,0.25,True,0.0,0.0,23.115232379310346,21.08884089655172,0.0,False,24.7,79,95,3,6,95,0.0,0.0,0.0,0.0,0.0,14.1
2020-06-06 04:00:00,0.0,0.0,86048.0,22,4136001,,0.25,True,0.0,0.0,22.9585633,20.935689266666667,0.0,False,24.5,80,94,4,6,94,0.0,0.0,0.0,0.0,0.0,15.2
2020-06-06 04:15:00,0.0,0.0,86048.0,22,4136001,,0.25,True,0.0,0.0,22.94561556666666,20.97243453333333,0.0,False,24.5,80,94,4,6,94,0.0,0.0,0.0,0.0,0.0,15.2
2020-06-06 04:30:00,0.0,0.0,86048.0,22,4136001,,0.25,True,0.0,0.0,22.830030551724136,20.66645751724138,0.0,False,24.5,80,94,4,6,94,0.0,0.0,0.0,0.0,0.0,15.2
2020-06-06 04:45:00,0.0,0.0,86048.0,22,4136001,,0.25,True,0.0,0.0,22.671417799999997,20.410071833333337,0.0,False,24.5,80,94,4,6,94,0.0,0.0,0.0,0.0,0.0,15.2
2020-06-06 05:00:00,0.0,0.0,86048.0,22,4136001,,0.25,True,0.0,0.0,22.49378806896552,20.26512306896552,0.0,False,24.3,80,97,2,5,96,0.0,0.0,0.0,0.0,0.0,14.0
2020-06-06 05:15:00,0.0,0.0,86048.0,22,4136001,,0.25,True,0.0,0.0,22.4207661,20.667648266666667,0.0,False,24.3,80,97,2,5,96,0.0,0.0,0.0,0.0,0.0,14.0
2020-06-06 05:30:00,0.0,0.0,15538.866666666667,22,4136001,,0.25,True,0.0,0.0,22.752984533333333,21.61125286666667,0.000170197794,False,24.3,80,97,2,5,96,0.0,0.0,0.0,0.0,0.0,14.0
2020-06-06 05:45:00,0.0,0.0,0.0,22,4136001,,0.25,True,0.0,0.0,22.99405113793104,22.174195482758623,0.0022187049999999,False,24.3,80,97,2,5,96,0.0,0.0,0.0,0.0,0.0,14.0
2020-06-06 06:00:00,281.1738095238095,271.33714285714285,16.49047619047619,22,4136001,0.9650157079589815,0.25,True,67.83428571428571,70.29345238095237,23.30265906666666,22.519347000000003,0.0112176982966666,False,24.8,78,96,4,7,96,0.0,17.0,2.0,15.0,21.4,13.4
2020-06-06 06:15:00,1226.767619047619,1187.3023809523809,189.68095238095236,22,4136001,0.9678298990921553,0.25,True,296.8255952380952,306.69190476190477,23.437398206896543,22.598345551724144,0.039975013275862,False,24.8,78,96,4,7,96,0.0,17.0,2.0,15.0,21.4,13.4
2020-06-06 06:30:00,2169.257619047619,2107.4323809523808,596.6476190476191,22,4136001,0.9714993564838179,0.25,True,526.8580952380952,542.3144047619047,23.51485103333333,22.783393366666665,0.0669742794333333,False,24.8,78,96,4,7,96,0.0,17.0,2.0,15.0,21.4,13.4
2020-06-06 06:45:00,3258.8890476190477,3181.804285714286,1247.4190476190477,22,4136001,0.9763463067387703,0.25,True,795.4510714285715,814.7222619047619,23.763258866666668,23.5155965,0.0990314326333333,False,24.8,78,96,4,7,96,0.0,17.0,2.0,15.0,21.4,13.4
2020-06-06 07:00:00,3135.06,3059.213333333333,2013.6666666666665,22,4136001,0.9758069489366498,0.25,True,764.8033333333333,783.765,23.988086655172413,23.94391496551724,0.1035580991724137,False,26.1,72,95,2,2,94,0.0,156.0,76.0,80.0,297.4,14.4
2020-06-06 07:15:00,3949.5128571428572,3869.6190476190473,2907.366666666667,22,4136001,0.9797712243474993,0.25,True,967.4047619047618,987.3782142857143,24.45689706666667,25.514128633333332,0.1264609238,False,26.1,72,95,2,2,94,0.0,156.0,76.0,80.0,297.4,14.4
2020-06-06 07:30:00,2988.22,2913.0733333333333,3797.7333333333336,22,4136001,0.9748523647299507,0.25,True,728.2683333333333,747.055,24.786753655172408,27.661382,0.0926935086896552,False,26.1,72,95,2,2,94,0.0,156.0,76.0,80.0,297.4,14.4
2020-06-06 07:45:00,3196.902857142857,3119.980952380952,4489.314285714286,22,4136001,0.9759386167802885,0.25,True,779.995238095238,799.2257142857143,25.030941833333337,27.788045166666663,0.0984749646999999,False,26.1,72,95,2,2,94,0.0,156.0,76.0,80.0,297.4,14.4
2020-06-06 08:00:00,9071.19238095238,8888.561904761904,5737.028571428571,22,4136001,0.9798669823634254,0.25,True,2222.140476190476,2267.798095238095,25.494139633333333,29.939916999999998,0.3068662096999999,False,28.0,64,95,2,1,95,0.0,338.0,203.0,135.0,425.6,13.6
2020-06-06 08:15:00,12078.373333333333,11840.46,8550.0,22,4136001,0.9803025352199743,0.25,True,2960.115,3019.5933333333332,26.394803862068965,34.884872,0.437950495862069,False,28.0,64,95,2,1,95,0.0,338.0,203.0,135.0,425.6,13.6
2020-06-06 08:30:00,14679.499523809523,14375.753333333332,11641.352380952381,22,4136001,0.97930813717569,0.25,True,3593.938333333333,3669.874880952381,26.750896482758623,36.62601551724138,0.523857548275862,False,28.0,64,95,2,1,95,0.0,338.0,203.0,135.0,425.6,13.6
2020-06-06 08:45:00,17790.186666666665,17410.006666666664,15789.133333333333,22,4136001,0.9786297914055989,0.25,True,4352.501666666666,4447.546666666666,27.549927799999992,40.55805866666666,0.6070096273333331,False,28.0,64,95,2,1,95,0.0,338.0,203.0,135.0,425.6,13.6
2020-06-06 09:00:00,14699.395714285714,14380.422857142856,19852.44761904762,22,4136001,0.9783002741512113,0.25,True,3595.105714285714,3674.8489285714286,28.04765996551724,43.36259075862068,0.6860303113793103,False,29.7,57,95,11,20,95,0.0,544.0,331.0,213.0,492.2,15.8
2020-06-06 09:15:00,13640.915714285713,13342.18,23285.100000000002,22,4136001,0.9781000249145403,0.25,True,3335.545,3410.2289285714282,28.78070263333333,45.031092333333326,0.6343520436666668,False,29.7,57,95,11,20,95,0.0,544.0,331.0,213.0,492.2,15.8
2020-06-06 09:30:00,15750.037142857143,15394.235714285714,26833.309523809523,22,4136001,0.9774094863812566,0.25,True,3848.5589285714286,3937.509285714286,29.180171655172416,46.954691,0.7935803124137931,False,29.7,57,95,11,20,95,0.0,544.0,331.0,213.0,492.2,15.8
2020-06-06 09:45:00,15745.019523809526,15377.399523809523,30764.819047619047,22,4136001,0.9766516643917723,0.25,True,3844.3498809523808,3936.2548809523814,29.725547233333337,48.61546923333333,0.777368767,False,29.7,57,95,11,20,95,0.0,544.0,331.0,213.0,492.2,15.8
2020-06-06 10:00:00,15845.546666666667,15467.533333333333,34538.26666666666,22,4136001,0.9761438755452636,0.25,True,3866.883333333333,3961.3866666666668,30.04159644827586,48.64038486206896,0.8195056796551724,False,31.1,50,93,12,17,92,0.0,677.0,439.0,238.0,529.8,15.2
2020-06-06 10:15:00,17255.509047619045,16831.050952380952,38490.85238095238,22,4136001,0.975401589482713,0.25,True,4207.762738095238,4313.877261904761,30.465758200000003,50.2786683,0.9304451733333332,False,31.1,50,93,12,17,92,0.0,677.0,439.0,238.0,529.8,15.2
2020-06-06 10:30:00,16190.886666666667,15789.54,42697.4,22,4136001,0.9752115696360875,0.25,True,3947.385,4047.721666666667,30.91483696551724,52.22521124137931,0.9047742513793104,False,31.1,50,93,12,17,92,0.0,677.0,439.0,238.0,529.8,15.2
2020-06-06 10:45:00,15191.64,14821.26,46615.4,22,4136001,0.9756194854538418,0.25,True,3705.315,3797.91,31.2275971,51.43876219999999,0.7781043136666665,False,31.1,50,93,12,17,92,0.0,677.0,439.0,238.0,529.8,15.2
2020-06-06 11:00:00,14996.684761904762,14633.03142857143,50428.195238095235,22,4136001,0.975751085049337,0.25,True,3658.2578571428576,3749.1711904761905,31.370819200000003,51.4211039,0.8986351363333333,False,32.0,47,91,5,25,88,0.1,769.0,544.0,225.0,581.9,14.6
2020-06-06 11:15:00,15787.213333333333,15400.406666666668,53978.53333333333,22,4136001,0.9754987369525211,0.25,True,3850.101666666667,3946.8033333333333,31.71385662068965,50.96932248275862,0.9665070324137932,False,32.0,47,91,5,25,88,0.1,769.0,544.0,225.0,581.9,14.6
2020-06-06 11:30:00,14228.763333333332,13882.164761904762,57417.142857142855,22,4136001,0.9756409911874349,0.25,True,3470.5411904761904,3557.190833333333,31.84696546666667,51.401780166666654,0.9196529563333332,False,32.0,47,91,5,25,88,0.1,769.0,544.0,225.0,581.9,14.6
2020-06-06 11:45:00,10774.28,10524.76,60706.73333333334,22,4136001,0.9768411439093841,0.25,True,2631.19,2693.57,31.973839034482754,50.84958951724138,0.6850179193103448,False,32.0,47,91,5,25,88,0.1,769.0,544.0,225.0,581.9,14.6
2020-06-06 12:00:00,12062.13619047619,11780.80619047619,63276.65238095238,22,4136001,0.976676602257059,0.25,True,2945.2015476190477,3015.5340476190477,31.962850866666663,47.906496,0.7678985600000001,False,33.2,44,23,9,21,2,0.2,864.0,656.0,208.0,666.7,14.0
2020-06-06 12:15:00,17441.793333333335,17007.553333333333,67057.6,22,4136001,0.9751034775093844,0.25,True,4251.888333333333,4360.448333333334,32.69831372413792,54.08856196551724,1.057177322758621,False,33.2,44,23,9,21,2,0.2,864.0,656.0,208.0,666.7,14.0
2020-06-06 12:30:00,16864.46,16447.184761904762,71325.26666666666,22,4136001,0.9752571242663425,0.25,True,4111.7961904761905,4216.115,33.205486266666675,54.560926466666665,0.9333714176666664,False,33.2,44,23,9,21,2,0.2,864.0,656.0,208.0,666.7,14.0
2020-06-06 12:45:00,12143.041428571429,11855.37619047619,74945.28571428571,22,4136001,0.9763102810949497,0.25,True,2963.8440476190476,3035.760357142857,32.931952900000006,51.8567483,0.7335446696666666,False,33.2,44,23,9,21,2,0.2,864.0,656.0,208.0,666.7,14.0
2020-06-06 13:00:00,12155.746666666668,11868.693333333333,77651.4,22,4136001,0.9763853804126661,0.25,True,2967.173333333333,3038.936666666667,32.7179712413793,48.90678351724138,0.7341478331034483,False,33.9,41,35,0,31,7,0.0,806.0,581.0,225.0,597.4,13.5
2020-06-06 13:15:00,10740.44476190476,10491.06,80664.20952380952,22,4136001,0.9767807788752564,0.25,True,2622.765,2685.11119047619,33.108047433333326,50.9386718,0.6798200769999999,False,33.9,41,35,0,31,7,0.0,806.0,581.0,225.0,597.4,13.5
2020-06-06 13:30:00,8591.726666666666,8402.986666666668,82856.0,22,4136001,0.9780323551571708,0.25,True,2100.746666666667,2147.9316666666664,32.78759551724137,44.116876,0.4951624596551724,False,33.9,41,35,0,31,7,0.0,806.0,581.0,225.0,597.4,13.5
2020-06-06 13:45:00,16228.28857142857,15828.88619047619,85996.71428571429,22,4136001,0.9753885088255354,0.25,True,3957.2215476190477,4057.0721428571424,33.40182720000001,50.22457696666666,0.9615564936666668,False,33.9,41,35,0,31,7,0.0,806.0,581.0,225.0,597.4,13.5
2020-06-06 14:00:00,14447.982380952382,14098.976190476189,89655.98571428572,22,4136001,0.9758439496066725,0.25,True,3524.7440476190473,3611.9955952380956,33.672830999999995,50.96203513333334,0.7324320716666668,False,33.8,40,33,0,30,5,0.0,721.0,521.0,200.0,578.0,14.5
2020-06-06 14:15:00,10575.859999999999,10325.553333333333,84067.86666666667,22,4136001,0.9763322636015732,0.25,True,2581.3883333333333,2643.9649999999997,33.70628806896551,48.711736068965514,0.5902133286206898,False,33.8,40,33,0,30,5,0.0,721.0,521.0,200.0,578.0,14.5
2020-06-06 14:30:00,0.0,0.0,0.0,22,4136001,,0.25,True,0.0,0.0,33.37743563333333,46.948323733333325,0.6034468239999998,False,33.8,40,33,0,30,5,0.0,721.0,521.0,200.0,578.0,14.5
2020-06-06 14:45:00,8405.513333333332,8203.113333333333,47516.4,22,4136001,0.9759205664218803,0.25,True,2050.778333333333,2101.378333333333,33.90886600000001,50.27579265517242,0.780935014137931,False,33.8,40,33,0,30,5,0.0,721.0,521.0,200.0,578.0,14.5
2020-06-06 15:00:00,8794.329523809523,8595.447619047618,43631.94285714286,22,4136001,0.9773852112064418,0.25,True,2148.8619047619045,2198.582380952381,34.1249076,50.734835633333326,0.7187795,False,34.0,39,41,9,29,17,0.0,574.0,370.0,204.0,477.3,15.8
2020-06-06 15:15:00,13443.60619047619,13154.923333333334,92131.6,22,4136001,0.9785263825008972,0.25,True,3288.7308333333335,3360.9015476190475,33.745831433333336,45.243807166666656,0.4949221663333334,False,34.0,39,41,9,29,17,0.0,574.0,370.0,204.0,477.3,15.8
2020-06-06 15:30:00,14343.626666666667,14039.486666666666,102901.66666666667,22,4136001,0.9787961575501127,0.25,True,3509.8716666666664,3585.9066666666668,33.55847272413793,43.637593172413794,0.4625425624137931,False,34.0,39,41,9,29,17,0.0,574.0,370.0,204.0,477.3,15.8
2020-06-06 15:45:00,14951.698095238095,14635.28,106909.10952380951,22,4136001,0.9788373137805084,0.25,True,3658.82,3737.9245238095236,33.728520800000005,43.85829163333334,0.4314839159999999,False,34.0,39,41,9,29,17,0.0,574.0,370.0,204.0,477.3,15.8
2020-06-06 16:00:00,15176.876666666667,14860.175714285715,110660.6761904762,22,4136001,0.9791326661383148,0.25,True,3715.0439285714288,3794.2191666666668,33.60346196551725,43.50400713793103,0.4610003879310345,False,33.4,40,61,8,53,18,0.0,407.0,258.0,149.0,427.9,16.6
2020-06-06 16:15:00,14177.82238095238,13887.397142857144,114167.8380952381,22,4136001,0.9795155257068662,0.25,True,3471.849285714286,3544.455595238095,33.714940433333325,42.38712886666667,0.4327976923333333,False,33.4,40,61,8,53,18,0.0,407.0,258.0,149.0,427.9,16.6
2020-06-06 16:30:00,13029.96,12767.86,117461.13809523809,22,4136001,0.9798848192933824,0.25,True,3191.965,3257.49,33.60099113793103,41.21095117241379,0.3867017306896553,False,33.4,40,61,8,53,18,0.0,407.0,258.0,149.0,427.9,16.6
2020-06-06 16:45:00,11189.726666666666,10970.933333333334,120449.79999999999,22,4136001,0.9804469456805321,0.25,True,2742.7333333333336,2797.4316666666664,33.657895066666654,40.12103706666667,0.33048664,False,33.4,40,61,8,53,18,0.0,407.0,258.0,149.0,427.9,16.6
2020-06-06 17:00:00,9003.86619047619,8845.301428571427,122952.55238095239,22,4136001,0.9823892582863476,0.25,True,2211.325357142857,2250.9665476190476,33.36201868965518,38.70877489655173,0.2656780362068965,False,31.4,50,95,0,56,72,0.0,205.0,100.0,105.0,252.5,15.8
2020-06-06 17:15:00,6942.203333333333,6819.805238095239,124920.99523809523,22,4136001,0.9823689844043614,0.25,True,1704.9513095238096,1735.5508333333332,33.07268886666666,37.05692040000001,0.2082114653333333,False,31.4,50,95,0,56,72,0.0,205.0,100.0,105.0,252.5,15.8
2020-06-06 17:30:00,4717.907142857142,4623.4080952380955,126340.51428571428,22,4136001,0.9799701340535882,0.25,True,1155.8520238095239,1179.4767857142856,32.425569413793085,34.998486896551725,0.145503933137931,False,31.4,50,95,0,56,72,0.0,205.0,100.0,105.0,252.5,15.8
2020-06-06 17:45:00,3651.6800000000003,3571.6200000000003,127372.86666666668,22,4136001,0.9780758445427858,0.25,True,892.9050000000001,912.9200000000001,31.981884566666665,33.544722433333334,0.1147372735,False,31.4,50,95,0,56,72,0.0,205.0,100.0,105.0,252.5,15.8
2020-06-06 18:00:00,2266.7133333333336,2202.824761904762,128101.29523809525,22,4136001,0.9718144458370395,0.25,True,550.7061904761905,566.6783333333334,31.524796600000005,32.09003803333333,0.0715695982666666,False,31.2,50,89,1,44,81,0.0,64.0,23.0,41.0,136.3,12.4
2020-06-06 18:15:00,1234.7333333333333,1194.9933333333333,128515.73333333334,22,4136001,0.9678149128016845,0.25,True,298.74833333333333,308.68333333333334,30.778523310344827,30.55973224137931,0.03898931,False,31.2,50,89,1,44,81,0.0,64.0,23.0,41.0,136.3,12.4
2020-06-06 18:30:00,576.6333333333333,556.9333333333333,128738.93333333333,22,4136001,0.965836175501474,0.25,True,139.23333333333332,144.15833333333333,30.2812236,29.554166566666677,0.0180381478,False,31.2,50,89,1,44,81,0.0,64.0,23.0,41.0,136.3,12.4
2020-06-06 18:45:00,27.75095238095238,26.748095238095235,128805.53333333333,22,4136001,0.9638622441100262,0.25,True,6.687023809523809,6.937738095238095,29.741580172413794,28.65536179310345,0.0021596940082758,False,31.2,50,89,1,44,81,0.0,64.0,23.0,41.0,136.3,12.4
2020-06-06 19:00:00,0.0,0.0,128806.0,22,4136001,,0.25,True,0.0,0.0,29.318510866666664,27.892811,0.0,False,30.9,47,76,2,44,59,0.0,1.0,0.0,1.0,0.0,14.4
2020-06-06 19:15:00,0.0,0.0,128806.0,22,4136001,,0.25,True,0.0,0.0,28.99656524137931,27.534605931034488,0.0,False,30.9,47,76,2,44,59,0.0,1.0,0.0,1.0,0.0,14.4
2020-06-06 19:30:00,0.0,0.0,128259.6,22,4136001,,0.25,True,0.0,0.0,28.65788573333333,27.18081766666667,0.0,False,30.9,47,76,2,44,59,0.0,1.0,0.0,1.0,0.0,14.4
2020-06-06 19:45:00,0.0,0.0,128806.0,22,4136001,,0.25,True,0.0,0.0,28.304477034482755,26.77728789655172,0.0,False,30.9,47,76,2,44,59,0.0,1.0,0.0,1.0,0.0,14.4
2020-06-06 20:00:00,0.0,0.0,128806.0,22,4136001,,0.25,True,0.0,0.0,27.945987933333335,26.595780333333337,0.0,False,28.9,56,83,14,38,73,0.0,0.0,0.0,0.0,0.0,18.9
2020-06-06 20:15:00,0.0,0.0,128247.13333333333,22,4136001,,0.25,True,0.0,0.0,27.288074344827585,26.094200310344824,0.0,False,28.9,56,83,14,38,73,0.0,0.0,0.0,0.0,0.0,18.9
2020-06-06 20:30:00,0.0,0.0,128806.0,22,4136001,,0.25,True,0.0,0.0,26.9000774,25.643047066666664,0.0,False,28.9,56,83,14,38,73,0.0,0.0,0.0,0.0,0.0,18.9
2020-06-06 20:45:00,0.0,0.0,128806.0,22,4136001,,0.25,True,0.0,0.0,26.508464931034485,25.122009275862062,0.0,False,28.9,56,83,14,38,73,0.0,0.0,0.0,0.0,0.0,18.9
2020-06-06 21:00:00,0.0,0.0,128806.0,22,4136001,,0.25,True,0.0,0.0,26.1909464,24.84469293333333,0.0,False,28.1,63,98,0,38,97,0.0,0.0,0.0,0.0,0.0,16.1
2020-06-06 21:15:00,0.0,0.0,128806.0,22,4136001,,0.25,True,0.0,0.0,25.930951,24.55359193333333,0.0,False,28.1,63,98,0,38,97,0.0,0.0,0.0,0.0,0.0,16.1
2020-06-06 21:30:00,0.0,0.0,128806.0,22,4136001,,0.25,True,0.0,0.0,25.632065241379312,24.262790000000003,0.0,False,28.1,63,98,0,38,97,0.0,0.0,0.0,0.0,0.0,16.1
2020-06-06 21:45:00,0.0,0.0,128806.0,22,4136001,,0.25,True,0.0,0.0,25.3672495,24.029856533333337,0.0,False,28.1,63,98,0,38,97,0.0,0.0,0.0,0.0,0.0,16.1
2020-06-06 22:00:00,0.0,0.0,128806.0,22,4136001,,0.25,True,0.0,0.0,25.177572344827592,23.724282206896557,0.0,False,27.9,64,99,0,35,98,0.0,0.0,0.0,0.0,0.0,17.9
2020-06-06 22:15:00,0.0,0.0,128806.0,22,4136001,,0.25,True,0.0,0.0,25.0475006,23.534215333333336,0.0,False,27.9,64,99,0,35,98,0.0,0.0,0.0,0.0,0.0,17.9
2020-06-06 22:30:00,0.0,0.0,128806.0,22,4136001,,0.25,True,0.0,0.0,24.92164444827586,23.52422248275862,0.0,False,27.9,64,99,0,35,98,0.0,0.0,0.0,0.0,0.0,17.9
2020-06-06 22:45:00,0.0,0.0,128806.0,22,4136001,,0.25,True,0.0,0.0,24.808846000000003,23.3340862,0.0,False,27.9,64,99,0,35,98,0.0,0.0,0.0,0.0,0.0,17.9
2020-06-06 23:00:00,0.0,0.0,128806.0,22,4136001,,0.25,True,0.0,0.0,24.802834999999995,23.34043683333333,0.0,False,27.0,68,99,0,29,99,0.0,0.0,0.0,0.0,0.0,20.0
2020-06-06 23:15:00,0.0,0.0,128806.0,22,4136001,,0.25,True,0.0,0.0,24.7329005862069,23.273787999999996,0.0,False,27.0,68,99,0,29,99,0.0,0.0,0.0,0.0,0.0,20.0
2020-06-06 23:30:00,0.0,0.0,128806.0,22,4136001,,0.25,True,0.0,0.0,24.579077266666665,22.9552134,0.0,False,27.0,68,99,0,29,99,0.0,0.0,0.0,0.0,0.0,20.0
2020-06-06 23:45:00,0.0,0.0,125426.46666666667,22,4136001,,0.25,True,0.0,0.0,24.532188689655168,22.799637344827584,0.0,False,27.0,68,99,0,29,99,0.0,0.0,0.0,0.0,0.0,20.0
2020-06-07 00:00:00,0.0,0.0,103253.13333333333,22,4136001,,0.25,True,0.0,0.0,24.3857169,22.619037899999995,0.0,False,26.1,71,100,0,24,100,0.0,0.0,0.0,0.0,0.0,19.6
2020-06-07 00:15:00,0.0,0.0,98863.0,22,4136001,,0.25,True,0.0,0.0,24.392174500000003,22.688972866666663,0.0,False,26.1,71,100,0,24,100,0.0,0.0,0.0,0.0,0.0,19.6
2020-06-07 00:30:00,0.0,0.0,98863.0,22,4136001,,0.25,True,0.0,0.0,24.359045827586204,22.73495910344828,0.0,False,26.1,71,100,0,24,100,0.0,0.0,0.0,0.0,0.0,19.6
2020-06-07 00:45:00,0.0,0.0,98863.0,22,4136001,,0.25,True,0.0,0.0,24.391694266666665,22.958560066666656,0.0,False,26.1,71,100,0,24,100,0.0,0.0,0.0,0.0,0.0,19.6
2020-06-07 01:00:00,0.0,0.0,98863.0,22,4136001,,0.25,True,0.0,0.0,24.30218727586206,22.827804275862068,0.0,False,25.4,74,100,0,19,100,0.0,0.0,0.0,0.0,0.0,18.8
2020-06-07 01:15:00,0.0,0.0,98863.0,22,4136001,,0.25,True,0.0,0.0,24.342613866666667,22.832511500000003,0.0,False,25.4,74,100,0,19,100,0.0,0.0,0.0,0.0,0.0,18.8
2020-06-07 01:30:00,0.0,0.0,98270.64285714286,22,4136001,,0.25,True,0.0,0.0,24.3064719,22.95313816666667,0.0,False,25.4,74,100,0,19,100,0.0,0.0,0.0,0.0,0.0,18.8
2020-06-07 01:45:00,0.0,0.0,98863.0,22,4136001,,0.25,True,0.0,0.0,24.19485365517241,22.8620615862069,0.0,False,25.4,74,100,0,19,100,0.0,0.0,0.0,0.0,0.0,18.8
2020-06-07 02:00:00,0.0,0.0,98863.0,22,4136001,,0.25,True,0.0,0.0,23.985088166666667,22.50505680000001,0.0,False,24.9,75,97,0,19,97,0.0,0.0,0.0,0.0,0.0,18.5
2020-06-07 02:15:00,0.0,0.0,98863.0,22,4136001,,0.25,True,0.0,0.0,23.82529931034483,22.16628610344828,0.0,False,24.9,75,97,0,19,97,0.0,0.0,0.0,0.0,0.0,18.5
2020-06-07 02:30:00,0.0,0.0,98863.0,22,4136001,,0.25,True,0.0,0.0,23.664291366666667,21.830670166666664,0.0,False,24.9,75,97,0,19,97,0.0,0.0,0.0,0.0,0.0,18.5
2020-06-07 02:45:00,0.0,0.0,98863.0,22,4136001,,0.25,True,0.0,0.0,23.31627113333333,21.218171166666664,0.0,False,24.9,75,97,0,19,97,0.0,0.0,0.0,0.0,0.0,18.5
2020-06-07 03:00:00,0.0,0.0,98863.0,22,4136001,,0.25,True,0.0,0.0,23.140631310344837,21.037621965517243,0.0,False,24.4,78,98,0,5,98,0.0,0.0,0.0,0.0,0.0,18.2
2020-06-07 03:15:00,0.0,0.0,98863.0,22,4136001,,0.25,True,0.0,0.0,23.056502233333333,21.101725266666666,0.0,False,24.4,78,98,0,5,98,0.0,0.0,0.0,0.0,0.0,18.2
2020-06-07 03:30:00,0.0,0.0,98863.0,22,4136001,,0.25,True,0.0,0.0,23.4088904137931,21.518097999999995,0.0,False,24.4,78,98,0,5,98,0.0,0.0,0.0,0.0,0.0,18.2
2020-06-07 03:45:00,0.0,0.0,98863.0,22,4136001,,0.25,True,0.0,0.0,23.646175233333327,22.129058866666668,7.678045999999997e-06,False,24.4,78,98,0,5,98,0.0,0.0,0.0,0.0,0.0,18.2
2020-06-07 04:00:00,0.0,0.0,98863.0,22,4136001,,0.25,True,0.0,0.0,23.873299,23.0493317,9.08570702e-05,False,24.1,80,98,0,2,98,0.0,0.0,0.0,0.0,0.0,17.1
2020-06-07 04:15:00,0.0,0.0,98863.0,22,4136001,,0.25,True,0.0,0.0,23.925614689655177,23.242368655172413,0.0,False,24.1,80,98,0,2,98,0.0,0.0,0.0,0.0,0.0,17.1
2020-06-07 04:30:00,0.0,0.0,98863.0,22,4136001,,0.25,True,0.0,0.0,23.995880266666667,23.3759725,0.0,False,24.1,80,98,0,2,98,0.0,0.0,0.0,0.0,0.0,17.1
2020-06-07 04:45:00,0.0,0.0,98863.0,22,4136001,,0.25,True,0.0,0.0,23.93255503333333,23.03222253333333,0.0,False,24.1,80,98,0,2,98,0.0,0.0,0.0,0.0,0.0,17.1
2020-06-07 05:00:00,0.0,0.0,98863.0,22,4136001,,0.25,True,0.0,0.0,23.76671406896552,22.608825724137933,0.0,False,24.1,80,93,0,11,1,0.0,0.0,0.0,0.0,0.0,13.0
2020-06-07 05:15:00,0.0,0.0,98863.0,22,4136001,,0.25,True,0.0,0.0,23.3882874,22.1521474,0.0,False,24.1,80,93,0,11,1,0.0,0.0,0.0,0.0,0.0,13.0
2020-06-07 05:30:00,0.0,0.0,35225.2,22,4136001,,0.25,True,0.0,0.0,23.313739655172416,22.205520310344827,0.0,False,24.1,80,93,0,11,1,0.0,0.0,0.0,0.0,0.0,13.0
2020-06-07 05:45:00,0.0,0.0,22308.32380952381,22,4136001,,0.25,True,0.0,0.0,23.304092500000007,22.277756933333333,0.0020051966493333,False,24.1,80,93,0,11,1,0.0,0.0,0.0,0.0,0.0,13.0
2020-06-07 06:00:00,315.74809523809523,304.71142857142854,4363.647619047619,22,4136001,0.9650459754686903,0.25,True,76.17785714285714,78.93702380952381,23.327774966666667,22.424058966666664,0.01179843906,False,24.6,78,27,0,13,18,0.0,17.0,4.0,13.0,43.0,11.5
2020-06-07 06:15:00,926.0866666666667,895.34,174.06666666666666,22,4136001,0.9667993636304737,0.25,True,223.835,231.52166666666668,23.454492137931037,22.843351172413797,0.0303361282413793,False,24.6,78,27,0,13,18,0.0,17.0,4.0,13.0,43.0,11.5
2020-06-07 06:30:00,1488.0438095238094,1441.1038095238096,478.5047619047619,22,4136001,0.9684552298127425,0.25,True,360.2759523809524,372.01095238095235,23.678839033333333,23.679221666666667,0.0494592853999999,False,24.6,78,27,0,13,18,0.0,17.0,4.0,13.0,43.0,11.5
2020-06-07 06:45:00,1651.7614285714285,1601.311904761905,846.3428571428572,22,4136001,0.9694571365229444,0.25,True,400.32797619047625,412.9403571428571,23.861757310344828,24.523913241379308,0.0546033535172413,False,24.6,78,27,0,13,18,0.0,17.0,4.0,13.0,43.0,11.5
2020-06-07 07:00:00,2172.0438095238096,2110.2561904761906,1304.652380952381,22,4136001,0.9715532353552458,0.25,True,527.5640476190476,543.0109523809524,24.029326533333336,25.32207020000001,0.0703298707,False,25.9,72,98,0,10,98,0.0,157.0,81.0,76.0,317.5,14.4
2020-06-07 07:15:00,2803.1214285714286,2728.999047619048,1889.6904761904761,22,4136001,0.9735571994145983,0.25,True,682.249761904762,700.7803571428572,24.345213866666665,26.29204303333333,0.0909268875,False,25.9,72,98,0,10,98,0.0,157.0,81.0,76.0,317.5,14.4
2020-06-07 07:30:00,4642.453333333333,4551.26,2776.4,22,4136001,0.9803566505066288,0.25,True,1137.815,1160.6133333333332,24.664387655172412,27.79724751724138,0.1467895927586206,False,25.9,72,98,0,10,98,0.0,157.0,81.0,76.0,317.5,14.4
2020-06-07 07:45:00,7288.704761904762,7160.308571428572,4238.933333333333,22,4136001,0.9823842239917211,0.25,True,1790.077142857143,1822.1761904761904,25.2397206,30.733236733333328,0.226475932,False,25.9,72,98,0,10,98,0.0,157.0,81.0,76.0,317.5,14.4
2020-06-07 08:00:00,6712.143333333333,6591.8361904761905,6009.723809523809,22,4136001,0.9820761958017669,0.25,True,1647.9590476190476,1678.0358333333334,25.77827624137931,32.73560606896552,0.2199984668965517,False,27.6,64,94,3,14,93,0.0,360.0,227.0,133.0,476.4,16.2
2020-06-07 08:15:00,10439.021904761905,10235.991904761904,7895.495238095238,22,4136001,0.9805508598552336,0.25,True,2558.997976190476,2609.755476190476,25.902603233333327,33.65886329999999,0.3211485096666666,False,27.6,64,94,3,14,93,0.0,360.0,227.0,133.0,476.4,16.2
2020-06-07 08:30:00,11176.593809523809,10959.09,10742.314285714285,22,4136001,0.9805393473869947,0.25,True,2739.7725,2794.148452380952,26.49719124137931,36.86738248275863,0.3440621627586207,False,27.6,64,94,3,14,93,0.0,360.0,227.0,133.0,476.4,16.2
2020-06-07 08:45:00,15984.693333333333,15648.873333333333,14089.866666666667,22,4136001,0.9789911515349685,0.25,True,3912.2183333333332,3996.173333333333,27.04438073333333,39.0137531,0.5138264700000001,False,27.6,64,94,3,14,93,0.0,360.0,227.0,133.0,476.4,16.2
2020-06-07 09:00:00,17379.062857142857,17008.03142857143,18098.30476190476,22,4136001,0.9786506653654842,0.25,True,4252.007857142858,4344.765714285714,27.667932033333337,40.99160059999999,0.5373073253333333,False,29.4,55,11,9,4,1,0.0,575.0,411.0,164.0,611.7,19.5
2020-06-07 09:15:00,13467.516666666666,13172.211428571429,17524.990476190476,22,4136001,0.9780727772309987,0.25,True,3293.052857142857,3366.8791666666666,28.49463520689655,43.01073889655173,0.710892114137931,False,29.4,55,11,9,4,1,0.0,575.0,411.0,164.0,611.7,19.5
2020-06-07 09:30:00,3193.0099999999998,3118.512857142857,4462.77619047619,22,4136001,0.9766686785017451,0.25,True,779.6282142857142,798.2524999999999,29.140061533333327,49.17093513333333,0.8125590883333333,False,29.4,55,11,9,4,1,0.0,575.0,411.0,164.0,611.7,19.5
2020-06-07 09:45:00,14880.955238095237,14524.03619047619,24297.59523809524,22,4136001,0.9760150446051115,0.25,True,3631.0090476190476,3720.2388095238093,30.203821413793104,53.47384431034483,0.8467225089655172,False,29.4,55,11,9,4,1,0.0,575.0,411.0,164.0,611.7,19.5
2020-06-07 10:00:00,14644.926666666666,14287.739999999998,27908.86666666667,22,4136001,0.9756102113177759,0.25,True,3571.9349999999995,3661.2316666666666,30.35451043333333,54.12945963333334,0.8726596406666667,False,30.9,48,85,4,8,84,0.0,689.0,509.0,180.0,614.7,19.9
2020-06-07 10:15:00,14499.562380952382,14145.555238095238,31665.852380952383,22,4136001,0.9755849774250985,0.25,True,3536.3888095238094,3624.8905952380956,30.910610862068964,55.755181586206895,0.9375678951724136,False,30.9,48,85,4,8,84,0.0,689.0,509.0,180.0,614.7,19.9
2020-06-07 10:30:00,13597.523333333333,13271.237619047619,34881.57142857143,22,4136001,0.9760040335076426,0.25,True,3317.8094047619047,3399.380833333333,31.14486896666667,53.88275476666667,0.7992798963333334,False,30.9,48,85,4,8,84,0.0,689.0,509.0,180.0,614.7,19.9
2020-06-07 10:45:00,10727.977142857142,10483.05619047619,37914.46666666667,22,4136001,0.9771698849541245,0.25,True,2620.7640476190477,2681.9942857142855,30.656612133333336,47.68844996666667,0.5872014193333333,False,30.9,48,85,4,8,84,0.0,689.0,509.0,180.0,614.7,19.9
2020-06-07 11:00:00,11363.593333333332,11099.64,40601.13333333333,22,4136001,0.9767720187100443,0.25,True,2774.91,2840.898333333333,30.802704931034487,48.10768699999999,0.6607782920689654,False,32.3,43,100,3,15,100,0.0,805.0,614.0,191.0,657.1,19.2
2020-06-07 11:15:00,12183.68,11898.133333333333,43474.26666666666,22,4136001,0.976563183975066,0.25,True,2974.5333333333333,3045.92,31.279829933333332,49.56139226666667,0.7916990476666667,False,32.3,43,100,3,15,100,0.0,805.0,614.0,191.0,657.1,19.2
2020-06-07 11:30:00,13211.36,12894.529047619048,46689.23809523809,22,4136001,0.9760182939242475,0.25,True,3223.632261904762,3302.84,31.66923168965517,53.56500248275861,0.8945636462068964,False,32.3,43,100,3,15,100,0.0,805.0,614.0,191.0,657.1,19.2
2020-06-07 11:45:00,13384.83,13063.924285714285,49694.433333333334,22,4136001,0.9760246701462989,0.25,True,3265.9810714285713,3346.2075,31.71421196666667,49.82322993333332,0.8207219526666667,False,32.3,43,100,3,15,100,0.0,805.0,614.0,191.0,657.1,19.2
2020-06-07 12:00:00,14402.409047619049,14051.125714285716,53217.357142857145,22,4136001,0.9756094044981033,0.25,True,3512.781428571429,3600.602261904762,32.61345410344827,56.431411103448255,0.9401011872413793,False,33.4,39,100,5,17,100,0.0,892.0,678.0,214.0,689.3,18.6
2020-06-07 12:15:00,16081.84,15682.9,56823.2,22,4136001,0.9751931371037145,0.25,True,3920.725,4020.46,32.843473100000004,56.15691226666667,1.0313671876666668,False,33.4,39,100,5,17,100,0.0,892.0,678.0,214.0,689.3,18.6
2020-06-07 12:30:00,15318.98380952381,14942.855238095239,60717.747619047615,22,4136001,0.9754468980380584,0.25,True,3735.7138095238097,3829.7459523809525,33.394238200000004,60.12068173333333,1.0608216526666665,False,33.4,39,100,5,17,100,0.0,892.0,678.0,214.0,689.3,18.6
2020-06-07 12:45:00,11766.003809523809,11493.587142857143,64030.938095238096,22,4136001,0.9768471376453097,0.25,True,2873.3967857142857,2941.500952380952,32.92408189655172,55.86176493103447,0.7966550186206898,False,33.4,39,100,5,17,100,0.0,892.0,678.0,214.0,689.3,18.6
2020-06-07 13:00:00,10482.791428571429,10246.79238095238,66751.67142857143,22,4136001,0.9774870034163019,0.25,True,2561.698095238095,2620.697857142857,32.72522613333333,50.915576066666674,0.6859530023333332,False,34.2,37,88,9,30,83,0.0,841.0,572.0,269.0,588.2,17.7
2020-06-07 13:15:00,13292.390476190478,12974.220952380952,69457.16666666667,22,4136001,0.9760637844352048,0.25,True,3243.555238095238,3323.0976190476194,33.03033251724138,49.4143646551724,0.7973102444827586,False,34.2,37,88,9,30,83,0.0,841.0,572.0,269.0,588.2,17.7
2020-06-07 13:30:00,12719.326666666668,12416.526666666667,72679.0,22,4136001,0.9761937083671619,0.25,True,3104.1316666666667,3179.831666666667,33.60120353333335,53.343462,0.7106564423333332,False,34.2,37,88,9,30,83,0.0,841.0,572.0,269.0,588.2,17.7
2020-06-07 13:45:00,14140.407142857142,13796.089523809524,76105.88571428572,22,4136001,0.9756500915731025,0.25,True,3449.022380952381,3535.1017857142856,33.778215,54.16132220689655,0.7980341431034484,False,34.2,37,88,9,30,83,0.0,841.0,572.0,269.0,588.2,17.7
2020-06-07 14:00:00,14029.789047619048,13692.804761904763,80249.9380952381,22,4136001,0.975980801666332,0.25,True,3423.2011904761907,3507.447261904762,33.454995533333324,53.975506666666654,0.7937635736666667,False,34.6,37,91,16,39,85,0.0,749.0,495.0,254.0,549.1,18.8
2020-06-07 14:15:00,16051.745714285715,15671.312857142857,84474.11428571428,22,4136001,0.9762995960741965,0.25,True,3917.8282142857142,4012.9364285714287,32.816685066666686,50.00570463333335,0.739974206,False,34.6,37,91,16,39,85,0.0,749.0,495.0,254.0,549.1,18.8
2020-06-07 14:30:00,15500.199999999999,15137.806666666667,88866.26666666666,22,4136001,0.9766200866225383,0.25,True,3784.451666666667,3875.0499999999997,33.3852034137931,52.575669,0.7410701599999999,False,34.6,37,91,16,39,85,0.0,749.0,495.0,254.0,549.1,18.8
2020-06-07 14:45:00,15282.536190476188,14925.947142857143,92810.78095238094,22,4136001,0.9766668932973792,0.25,True,3731.486785714286,3820.634047619047,33.7029401,52.67560216666666,0.734267409,False,34.6,37,91,16,39,85,0.0,749.0,495.0,254.0,549.1,18.8
2020-06-07 15:00:00,12328.40857142857,12064.430952380952,95965.56666666667,22,4136001,0.9785878592911502,0.25,True,3016.107738095238,3082.1021428571426,33.60650644827587,48.5469233448276,0.5456832444827587,False,33.2,40,98,0,49,96,0.0,494.0,275.0,219.0,354.5,22.3
2020-06-07 15:15:00,409.12666666666667,399.9666666666667,12120.747619047619,22,4136001,0.9776108458668058,0.25,True,99.99166666666667,102.28166666666667,33.931534,49.6021231,0.5886498649999999,False,33.2,40,98,0,49,96,0.0,494.0,275.0,219.0,354.5,22.3
2020-06-07 15:30:00,3958.3952380952383,3871.9309523809525,17016.095238095237,22,4136001,0.9781567325864378,0.25,True,967.9827380952381,989.5988095238096,34.03528106896551,49.24357441379311,0.5693968248275862,False,33.2,40,98,0,49,96,0.0,494.0,275.0,219.0,354.5,22.3
2020-06-07 15:45:00,14233.26,13939.96,100585.8,22,4136001,0.9793933364527873,0.25,True,3484.99,3558.315,33.72255250000001,46.05866300000001,0.4384509096666665,False,33.2,40,98,0,49,96,0.0,494.0,275.0,219.0,354.5,22.3
2020-06-07 16:00:00,5445.363809523809,5340.107142857142,102906.13333333333,22,4136001,0.9806704069097136,0.25,True,1335.0267857142856,1361.3409523809523,32.030420966666675,37.55164403333334,0.1739167188,False,32.4,41,99,0,61,99,0.0,404.0,216.0,188.0,357.9,21.6
2020-06-07 16:15:00,11327.106666666667,11093.766666666666,103962.73333333334,22,4136001,0.9793998585104993,0.25,True,2773.4416666666666,2831.7766666666666,30.78578237931034,32.54686437931036,0.3473763027931034,False,32.4,41,99,0,61,99,0.0,404.0,216.0,188.0,357.9,21.6
2020-06-07 16:30:00,7708.201904761904,7562.971904761905,107309.74761904762,22,4136001,0.9811590301091775,0.25,True,1890.7429761904762,1927.050476190476,31.264936366666664,36.13893116666667,0.2288779286666666,False,32.4,41,99,0,61,99,0.0,404.0,216.0,188.0,357.9,21.6
2020-06-07 16:45:00,4167.238571428571,4084.562380952381,108633.10952380953,22,4136001,0.9801604374073913,0.25,True,1021.1405952380952,1041.8096428571428,31.393933689655174,33.76577124137931,0.1319833670344827,False,32.4,41,99,0,61,99,0.0,404.0,216.0,188.0,357.9,21.6
2020-06-07 17:00:00,7218.8533333333335,7084.714761904762,109910.27619047619,22,4136001,0.9814182993843106,0.25,True,1771.1786904761905,1804.7133333333334,31.5385315,34.34889863333335,0.2230345256666667,False,32.1,40,95,0,53,98,0.0,190.0,68.0,122.0,171.3,22.3
2020-06-07 17:15:00,6386.385714285714,6270.1352380952385,111739.64761904761,22,4136001,0.9817971413893096,0.25,True,1567.5338095238096,1596.5964285714285,31.88112573333333,35.58254099999999,0.1942116008,False,32.1,40,95,0,53,98,0.0,190.0,68.0,122.0,171.3,22.3
2020-06-07 17:30:00,5228.82,5126.815714285714,113166.17619047618,22,4136001,0.9804919110402949,0.25,True,1281.7039285714286,1307.205,31.704619137931036,34.333354206896544,0.161588177413793,False,32.1,40,95,0,53,98,0.0,190.0,68.0,122.0,171.3,22.3
2020-06-07 17:45:00,3630.150476190476,3550.8371428571427,114257.5142857143,22,4136001,0.9781515025744701,0.25,True,887.7092857142857,907.537619047619,31.4926077,33.12576496666667,0.1146412660333333,False,32.1,40,95,0,53,98,0.0,190.0,68.0,122.0,171.3,22.3
2020-06-07 18:00:00,2090.7395238095237,2030.8033333333333,114948.5,22,4136001,0.9713325405706298,0.25,True,507.7008333333333,522.6848809523809,31.154428241379318,31.562369620689655,0.0681029844137931,False,30.3,50,100,1,90,98,0.0,60.0,22.0,38.0,129.5,20.6
2020-06-07 18:15:00,1278.2733333333333,1237.2466666666667,115356.53333333333,22,4136001,0.9679046213381594,0.25,True,309.31166666666667,319.5683333333333,30.512081933333334,30.23402086666667,0.0422383711666666,False,30.3,50,100,1,90,98,0.0,60.0,22.0,38.0,129.5,20.6
2020-06-07 18:30:00,603.7152380952381,583.06,115586.62857142856,22,4136001,0.9657864556137314,0.25,True,145.765,150.92880952380952,29.778644275862074,29.073859931034484,0.0192496679655172,False,30.3,50,100,1,90,98,0.0,60.0,22.0,38.0,129.5,20.6
2020-06-07 18:45:00,62.05619047619047,59.84047619047619,115664.88095238095,22,4136001,0.9642950321521202,0.25,True,14.960119047619047,15.514047619047618,29.298944166666665,28.245228,0.0037315805733333,False,30.3,50,100,1,90,98,0.0,60.0,22.0,38.0,129.5,20.6
2020-06-07 19:00:00,0.0,0.0,115481.26666666666,22,4136001,,0.25,True,0.0,0.0,28.9192829,27.5814371,2.558505556666667e-05,False,30.1,50,99,0,89,96,0.0,1.0,0.0,1.0,0.0,16.6
2020-06-07 19:15:00,0.0,0.0,115667.0,22,4136001,,0.25,True,0.0,0.0,28.54377696551724,27.12873793103449,0.0,False,30.1,50,99,0,89,96,0.0,1.0,0.0,1.0,0.0,16.6
2020-06-07 19:30:00,0.0,0.0,115667.0,22,4136001,,0.25,True,0.0,0.0,28.2098145,26.85495193333333,0.0,False,30.1,50,99,0,89,96,0.0,1.0,0.0,1.0,0.0,16.6
2020-06-07 19:45:00,0.0,0.0,115667.0,22,4136001,,0.25,True,0.0,0.0,28.011380000000003,26.64253906896552,0.0,False,30.1,50,99,0,89,96,0.0,1.0,0.0,1.0,0.0,16.6
2020-06-07 20:00:00,0.0,0.0,115667.0,22,4136001,,0.25,True,0.0,0.0,27.74761036666667,26.298777366666663,0.0,False,29.3,53,99,0,69,98,0.0,0.0,0.0,0.0,0.0,19.1
2020-06-07 20:15:00,0.0,0.0,115667.0,22,4136001,,0.25,True,0.0,0.0,27.48150217241379,26.08121555172413,0.0,False,29.3,53,99,0,69,98,0.0,0.0,0.0,0.0,0.0,19.1
2020-06-07 20:30:00,0.0,0.0,115667.0,22,4136001,,0.25,True,0.0,0.0,27.152643666666663,25.8109556,0.0,False,29.3,53,99,0,69,98,0.0,0.0,0.0,0.0,0.0,19.1
2020-06-07 20:45:00,0.0,0.0,115667.0,22,4136001,,0.25,True,0.0,0.0,26.817372448275865,25.502152,0.0,False,29.3,53,99,0,69,98,0.0,0.0,0.0,0.0,0.0,19.1
2020-06-07 21:00:00,0.0,0.0,115667.0,22,4136001,,0.25,True,0.0,0.0,26.631459366666665,25.255108466666663,0.0,False,28.5,54,97,0,29,96,0.0,0.0,0.0,0.0,0.0,18.4
2020-06-07 21:15:00,0.0,0.0,115667.0,22,4136001,,0.25,True,0.0,0.0,26.52411093103448,25.14388613793104,0.0,False,28.5,54,97,0,29,96,0.0,0.0,0.0,0.0,0.0,18.4
2020-06-07 21:30:00,0.0,0.0,115667.0,22,4136001,,0.25,True,0.0,0.0,26.3899577,25.038738866666662,0.0,False,28.5,54,97,0,29,96,0.0,0.0,0.0,0.0,0.0,18.4
2020-06-07 21:45:00,0.0,0.0,115667.0,22,4136001,,0.25,True,0.0,0.0,26.28570472413793,24.954618137931043,0.0,False,28.5,54,97,0,29,96,0.0,0.0,0.0,0.0,0.0,18.4
2020-06-07 22:00:00,0.0,0.0,115667.0,22,4136001,,0.25,True,0.0,0.0,26.128687533333338,24.8407493,0.0,False,27.7,57,98,0,16,97,0.0,0.0,0.0,0.0,0.0,16.6
2020-06-07 22:15:00,0.0,0.0,115667.0,22,4136001,,0.25,True,0.0,0.0,26.035083033333333,24.78020146666666,0.0,False,27.7,57,98,0,16,97,0.0,0.0,0.0,0.0,0.0,16.6
2020-06-07 22:30:00,0.0,0.0,115463.53333333333,22,4136001,,0.25,True,0.0,0.0,25.86431058620689,24.63717220689655,0.0,False,27.7,57,98,0,16,97,0.0,0.0,0.0,0.0,0.0,16.6
2020-06-07 22:45:00,0.0,0.0,115667.0,22,4136001,,0.25,True,0.0,0.0,25.652661066666663,24.3556925,0.0,False,27.7,57,98,0,16,97,0.0,0.0,0.0,0.0,0.0,16.6
2020-06-07 23:00:00,0.0,0.0,115667.0,22,4136001,,0.25,True,0.0,0.0,25.51786096551724,24.239691344827584,0.0,False,27.3,60,93,0,18,92,0.0,0.0,0.0,0.0,0.0,17.7
2020-06-07 23:15:00,0.0,0.0,115667.0,22,4136001,,0.25,True,0.0,0.0,25.37638426666667,24.021863866666656,0.0,False,27.3,60,93,0,18,92,0.0,0.0,0.0,0.0,0.0,17.7
2020-06-07 23:30:00,0.0,0.0,115667.0,22,4136001,,0.25,True,0.0,0.0,25.253462275862077,23.747111379310343,0.0,False,27.3,60,93,0,18,92,0.0,0.0,0.0,0.0,0.0,17.7
2020-06-07 23:45:00,0.0,0.0,113531.68095238095,22,4136001,,0.25,True,0.0,0.0,25.127188266666664,23.5922253,0.0,False,27.3,60,93,0,18,92,0.0,0.0,0.0,0.0,0.0,17.7
2020-06-08 00:00:00,0.0,0.0,96799.58571428571,22,4136001,,0.25,True,0.0,0.0,24.993941655172414,23.46560568965517,0.0,False,26.6,65,86,0,27,83,0.0,0.0,0.0,0.0,0.0,17.7
2020-06-08 00:15:00,0.0,0.0,94568.0,22,4136001,,0.25,True,0.0,0.0,24.852965133333328,23.282042633333337,0.0,False,26.6,65,86,0,27,83,0.0,0.0,0.0,0.0,0.0,17.7
2020-06-08 00:30:00,0.0,0.0,94568.0,22,4136001,,0.25,True,0.0,0.0,24.749431517241383,23.031024793103448,0.0,False,26.6,65,86,0,27,83,0.0,0.0,0.0,0.0,0.0,17.7
2020-06-08 00:45:00,0.0,0.0,94568.0,22,4136001,,0.25,True,0.0,0.0,24.5821158,22.699346966666667,0.0,False,26.6,65,86,0,27,83,0.0,0.0,0.0,0.0,0.0,17.7
2020-06-08 01:00:00,0.0,0.0,94568.0,22,4136001,,0.25,True,0.0,0.0,24.471458758620688,22.484646517241377,0.0,False,26.1,68,89,0,29,86,0.0,0.0,0.0,0.0,0.0,18.5
2020-06-08 01:15:00,0.0,0.0,94568.0,22,4136001,,0.25,True,0.0,0.0,24.421980933333334,22.509365933333328,0.0,False,26.1,68,89,0,29,86,0.0,0.0,0.0,0.0,0.0,18.5
2020-06-08 01:30:00,0.0,0.0,94568.0,22,4136001,,0.25,True,0.0,0.0,24.31886606666666,22.5281493,0.0,False,26.1,68,89,0,29,86,0.0,0.0,0.0,0.0,0.0,18.5
2020-06-08 01:45:00,0.0,0.0,94568.0,22,4136001,,0.25,True,0.0,0.0,24.233158517241385,22.51216286206897,0.0,False,26.1,68,89,0,29,86,0.0,0.0,0.0,0.0,0.0,18.5
2020-06-08 02:00:00,0.0,0.0,94568.0,22,4136001,,0.25,True,0.0,0.0,24.1686308,22.469710366666664,0.0,False,25.6,71,82,0,11,81,0.0,0.0,0.0,0.0,0.0,19.8
2020-06-08 02:15:00,0.0,0.0,94046.26666666666,22,4136001,,0.25,True,0.0,0.0,24.182082689655168,22.57848182758621,0.0,False,25.6,71,82,0,11,81,0.0,0.0,0.0,0.0,0.0,19.8
2020-06-08 02:30:00,0.0,0.0,94568.0,22,4136001,,0.25,True,0.0,0.0,24.2773612,23.1083049,0.0,False,25.6,71,82,0,11,81,0.0,0.0,0.0,0.0,0.0,19.8
2020-06-08 02:45:00,0.0,0.0,94568.0,22,4136001,,0.25,True,0.0,0.0,24.488492933333333,23.68562743333333,0.0,False,25.6,71,82,0,11,81,0.0,0.0,0.0,0.0,0.0,19.8
2020-06-08 03:00:00,0.0,0.0,94568.0,22,4136001,,0.25,True,0.0,0.0,24.461681586206904,23.499139379310343,0.0,False,25.0,74,73,0,1,73,0.0,0.0,0.0,0.0,0.0,20.0
2020-06-08 03:15:00,0.0,0.0,94568.0,22,4136001,,0.25,True,0.0,0.0,24.351066133333333,23.058846066666664,0.0,False,25.0,74,73,0,1,73,0.0,0.0,0.0,0.0,0.0,20.0
2020-06-08 03:30:00,0.0,0.0,94568.0,22,4136001,,0.25,True,0.0,0.0,24.2730491724138,22.993584862068968,0.0,False,25.0,74,73,0,1,73,0.0,0.0,0.0,0.0,0.0,20.0
2020-06-08 03:45:00,0.0,0.0,94568.0,22,4136001,,0.25,True,0.0,0.0,24.285703599999994,23.15494693333333,0.0,False,25.0,74,73,0,1,73,0.0,0.0,0.0,0.0,0.0,20.0
2020-06-08 04:00:00,0.0,0.0,94568.0,22,4136001,,0.25,True,0.0,0.0,24.31489576666667,23.3794363,0.0,False,24.5,77,35,0,1,35,0.0,0.0,0.0,0.0,0.0,18.8
2020-06-08 04:15:00,0.0,0.0,94568.0,22,4136001,,0.25,True,0.0,0.0,24.185381071428573,23.00484142857143,0.0,False,24.5,77,35,0,1,35,0.0,0.0,0.0,0.0,0.0,18.8
2020-06-08 04:30:00,0.0,0.0,94568.0,22,4136001,,0.25,True,0.0,0.0,24.259531699999997,23.466709466666668,0.0,False,24.5,77,35,0,1,35,0.0,0.0,0.0,0.0,0.0,18.8
2020-06-08 04:45:00,0.0,0.0,94568.0,22,4136001,,0.25,True,0.0,0.0,24.276126379310345,23.49121834482758,0.0,False,24.5,77,35,0,1,35,0.0,0.0,0.0,0.0,0.0,18.8
2020-06-08 05:00:00,0.0,0.0,94568.0,22,4136001,,0.25,True,0.0,0.0,24.22245576666667,23.3793477,0.0,False,24.5,77,43,1,31,90,0.0,0.0,0.0,0.0,0.0,18.4
2020-06-08 05:15:00,0.0,0.0,94568.0,22,4136001,,0.25,True,0.0,0.0,24.25752373333333,23.658629566666672,0.0,False,24.5,77,43,1,31,90,0.0,0.0,0.0,0.0,0.0,18.4
2020-06-08 05:30:00,0.0,0.0,44130.13333333333,22,4136001,,0.25,True,0.0,0.0,23.98507489655172,22.633693241379305,0.0,False,24.5,77,43,1,31,90,0.0,0.0,0.0,0.0,0.0,18.4
2020-06-08 05:45:00,0.0,0.0,41301.0,22,4136001,,0.25,True,0.0,0.0,23.986628266666667,23.037936433333336,0.0018528598456666,False,24.5,77,43,1,31,90,0.0,0.0,0.0,0.0,0.0,18.4
2020-06-08 06:00:00,412.0028571428572,397.8947619047619,29790.366666666665,22,4136001,0.9657572878597697,0.25,True,99.47369047619047,103.0007142857143,24.205060344827587,23.79898934482759,0.0146551610034482,False,25.1,76,93,1,38,91,0.0,15.0,3.0,12.0,32.3,17.5
2020-06-08 06:15:00,1197.7004761904761,1159.020476190476,13979.880952380952,22,4136001,0.9677047803111597,0.25,True,289.755119047619,299.42511904761903,24.331214600000003,23.9384053,0.0392247689,False,25.1,76,93,1,38,91,0.0,15.0,3.0,12.0,32.3,17.5
2020-06-08 06:30:00,2055.6680952380952,1996.6195238095236,578.7476190476191,22,4136001,0.971275240606518,0.25,True,499.1548809523809,513.9170238095238,24.517363517241385,24.585816517241376,0.0659926922413793,False,25.1,76,93,1,38,91,0.0,15.0,3.0,12.0,32.3,17.5
2020-06-08 06:45:00,3006.633333333333,2931.3133333333335,1202.1333333333332,22,4136001,0.9749487244869678,0.25,True,732.8283333333334,751.6583333333333,24.8456013,25.580103466666667,0.0889491841,False,25.1,76,93,1,38,91,0.0,15.0,3.0,12.0,32.3,17.5
2020-06-08 07:00:00,5088.407142857142,4988.819523809524,2133.7666666666664,22,4136001,0.9804285277785968,0.25,True,1247.204880952381,1272.1017857142856,25.224013166666666,27.116205733333334,0.1950850521333333,False,26.3,68,73,1,17,69,0.0,133.0,52.0,81.0,204.2,19.0
2020-06-08 07:15:00,5605.526666666667,5501.170476190477,3546.9,22,4136001,0.9813833388579265,0.25,True,1375.2926190476192,1401.3816666666667,25.63099824137931,29.72970686206897,0.2136168020344828,False,26.3,68,73,1,17,69,0.0,133.0,52.0,81.0,204.2,19.0
2020-06-08 07:30:00,8560.63619047619,8404.224285714286,5121.790476190476,22,4136001,0.9817289391487148,0.25,True,2101.0560714285716,2140.1590476190477,25.745165000000004,31.448751766666664,0.3196091196666666,False,26.3,68,73,1,17,69,0.0,133.0,52.0,81.0,204.2,19.0
2020-06-08 07:45:00,10352.424761904762,10152.509523809524,7436.8190476190475,22,4136001,0.980689042162287,0.25,True,2538.127380952381,2588.1061904761905,26.189314172413788,34.096579827586204,0.3787636724137931,False,26.3,68,73,1,17,69,0.0,133.0,52.0,81.0,204.2,19.0
2020-06-08 08:00:00,12136.706666666667,11894.906666666668,10282.333333333334,22,4136001,0.9800769676123012,0.25,True,2973.726666666667,3034.1766666666667,26.677007033333336,36.411857066666656,0.4478052886666666,False,28.0,61,23,0,8,19,0.0,329.0,186.0,143.0,390.9,18.7
2020-06-08 08:15:00,9958.264761904762,9764.805238095238,13063.585714285715,22,4136001,0.9805729684402847,0.25,True,2441.2013095238094,2489.5661904761905,26.91035206896552,36.49297772413794,0.3442403296551724,False,28.0,61,23,0,8,19,0.0,329.0,186.0,143.0,390.9,18.7
2020-06-08 08:30:00,15009.029047619048,14698.405714285715,16065.980952380953,22,4136001,0.9793042353141019,0.25,True,3674.6014285714286,3752.257261904762,27.242980966666664,37.49083386666668,0.5150724836666666,False,28.0,61,23,0,8,19,0.0,329.0,186.0,143.0,390.9,18.7
2020-06-08 08:45:00,11738.193333333333,11507.001904761904,19267.423809523807,22,4136001,0.9803043430955506,0.25,True,2876.750476190476,2934.548333333333,27.509329366666663,37.060638399999995,0.3601402536666665,False,28.0,61,23,0,8,19,0.0,329.0,186.0,143.0,390.9,18.7
2020-06-08 09:00:00,15433.402857142857,15106.315714285714,22468.890476190478,22,4136001,0.9788065440988757,0.25,True,3776.5789285714286,3858.3507142857143,28.029827241379305,38.45545786206896,0.559821446551724,False,29.9,52,30,0,1,30,0.0,554.0,391.0,163.0,582.5,18.9
2020-06-08 09:15:00,12811.092307692308,12541.761538461538,25883.76923076923,22,4136001,0.9789767521174558,0.25,True,3135.4403846153846,3202.773076923077,28.497391296296296,40.135088851851854,0.4691874514814814,False,29.9,52,30,0,1,30,0.0,554.0,391.0,163.0,582.5,18.9
2020-06-08 09:30:00,15660.337435897434,15307.977435897435,29640.266666666666,22,4136001,0.9774998462554005,0.25,True,3826.994358974359,3915.0843589743586,28.96267034782609,41.09230130434782,0.7317601882608696,False,29.9,52,30,0,1,30,0.0,554.0,391.0,163.0,582.5,18.9
2020-06-08 09:45:00,17015.59395604396,16606.17032967033,33626.79120879121,22,4136001,0.975938328839341,0.25,True,4151.542582417583,4253.89848901099,29.46306278571428,43.67498875000001,0.8086245521428572,False,29.9,52,30,0,1,30,0.0,554.0,391.0,163.0,582.5,18.9
2020-06-08 10:00:00,15453.868095238095,15091.761904761905,37458.82380952381,22,4136001,0.9765685724606535,0.25,True,3772.940476190476,3863.4670238095237,29.789045448275864,43.43828806896552,0.659905465862069,False,31.8,45,18,4,11,14,0.0,759.0,592.0,167.0,715.4,18.9
2020-06-08 10:15:00,15252.073333333334,14888.926666666666,41220.0,22,4136001,0.976190340897915,0.25,True,3722.2316666666666,3813.0183333333334,30.264954666666668,47.16902866666666,0.8487661903333334,False,31.8,45,18,4,11,14,0.0,759.0,592.0,167.0,715.4,18.9
2020-06-08 10:30:00,15407.943333333335,15037.43619047619,44995.14761904762,22,4136001,0.9759534978263066,0.25,True,3759.3590476190475,3851.9858333333336,31.225147103448275,55.107678758620686,0.9147767362068968,False,31.8,45,18,4,11,14,0.0,759.0,592.0,167.0,715.4,18.9
2020-06-08 10:45:00,13363.815238095238,13047.680476190477,48297.39523809524,22,4136001,0.976343973912212,0.25,True,3261.920119047619,3340.9538095238095,31.23928343333333,51.54766013333333,0.726866196,False,31.8,45,18,4,11,14,0.0,759.0,592.0,167.0,715.4,18.9
2020-06-08 11:00:00,15843.954285714284,15456.74142857143,52160.87619047619,22,4136001,0.9755608448396,0.25,True,3864.1853571428574,3960.988571428571,31.644782793103456,55.886171586206885,0.968234732413793,False,33.1,40,21,3,9,17,0.0,833.0,649.0,184.0,694.9,18.5
2020-06-08 11:15:00,15222.673333333334,14854.113333333335,55878.4,22,4136001,0.9757887466984555,0.25,True,3713.5283333333336,3805.6683333333335,31.6512615,53.74365429999999,0.8270961906666667,False,33.1,40,21,3,9,17,0.0,833.0,649.0,184.0,694.9,18.5
2020-06-08 11:30:00,16853.39238095238,16437.408571428572,59799.14285714286,22,4136001,0.975317502843288,0.25,True,4109.352142857143,4213.348095238095,31.93157020689656,54.67335772413792,0.9459829844827584,False,33.1,40,21,3,9,17,0.0,833.0,649.0,184.0,694.9,18.5
2020-06-08 11:45:00,14115.47,13774.873333333333,63564.54285714286,22,4136001,0.9758706818358392,0.25,True,3443.7183333333332,3528.8675,32.13035090000001,54.910771700000005,0.8896266996666666,False,33.1,40,21,3,9,17,0.0,833.0,649.0,184.0,694.9,18.5
2020-06-08 12:00:00,13041.34857142857,12731.450476190475,67143.02857142857,22,4136001,0.9762372661430866,0.25,True,3182.862619047619,3260.3371428571427,32.11926062068966,53.073873758620685,0.7076265589655171,False,34.1,36,53,15,8,48,0.0,868.0,659.0,209.0,670.1,18.3
2020-06-08 12:15:00,16179.191428571428,15781.728571428572,70110.45238095238,22,4136001,0.9754337008188826,0.25,True,3945.432142857143,4044.797857142857,32.299311299999985,52.531129866666674,0.9929877596666667,False,34.1,36,53,15,8,48,0.0,868.0,659.0,209.0,670.1,18.3
2020-06-08 12:30:00,15941.286666666667,15549.893333333333,74287.46666666666,22,4136001,0.9754478203976007,0.25,True,3887.4733333333334,3985.3216666666667,33.3718682413793,57.84481582758621,0.975599393448276,False,34.1,36,53,15,8,48,0.0,868.0,659.0,209.0,670.1,18.3
2020-06-08 12:45:00,16410.883333333335,16005.060000000001,78478.30476190476,22,4136001,0.9752710853468176,0.25,True,4001.2650000000003,4102.720833333334,33.46882423333333,59.603781,0.919472782,False,34.1,36,53,15,8,48,0.0,868.0,659.0,209.0,670.1,18.3
2020-06-08 13:00:00,12540.481904761906,12245.960476190476,81165.34285714285,22,4136001,0.9765143452374351,0.25,True,3061.490119047619,3135.1204761904764,33.097265965517245,51.85124986206896,0.7769413851724137,False,35.0,34,42,0,16,36,0.0,879.0,687.0,192.0,706.6,16.9
2020-06-08 13:15:00,11381.159047619047,11115.90238095238,84682.2,22,4136001,0.9766933520956147,0.25,True,2778.975595238095,2845.2897619047617,33.37835496666667,50.7018586,0.6180603946666666,False,35.0,34,42,0,16,36,0.0,879.0,687.0,192.0,706.6,16.9
2020-06-08 13:30:00,15844.686666666665,15456.326666666668,88121.06666666667,22,4136001,0.9754895752645578,0.25,True,3864.081666666667,3961.171666666666,33.48709813793103,52.67072368965517,0.8907123813793103,False,35.0,34,42,0,16,36,0.0,879.0,687.0,192.0,706.6,16.9
2020-06-08 13:45:00,14432.494761904762,14084.749047619047,91835.26190476191,22,4136001,0.9759053635547746,0.25,True,3521.1872619047617,3608.1236904761904,33.73505129999998,52.3897389,0.6725076190000001,False,35.0,34,42,0,16,36,0.0,879.0,687.0,192.0,706.6,16.9
2020-06-08 14:00:00,15500.54,15119.273333333334,95322.46666666667,22,4136001,0.9754030074651163,0.25,True,3779.8183333333336,3875.135,34.04048520689655,52.49896431034484,0.8504849924137932,False,35.3,32,94,0,9,94,0.0,793.0,581.0,212.0,644.4,17.1
2020-06-08 14:15:00,16824.370476190474,16407.952857142856,99350.85238095238,22,4136001,0.9752491411410059,0.25,True,4101.988214285714,4206.092619047618,34.30160923333333,55.354745566666665,0.8372840246666668,False,35.3,32,94,0,9,94,0.0,793.0,581.0,212.0,644.4,17.1
2020-06-08 14:30:00,18562.054285714286,18105.39238095238,103513.93809523809,22,4136001,0.975398094535616,0.25,True,4526.348095238095,4640.513571428572,34.651486133333336,55.11219686666668,0.8272664623333335,False,35.3,32,94,0,9,94,0.0,793.0,581.0,212.0,644.4,17.1
2020-06-08 14:45:00,17941.646666666667,17509.96,107148.33333333333,22,4136001,0.9759394065279031,0.25,True,4377.49,4485.411666666667,34.95383220689654,55.212895,0.8057083706896551,False,35.3,32,94,0,9,94,0.0,793.0,581.0,212.0,644.4,17.1
2020-06-08 15:00:00,15203.453333333333,14861.26,112444.0,22,4136001,0.9774923942718278,0.25,True,3715.315,3800.8633333333332,34.52540486666666,52.0578676,0.5830057133333332,False,35.2,32,95,0,10,95,0.0,684.0,500.0,184.0,644.3,16.9
2020-06-08 15:15:00,19624.089523809525,19184.959523809524,116330.33333333333,22,4136001,0.977622910888823,0.25,True,4796.239880952381,4906.022380952381,34.56790527586206,49.88112982758621,0.6698914724137933,False,35.2,32,95,0,10,95,0.0,684.0,500.0,184.0,644.3,16.9
2020-06-08 15:30:00,21131.016666666666,20665.066666666666,121468.78571428571,22,4136001,0.9779494755339899,0.25,True,5166.266666666666,5282.754166666667,34.643021766666656,49.4074188,0.6618464033333333,False,35.2,32,95,0,10,95,0.0,684.0,500.0,184.0,644.3,16.9
2020-06-08 15:45:00,17921.01523809524,17536.959523809524,126379.73333333334,22,4136001,0.9785695336350524,0.25,True,4384.239880952381,4480.25380952381,34.78082813793104,48.18100510344827,0.5469249258620686,False,35.2,32,95,0,10,95,0.0,684.0,500.0,184.0,644.3,16.9
2020-06-08 16:00:00,14923.906666666666,14615.809047619048,130271.21428571428,22,4136001,0.9793554311261026,0.25,True,3653.952261904762,3730.9766666666665,34.512670799999995,44.64368766666667,0.4552620366666667,False,34.6,32,97,0,17,97,0.0,450.0,290.0,160.0,479.9,20.1
2020-06-08 16:15:00,12690.22,12436.072857142857,133477.09523809524,22,4136001,0.9799729915748393,0.25,True,3109.0182142857143,3172.555,34.0803748275862,42.50126886206896,0.3886018355172414,False,34.6,32,97,0,17,97,0.0,450.0,290.0,160.0,479.9,20.1
2020-06-08 16:30:00,11121.574285714285,10901.076666666666,136464.39047619049,22,4136001,0.9801738842556805,0.25,True,2725.2691666666665,2780.3935714285712,33.91140243333332,40.487863100000006,0.3308074673333333,False,34.6,32,97,0,17,97,0.0,450.0,290.0,160.0,479.9,20.1
2020-06-08 16:45:00,9127.789999999999,8960.803333333333,139092.83333333334,22,4136001,0.9817056848737027,0.25,True,2240.2008333333333,2281.9474999999998,33.269952206896555,38.660625275862074,0.2653666793103448,False,34.6,32,97,0,17,97,0.0,450.0,290.0,160.0,479.9,20.1
2020-06-08 17:00:00,7922.062857142857,7785.9538095238095,141011.2142857143,22,4136001,0.9828189891858373,0.25,True,1946.4884523809524,1980.5157142857142,32.76734503333332,36.940227333333326,0.2370234883333333,False,33.8,32,96,0,6,94,0.0,245.0,123.0,122.0,309.2,19.0
2020-06-08 17:15:00,6160.52,6043.293333333334,142938.93333333332,22,4136001,0.9809713032882506,0.25,True,1510.8233333333335,1540.13,32.56407086206897,35.58273634482759,0.1857099906896551,False,33.8,32,96,0,6,94,0.0,245.0,123.0,122.0,309.2,19.0
2020-06-08 17:30:00,5606.330952380952,5497.976190476191,144379.80476190476,22,4136001,0.9806727853162603,0.25,True,1374.4940476190477,1401.582738095238,32.27888296666667,34.6460289,0.1699652043333333,False,33.8,32,96,0,6,94,0.0,245.0,123.0,122.0,309.2,19.0
2020-06-08 17:45:00,4693.419047619048,4601.429047619048,145648.45714285714,22,4136001,0.9804002159051479,0.25,True,1150.357261904762,1173.354761904762,31.91214934482759,33.786106448275845,0.1443323468965517,False,33.8,32,96,0,6,94,0.0,245.0,123.0,122.0,309.2,19.0
2020-06-08 18:00:00,3353.3119047619048,3276.041904761905,146648.53333333333,22,4136001,0.9769571092118595,0.25,True,819.0104761904762,838.3279761904762,31.7594666,32.757250966666675,0.1046366424666666,False,32.4,37,97,0,6,97,0.0,89.0,32.0,57.0,187.2,18.2
2020-06-08 18:15:00,1805.4133333333334,1751.8266666666666,147281.19999999998,22,4136001,0.9703188928112491,0.25,True,437.95666666666665,451.35333333333335,31.1259359,31.292101066666664,0.0559951432666666,False,32.4,37,97,0,6,97,0.0,89.0,32.0,57.0,187.2,18.2
2020-06-08 18:30:00,782.6295238095238,756.3785714285714,146977.12857142856,22,4136001,0.9664580090804991,0.25,True,189.09464285714284,195.65738095238095,30.52477713793104,29.99747965517241,0.0242596506206896,False,32.4,37,97,0,6,97,0.0,89.0,32.0,57.0,187.2,18.2
2020-06-08 18:45:00,112.15761904761905,108.20761904761905,147694.07142857142,22,4136001,0.9647817060174669,0.25,True,27.051904761904762,28.039404761904763,30.0615133,29.054799466666665,0.0044044479416666,False,32.4,37,97,0,6,97,0.0,89.0,32.0,57.0,187.2,18.2
2020-06-08 19:00:00,0.0,0.0,147497.2,22,4136001,,0.25,True,0.0,0.0,29.65547113793104,28.320246241379312,0.0001018989665517,False,31.2,42,99,0,5,99,0.0,2.0,0.0,2.0,0.0,15.5
2020-06-08 19:15:00,0.0,0.0,147699.0,22,4136001,,0.25,True,0.0,0.0,29.30558463333333,27.75169473333333,0.0,False,31.2,42,99,0,5,99,0.0,2.0,0.0,2.0,0.0,15.5
2020-06-08 19:30:00,0.0,0.0,147699.0,22,4136001,,0.25,True,0.0,0.0,29.090157517241384,27.33958275862069,0.0,False,31.2,42,99,0,5,99,0.0,2.0,0.0,2.0,0.0,15.5
2020-06-08 19:45:00,0.0,0.0,147699.0,22,4136001,,0.25,True,0.0,0.0,28.871324533333336,27.222312466666672,0.0,False,31.2,42,99,0,5,99,0.0,2.0,0.0,2.0,0.0,15.5
2020-06-08 20:00:00,0.0,0.0,147699.0,22,4136001,,0.25,True,0.0,0.0,28.650005413793107,27.089618517241377,0.0,False,30.6,45,95,0,4,95,0.0,0.0,0.0,0.0,0.0,18.1
2020-06-08 20:15:00,0.0,0.0,147699.0,22,4136001,,0.25,True,0.0,0.0,28.3504803,26.73160810000001,0.0,False,30.6,45,95,0,4,95,0.0,0.0,0.0,0.0,0.0,18.1
2020-06-08 20:30:00,0.0,0.0,147699.0,22,4136001,,0.25,True,0.0,0.0,27.97277513793104,26.254155620689655,0.0,False,30.6,45,95,0,4,95,0.0,0.0,0.0,0.0,0.0,18.1
2020-06-08 20:45:00,0.0,0.0,147699.0,22,4136001,,0.25,True,0.0,0.0,27.66184373333333,25.776656066666668,0.0,False,30.6,45,95,0,4,95,0.0,0.0,0.0,0.0,0.0,18.1
2020-06-08 21:00:00,0.0,0.0,147699.0,22,4136001,,0.25,True,0.0,0.0,27.4776408,25.611955666666667,0.0,False,29.6,50,90,0,4,90,0.0,0.0,0.0,0.0,0.0,19.2
2020-06-08 21:15:00,0.0,0.0,147699.0,22,4136001,,0.25,True,0.0,0.0,27.332574206896552,25.489046310344825,0.0,False,29.6,50,90,0,4,90,0.0,0.0,0.0,0.0,0.0,19.2
2020-06-08 21:30:00,0.0,0.0,147699.0,22,4136001,,0.25,True,0.0,0.0,27.098923666666668,25.3664722,0.0,False,29.6,50,90,0,4,90,0.0,0.0,0.0,0.0,0.0,19.2
2020-06-08 21:45:00,0.0,0.0,147699.0,22,4136001,,0.25,True,0.0,0.0,26.943985137931037,25.33045903448276,0.0,False,29.6,50,90,0,4,90,0.0,0.0,0.0,0.0,0.0,19.2
2020-06-08 22:00:00,0.0,0.0,147699.0,22,4136001,,0.25,True,0.0,0.0,26.792292433333337,25.27867296666667,0.0,False,28.9,54,89,0,4,89,0.0,0.0,0.0,0.0,0.0,18.0
2020-06-08 22:15:00,0.0,0.0,147699.0,22,4136001,,0.25,True,0.0,0.0,26.628344666666663,25.231978266666665,0.0,False,28.9,54,89,0,4,89,0.0,0.0,0.0,0.0,0.0,18.0
2020-06-08 22:30:00,0.0,0.0,147699.0,22,4136001,,0.25,True,0.0,0.0,26.375718655172413,24.8988825862069,0.0,False,28.9,54,89,0,4,89,0.0,0.0,0.0,0.0,0.0,18.0
2020-06-08 22:45:00,0.0,0.0,147699.0,22,4136001,,0.25,True,0.0,0.0,26.1349161,24.625021466666663,0.0,False,28.9,54,89,0,4,89,0.0,0.0,0.0,0.0,0.0,18.0
2020-06-08 23:00:00,0.0,0.0,147699.0,22,4136001,,0.25,True,0.0,0.0,25.8920394137931,24.41850120689656,0.0,False,28.1,59,58,0,3,57,0.0,0.0,0.0,0.0,0.0,18.4
2020-06-08 23:15:00,0.0,0.0,147699.0,22,4136001,,0.25,True,0.0,0.0,25.684399199999994,24.094589333333328,0.0,False,28.1,59,58,0,3,57,0.0,0.0,0.0,0.0,0.0,18.4
2020-06-08 23:30:00,0.0,0.0,147699.0,22,4136001,,0.25,True,0.0,0.0,25.54389433333333,24.06281656666667,0.0,False,28.1,59,58,0,3,57,0.0,0.0,0.0,0.0,0.0,18.4
2020-06-08 23:45:00,0.0,0.0,139375.32857142857,22,4136001,,0.25,True,0.0,0.0,25.251448,23.655589206896558,0.0,False,28.1,59,58,0,3,57,0.0,0.0,0.0,0.0,0.0,18.4
2020-06-09 00:00:00,0.0,0.0,110856.0,22,4136001,,0.25,True,0.0,0.0,25.08985096666667,23.4152731,0.0,False,27.2,64,41,0,5,39,0.0,0.0,0.0,0.0,0.0,17.0
2020-06-09 00:15:00,0.0,0.0,107853.0,22,4136001,,0.25,True,0.0,0.0,24.916419517241383,23.182842482758623,0.0,False,27.2,64,41,0,5,39,0.0,0.0,0.0,0.0,0.0,17.0
2020-06-09 00:30:00,0.0,0.0,107853.0,22,4136001,,0.25,True,0.0,0.0,24.668885166666666,22.861545800000005,0.0,False,27.2,64,41,0,5,39,0.0,0.0,0.0,0.0,0.0,17.0
2020-06-09 00:45:00,0.0,0.0,107853.0,22,4136001,,0.25,True,0.0,0.0,24.471558793103448,22.49364603448276,0.0,False,27.2,64,41,0,5,39,0.0,0.0,0.0,0.0,0.0,17.0
2020-06-09 01:00:00,0.0,0.0,107853.0,22,4136001,,0.25,True,0.0,0.0,24.273839433333336,22.1972332,0.0,False,26.3,69,41,0,3,40,0.0,0.0,0.0,0.0,0.0,17.7
2020-06-09 01:15:00,0.0,0.0,107853.0,22,4136001,,0.25,True,0.0,0.0,24.257015,22.223686866666664,0.0,False,26.3,69,41,0,3,40,0.0,0.0,0.0,0.0,0.0,17.7
2020-06-09 01:30:00,0.0,0.0,107853.0,22,4136001,,0.25,True,0.0,0.0,24.24133093103448,22.27647779310345,0.0,False,26.3,69,41,0,3,40,0.0,0.0,0.0,0.0,0.0,17.7
2020-06-09 01:45:00,0.0,0.0,107853.0,22,4136001,,0.25,True,0.0,0.0,24.16173293333333,22.23845016666667,0.0,False,26.3,69,41,0,3,40,0.0,0.0,0.0,0.0,0.0,17.7
2020-06-09 02:00:00,0.0,0.0,107853.0,22,4136001,,0.25,True,0.0,0.0,24.05367431034482,22.112273206896557,0.0,False,25.5,72,32,0,2,31,0.0,0.0,0.0,0.0,0.0,18.1
2020-06-09 02:15:00,0.0,0.0,107853.0,22,4136001,,0.25,True,0.0,0.0,24.030280766666667,22.13809913333333,0.0,False,25.5,72,32,0,2,31,0.0,0.0,0.0,0.0,0.0,18.1
2020-06-09 02:30:00,0.0,0.0,107853.0,22,4136001,,0.25,True,0.0,0.0,23.772527966666665,21.891521300000004,0.0,False,25.5,72,32,0,2,31,0.0,0.0,0.0,0.0,0.0,18.1
2020-06-09 02:45:00,0.0,0.0,107853.0,22,4136001,,0.25,True,0.0,0.0,23.60977810344827,21.57529013793104,0.0,False,25.5,72,32,0,2,31,0.0,0.0,0.0,0.0,0.0,18.1
2020-06-09 03:00:00,0.0,0.0,107853.0,22,4136001,,0.25,True,0.0,0.0,23.662695533333338,21.656404666666667,0.0,False,24.9,75,72,0,2,71,0.0,0.0,0.0,0.0,0.0,18.4
2020-06-09 03:15:00,0.0,0.0,107853.0,22,4136001,,0.25,True,0.0,0.0,23.57151948275862,21.710799551724133,0.0,False,24.9,75,72,0,2,71,0.0,0.0,0.0,0.0,0.0,18.4
2020-06-09 03:30:00,0.0,0.0,107853.0,22,4136001,,0.25,True,0.0,0.0,23.445426633333334,21.577228700000006,0.0,False,24.9,75,72,0,2,71,0.0,0.0,0.0,0.0,0.0,18.4
2020-06-09 03:45:00,0.0,0.0,107853.0,22,4136001,,0.25,True,0.0,0.0,23.38027648275862,21.517179275862063,0.0,False,24.9,75,72,0,2,71,0.0,0.0,0.0,0.0,0.0,18.4
2020-06-09 04:00:00,0.0,0.0,107853.0,22,4136001,,0.25,True,0.0,0.0,23.33068246666667,21.418877233333333,0.0,False,24.5,77,61,3,2,60,0.0,0.0,0.0,0.0,0.0,18.0
2020-06-09 04:15:00,0.0,0.0,107235.33333333333,22,4136001,,0.25,True,0.0,0.0,23.129676689655174,21.083283482758624,0.0,False,24.5,77,61,3,2,60,0.0,0.0,0.0,0.0,0.0,18.0
2020-06-09 04:30:00,0.0,0.0,107853.0,22,4136001,,0.25,True,0.0,0.0,22.961422633333335,20.66607250000001,0.0,False,24.5,77,61,3,2,60,0.0,0.0,0.0,0.0,0.0,18.0
2020-06-09 04:45:00,0.0,0.0,107853.0,22,4136001,,0.25,True,0.0,0.0,22.85722710344828,20.40460524137931,0.0,False,24.5,77,61,3,2,60,0.0,0.0,0.0,0.0,0.0,18.0
2020-06-09 05:00:00,0.0,0.0,107853.0,22,4136001,,0.25,True,0.0,0.0,22.7539153,20.316495866666667,0.0,False,24.4,79,84,2,3,92,0.0,0.0,0.0,0.0,0.0,16.9
2020-06-09 05:15:00,0.0,0.0,107853.0,22,4136001,,0.25,True,0.0,0.0,22.652897900000006,20.477499233333333,0.0,False,24.4,79,84,2,3,92,0.0,0.0,0.0,0.0,0.0,16.9
2020-06-09 05:30:00,0.0,0.0,32703.8,22,4136001,,0.25,True,0.0,0.0,22.737865448275866,20.70989455172414,0.0,False,24.4,79,84,2,3,92,0.0,0.0,0.0,0.0,0.0,16.9
2020-06-09 05:45:00,0.0,0.0,29530.0,22,4136001,,0.25,True,0.0,0.0,22.977233833333337,20.898189266666662,0.0007921235759999,False,24.4,79,84,2,3,92,0.0,0.0,0.0,0.0,0.0,16.9
2020-06-09 06:00:00,293.2147619047619,283.0304761904762,18685.49047619048,22,4136001,0.965266804276404,0.25,True,70.75761904761904,73.30369047619047,23.10134286206896,21.186319172413796,0.0111385345448275,False,24.7,78,77,7,3,75,0.0,16.0,2.0,14.0,21.6,18.8
2020-06-09 06:15:00,944.0166666666667,912.8071428571428,11534.685714285713,22,4136001,0.9669396474537626,0.25,True,228.2017857142857,236.00416666666666,23.319584166666672,21.658508266666672,0.0311052466,False,24.7,78,77,7,3,75,0.0,16.0,2.0,14.0,21.6,18.8
2020-06-09 06:30:00,1724.2838095238094,1672.3814285714286,458.0047619047619,22,4136001,0.9698991658648616,0.25,True,418.09535714285715,431.07095238095235,23.57032373333333,22.241770433333333,0.0569932276,False,24.7,78,77,7,3,75,0.0,16.0,2.0,14.0,21.6,18.8
2020-06-09 06:45:00,2887.0,2813.4933333333333,1004.5333333333333,22,4136001,0.9745387368664127,0.25,True,703.3733333333333,721.75,24.037088344827588,23.122031448275862,0.0944432277586207,False,24.7,78,77,7,3,75,0.0,16.0,2.0,14.0,21.6,18.8
2020-06-09 07:00:00,5342.610476190476,5241.030952380952,1971.1333333333332,22,4136001,0.9809869118734714,0.25,True,1310.257738095238,1335.652619047619,24.688094066666665,26.047689833333337,0.1855330313333333,False,25.9,72,67,3,2,66,0.0,145.0,52.0,93.0,204.7,19.5
2020-06-09 07:15:00,8456.171428571428,8308.908095238095,3659.404761904762,22,4136001,0.9825851054963521,0.25,True,2077.227023809524,2114.042857142857,25.66310275862069,30.345590448275868,0.304980821724138,False,25.9,72,67,3,2,66,0.0,145.0,52.0,93.0,204.7,19.5
2020-06-09 07:30:00,10752.079523809523,10543.796666666667,6022.438095238095,22,4136001,0.9806285977813285,0.25,True,2635.9491666666668,2688.019880952381,26.309327233333327,33.32653273333333,0.3934728033333333,False,25.9,72,67,3,2,66,0.0,145.0,52.0,93.0,204.7,19.5
2020-06-09 07:45:00,12344.507142857143,12098.33238095238,8843.619047619048,22,4136001,0.9800579513579686,0.25,True,3024.583095238095,3086.1267857142857,26.52304386206897,34.403433931034485,0.4603070396551724,False,25.9,72,67,3,2,66,0.0,145.0,52.0,93.0,204.7,19.5
2020-06-09 08:00:00,10515.82,10313.253333333334,11882.266666666666,22,4136001,0.9807369594889732,0.25,True,2578.3133333333335,2628.955,26.675620500000004,34.63887826666667,0.3834108376666666,False,27.9,62,87,2,2,87,0.0,357.0,222.0,135.0,467.1,19.2
2020-06-09 08:15:00,11851.356666666667,11617.818095238095,14264.861904761905,22,4136001,0.9802943597094309,0.25,True,2904.454523809524,2962.8391666666666,26.87966306666667,33.53333140000001,0.4170626293333333,False,27.9,62,87,2,2,87,0.0,357.0,222.0,135.0,467.1,19.2
2020-06-09 08:30:00,15759.042857142858,15431.426666666666,17753.22380952381,22,4136001,0.9792109080833105,0.25,True,3857.8566666666666,3939.7607142857146,27.64948037931034,37.253409551724125,0.5304539527586206,False,27.9,62,87,2,2,87,0.0,357.0,222.0,135.0,467.1,19.2
2020-06-09 08:45:00,16568.740476190476,16221.604761904762,21710.795238095237,22,4136001,0.9790487566158361,0.25,True,4055.4011904761905,4142.185119047619,28.002729266666663,38.87611719999999,0.5585220813333334,False,27.9,62,87,2,2,87,0.0,357.0,222.0,135.0,467.1,19.2
2020-06-09 09:00:00,19459.425714285713,19037.75380952381,25999.35714285714,22,4136001,0.9783307117613269,0.25,True,4759.438452380952,4864.856428571428,28.392504551724134,40.263924206896554,0.65995724,False,29.8,54,89,1,1,89,0.0,562.0,387.0,175.0,577.0,18.8
2020-06-09 09:15:00,20246.553333333333,19804.059999999998,31060.0,22,4136001,0.9781447574780628,0.25,True,4951.014999999999,5061.638333333333,28.73394366666667,42.669370366666655,0.681518345,False,29.8,54,89,1,1,89,0.0,562.0,387.0,175.0,577.0,18.8
2020-06-09 09:30:00,17763.56476190476,17367.318571428572,35219.985714285714,22,4136001,0.9776933179917825,0.25,True,4341.829642857143,4440.89119047619,28.85085217241379,41.72331493103448,0.6963356251724138,False,29.8,54,89,1,1,89,0.0,562.0,387.0,175.0,577.0,18.8
2020-06-09 09:45:00,5072.236666666667,4952.594285714285,11836.119047619048,22,4136001,0.9764123031287878,0.25,True,1238.1485714285714,1268.0591666666667,29.97841589999999,48.841255533333324,0.7644892783333334,False,29.8,54,89,1,1,89,0.0,562.0,387.0,175.0,577.0,18.8
2020-06-09 10:00:00,14625.399047619048,14273.230476190474,39235.65714285714,22,4136001,0.975920754689705,0.25,True,3568.3076190476186,3656.349761904762,29.874267448275855,46.25639937931035,0.7722951262068966,False,31.7,46,91,4,1,91,0.0,726.0,491.0,235.0,593.7,18.2
2020-06-09 10:15:00,14139.926666666666,13797.033333333333,42655.26666666666,22,4136001,0.9757499921027407,0.25,True,3449.258333333333,3534.9816666666666,30.301633733333336,49.99048963333334,0.8280756470000001,False,31.7,46,91,4,1,91,0.0,726.0,491.0,235.0,593.7,18.2
2020-06-09 10:30:00,15034.273333333334,14666.646666666666,46406.26666666666,22,4136001,0.975547426967981,0.25,True,3666.6616666666664,3758.5683333333336,31.10254106896551,55.13560751724137,0.8762817527586207,False,31.7,46,91,4,1,91,0.0,726.0,491.0,235.0,593.7,18.2
2020-06-09 10:45:00,14148.583333333334,13809.587142857143,51425.3,22,4136001,0.9760402732563667,0.25,True,3452.3967857142857,3537.1458333333335,31.264162166666665,52.49366256666666,0.8701082106666665,False,31.7,46,91,4,1,91,0.0,726.0,491.0,235.0,593.7,18.2
2020-06-09 11:00:00,12274.594761904762,11985.580952380951,54666.74285714285,22,4136001,0.9764543094798707,0.25,True,2996.395238095238,3068.6486904761905,31.781721379310344,53.44999120689656,0.795815186896552,False,33.3,40,87,12,8,85,0.0,864.0,624.0,240.0,668.4,17.6
2020-06-09 11:15:00,12388.497142857143,12093.957619047618,57819.89047619048,22,4136001,0.976224757497777,0.25,True,3023.4894047619046,3097.1242857142856,32.175657133333324,54.891657333333335,0.7947275603333331,False,33.3,40,87,12,8,85,0.0,864.0,624.0,240.0,668.4,17.6
2020-06-09 11:30:00,14391.126666666667,14041.593333333334,61197.6,22,4136001,0.9757118854256952,0.25,True,3510.3983333333335,3597.7816666666668,33.00239186206896,58.08577868965519,0.941355501724138,False,33.3,40,87,12,8,85,0.0,864.0,624.0,240.0,668.4,17.6
2020-06-09 11:45:00,10800.199999999999,10553.933333333332,64291.86666666667,22,4136001,0.9771979531243249,0.25,True,2638.483333333333,2700.0499999999997,32.501644766666665,50.18232919999999,0.5480442070000002,False,33.3,40,87,12,8,85,0.0,864.0,624.0,240.0,668.4,17.6
2020-06-09 12:00:00,13178.586666666666,12869.509047619049,67082.61904761905,22,4136001,0.9765469828544373,0.25,True,3217.3772619047622,3294.6466666666665,32.48051859999999,48.017826633333335,0.7137815336666666,False,34.1,37,98,2,18,98,0.0,884.0,652.0,232.0,663.2,18.4
2020-06-09 12:15:00,11682.982857142857,11416.173333333332,70147.75238095238,22,4136001,0.9771625511162674,0.25,True,2854.043333333333,2920.7457142857143,32.74632389655172,49.65918703448276,0.6081792393103447,False,34.1,37,98,2,18,98,0.0,884.0,652.0,232.0,663.2,18.4
2020-06-09 12:30:00,11863.605714285713,11603.41,72824.09047619048,22,4136001,0.9780677375367932,0.25,True,2900.8525,2965.9014285714284,32.671915799999994,46.348622600000006,0.4990866916666665,False,34.1,37,98,2,18,98,0.0,884.0,652.0,232.0,663.2,18.4
2020-06-09 12:45:00,15349.539999999999,14981.246666666666,76361.06666666667,22,4136001,0.9760062299369666,0.25,True,3745.3116666666665,3837.3849999999998,33.75495137931035,53.14650437931035,0.8266699910344828,False,34.1,37,98,2,18,98,0.0,884.0,652.0,232.0,663.2,18.4
2020-06-09 13:00:00,12086.687142857143,11807.057619047619,79929.55238095239,22,4136001,0.9768646676707623,0.25,True,2951.7644047619046,3021.6717857142858,33.71502976666666,55.152543,0.7209952,False,34.2,36,100,0,21,100,0.1,762.0,411.0,351.0,422.7,17.7
2020-06-09 13:15:00,12107.23142857143,11829.011904761905,82374.08571428571,22,4136001,0.9770203844329791,0.25,True,2957.252976190476,3026.8078571428573,33.20289665517242,46.4867574137931,0.5841201062068965,False,34.2,36,100,0,21,100,0.1,762.0,411.0,351.0,422.7,17.7
2020-06-09 13:30:00,13389.926666666666,13083.070952380951,85782.40476190476,22,4136001,0.9770830922435436,0.25,True,3270.7677380952377,3347.4816666666666,33.793959433333335,50.61013273333334,0.6701499496666666,False,34.2,36,100,0,21,100,0.1,762.0,411.0,351.0,422.7,17.7
2020-06-09 13:45:00,11536.786666666667,11288.48,88833.2,22,4136001,0.9784769647007427,0.25,True,2822.12,2884.1966666666667,33.49189089655172,48.928019724137926,0.5199972951724137,False,34.2,36,100,0,21,100,0.1,762.0,411.0,351.0,422.7,17.7
2020-06-09 14:00:00,11628.046666666665,11380.766666666666,91618.33333333333,22,4136001,0.9787341754734388,0.25,True,2845.1916666666666,2907.0116666666663,33.63099263333333,47.320751,0.541861241,False,34.7,35,100,0,13,100,0.1,718.0,402.0,316.0,445.8,17.4
2020-06-09 14:15:00,14528.16238095238,14215.709047619046,94833.77142857143,22,4136001,0.9784932653462776,0.25,True,3553.9272619047615,3632.040595238095,33.932267333333336,46.79574266666666,0.5865618399999997,False,34.7,35,100,0,13,100,0.1,718.0,402.0,316.0,445.8,17.4
2020-06-09 14:30:00,13345.164285714285,13069.039047619048,98340.86666666667,22,4136001,0.9793089667400481,0.25,True,3267.259761904762,3336.2910714285713,33.66286575862069,44.45120344827586,0.4710798586206896,False,34.7,35,100,0,13,100,0.1,718.0,402.0,316.0,445.8,17.4
2020-06-09 14:45:00,14739.919523809524,14436.487619047619,101594.50476190475,22,4136001,0.9794142767013233,0.25,True,3609.1219047619047,3684.979880952381,33.21628106666666,41.622585166666674,0.460747443,False,34.7,35,100,0,13,100,0.1,718.0,402.0,316.0,445.8,17.4
2020-06-09 15:00:00,15227.405714285715,14911.221904761904,105195.15238095238,22,4136001,0.9792358714638318,0.25,True,3727.805476190476,3806.8514285714286,33.44176203448276,41.9188822413793,0.4690195227586206,False,34.9,34,99,0,10,99,0.0,577.0,312.0,265.0,401.8,17.4
2020-06-09 15:15:00,13453.873333333333,13181.52,109121.73333333334,22,4136001,0.9797565112599544,0.25,True,3295.38,3363.4683333333332,33.6994721,43.42953376666667,0.4232792523333333,False,34.9,34,99,0,10,99,0.0,577.0,312.0,265.0,401.8,17.4
2020-06-09 15:30:00,13528.370476190477,13253.179047619047,112087.07142857142,22,4136001,0.9796581983723939,0.25,True,3313.294761904762,3382.0926190476193,33.290031586206894,40.94111372413793,0.4030901289655171,False,34.9,34,99,0,10,99,0.0,577.0,312.0,265.0,401.8,17.4
2020-06-09 15:45:00,17096.117619047618,16732.972380952382,115748.41428571429,22,4136001,0.9787586137281462,0.25,True,4183.2430952380955,4274.0294047619045,33.58660966666667,42.744317766666654,0.5008327286666667,False,34.9,34,99,0,10,99,0.0,577.0,312.0,265.0,401.8,17.4
2020-06-09 16:00:00,14122.038571428571,13833.97,119626.67142857143,22,4136001,0.9796014881299513,0.25,True,3458.4925,3530.509642857143,33.0764027,42.459844,0.435199468,False,34.1,36,48,0,11,43,0.0,440.0,261.0,179.0,431.5,18.2
2020-06-09 16:15:00,15617.430952380952,15293.555238095238,123325.74761904763,22,4136001,0.9792619083591122,0.25,True,3823.3888095238094,3904.357738095238,33.27681251724139,42.838554482758624,0.4717216579310344,False,34.1,36,48,0,11,43,0.0,440.0,261.0,179.0,431.5,18.2
2020-06-09 16:30:00,13270.026666666667,13002.253333333334,126756.73333333332,22,4136001,0.979821191014939,0.25,True,3250.5633333333335,3317.5066666666667,33.22364099999999,42.33871990000001,0.4031365280000001,False,34.1,36,48,0,11,43,0.0,440.0,261.0,179.0,431.5,18.2
2020-06-09 16:45:00,7408.85380952381,7275.604285714287,129567.89523809524,22,4136001,0.98201482614784,0.25,True,1818.9010714285716,1852.2134523809525,32.634283482758605,38.626965655172405,0.2255481,False,34.1,36,48,0,11,43,0.0,440.0,261.0,179.0,431.5,18.2
2020-06-09 17:00:00,6078.2219047619055,5961.868571428571,131145.71428571426,22,4136001,0.9808573403280688,0.25,True,1490.4671428571428,1519.5554761904764,32.061292366666656,35.74595430000001,0.1854117523333333,False,33.2,39,50,1,19,93,0.0,286.0,178.0,108.0,446.4,18.2
2020-06-09 17:15:00,5235.207142857143,5133.427619047619,132544.6,22,4136001,0.9805586443798332,0.25,True,1283.3569047619048,1308.8017857142856,31.747895413793103,34.54536172413794,0.1587967972413793,False,33.2,39,50,1,19,93,0.0,286.0,178.0,108.0,446.4,18.2
2020-06-09 17:30:00,3766.52,3688.1085714285714,133652.39047619049,22,4136001,0.9791819959614104,0.25,True,922.0271428571428,941.63,31.548145533333336,33.42435616666667,0.1148093877666666,False,33.2,39,50,1,19,93,0.0,286.0,178.0,108.0,446.4,18.2
2020-06-09 17:45:00,2667.5733333333333,2594.633333333333,134444.0,22,4136001,0.9726567966891256,0.25,True,648.6583333333333,666.8933333333333,31.337953666666667,32.47899783333333,0.0811515678333333,False,33.2,39,50,1,19,93,0.0,286.0,178.0,108.0,446.4,18.2
2020-06-09 18:00:00,1751.9104761904762,1699.4038095238095,134980.4619047619,22,4136001,0.9700289099356023,0.25,True,424.8509523809524,437.97761904761904,30.9759341724138,31.487286827586203,0.0539801748275862,False,32.0,43,97,0,16,97,0.0,77.0,19.0,58.0,110.5,18.4
2020-06-09 18:15:00,1049.837619047619,1015.3504761904761,135315.26666666666,22,4136001,0.9671500218401122,0.25,True,253.83761904761903,262.45940476190475,30.425907533333326,30.5566122,0.0325861480333333,False,32.0,43,97,0,16,97,0.0,77.0,19.0,58.0,110.5,18.4
2020-06-09 18:30:00,509.4971428571429,491.93523809523805,135504.39047619049,22,4136001,0.9655309062904226,0.25,True,122.98380952380951,127.37428571428572,29.78792568965517,29.545744862068968,0.0158776952068965,False,32.0,43,97,0,16,97,0.0,77.0,19.0,58.0,110.5,18.4
2020-06-09 18:45:00,24.33904761904762,23.496666666666666,135565.4619047619,22,4136001,0.9653897323524808,0.25,True,5.8741666666666665,6.084761904761905,29.3878782,28.818895433333328,0.00309579056,False,32.0,43,97,0,16,97,0.0,77.0,19.0,58.0,110.5,18.4
2020-06-09 19:00:00,0.0,0.0,135099.8,22,4136001,,0.25,True,0.0,0.0,29.1135703,28.39846403333333,3.8377585333333325e-05,False,30.3,53,54,0,5,52,0.0,2.0,0.0,2.0,0.0,18.9
2020-06-09 19:15:00,0.0,0.0,135566.0,22,4136001,,0.25,True,0.0,0.0,28.7548711724138,27.99284410344828,0.0,False,30.3,53,54,0,5,52,0.0,2.0,0.0,2.0,0.0,18.9
2020-06-09 19:30:00,0.0,0.0,135566.0,22,4136001,,0.25,True,0.0,0.0,28.49226686666667,27.5837351,0.0,False,30.3,53,54,0,5,52,0.0,2.0,0.0,2.0,0.0,18.9
2020-06-09 19:45:00,0.0,0.0,135566.0,22,4136001,,0.25,True,0.0,0.0,28.32192913793104,27.31227586206897,0.0,False,30.3,53,54,0,5,52,0.0,2.0,0.0,2.0,0.0,18.9
2020-06-09 20:00:00,0.0,0.0,135566.0,22,4136001,,0.25,True,0.0,0.0,28.137156099999995,27.1275268,0.0,False,29.7,55,77,0,5,76,0.0,0.0,0.0,0.0,0.0,18.9
2020-06-09 20:15:00,0.0,0.0,135252.93333333332,22,4136001,,0.25,True,0.0,0.0,28.020356379310343,27.049498482758622,0.0,False,29.7,55,77,0,5,76,0.0,0.0,0.0,0.0,0.0,18.9
2020-06-09 20:30:00,0.0,0.0,135566.0,22,4136001,,0.25,True,0.0,0.0,27.789789733333336,26.98568626666666,0.0,False,29.7,55,77,0,5,76,0.0,0.0,0.0,0.0,0.0,18.9
2020-06-09 20:45:00,0.0,0.0,135566.0,22,4136001,,0.25,True,0.0,0.0,27.563402266666664,26.703043566666665,0.0,False,29.7,55,77,0,5,76,0.0,0.0,0.0,0.0,0.0,18.9
2020-06-09 21:00:00,0.0,0.0,135566.0,22,4136001,,0.25,True,0.0,0.0,27.385646620689656,26.474708103448272,0.0,False,29.5,55,100,0,4,100,0.0,0.0,0.0,0.0,0.0,19.5
2020-06-09 21:15:00,0.0,0.0,135566.0,22,4136001,,0.25,True,0.0,0.0,27.17383313333333,26.231331433333327,0.0,False,29.5,55,100,0,4,100,0.0,0.0,0.0,0.0,0.0,19.5
2020-06-09 21:30:00,0.0,0.0,135566.0,22,4136001,,0.25,True,0.0,0.0,26.97954372413793,25.88630293103448,0.0,False,29.5,55,100,0,4,100,0.0,0.0,0.0,0.0,0.0,19.5
2020-06-09 21:45:00,0.0,0.0,135566.0,22,4136001,,0.25,True,0.0,0.0,26.803884000000004,25.7223277,0.0,False,29.5,55,100,0,4,100,0.0,0.0,0.0,0.0,0.0,19.5
2020-06-09 22:00:00,0.0,0.0,135566.0,22,4136001,,0.25,True,0.0,0.0,26.625941793103447,25.58186593103449,0.0,False,28.9,57,100,0,3,100,0.0,0.0,0.0,0.0,0.0,20.5
2020-06-09 22:15:00,0.0,0.0,135566.0,22,4136001,,0.25,True,0.0,0.0,26.53613793333333,25.50844213333333,0.0,False,28.9,57,100,0,3,100,0.0,0.0,0.0,0.0,0.0,20.5
2020-06-09 22:30:00,0.0,0.0,135566.0,22,4136001,,0.25,True,0.0,0.0,26.33365179310344,25.235205310344828,0.0,False,28.9,57,100,0,3,100,0.0,0.0,0.0,0.0,0.0,20.5
2020-06-09 22:45:00,0.0,0.0,135566.0,22,4136001,,0.25,True,0.0,0.0,26.059421833333335,24.828207433333333,0.0,False,28.9,57,100,0,3,100,0.0,0.0,0.0,0.0,0.0,20.5
2020-06-09 23:00:00,0.0,0.0,135566.0,22,4136001,,0.25,True,0.0,0.0,25.9084695862069,24.625861827586206,0.0,False,27.7,63,98,0,0,98,0.1,0.0,0.0,0.0,0.0,20.2
2020-06-09 23:15:00,0.0,0.0,135566.0,22,4136001,,0.25,True,0.0,0.0,25.75971583333333,24.364313733333333,0.0,False,27.7,63,98,0,0,98,0.1,0.0,0.0,0.0,0.0,20.2
2020-06-09 23:30:00,0.0,0.0,135566.0,22,4136001,,0.25,True,0.0,0.0,25.67693131034483,24.28865624137931,0.0,False,27.7,63,98,0,0,98,0.1,0.0,0.0,0.0,0.0,20.2
2020-06-09 23:45:00,0.0,0.0,128578.93333333333,22,4136001,,0.25,True,0.0,0.0,25.5602008,24.195226966666663,0.0,False,27.7,63,98,0,0,98,0.1,0.0,0.0,0.0,0.0,20.2
2020-06-10 00:00:00,0.0,0.0,105992.77142857143,22,4136001,,0.25,True,0.0,0.0,25.437387933333333,24.202457666666664,0.0,False,27.1,65,98,0,1,98,0.0,0.0,0.0,0.0,0.0,20.2
2020-06-10 00:15:00,0.0,0.0,103323.0,22,4136001,,0.25,True,0.0,0.0,25.21314627586207,23.828036620689648,0.0,False,27.1,65,98,0,1,98,0.0,0.0,0.0,0.0,0.0,20.2
2020-06-10 00:30:00,0.0,0.0,103323.0,22,4136001,,0.25,True,0.0,0.0,25.12166253333333,23.604673266666666,0.0,False,27.1,65,98,0,1,98,0.0,0.0,0.0,0.0,0.0,20.2
2020-06-10 00:45:00,0.0,0.0,103323.0,22,4136001,,0.25,True,0.0,0.0,25.015255551724145,23.578188206896552,0.0,False,27.1,65,98,0,1,98,0.0,0.0,0.0,0.0,0.0,20.2
2020-06-10 01:00:00,0.0,0.0,103323.0,22,4136001,,0.25,True,0.0,0.0,24.99261046666667,23.7386078,0.0,False,26.5,69,96,1,6,97,0.0,0.0,0.0,0.0,0.0,19.4
2020-06-10 01:15:00,0.0,0.0,103323.0,22,4136001,,0.25,True,0.0,0.0,24.88058675862069,23.84842855172414,0.0,False,26.5,69,96,1,6,97,0.0,0.0,0.0,0.0,0.0,19.4
2020-06-10 01:30:00,0.0,0.0,103323.0,22,4136001,,0.25,True,0.0,0.0,24.761782666666665,23.54663393333333,0.0,False,26.5,69,96,1,6,97,0.0,0.0,0.0,0.0,0.0,19.4
2020-06-10 01:45:00,0.0,0.0,103323.0,22,4136001,,0.25,True,0.0,0.0,24.697293966666678,23.41245213333333,0.0,False,26.5,69,96,1,6,97,0.0,0.0,0.0,0.0,0.0,19.4
2020-06-10 02:00:00,0.0,0.0,103323.0,22,4136001,,0.25,True,0.0,0.0,24.64039017241379,23.51370562068965,0.0,False,26.0,72,95,4,11,94,0.0,0.0,0.0,0.0,0.0,19.5
2020-06-10 02:15:00,0.0,0.0,103323.0,22,4136001,,0.25,True,0.0,0.0,24.6962769,23.87686546666666,0.0,False,26.0,72,95,4,11,94,0.0,0.0,0.0,0.0,0.0,19.5
2020-06-10 02:30:00,0.0,0.0,103323.0,22,4136001,,0.25,True,0.0,0.0,24.722768,23.917120366666676,0.0,False,26.0,72,95,4,11,94,0.0,0.0,0.0,0.0,0.0,19.5
2020-06-10 02:45:00,0.0,0.0,103323.0,22,4136001,,0.25,True,0.0,0.0,24.6661955862069,23.741481448275863,0.0,False,26.0,72,95,4,11,94,0.0,0.0,0.0,0.0,0.0,19.5
2020-06-10 03:00:00,0.0,0.0,103323.0,22,4136001,,0.25,True,0.0,0.0,24.606493333333336,23.76429046666667,0.0,False,25.4,76,99,4,11,99,0.0,0.0,0.0,0.0,0.0,19.9
2020-06-10 03:15:00,0.0,0.0,103323.0,22,4136001,,0.25,True,0.0,0.0,24.51722996551724,23.469060862068968,0.0,False,25.4,76,99,4,11,99,0.0,0.0,0.0,0.0,0.0,19.9
2020-06-10 03:30:00,0.0,0.0,102783.93333333333,22,4136001,,0.25,True,0.0,0.0,24.5019198,23.426099466666663,0.0,False,25.4,76,99,4,11,99,0.0,0.0,0.0,0.0,0.0,19.9
2020-06-10 03:45:00,0.0,0.0,103323.0,22,4136001,,0.25,True,0.0,0.0,24.46938972413793,23.309620896551728,0.0,False,25.4,76,99,4,11,99,0.0,0.0,0.0,0.0,0.0,19.9
2020-06-10 04:00:00,0.0,0.0,103323.0,22,4136001,,0.25,True,0.0,0.0,24.47257973333333,23.221962599999998,0.0,False,25.1,77,96,2,11,96,0.0,0.0,0.0,0.0,0.0,19.2
2020-06-10 04:15:00,0.0,0.0,103323.0,22,4136001,,0.25,True,0.0,0.0,24.40010386666667,23.019968633333328,0.0,False,25.1,77,96,2,11,96,0.0,0.0,0.0,0.0,0.0,19.2
2020-06-10 04:30:00,0.0,0.0,103323.0,22,4136001,,0.25,True,0.0,0.0,24.379035827586204,22.848119275862068,0.0,False,25.1,77,96,2,11,96,0.0,0.0,0.0,0.0,0.0,19.2
2020-06-10 04:45:00,0.0,0.0,103323.0,22,4136001,,0.25,True,0.0,0.0,24.298586166666663,22.698219800000004,0.0,False,25.1,77,96,2,11,96,0.0,0.0,0.0,0.0,0.0,19.2
2020-06-10 05:00:00,0.0,0.0,103323.0,22,4136001,,0.25,True,0.0,0.0,24.17085003448276,22.58803796551725,0.0,False,25.5,76,97,5,12,99,0.0,0.0,0.0,0.0,0.0,15.9
2020-06-10 05:15:00,0.0,0.0,103323.0,22,4136001,,0.25,True,0.0,0.0,24.174056900000007,22.795588200000005,0.0,False,25.5,76,97,5,12,99,0.0,0.0,0.0,0.0,0.0,15.9
2020-06-10 05:30:00,0.0,0.0,24269.600000000002,22,4136001,,0.25,True,0.0,0.0,24.193324866666664,22.905579666666668,0.0,False,25.5,76,97,5,12,99,0.0,0.0,0.0,0.0,0.0,15.9
2020-06-10 05:45:00,0.0,0.0,0.0,22,4136001,,0.25,True,0.0,0.0,24.36266368965517,23.178692965517246,0.0010603241375862,False,25.5,76,97,5,12,99,0.0,0.0,0.0,0.0,0.0,15.9
2020-06-10 06:00:00,262.5257142857143,253.38,17.914285714285715,22,4136001,0.9651625963170954,0.25,True,63.345,65.63142857142857,24.440316933333335,23.3795156,0.00985059336,False,25.8,75,98,9,24,98,0.0,13.0,1.0,12.0,10.8,15.5
2020-06-10 06:15:00,608.5104761904762,587.702380952381,128.14285714285714,22,4136001,0.9658048693452865,0.25,True,146.92559523809524,152.12761904761905,24.483821517241385,23.581738724137928,0.019141487275862,False,25.8,75,98,9,24,98,0.0,13.0,1.0,12.0,10.8,15.5
2020-06-10 06:30:00,891.9409523809525,862.2728571428571,299.48571428571427,22,4136001,0.9667376016776681,0.25,True,215.56821428571428,222.98523809523812,24.65489093333334,24.195461,0.0282602015,False,25.8,75,98,9,24,98,0.0,13.0,1.0,12.0,10.8,15.5
2020-06-10 06:45:00,1560.5233333333335,1512.4614285714285,587.2238095238096,22,4136001,0.9692014186937897,0.25,True,378.11535714285714,390.1308333333334,24.78432903333333,24.78258563333333,0.0481387713999999,False,25.8,75,98,9,24,98,0.0,13.0,1.0,12.0,10.8,15.5
2020-06-10 07:00:00,2218.14,2155.1466666666665,1066.8,22,4136001,0.9716008307260438,0.25,True,538.7866666666666,554.535,24.97881231034483,25.66959865517241,0.0670705048965517,False,26.4,73,100,5,40,99,0.1,79.0,5.0,74.0,19.7,16.3
2020-06-10 07:15:00,2381.3266666666664,2314.709523809524,1603.685714285714,22,4136001,0.9720251976389314,0.25,True,578.677380952381,595.3316666666666,25.1080181,26.313148933333338,0.0715662028,False,26.4,73,100,5,40,99,0.1,79.0,5.0,74.0,19.7,16.3
2020-06-10 07:30:00,3757.2619047619046,3678.6,2345.9761904761904,22,4136001,0.9790640347264029,0.25,True,919.65,939.3154761904761,25.295457379310346,27.09805717241379,0.1130817917241379,False,26.4,73,100,5,40,99,0.1,79.0,5.0,74.0,19.7,16.3
2020-06-10 07:45:00,5272.815714285714,5170.555238095238,3429.8904761904764,22,4136001,0.980606097058651,0.25,True,1292.6388095238094,1318.2039285714286,25.51075433333333,28.222063133333336,0.1587628896666666,False,26.4,73,100,5,40,99,0.1,79.0,5.0,74.0,19.7,16.3
2020-06-10 08:00:00,7794.735238095238,7656.8590476190475,4975.528571428571,22,4136001,0.982311626211196,0.25,True,1914.2147619047619,1948.6838095238095,25.9544596,30.214724666666665,0.2368948016666667,False,27.4,68,99,7,58,99,0.0,170.0,19.0,151.0,40.0,17.7
2020-06-10 08:15:00,10750.365714285714,10544.25,7231.2,22,4136001,0.9808270974435953,0.25,True,2636.0625,2687.5914285714284,26.434648172413794,32.84884444827586,0.3426622572413792,False,27.4,68,99,7,58,99,0.0,170.0,19.0,151.0,40.0,17.7
2020-06-10 08:30:00,15675.28476190476,15349.147142857144,10519.504761904762,22,4136001,0.9791941502817084,0.25,True,3837.286785714286,3918.82119047619,27.3451212,37.552455533333344,0.523309134,False,27.4,68,99,7,58,99,0.0,170.0,19.0,151.0,40.0,17.7
2020-06-10 08:45:00,13087.453333333333,12825.266666666666,14134.133333333333,22,4136001,0.9799665633955779,0.25,True,3206.3166666666666,3271.8633333333332,27.54667075862069,38.06824462068965,0.4238464179310345,False,27.4,68,99,7,58,99,0.0,170.0,19.0,151.0,40.0,17.7
2020-06-10 09:00:00,10690.100476190475,10486.249523809523,17104.23333333333,22,4136001,0.9809308665680946,0.25,True,2621.562380952381,2672.525119047619,27.7801168,36.67724296666666,0.351260774,False,28.6,61,100,2,63,100,0.0,258.0,27.0,231.0,40.3,17.5
2020-06-10 09:15:00,11691.594285714285,11461.671904761904,19652.38095238095,22,4136001,0.9803343859414179,0.25,True,2865.417976190476,2922.8985714285714,27.679422172413798,34.81999272413793,0.3692132548275861,False,28.6,61,100,2,63,100,0.0,258.0,27.0,231.0,40.3,17.5
2020-06-10 09:30:00,19594.02333333333,19134.367142857143,23580.257142857143,22,4136001,0.9765410001480288,0.25,True,4783.591785714286,4898.505833333333,28.454675299999995,39.858438,0.7025942073333333,False,28.6,61,100,2,63,100,0.0,258.0,27.0,231.0,40.3,17.5
2020-06-10 09:45:00,15202.28380952381,14851.255714285713,27722.91904761905,22,4136001,0.9769095157256447,0.25,True,3712.8139285714283,3800.5709523809523,29.13182993333333,43.16924730000001,0.7139898656666664,False,28.6,61,100,2,63,100,0.0,258.0,27.0,231.0,40.3,17.5
2020-06-10 10:00:00,13760.904285714285,13457.815714285713,31410.152380952382,22,4136001,0.9779746617565519,0.25,True,3364.453928571428,3440.2260714285712,29.35636106896552,42.23618817241379,0.5876122955172411,False,29.8,55,100,4,31,100,0.0,321.0,42.0,279.0,50.8,17.3
2020-06-10 10:15:00,14553.823809523808,14234.854285714286,34783.60952380952,22,4136001,0.9780834557306655,0.25,True,3558.7135714285714,3638.455952380952,29.507195900000006,41.63273206666666,0.6250153523333332,False,29.8,55,100,4,31,100,0.0,321.0,42.0,279.0,50.8,17.3
2020-06-10 10:30:00,16388.566666666666,16013.026666666667,38460.53333333333,22,4136001,0.9770852443878558,0.25,True,4003.2566666666667,4097.141666666666,30.09937896551724,44.04637717241379,0.7730966213793103,False,29.8,55,100,4,31,100,0.0,321.0,42.0,279.0,50.8,17.3
2020-06-10 10:45:00,17614.010000000002,17190.02619047619,42662.42857142857,22,4136001,0.9759291717488628,0.25,True,4297.5065476190475,4403.5025000000005,30.5425225862069,46.75796189655173,0.8169313475862068,False,29.8,55,100,4,31,100,0.0,321.0,42.0,279.0,50.8,17.3
2020-06-10 11:00:00,12580.213333333333,12272.881428571429,40262.54761904762,22,4136001,0.9755702151769098,0.25,True,3068.220357142857,3145.0533333333333,30.95782873333334,51.6436981,0.9207850323333334,False,31.6,47,100,4,2,100,0.0,503.0,122.0,381.0,130.7,17.6
2020-06-10 11:15:00,0.0,0.0,0.0,22,4136001,,0.25,True,0.0,0.0,31.295486533333335,50.5755861,0.7684907340000002,False,31.6,47,100,4,2,100,0.0,503.0,122.0,381.0,130.7,17.6
2020-06-10 11:30:00,0.0,0.0,0.0,22,4136001,,0.25,True,0.0,0.0,31.757299862068965,51.85563372413792,0.7788566541379311,False,31.6,47,100,4,2,100,0.0,503.0,122.0,381.0,130.7,17.6
2020-06-10 11:45:00,8689.745714285715,8489.560952380953,24019.0,22,4136001,0.9769631047343924,0.25,True,2122.390238095238,2172.4364285714287,31.9201211,48.976285700000005,0.7246776103333333,False,31.6,47,100,4,2,100,0.0,503.0,122.0,381.0,130.7,17.6
2020-06-10 12:00:00,15082.77380952381,14722.327142857142,45061.80476190476,22,4136001,0.9761020969207224,0.25,True,3680.5817857142856,3770.6934523809523,32.280093310344824,53.31676306896552,0.953999098275862,False,33.5,42,100,10,12,100,0.0,718.0,336.0,382.0,341.9,18.0
2020-06-10 12:15:00,15521.713333333333,15139.62,48868.86666666667,22,4136001,0.9753833017574951,0.25,True,3784.905,3880.4283333333333,32.97215269999999,57.7699776,0.9167926003333334,False,33.5,42,100,10,12,100,0.0,718.0,336.0,382.0,341.9,18.0
2020-06-10 12:30:00,13279.923333333334,12959.080952380951,52504.147619047624,22,4136001,0.9758400426795348,0.25,True,3239.770238095238,3319.9808333333335,33.43992889655173,58.82968889655173,0.8183672462068967,False,33.5,42,100,10,12,100,0.0,718.0,336.0,382.0,341.9,18.0
2020-06-10 12:45:00,12309.557619047619,12021.740952380951,55565.747619047615,22,4136001,0.9766184394619264,0.25,True,3005.4352380952378,3077.3894047619046,33.301251166666674,53.32308253333333,0.7079482373333333,False,33.5,42,100,10,12,100,0.0,718.0,336.0,382.0,341.9,18.0
2020-06-10 13:00:00,8856.56,8672.526666666667,58458.066666666666,22,4136001,0.9792206755971469,0.25,True,2168.1316666666667,2214.14,33.039216931034474,45.869951793103446,0.3938052779310344,False,34.4,39,100,18,91,100,0.0,707.0,353.0,354.0,363.1,16.4
2020-06-10 13:15:00,11416.39380952381,11170.02,63079.72857142857,22,4136001,0.9784192965279211,0.25,True,2792.505,2854.0984523809525,33.3262257,45.95247896666668,0.5044548416666667,False,34.4,39,100,18,91,100,0.0,707.0,353.0,354.0,363.1,16.4
2020-06-10 13:30:00,13790.306666666667,13493.413333333334,69249.4,22,4136001,0.9784708679429899,0.25,True,3373.3533333333335,3447.576666666667,33.499213600000004,44.502122,0.5222638476666666,False,34.4,39,100,18,91,100,0.0,707.0,353.0,354.0,363.1,16.4
2020-06-10 13:45:00,12588.539523809524,12326.921428571428,73857.94761904761,22,4136001,0.9792177563772763,0.25,True,3081.730357142857,3147.134880952381,33.925000448275874,48.607757586206894,0.4816418755172414,False,34.4,39,100,18,91,100,0.0,707.0,353.0,354.0,363.1,16.4
2020-06-10 14:00:00,3151.6880952380952,3096.204761904762,36547.509523809524,22,4136001,0.982395677599835,0.25,True,774.0511904761905,787.9220238095238,33.56310123333334,43.02009363333334,0.3840502260000001,False,33.8,40,100,92,88,100,0.0,325.0,57.0,268.0,63.2,14.8
2020-06-10 14:15:00,6437.92,6310.16,37876.666666666664,22,4136001,0.9801550811442205,0.25,True,1577.54,1609.48,33.70282286206896,43.953741448275856,0.3961507344827586,False,33.8,40,100,92,88,100,0.0,325.0,57.0,268.0,63.2,14.8
2020-06-10 14:30:00,10150.901428571427,9958.727142857142,79056.62857142858,22,4136001,0.981068254177567,0.25,True,2489.6817857142855,2537.725357142857,33.920901400000005,43.073061066666654,0.334423286,False,33.8,40,100,92,88,100,0.0,325.0,57.0,268.0,63.2,14.8
2020-06-10 14:45:00,5547.333333333333,5441.58,80842.46666666666,22,4136001,0.9809361855546209,0.25,True,1360.395,1386.8333333333333,33.64006713793104,37.95102889655172,0.1738958765517241,False,33.8,40,100,92,88,100,0.0,325.0,57.0,268.0,63.2,14.8
2020-06-10 15:00:00,6630.744285714285,6510.148571428572,82268.27142857143,22,4136001,0.9818126428815038,0.25,True,1627.537142857143,1657.6860714285713,31.627627600000004,32.33192129999999,0.197848304,False,31.8,46,100,10,64,100,0.1,259.0,44.0,215.0,56.6,20.5
2020-06-10 15:15:00,6720.701904761905,6601.044285714286,83943.76190476191,22,4136001,0.9821956663540103,0.25,True,1650.2610714285715,1680.1754761904763,30.474946034482755,31.81913165517241,0.1941973317241379,False,31.8,46,100,10,64,100,0.1,259.0,44.0,215.0,56.6,20.5
2020-06-10 15:30:00,5320.8133333333335,5217.613333333334,85451.66666666666,22,4136001,0.9806044689909563,0.25,True,1304.4033333333334,1330.2033333333334,28.844152000000005,27.80587658620689,0.1557526934482758,False,31.8,46,100,10,64,100,0.1,259.0,44.0,215.0,56.6,20.5
2020-06-10 15:45:00,5891.509999999999,5775.755238095238,86591.84761904762,22,4136001,0.9803522760880045,0.25,True,1443.9388095238096,1472.8774999999998,28.8524355,27.612677428571427,0.1756764994642857,False,31.8,46,100,10,64,100,0.1,259.0,44.0,215.0,56.6,20.5
2020-06-10 16:00:00,8989.787142857143,8831.031904761905,88592.26190476191,22,4136001,0.9823404897610531,0.25,True,2207.7579761904763,2247.446785714286,28.792319482758614,31.002017413793105,0.2759300524137931,False,32.2,44,100,1,28,100,0.0,199.0,32.0,167.0,52.8,15.5
2020-06-10 16:15:00,9532.229047619046,9356.421428571428,90898.76666666666,22,4136001,0.9815565049717797,0.25,True,2339.105357142857,2383.0572619047616,30.2339967,35.32667526666666,0.2930965216666666,False,32.2,44,100,1,28,100,0.0,199.0,32.0,167.0,52.8,15.5
2020-06-10 16:30:00,9111.22,8944.253333333332,93206.8,22,4136001,0.9816746092546699,0.25,True,2236.063333333333,2277.805,31.04575,36.902448896551725,0.2751795737931034,False,32.2,44,100,1,28,100,0.0,199.0,32.0,167.0,52.8,15.5
2020-06-10 16:45:00,4824.712857142857,4732.148571428572,94948.24761904762,22,4136001,0.980814550325571,0.25,True,1183.037142857143,1206.1782142857141,30.481976366666675,34.33522446666666,0.1438109367333333,False,32.2,44,100,1,28,100,0.0,199.0,32.0,167.0,52.8,15.5
2020-06-10 17:00:00,2073.382857142857,2015.5828571428572,95773.25238095238,22,4136001,0.9721228523710045,0.25,True,503.8957142857143,518.3457142857143,28.871531551724143,30.45449727586207,0.0598915288965517,False,30.0,56,100,16,80,100,0.0,185.0,40.0,145.0,100.1,21.2
2020-06-10 17:15:00,446.122380952381,430.5961904761905,96037.64761904762,22,4136001,0.9651974634335869,0.25,True,107.64904761904762,111.53059523809524,28.474115166666675,28.696881133333335,0.0138440747,False,30.0,56,100,16,80,100,0.0,185.0,40.0,145.0,100.1,21.2
2020-06-10 17:30:00,390.1818181818182,376.4927272727273,96118.02727272727,22,4136001,0.9649161230195713,0.25,True,94.12318181818182,97.54545454545455,28.16179045454546,27.141686227272725,0.0098822284181818,False,30.0,56,100,16,80,100,0.0,185.0,40.0,145.0,100.1,21.2
2020-06-10 17:45:00,312.4642857142857,301.4785714285714,96216.5,22,4136001,0.9648416961938506,0.25,True,75.36964285714285,78.11607142857143,27.759773862068965,25.464605862068968,0.007683457437931,False,30.0,56,100,16,80,100,0.0,185.0,40.0,145.0,100.1,21.2
2020-06-10 18:00:00,186.14000000000001,179.46,96281.93333333333,22,4136001,0.9641130332008165,0.25,True,44.865,46.535000000000004,27.594035633333338,25.238632133333333,0.0057233773333333,False,28.2,67,100,9,69,100,0.1,21.0,0.0,21.0,0.0,18.2
2020-06-10 18:15:00,0.0,0.0,96297.0,22,4136001,,0.25,True,0.0,0.0,27.48483182758621,25.356442034482757,0.0010758963210344,False,28.2,67,100,9,69,100,0.1,21.0,0.0,21.0,0.0,18.2
2020-06-10 18:30:00,0.0,0.0,96297.0,22,4136001,,0.25,True,0.0,0.0,27.020735,24.48984606896552,3.970162241379311e-06,False,28.2,67,100,9,69,100,0.1,21.0,0.0,21.0,0.0,18.2
2020-06-10 18:45:00,0.0,0.0,96297.0,22,4136001,,0.25,True,0.0,0.0,26.51906023333333,24.231867599999998,8.954930733333335e-06,False,28.2,67,100,9,69,100,0.1,21.0,0.0,21.0,0.0,18.2
2020-06-10 19:00:00,0.0,0.0,96297.0,22,4136001,,0.25,True,0.0,0.0,25.68034753333333,23.940504966666666,0.0,False,26.2,83,99,35,35,99,2.3,1.0,0.0,1.0,0.0,19.1
2020-06-10 19:15:00,0.0,0.0,96297.0,22,4136001,,0.25,True,0.0,0.0,25.42073310344828,23.76359931034483,0.0,False,26.2,83,99,35,35,99,2.3,1.0,0.0,1.0,0.0,19.1
2020-06-10 19:30:00,0.0,0.0,96297.0,22,4136001,,0.25,True,0.0,0.0,25.3429769,23.65935363333333,0.0,False,26.2,83,99,35,35,99,2.3,1.0,0.0,1.0,0.0,19.1
2020-06-10 19:45:00,0.0,0.0,96297.0,22,4136001,,0.25,True,0.0,0.0,25.587558965517243,23.506497137931035,0.0002567820889655,False,26.2,83,99,35,35,99,2.3,1.0,0.0,1.0,0.0,19.1
2020-06-10 20:00:00,0.0,0.0,96297.0,22,4136001,,0.25,True,0.0,0.0,25.62356443333333,23.425383533333328,0.0007306051336666,False,25.2,85,100,0,75,100,1.7,0.0,0.0,0.0,0.0,17.2
2020-06-10 20:15:00,0.0,0.0,96297.0,22,4136001,,0.25,True,0.0,0.0,25.66528827586207,24.142730724137937,0.0007796478882758,False,25.2,85,100,0,75,100,1.7,0.0,0.0,0.0,0.0,17.2
2020-06-10 20:30:00,0.0,0.0,96297.0,22,4136001,,0.25,True,0.0,0.0,25.578056700000005,24.65686333333333,0.0005540524626666,False,25.2,85,100,0,75,100,1.7,0.0,0.0,0.0,0.0,17.2
2020-06-10 20:45:00,0.0,0.0,96297.0,22,4136001,,0.25,True,0.0,0.0,25.580596733333334,24.732138133333336,0.00037619094,False,25.2,85,100,0,75,100,1.7,0.0,0.0,0.0,0.0,17.2
2020-06-10 21:00:00,0.0,0.0,96297.0,22,4136001,,0.25,True,0.0,0.0,25.454093103448272,24.63598003448276,6.618351724137934e-06,False,25.0,88,100,1,82,99,1.7,0.0,0.0,0.0,0.0,17.6
2020-06-10 21:15:00,0.0,0.0,96297.0,22,4136001,,0.25,True,0.0,0.0,25.4409433,24.756742466666665,5.118148956666666e-05,False,25.0,88,100,1,82,99,1.7,0.0,0.0,0.0,0.0,17.6
2020-06-10 21:30:00,0.0,0.0,96297.0,22,4136001,,0.25,True,0.0,0.0,25.329501310344824,24.59076237931034,0.0,False,25.0,88,100,1,82,99,1.7,0.0,0.0,0.0,0.0,17.6
2020-06-10 21:45:00,0.0,0.0,96297.0,22,4136001,,0.25,True,0.0,0.0,25.287559033333327,24.543854733333333,0.0,False,25.0,88,100,1,82,99,1.7,0.0,0.0,0.0,0.0,17.6
2020-06-10 22:00:00,0.0,0.0,96297.0,22,4136001,,0.25,True,0.0,0.0,25.301776066666665,24.221237133333336,0.0,False,24.7,89,100,0,78,100,2.6,0.0,0.0,0.0,0.0,17.6
2020-06-10 22:15:00,0.0,0.0,96297.0,22,4136001,,0.25,True,0.0,0.0,25.103430413793102,23.577908379310344,0.0,False,24.7,89,100,0,78,100,2.6,0.0,0.0,0.0,0.0,17.6
2020-06-10 22:30:00,0.0,0.0,96297.0,22,4136001,,0.25,True,0.0,0.0,24.885064466666662,23.447024333333328,0.0,False,24.7,89,100,0,78,100,2.6,0.0,0.0,0.0,0.0,17.6
2020-06-10 22:45:00,0.0,0.0,96297.0,22,4136001,,0.25,True,0.0,0.0,24.87121975862069,23.496775827586205,0.0,False,24.7,89,100,0,78,100,2.6,0.0,0.0,0.0,0.0,17.6
2020-06-10 23:00:00,0.0,0.0,95864.15384615384,22,4136001,,0.25,True,0.0,0.0,24.796322600000003,23.435265966666663,0.0,False,24.3,89,100,0,100,100,2.7,0.0,0.0,0.0,0.0,18.2
2020-06-10 23:15:00,0.0,0.0,96297.0,22,4136001,,0.25,True,0.0,0.0,24.7657957,23.433153999999995,0.0,False,24.3,89,100,0,100,100,2.7,0.0,0.0,0.0,0.0,18.2
2020-06-10 23:30:00,0.0,0.0,96297.0,22,4136001,,0.25,True,0.0,0.0,24.622883793103444,23.429897724137927,0.0,False,24.3,89,100,0,100,100,2.7,0.0,0.0,0.0,0.0,18.2
2020-06-10 23:45:00,0.0,0.0,91094.05714285714,22,4136001,,0.25,True,0.0,0.0,24.52480276666667,23.359506299999996,0.0,False,24.3,89,100,0,100,100,2.7,0.0,0.0,0.0,0.0,18.2
2020-06-11 00:00:00,0.0,0.0,74919.53333333334,22,4136001,,0.25,True,0.0,0.0,24.52855189655173,23.398515344827583,0.0,False,24.0,89,100,0,83,100,2.1,0.0,0.0,0.0,0.0,21.6
2020-06-11 00:15:00,0.0,0.0,73532.0,22,4136001,,0.25,True,0.0,0.0,24.602478866666665,23.42233426666667,0.0,False,24.0,89,100,0,83,100,2.1,0.0,0.0,0.0,0.0,21.6
2020-06-11 00:30:00,0.0,0.0,73201.6,22,4136001,,0.25,True,0.0,0.0,24.652273172413796,23.67843110344828,0.0,False,24.0,89,100,0,83,100,2.1,0.0,0.0,0.0,0.0,21.6
2020-06-11 00:45:00,0.0,0.0,73532.0,22,4136001,,0.25,True,0.0,0.0,24.744776200000008,24.167458166666663,0.0,False,24.0,89,100,0,83,100,2.1,0.0,0.0,0.0,0.0,21.6
2020-06-11 01:00:00,0.0,0.0,73532.0,22,4136001,,0.25,True,0.0,0.0,24.655353833333333,23.66065673333333,0.0,False,23.7,90,100,0,99,100,0.7,0.0,0.0,0.0,0.0,26.1
2020-06-11 01:15:00,0.0,0.0,73532.0,22,4136001,,0.25,True,0.0,0.0,24.631611620689657,23.33763493103448,0.0,False,23.7,90,100,0,99,100,0.7,0.0,0.0,0.0,0.0,26.1
2020-06-11 01:30:00,0.0,0.0,73532.0,22,4136001,,0.25,True,0.0,0.0,24.663321966666665,23.41626396666667,0.0,False,23.7,90,100,0,99,100,0.7,0.0,0.0,0.0,0.0,26.1
2020-06-11 01:45:00,0.0,0.0,73357.46666666667,22,4136001,,0.25,True,0.0,0.0,24.628002068965515,23.91842972413793,0.0,False,23.7,90,100,0,99,100,0.7,0.0,0.0,0.0,0.0,26.1
2020-06-11 02:00:00,0.0,0.0,73532.0,22,4136001,,0.25,True,0.0,0.0,24.583562166666667,23.807694466666668,0.0,False,23.9,88,100,0,98,100,0.3,0.0,0.0,0.0,0.0,23.4
2020-06-11 02:15:00,0.0,0.0,73134.64285714286,22,4136001,,0.25,True,0.0,0.0,24.18870453333333,23.353352000000005,0.0,False,23.9,88,100,0,98,100,0.3,0.0,0.0,0.0,0.0,23.4
2020-06-11 02:30:00,0.0,0.0,73532.0,22,4136001,,0.25,True,0.0,0.0,23.99366620689655,23.231899,0.0,False,23.9,88,100,0,98,100,0.3,0.0,0.0,0.0,0.0,23.4
2020-06-11 02:45:00,0.0,0.0,73532.0,22,4136001,,0.25,True,0.0,0.0,24.11983143333333,23.2196046,0.0001151645777666,False,23.9,88,100,0,98,100,0.3,0.0,0.0,0.0,0.0,23.4
2020-06-11 03:00:00,0.0,0.0,73532.0,22,4136001,,0.25,True,0.0,0.0,24.193308896551724,23.11700665517241,0.0001363457634482,False,23.6,91,100,0,78,100,0.7,0.0,0.0,0.0,0.0,22.0
2020-06-11 03:15:00,0.0,0.0,73532.0,22,4136001,,0.25,True,0.0,0.0,24.191336966666668,23.09600013333333,3.327031936666668e-05,False,23.6,91,100,0,78,100,0.7,0.0,0.0,0.0,0.0,22.0
2020-06-11 03:30:00,0.0,0.0,73532.0,22,4136001,,0.25,True,0.0,0.0,24.184912066666666,23.526898266666667,2.559282e-05,False,23.6,91,100,0,78,100,0.7,0.0,0.0,0.0,0.0,22.0
2020-06-11 03:45:00,0.0,0.0,73532.0,22,4136001,,0.25,True,0.0,0.0,24.228536862068967,23.631382448275865,3.971314896551726e-06,False,23.6,91,100,0,78,100,0.7,0.0,0.0,0.0,0.0,22.0
2020-06-11 04:00:00,0.0,0.0,73532.0,22,4136001,,0.25,True,0.0,0.0,24.204156500000003,23.579078366666664,0.0,False,23.5,91,100,0,99,100,1.5,0.0,0.0,0.0,0.0,22.4
2020-06-11 04:15:00,0.0,0.0,73532.0,22,4136001,,0.25,True,0.0,0.0,24.2147461724138,23.664883172413795,0.0,False,23.5,91,100,0,99,100,1.5,0.0,0.0,0.0,0.0,22.4
2020-06-11 04:30:00,0.0,0.0,73532.0,22,4136001,,0.25,True,0.0,0.0,24.2575073,23.715879533333336,0.0,False,23.5,91,100,0,99,100,1.5,0.0,0.0,0.0,0.0,22.4
2020-06-11 04:45:00,0.0,0.0,73532.0,22,4136001,,0.25,True,0.0,0.0,24.256150931034483,23.536827379310346,0.0,False,23.5,91,100,0,99,100,1.5,0.0,0.0,0.0,0.0,22.4
2020-06-11 05:00:00,0.0,0.0,73532.0,22,4136001,,0.25,True,0.0,0.0,24.2076104,23.14459433333334,0.0,False,23.4,90,100,2,3,100,1.8,0.0,0.0,0.0,0.0,19.2
2020-06-11 05:15:00,0.0,0.0,73532.0,22,4136001,,0.25,True,0.0,0.0,24.26688568965517,23.236197655172408,0.0,False,23.4,90,100,2,3,100,1.8,0.0,0.0,0.0,0.0,19.2
2020-06-11 05:30:00,0.0,0.0,32750.933333333334,22,4136001,,0.25,True,0.0,0.0,24.262456366666665,23.634011800000007,0.0,False,23.4,90,100,2,3,100,1.8,0.0,0.0,0.0,0.0,19.2
2020-06-11 05:45:00,0.0,0.0,28694.285714285714,22,4136001,,0.25,True,0.0,0.0,24.228851566666663,23.681645666666665,0.0002546431066666,False,23.4,90,100,2,3,100,1.8,0.0,0.0,0.0,0.0,19.2
2020-06-11 06:00:00,16.074761904761903,15.507142857142856,23740.86666666667,22,4136001,0.9646888052848298,0.25,True,3.876785714285714,4.018690476190476,24.265365206896558,23.726225896551725,0.0042637027482758,False,23.5,91,100,0,85,100,0.8,5.0,0.0,5.0,0.0,19.5
2020-06-11 06:15:00,289.5109523809524,279.22285714285715,12539.033333333333,22,4136001,0.9644638824421479,0.25,True,69.80571428571429,72.3777380952381,24.30399276666666,23.941916866666663,0.0098950991166666,False,23.5,91,100,0,85,100,0.8,5.0,0.0,5.0,0.0,19.5
2020-06-11 06:30:00,459.84238095238095,443.9014285714286,118.37619047619047,22,4136001,0.9653338773430649,0.25,True,110.97535714285715,114.96059523809524,24.28631917241379,24.10950765517241,0.0146363091896551,False,23.5,91,100,0,85,100,0.8,5.0,0.0,5.0,0.0,19.5
2020-06-11 06:45:00,758.8538095238096,733.2538095238095,255.54761904761904,22,4136001,0.9662649120572191,0.25,True,183.31345238095238,189.7134523809524,24.22797863333333,23.9388551,0.0224950799666666,False,23.5,91,100,0,85,100,0.8,5.0,0.0,5.0,0.0,19.5
2020-06-11 07:00:00,1945.2780952380951,1888.4847619047619,566.0095238095238,22,4136001,0.9708045171164167,0.25,True,472.12119047619046,486.3195238095238,24.14798303448276,23.50303603448276,0.0590051749310344,False,23.7,91,100,0,97,100,0.5,51.0,1.0,50.0,4.0,18.8
2020-06-11 07:15:00,3350.153333333333,3272.904285714286,1197.9714285714285,22,4136001,0.9769416382078888,0.25,True,818.2260714285715,837.5383333333333,24.44488326666666,24.803459733333337,0.1020111090333333,False,23.7,91,100,0,97,100,0.5,51.0,1.0,50.0,4.0,18.8
2020-06-11 07:30:00,3308.8385714285714,3230.220476190476,2055.1857142857143,22,4136001,0.9762399725641034,0.25,True,807.555119047619,827.2096428571429,24.71686213793104,26.608197379310347,0.0989866136551724,False,23.7,91,100,0,97,100,0.5,51.0,1.0,50.0,4.0,18.8
2020-06-11 07:45:00,2374.114285714286,2307.667142857143,2758.0333333333333,22,4136001,0.9720118179411269,0.25,True,576.9167857142858,593.5285714285715,24.634990400000003,25.5272257,0.0667724374666666,False,23.7,91,100,0,97,100,0.5,51.0,1.0,50.0,4.0,18.8
2020-06-11 08:00:00,2295.4347619047617,2230.937142857143,3287.5523809523806,22,4136001,0.971901785178988,0.25,True,557.7342857142858,573.8586904761904,24.439050466666664,24.529686466666664,0.0651904124,False,24.3,86,100,1,81,100,0.4,107.0,0.0,107.0,0.0,19.8
2020-06-11 08:15:00,3887.392380952381,3808.2566666666667,4048.8190476190475,22,4136001,0.979642982613881,0.25,True,952.0641666666667,971.8480952380952,24.048603103448272,24.303316379310345,0.1120032948965517,False,24.3,86,100,1,81,100,0.4,107.0,0.0,107.0,0.0,19.8
2020-06-11 08:30:00,4935.38,4838.996666666667,5081.7,22,4136001,0.9804709397587758,0.25,True,1209.7491666666667,1233.845,24.360200137931034,25.258221862068964,0.1442327949999999,False,24.3,86,100,1,81,100,0.4,107.0,0.0,107.0,0.0,19.8
2020-06-11 08:45:00,7846.240476190475,7710.232857142857,6627.628571428571,22,4136001,0.9826658869989602,0.25,True,1927.5582142857143,1961.5601190476189,24.851787299999994,28.614925066666665,0.2382026306666666,False,24.3,86,100,1,81,100,0.4,107.0,0.0,107.0,0.0,19.8
2020-06-11 09:00:00,11777.040476190476,11546.167142857143,9023.661904761904,22,4136001,0.9803963199583047,0.25,True,2886.5417857142857,2944.260119047619,25.6061401,31.9640666,0.3654319533333332,False,25.6,78,100,0,35,100,0.2,266.0,16.0,250.0,23.9,20.9
2020-06-11 09:15:00,10246.957619047618,10053.16238095238,11908.62380952381,22,4136001,0.9810875339491012,0.25,True,2513.290595238095,2561.7394047619046,26.064864551724135,33.41386689655172,0.3184037789655173,False,25.6,78,100,0,35,100,0.2,266.0,16.0,250.0,23.9,20.9
2020-06-11 09:30:00,6207.568095238095,6093.970476190476,13870.790476190476,22,4136001,0.9817001412945012,0.25,True,1523.492619047619,1551.8920238095238,25.912877666666677,30.661452200000003,0.1821246916666667,False,25.6,78,100,0,35,100,0.2,266.0,16.0,250.0,23.9,20.9
2020-06-11 09:45:00,7649.705238095238,7513.511428571429,15444.047619047618,22,4136001,0.9821962016463629,0.25,True,1878.3778571428572,1912.4263095238096,26.013701448275867,30.348066620689654,0.2250663879310345,False,25.6,78,100,0,35,100,0.2,266.0,16.0,250.0,23.9,20.9
2020-06-11 10:00:00,9759.47238095238,9578.859523809524,17618.347619047618,22,4136001,0.9814935838647016,0.25,True,2394.714880952381,2439.868095238095,26.5930917,32.13797826666667,0.2858397853333333,False,27.2,68,100,31,37,100,0.0,369.0,43.0,326.0,52.1,25.5
2020-06-11 10:15:00,10647.74,10442.330952380951,20137.990476190476,22,4136001,0.9807086717351242,0.25,True,2610.582738095238,2661.935,27.00422489655173,33.281718068965525,0.3116224317241379,False,27.2,68,100,31,37,100,0.0,369.0,43.0,326.0,52.1,25.5
2020-06-11 10:30:00,11287.435714285715,11066.210952380952,22684.323809523812,22,4136001,0.9804007954061015,0.25,True,2766.552738095238,2821.858928571429,27.255816700000004,33.88129156666666,0.3308099630000001,False,27.2,68,100,31,37,100,0.0,369.0,43.0,326.0,52.1,25.5
2020-06-11 10:45:00,12582.34,12330.866666666667,25738.466666666667,22,4136001,0.9800137865187768,0.25,True,3082.7166666666667,3145.585,27.62432748275862,35.501297551724136,0.3713926027586207,False,27.2,68,100,31,37,100,0.0,369.0,43.0,326.0,52.1,25.5
2020-06-11 11:00:00,12989.85,12728.820952380953,28844.35238095238,22,4136001,0.979905153052649,0.25,True,3182.205238095238,3247.4625,27.698689666666667,35.23270673333334,0.3794716983333333,False,27.9,65,100,7,16,100,0.0,355.0,38.0,317.0,40.7,22.9
2020-06-11 11:15:00,14558.90619047619,14260.659523809523,32194.67142857143,22,4136001,0.9795144866815774,0.25,True,3565.164880952381,3639.7265476190473,27.8630768,36.30496026666668,0.4417517606666668,False,27.9,65,100,7,16,100,0.0,355.0,38.0,317.0,40.7,22.9
2020-06-11 11:30:00,15119.273333333333,14807.346666666666,35976.666666666664,22,4136001,0.9793689379251472,0.25,True,3701.8366666666666,3779.818333333333,28.498860379310344,38.471322,0.4621243431034483,False,27.9,65,100,7,16,100,0.0,355.0,38.0,317.0,40.7,22.9
2020-06-11 11:45:00,15770.015714285713,15431.141428571429,39329.68095238096,22,4136001,0.9785114807839218,0.25,True,3857.7853571428573,3942.5039285714283,28.7643748,39.30720423333333,0.5839224203333333,False,27.9,65,100,7,16,100,0.0,355.0,38.0,317.0,40.7,22.9
2020-06-11 12:00:00,0.0,0.0,1142.0666666666666,22,4136001,,0.25,True,0.0,0.0,29.731161000000004,45.40481068965519,0.6205650234482758,False,28.9,59,100,4,21,100,0.1,496.0,72.0,424.0,73.3,23.0
2020-06-11 12:15:00,1310.5846153846153,1287.876923076923,6138.461538461538,22,4136001,0.9826736160022539,0.25,True,321.96923076923076,327.6461538461538,29.42076553571429,42.382584821428566,0.3881666475,False,28.9,59,100,4,21,100,0.1,496.0,72.0,424.0,73.3,23.0
2020-06-11 12:30:00,10707.046666666667,10503.893333333333,43059.933333333334,22,4136001,0.9810262026814739,0.25,True,2625.9733333333334,2676.7616666666668,28.7703256,35.47568646666666,0.3071335886666666,False,28.9,59,100,4,21,100,0.1,496.0,72.0,424.0,73.3,23.0
2020-06-11 12:45:00,12904.513333333332,12645.199999999999,46182.4,22,4136001,0.979905221790619,0.25,True,3161.2999999999997,3226.128333333333,29.112240413793103,36.74222948275862,0.3871848155172413,False,28.9,59,100,4,21,100,0.1,496.0,72.0,424.0,73.3,23.0
2020-06-11 13:00:00,10758.65238095238,10550.829047619047,48930.81904761905,22,4136001,0.9806831445078313,0.25,True,2637.7072619047617,2689.663095238095,29.050965433333335,35.634093166666666,0.322284215,False,28.8,59,100,3,100,100,0.1,444.0,49.0,395.0,50.4,22.9
2020-06-11 13:15:00,10386.929999999998,10189.84,51558.25714285714,22,4136001,0.9810251922367823,0.25,True,2547.46,2596.7324999999996,29.485296827586204,36.078475517241365,0.3063866934482759,False,28.8,59,100,3,100,100,0.1,444.0,49.0,395.0,50.4,22.9
2020-06-11 13:30:00,11690.96,11460.853333333333,54158.13333333333,22,4136001,0.9803175559007415,0.25,True,2865.213333333333,2922.74,29.618877933333334,36.03466590000001,0.3484061356666666,False,28.8,59,100,3,100,100,0.1,444.0,49.0,395.0,50.4,22.9
2020-06-11 13:45:00,14369.706666666665,14075.18,57335.2,22,4136001,0.9795036409929038,0.25,True,3518.795,3592.4266666666663,29.861181724137936,37.1695493448276,0.4410198099999999,False,28.8,59,100,3,100,100,0.1,444.0,49.0,395.0,50.4,22.9
2020-06-11 14:00:00,11319.866666666667,11098.720000000001,60505.13333333333,22,4136001,0.9804638452749739,0.25,True,2774.6800000000003,2829.9666666666667,29.924686866666654,37.945422266666654,0.3551979003333333,False,28.5,60,100,5,100,100,0.2,319.0,7.0,312.0,7.8,20.6
2020-06-11 14:15:00,11092.110476190475,10877.139523809523,63441.27142857143,22,4136001,0.9806194724761899,0.25,True,2719.2848809523807,2773.027619047619,27.71221082758621,34.44660265517241,0.3321471462068965,False,28.5,60,100,5,100,100,0.2,319.0,7.0,312.0,7.8,20.6
2020-06-11 14:30:00,7492.43,7362.432380952381,65727.55714285714,22,4136001,0.98264947166038,0.25,True,1840.6080952380953,1873.1075,27.966856833333335,34.11939593333334,0.2199277286666666,False,28.5,60,100,5,100,100,0.2,319.0,7.0,312.0,7.8,20.6
2020-06-11 14:45:00,5444.624285714286,5339.171904761904,67278.61428571428,22,4136001,0.9806318351058548,0.25,True,1334.792976190476,1361.1560714285715,28.226240379310344,32.649263620689645,0.1599183410344828,False,28.5,60,100,5,100,100,0.2,319.0,7.0,312.0,7.8,20.6
2020-06-11 15:00:00,8302.36,8154.379999999999,68675.06666666667,22,4136001,0.9821761523229537,0.25,True,2038.5949999999998,2075.59,28.87674766666667,33.52219136666666,0.2447895886666667,False,28.6,60,100,8,100,100,0.2,290.0,14.0,276.0,18.0,21.0
2020-06-11 15:15:00,12581.673333333332,12330.726666666667,71425.13333333333,22,4136001,0.9800545873336405,0.25,True,3082.681666666667,3145.418333333333,29.08339506896552,35.22164613793103,0.3615275644827586,False,28.6,60,100,8,100,100,0.2,290.0,14.0,276.0,18.0,21.0
2020-06-11 15:30:00,7391.9,7258.408571428571,73970.1619047619,22,4136001,0.9819408503129874,0.25,True,1814.6021428571428,1847.975,27.1182657,31.176984633333337,0.2182710936666667,False,28.6,60,100,8,100,100,0.2,290.0,14.0,276.0,18.0,21.0
2020-06-11 15:45:00,9515.89619047619,9340.470952380952,76160.78571428571,22,4136001,0.981565032385409,0.25,True,2335.117738095238,2378.9740476190477,26.06172972413793,30.178076413793104,0.2699164865517241,False,28.6,60,100,8,100,100,0.2,290.0,14.0,276.0,18.0,21.0
2020-06-11 16:00:00,6514.9080952380955,6398.164761904762,77849.28571428571,22,4136001,0.9820805863065567,0.25,True,1599.5411904761904,1628.7270238095239,26.01609606666667,29.613266966666668,0.1847001159999999,False,26.6,72,100,0,100,100,0.5,177.0,3.0,174.0,4.9,20.2
2020-06-11 16:15:00,3887.98,3808.846666666667,79374.66666666667,22,4136001,0.9796466717078449,0.25,True,952.2116666666667,971.995,25.88879503448276,28.060255413793104,0.1109246423448275,False,26.6,72,100,0,100,100,0.5,177.0,3.0,174.0,4.9,20.2
2020-06-11 16:30:00,3859.485714285714,3779.432380952381,80312.00952380952,22,4136001,0.9792580309244263,0.25,True,944.8580952380953,964.8714285714285,25.363669599999994,25.50034883333333,0.106418664,False,26.6,72,100,0,100,100,0.5,177.0,3.0,174.0,4.9,20.2
2020-06-11 16:45:00,2357.8314285714287,2291.634285714286,81065.97142857143,22,4136001,0.9719245650664473,0.25,True,572.9085714285715,589.4578571428572,25.617999166666667,25.562178666666664,0.068217775,False,26.6,72,100,0,100,100,0.5,177.0,3.0,174.0,4.9,20.2
2020-06-11 17:00:00,2567.4138095238095,2496.500476190476,81664.51428571428,22,4136001,0.972379468759465,0.25,True,624.125119047619,641.8534523809524,26.015373551724128,26.399087862068967,0.076213266275862,False,26.0,75,100,3,99,100,0.7,48.0,0.0,48.0,0.0,18.0
2020-06-11 17:15:00,2040.4880952380952,1981.73,82212.70952380952,22,4136001,0.9712039019608988,0.25,True,495.4325,510.1220238095238,26.459341366666663,27.310375,0.0611145239,False,26.0,75,100,3,99,100,0.7,48.0,0.0,48.0,0.0,18.0
2020-06-11 17:30:00,1931.0866666666666,1874.9399999999998,82708.33333333333,22,4136001,0.9709248333408133,0.25,True,468.73499999999996,482.77166666666665,26.65583220689655,27.505229931034485,0.0584995239655172,False,26.0,75,100,3,99,100,0.7,48.0,0.0,48.0,0.0,18.0
2020-06-11 17:45:00,1770.118095238095,1717.7666666666667,83153.59047619047,22,4136001,0.9704248949760684,0.25,True,429.44166666666666,442.52952380952377,26.73281353333333,26.82401533333333,0.0535718095333333,False,26.0,75,100,3,99,100,0.7,48.0,0.0,48.0,0.0,18.0
2020-06-11 18:00:00,1552.787619047619,1504.8223809523809,83563.42380952381,22,4136001,0.9691102392195418,0.25,True,376.2055952380952,388.19690476190476,26.72596343333333,26.888934466666665,0.0469554367666666,False,25.1,79,100,0,100,100,0.2,23.0,0.0,23.0,0.0,19.0
2020-06-11 18:15:00,742.8666666666667,717.9266666666666,83846.8,22,4136001,0.9664273534954679,0.25,True,179.48166666666665,185.71666666666667,26.49930441379311,26.40681503448276,0.0229097102413793,False,25.1,79,100,0,100,100,0.2,23.0,0.0,23.0,0.0,19.0
2020-06-11 18:30:00,195.2147619047619,188.30190476190475,83958.63809523809,22,4136001,0.9645884508148534,0.25,True,47.07547619047619,48.803690476190475,26.28690993333333,25.899502400000006,0.0081508001466666,False,25.1,79,100,0,100,100,0.2,23.0,0.0,23.0,0.0,19.0
2020-06-11 18:45:00,0.0,0.0,83974.0,22,4136001,,0.25,True,0.0,0.0,26.10765227586207,25.58488510344828,0.0012175895017241,False,25.1,79,100,0,100,100,0.2,23.0,0.0,23.0,0.0,19.0
2020-06-11 19:00:00,0.0,0.0,83974.0,22,4136001,,0.25,True,0.0,0.0,26.0361074,25.255116666666677,0.0,False,24.1,89,100,0,100,100,0.6,1.0,0.0,1.0,0.0,17.3
2020-06-11 19:15:00,0.0,0.0,83974.0,22,4136001,,0.25,True,0.0,0.0,25.8624267,25.206319099999995,0.0,False,24.1,89,100,0,100,100,0.6,1.0,0.0,1.0,0.0,17.3
2020-06-11 19:30:00,0.0,0.0,83974.0,22,4136001,,0.25,True,0.0,0.0,24.9431804137931,24.608417379310342,0.0,False,24.1,89,100,0,100,100,0.6,1.0,0.0,1.0,0.0,17.3
2020-06-11 19:45:00,0.0,0.0,83974.0,22,4136001,,0.25,True,0.0,0.0,24.247928966666663,22.8602712,0.0,False,24.1,89,100,0,100,100,0.6,1.0,0.0,1.0,0.0,17.3
2020-06-11 20:00:00,0.0,0.0,83974.0,22,4136001,,0.25,True,0.0,0.0,23.92968324137931,22.196393344827584,0.0,False,23.7,89,100,2,100,100,1.1,0.0,0.0,0.0,0.0,18.1
2020-06-11 20:15:00,0.0,0.0,83974.0,22,4136001,,0.25,True,0.0,0.0,23.84047006666667,22.104235700000007,0.0,False,23.7,89,100,2,100,100,1.1,0.0,0.0,0.0,0.0,18.1
2020-06-11 20:30:00,0.0,0.0,83974.0,22,4136001,,0.25,True,0.0,0.0,23.795964517241377,22.03030396551724,0.0,False,23.7,89,100,2,100,100,1.1,0.0,0.0,0.0,0.0,18.1
2020-06-11 20:45:00,0.0,0.0,83974.0,22,4136001,,0.25,True,0.0,0.0,23.400524000000004,21.926543333333328,0.0,False,23.7,89,100,2,100,100,1.1,0.0,0.0,0.0,0.0,18.1
2020-06-11 21:00:00,0.0,0.0,83974.0,22,4136001,,0.25,True,0.0,0.0,23.184910333333328,21.805719033333336,0.0,False,23.5,90,100,0,99,100,1.0,0.0,0.0,0.0,0.0,19.7
2020-06-11 21:15:00,0.0,0.0,83974.0,22,4136001,,0.25,True,0.0,0.0,23.137103344827583,21.75369079310345,0.0,False,23.5,90,100,0,99,100,1.0,0.0,0.0,0.0,0.0,19.7
2020-06-11 21:30:00,0.0,0.0,83974.0,22,4136001,,0.25,True,0.0,0.0,23.2143099,21.7712443,0.0,False,23.5,90,100,0,99,100,1.0,0.0,0.0,0.0,0.0,19.7
2020-06-11 21:45:00,0.0,0.0,83974.0,22,4136001,,0.25,True,0.0,0.0,23.091332586206903,21.701135,0.0,False,23.5,90,100,0,99,100,1.0,0.0,0.0,0.0,0.0,19.7
2020-06-11 22:00:00,0.0,0.0,83974.0,22,4136001,,0.25,True,0.0,0.0,23.106439166666664,21.6895355,0.0,False,23.3,90,100,0,97,100,0.7,0.0,0.0,0.0,0.0,21.2
2020-06-11 22:15:00,0.0,0.0,83974.0,22,4136001,,0.25,True,0.0,0.0,23.108354766666668,21.676100666666663,0.0,False,23.3,90,100,0,97,100,0.7,0.0,0.0,0.0,0.0,21.2
2020-06-11 22:30:00,0.0,0.0,83974.0,22,4136001,,0.25,True,0.0,0.0,23.167986137931035,21.722446689655172,0.0,False,23.3,90,100,0,97,100,0.7,0.0,0.0,0.0,0.0,21.2
2020-06-11 22:45:00,0.0,0.0,83974.0,22,4136001,,0.25,True,0.0,0.0,23.0900807,21.662187733333333,0.0,False,23.3,90,100,0,97,100,0.7,0.0,0.0,0.0,0.0,21.2
2020-06-11 23:00:00,0.0,0.0,83974.0,22,4136001,,0.25,True,0.0,0.0,23.0771108,21.622833199999995,0.0,False,23.3,87,100,0,98,100,0.3,0.0,0.0,0.0,0.0,22.3
2020-06-11 23:15:00,0.0,0.0,83974.0,22,4136001,,0.25,True,0.0,0.0,23.062493586206894,21.668886448275863,0.0,False,23.3,87,100,0,98,100,0.3,0.0,0.0,0.0,0.0,22.3
2020-06-11 23:30:00,0.0,0.0,83974.0,22,4136001,,0.25,True,0.0,0.0,22.998343899999995,21.65067433333333,0.0,False,23.3,87,100,0,98,100,0.3,0.0,0.0,0.0,0.0,22.3
2020-06-11 23:45:00,0.0,0.0,80060.93333333333,22,4136001,,0.25,True,0.0,0.0,23.00536055172413,21.64281696551724,0.0,False,23.3,87,100,0,98,100,0.3,0.0,0.0,0.0,0.0,22.3
2020-06-12 00:00:00,0.0,0.0,66372.82857142857,22,4136001,,0.25,True,0.0,0.0,23.096333766666664,21.81936953333334,0.0,False,23.4,86,100,0,99,100,0.1,0.0,0.0,0.0,0.0,22.1
2020-06-12 00:15:00,0.0,0.0,64494.0,22,4136001,,0.25,True,0.0,0.0,23.07342593103449,21.868107310344826,0.0,False,23.4,86,100,0,99,100,0.1,0.0,0.0,0.0,0.0,22.1
2020-06-12 00:30:00,0.0,0.0,64494.0,22,4136001,,0.25,True,0.0,0.0,23.198418433333337,21.921284133333334,0.0,False,23.4,86,100,0,99,100,0.1,0.0,0.0,0.0,0.0,22.1
2020-06-12 00:45:00,0.0,0.0,64494.0,22,4136001,,0.25,True,0.0,0.0,23.259188033333327,21.7901601,0.0,False,23.4,86,100,0,99,100,0.1,0.0,0.0,0.0,0.0,22.1
2020-06-12 01:00:00,0.0,0.0,64494.0,22,4136001,,0.25,True,0.0,0.0,23.26828003448276,22.156882620689657,0.0,False,23.4,85,44,0,42,20,0.0,0.0,0.0,0.0,0.0,21.1
2020-06-12 01:15:00,0.0,0.0,64494.0,22,4136001,,0.25,True,0.0,0.0,23.03963933333333,22.2565656,0.0,False,23.4,85,44,0,42,20,0.0,0.0,0.0,0.0,0.0,21.1
2020-06-12 01:30:00,0.0,0.0,64494.0,22,4136001,,0.25,True,0.0,0.0,22.93840913793104,22.340520448275857,0.0,False,23.4,85,44,0,42,20,0.0,0.0,0.0,0.0,0.0,21.1
2020-06-12 01:45:00,0.0,0.0,64494.0,22,4136001,,0.25,True,0.0,0.0,22.8403045,22.311083166666663,0.0,False,23.4,85,44,0,42,20,0.0,0.0,0.0,0.0,0.0,21.1
2020-06-12 02:00:00,0.0,0.0,64274.066666666666,22,4136001,,0.25,True,0.0,0.0,22.75244333333333,22.36223953333333,0.0,False,23.6,84,99,0,97,93,0.0,0.0,0.0,0.0,0.0,23.2
2020-06-12 02:15:00,0.0,0.0,64494.0,22,4136001,,0.25,True,0.0,0.0,22.652374,22.18530289655172,0.0,False,23.6,84,99,0,97,93,0.0,0.0,0.0,0.0,0.0,23.2
2020-06-12 02:30:00,0.0,0.0,64494.0,22,4136001,,0.25,True,0.0,0.0,22.610987366666663,22.14618743333333,0.0,False,23.6,84,99,0,97,93,0.0,0.0,0.0,0.0,0.0,23.2
2020-06-12 02:45:00,0.0,0.0,64494.0,22,4136001,,0.25,True,0.0,0.0,22.557934620689657,21.900003448275864,0.0,False,23.6,84,99,0,97,93,0.0,0.0,0.0,0.0,0.0,23.2
2020-06-12 03:00:00,0.0,0.0,64494.0,22,4136001,,0.25,True,0.0,0.0,22.6381885,21.888890600000003,0.0,False,23.7,81,95,0,62,93,0.0,0.0,0.0,0.0,0.0,23.6
2020-06-12 03:15:00,0.0,0.0,64494.0,22,4136001,,0.25,True,0.0,0.0,22.836479599999997,22.47486883333333,7.678095999999998e-06,False,23.7,81,95,0,62,93,0.0,0.0,0.0,0.0,0.0,23.6
2020-06-12 03:30:00,0.0,0.0,64494.0,22,4136001,,0.25,True,0.0,0.0,22.870540068965514,22.632726241379306,0.0,False,23.7,81,95,0,62,93,0.0,0.0,0.0,0.0,0.0,23.6
2020-06-12 03:45:00,0.0,0.0,64494.0,22,4136001,,0.25,True,0.0,0.0,22.97101426666667,22.699416133333333,0.0,False,23.7,81,95,0,62,93,0.0,0.0,0.0,0.0,0.0,23.6
2020-06-12 04:00:00,0.0,0.0,64494.0,22,4136001,,0.25,True,0.0,0.0,23.079390758620686,22.813601965517243,0.0,False,23.8,80,98,0,60,97,0.0,0.0,0.0,0.0,0.0,22.5
2020-06-12 04:15:00,0.0,0.0,64494.0,22,4136001,,0.25,True,0.0,0.0,23.20513930000001,22.95454596666666,0.0,False,23.8,80,98,0,60,97,0.0,0.0,0.0,0.0,0.0,22.5
2020-06-12 04:30:00,0.0,0.0,64494.0,22,4136001,,0.25,True,0.0,0.0,23.228767833333336,23.02070903333334,0.0,False,23.8,80,98,0,60,97,0.0,0.0,0.0,0.0,0.0,22.5
2020-06-12 04:45:00,0.0,0.0,64494.0,22,4136001,,0.25,True,0.0,0.0,23.179444862068973,23.012233275862062,0.0,False,23.8,80,98,0,60,97,0.0,0.0,0.0,0.0,0.0,22.5
2020-06-12 05:00:00,0.0,0.0,64494.0,22,4136001,,0.25,True,0.0,0.0,23.2061069,22.8791188,0.0,False,23.5,85,99,0,100,100,0.0,0.0,0.0,0.0,0.0,18.2
2020-06-12 05:15:00,0.0,0.0,64494.0,22,4136001,,0.25,True,0.0,0.0,23.23781186206897,22.71333889655173,0.0,False,23.5,85,99,0,100,100,0.0,0.0,0.0,0.0,0.0,18.2
2020-06-12 05:30:00,0.0,0.0,29073.066666666666,22,4136001,,0.25,True,0.0,0.0,23.213350633333327,22.55468443333333,1.2796612e-06,False,23.5,85,99,0,100,100,0.0,0.0,0.0,0.0,0.0,18.2
2020-06-12 05:45:00,0.0,0.0,26543.0,22,4136001,,0.25,True,0.0,0.0,23.308441233333337,22.930191999999995,0.0007294055549666,False,23.5,85,99,0,100,100,0.0,0.0,0.0,0.0,0.0,18.2
2020-06-12 06:00:00,18.324761904761907,17.65952380952381,23967.2,22,4136001,0.9636973130294684,0.25,True,4.414880952380953,4.581190476190477,23.326241310344837,23.077431448275856,0.0042056504241379,False,23.6,85,97,0,93,92,0.7,4.0,0.0,4.0,0.0,20.8
2020-06-12 06:15:00,413.30619047619047,398.9247619047619,18869.942857142858,22,4136001,0.9652039362031839,0.25,True,99.73119047619048,103.32654761904762,23.362587600000005,23.246462933333326,0.01449843685,False,23.6,85,97,0,93,92,0.7,4.0,0.0,4.0,0.0,20.8
2020-06-12 06:30:00,1032.5990476190475,998.8633333333333,19026.419047619045,22,4136001,0.967329318806267,0.25,True,249.71583333333334,258.1497619047619,23.470018275862063,23.604529000000003,0.0334927551724137,False,23.6,85,97,0,93,92,0.7,4.0,0.0,4.0,0.0,20.8
2020-06-12 06:45:00,2138.4866666666667,2077.3799999999997,3801.6,22,4136001,0.9714252758181018,0.25,True,519.3449999999999,534.6216666666667,23.641302533333327,24.350484133333328,0.0671627485333333,False,23.6,85,97,0,93,92,0.7,4.0,0.0,4.0,0.0,20.8
2020-06-12 07:00:00,2837.195238095238,2764.270476190476,1087.2809523809524,22,4136001,0.974296882736304,0.25,True,691.067619047619,709.2988095238095,23.846849333333335,25.189636166666663,0.0903843469999999,False,24.0,85,95,0,67,95,0.3,47.0,1.0,46.0,4.0,21.8
2020-06-12 07:15:00,3681.004761904762,3601.557619047619,1882.1476190476192,22,4136001,0.9784169953597038,0.25,True,900.3894047619048,920.2511904761905,24.097485965517244,26.135771551724137,0.1164797561724138,False,24.0,85,95,0,67,95,0.3,47.0,1.0,46.0,4.0,21.8
2020-06-12 07:30:00,4387.038095238096,4300.052380952381,2887.8333333333335,22,4136001,0.9801721087445917,0.25,True,1075.0130952380953,1096.759523809524,24.3609651,27.16758313333333,0.1372689796666666,False,24.0,85,95,0,67,95,0.3,47.0,1.0,46.0,4.0,21.8
2020-06-12 07:45:00,5706.124761904762,5597.93238095238,4068.0857142857144,22,4136001,0.9810392542282469,0.25,True,1399.483095238095,1426.5311904761904,24.55453065517242,27.705915724137927,0.1758698168965517,False,24.0,85,95,0,67,95,0.3,47.0,1.0,46.0,4.0,21.8
2020-06-12 08:00:00,5111.046666666666,5011.706666666667,5491.599999999999,22,4136001,0.9805636679766834,0.25,True,1252.9266666666667,1277.7616666666665,24.89767446666667,28.73435063333333,0.1600963385,False,24.6,82,100,0,100,99,1.1,102.0,14.0,88.0,29.6,20.2
2020-06-12 08:15:00,5518.042380952381,5412.830952380952,6735.333333333333,22,4136001,0.9809331967194369,0.25,True,1353.207738095238,1379.5105952380952,25.01737920689655,28.646566448275856,0.1578865952068965,False,24.6,82,100,0,100,99,1.1,102.0,14.0,88.0,29.6,20.2
2020-06-12 08:30:00,6723.949523809524,6603.157619047619,8356.966666666667,22,4136001,0.9820355723471479,0.25,True,1650.7894047619047,1680.987380952381,25.175836200000003,29.600538133333337,0.1990606736666666,False,24.6,82,100,0,100,99,1.1,102.0,14.0,88.0,29.6,20.2
2020-06-12 08:45:00,4016.6295238095236,3931.352857142857,9524.304761904761,22,4136001,0.978769098279747,0.25,True,982.8382142857142,1004.1573809523809,25.023628,28.13070258620689,0.1142524157931034,False,24.6,82,100,0,100,99,1.1,102.0,14.0,88.0,29.6,20.2
2020-06-12 09:00:00,10077.79238095238,9887.31619047619,11316.37619047619,22,4136001,0.9810994131178767,0.25,True,2471.8290476190473,2519.448095238095,25.58673096666667,30.660331433333333,0.302462571,False,24.9,80,100,0,100,97,0.1,108.0,0.0,108.0,0.0,19.4
2020-06-12 09:15:00,8071.26,7929.8,13457.8,22,4136001,0.9824736162631361,0.25,True,1982.45,2017.815,25.9005231,31.52512816666666,0.2399335173333333,False,24.9,80,100,0,100,97,0.1,108.0,0.0,108.0,0.0,19.4
2020-06-12 09:30:00,13489.620952380952,13216.731904761906,16129.209523809524,22,4136001,0.9797704436186637,0.25,True,3304.1829761904764,3372.405238095238,26.359519310344815,34.320217758620686,0.4119583196551724,False,24.9,80,100,0,100,97,0.1,108.0,0.0,108.0,0.0,19.4
2020-06-12 09:45:00,9607.231904761904,9428.957142857142,19107.4,22,4136001,0.981443691203457,0.25,True,2357.2392857142854,2401.807976190476,26.720213833333336,34.9373119,0.2954317716666666,False,24.9,80,100,0,100,97,0.1,108.0,0.0,108.0,0.0,19.4
2020-06-12 10:00:00,7973.1866666666665,7833.066666666667,21171.0,22,4136001,0.982426098138929,0.25,True,1958.2666666666667,1993.2966666666666,26.48955672413793,32.30903151724138,0.2300879279310344,False,26.6,69,100,1,100,94,0.0,218.0,0.0,218.0,0.0,23.7
2020-06-12 10:15:00,5498.294285714285,5393.142380952381,22829.138095238097,22,4136001,0.9808755407954226,0.25,True,1348.2855952380953,1374.5735714285713,26.2019552,30.3946726,0.160934984,False,26.6,69,100,1,100,94,0.0,218.0,0.0,218.0,0.0,23.7
2020-06-12 10:30:00,5390.651904761905,5287.3623809523815,24128.04761904762,22,4136001,0.9808391404909151,0.25,True,1321.8405952380954,1347.6629761904762,26.23958182758621,29.84086337931035,0.1544609948275861,False,26.6,69,100,1,100,94,0.0,218.0,0.0,218.0,0.0,23.7
2020-06-12 10:45:00,6972.48,6841.286666666667,25490.666666666664,22,4136001,0.9811841219575628,0.25,True,1710.3216666666667,1743.12,26.212235466666662,29.820671633333337,0.1954025728666666,False,26.6,69,100,1,100,94,0.0,218.0,0.0,218.0,0.0,23.7
2020-06-12 11:00:00,12778.31380952381,12521.551904761904,27886.319047619047,22,4136001,0.9799064329934878,0.25,True,3130.387976190476,3194.5784523809525,26.93907844827586,33.2047645862069,0.3730939703448276,False,28.7,57,100,54,99,96,0.0,286.0,12.0,274.0,12.9,25.5
2020-06-12 11:15:00,16730.39619047619,16371.958095238095,31829.157142857144,22,4136001,0.9785756361560561,0.25,True,4092.9895238095237,4182.599047619047,27.978457700000007,38.802913200000006,0.5259339126666668,False,28.7,57,100,54,99,96,0.0,286.0,12.0,274.0,12.9,25.5
2020-06-12 11:30:00,15521.813333333332,15199.859999999999,35663.73333333333,22,4136001,0.979258007655463,0.25,True,3799.9649999999997,3880.453333333333,26.552858620689655,35.65671510344827,0.4696381220689654,False,28.7,57,100,54,99,96,0.0,286.0,12.0,274.0,12.9,25.5
2020-06-12 11:45:00,13111.25761904762,12837.900476190476,38724.87619047619,22,4136001,0.9791509593663984,0.25,True,3209.475119047619,3277.814404761905,24.5112182,29.3274028,0.3676135404666666,False,28.7,57,100,54,99,96,0.0,286.0,12.0,274.0,12.9,25.5
2020-06-12 12:00:00,13859.137619047619,13577.369523809524,42464.3380952381,22,4136001,0.9796691465960451,0.25,True,3394.342380952381,3464.7844047619046,23.428060655172416,27.380415310344823,0.3948018151724138,False,30.3,50,100,15,99,98,0.0,452.0,110.0,342.0,112.0,27.0
2020-06-12 12:15:00,13289.160476190476,13020.36380952381,45728.26666666666,22,4136001,0.9797732394647309,0.25,True,3255.0909523809523,3322.290119047619,23.30078733333333,26.9148752,0.3823716986666667,False,30.3,50,100,15,99,98,0.0,452.0,110.0,342.0,112.0,27.0
2020-06-12 12:30:00,13055.762857142858,12793.040952380952,48873.75714285714,22,4136001,0.9798769395831842,0.25,True,3198.260238095238,3263.9407142857144,24.715149999999998,31.10258551724138,0.3824357034482758,False,30.3,50,100,15,99,98,0.0,452.0,110.0,342.0,112.0,27.0
2020-06-12 12:45:00,10424.753333333334,10207.446666666667,39016.666666666664,22,4136001,0.9791547425902323,0.25,True,2551.8616666666667,2606.1883333333335,25.759937466666667,35.285202166666664,0.5171967406666664,False,30.3,50,100,15,99,98,0.0,452.0,110.0,342.0,112.0,27.0
2020-06-12 13:00:00,3140.7228571428573,3078.3519047619047,11452.314285714285,22,4136001,0.9801412110466532,0.25,True,769.5879761904762,785.1807142857143,26.256600899999995,39.8784078,0.4912427266666668,False,29.5,54,99,28,98,94,0.0,377.0,120.0,257.0,123.4,27.2
2020-06-12 13:15:00,13192.516666666666,12918.127142857142,55310.23333333333,22,4136001,0.9792011235807023,0.25,True,3229.5317857142854,3298.1291666666666,25.594030931034485,34.252540413793106,0.4367032972413793,False,29.5,54,99,28,98,94,0.0,377.0,120.0,257.0,123.4,27.2
2020-06-12 13:30:00,12302.10380952381,12039.734761904761,58645.14761904762,22,4136001,0.9786728309497817,0.25,True,3009.9336904761903,3075.5259523809523,26.233689366666667,37.80731616666668,0.537373153,False,29.5,54,99,28,98,94,0.0,377.0,120.0,257.0,123.4,27.2
2020-06-12 13:45:00,11463.334285714285,11235.12619047619,61394.8619047619,22,4136001,0.9800923457739089,0.25,True,2808.7815476190476,2865.8335714285713,26.18573413793104,35.571158620689644,0.3653654527586207,False,29.5,54,99,28,98,94,0.0,377.0,120.0,257.0,123.4,27.2
2020-06-12 14:00:00,16349.746666666666,16007.406666666666,64800.333333333336,22,4136001,0.9790614492701619,0.25,True,4001.8516666666665,4087.4366666666665,26.5335296,35.9721252,0.4868788256666666,False,30.2,49,98,0,97,88,0.0,350.0,77.0,273.0,85.3,26.3
2020-06-12 14:15:00,13838.132380952382,13556.526666666667,68802.95238095238,22,4136001,0.9796500202098563,0.25,True,3389.1316666666667,3459.5330952380955,27.018877724137926,37.32093027586206,0.4183158365517241,False,30.2,49,98,0,97,88,0.0,350.0,77.0,273.0,85.3,26.3
2020-06-12 14:30:00,10771.670476190477,10563.709523809524,71651.8619047619,22,4136001,0.9806937138635436,0.25,True,2640.927380952381,2692.917619047619,26.867152866666668,34.35756966666667,0.325917801,False,30.2,49,98,0,97,88,0.0,350.0,77.0,273.0,85.3,26.3
2020-06-12 14:45:00,11126.340952380953,10908.977619047619,74290.03333333333,22,4136001,0.9804640776097356,0.25,True,2727.2444047619047,2781.5852380952383,26.675744433333332,33.7304332,0.329804623,False,30.2,49,98,0,97,88,0.0,350.0,77.0,273.0,85.3,26.3
2020-06-12 15:00:00,14869.313333333334,14563.584761904762,77500.66666666667,22,4136001,0.9794389583046041,0.25,True,3640.8961904761904,3717.3283333333334,26.96615486206897,35.406001482758626,0.4389835762068964,False,30.3,49,98,6,95,76,0.0,356.0,102.0,254.0,131.1,27.0
2020-06-12 15:15:00,13241.13238095238,12973.957142857143,80974.24285714286,22,4136001,0.9798223270934461,0.25,True,3243.489285714286,3310.283095238095,27.368944333333328,36.35862943333333,0.3928341253333332,False,30.3,49,98,6,95,76,0.0,356.0,102.0,254.0,131.1,27.0
2020-06-12 15:30:00,14382.96,14088.166666666666,84323.46666666666,22,4136001,0.9795039871255059,0.25,True,3522.0416666666665,3595.74,27.941324275862076,37.08138175862069,0.42733382,False,30.3,49,98,6,95,76,0.0,356.0,102.0,254.0,131.1,27.0
2020-06-12 15:45:00,11631.765714285715,11402.710952380952,87460.78571428571,22,4136001,0.9803078253524788,0.25,True,2850.677738095238,2907.941428571429,27.89696146666667,35.5313305,0.3425049133333333,False,30.3,49,98,6,95,76,0.0,356.0,102.0,254.0,131.1,27.0
2020-06-12 16:00:00,9675.270476190475,9495.760952380951,89936.64761904762,22,4136001,0.9814465627342127,0.25,True,2373.940238095238,2418.817619047619,27.961402655172414,34.75383044827586,0.2889376348275862,False,29.9,48,94,3,74,86,0.0,279.0,82.0,197.0,135.1,28.0
2020-06-12 16:15:00,5205.533333333333,5105.782380952381,92072.1857142857,22,4136001,0.9808375153911314,0.25,True,1276.4455952380952,1301.3833333333332,27.8158599,32.435735233333325,0.1577513288333333,False,29.9,48,94,3,74,86,0.0,279.0,82.0,197.0,135.1,28.0
2020-06-12 16:30:00,5125.92619047619,5026.172380952381,93243.7380952381,22,4136001,0.9805393589729895,0.25,True,1256.5430952380952,1281.4815476190474,27.547283766666677,30.637098166666664,0.1567048989999999,False,29.9,48,94,3,74,86,0.0,279.0,82.0,197.0,135.1,28.0
2020-06-12 16:45:00,6116.759999999999,6001.1466666666665,94087.8,22,4136001,0.9810989260109383,0.25,True,1500.2866666666666,1529.1899999999998,27.76650455172414,31.496946068965517,0.185021294137931,False,29.9,48,94,3,74,86,0.0,279.0,82.0,197.0,135.1,28.0
2020-06-12 17:00:00,5510.630476190476,5403.985238095238,95477.66666666666,22,4136001,0.9806473617572409,0.25,True,1350.9963095238095,1377.657619047619,27.714652300000004,31.382141166666667,0.165160775,False,28.2,55,100,1,100,96,0.0,191.0,58.0,133.0,144.5,17.3
2020-06-12 17:15:00,5559.100952380953,5451.612380952381,97472.92857142857,22,4136001,0.9806643965725187,0.25,True,1362.9030952380951,1389.7752380952381,27.653207551724137,31.374698,0.1674244803448276,False,28.2,55,100,1,100,96,0.0,191.0,58.0,133.0,144.5,17.3
2020-06-12 17:30:00,3784.329523809524,3702.962380952381,98174.5380952381,22,4136001,0.9784989276580666,0.25,True,925.7405952380952,946.082380952381,27.43312286666666,30.22540276666667,0.1150523565,False,28.2,55,100,1,100,96,0.0,191.0,58.0,133.0,144.5,17.3
2020-06-12 17:45:00,2257.6614285714286,2193.6190476190477,99368.02857142857,22,4136001,0.9716333104061113,0.25,True,548.4047619047619,564.4153571428571,27.063544931034485,28.678094344827585,0.0685438064137931,False,28.2,55,100,1,100,96,0.0,191.0,58.0,133.0,144.5,17.3
2020-06-12 18:00:00,1490.9333333333334,1445.2,99785.06666666667,22,4136001,0.9693257020211054,0.25,True,361.3,372.73333333333335,26.4373973,27.4619964,0.0457077810666666,False,28.0,56,96,0,94,69,0.0,26.0,0.0,26.0,0.0,21.2
2020-06-12 18:15:00,2014.8957142857141,1956.4557142857143,100255.94285714286,22,4136001,0.9709960175180992,0.25,True,489.1139285714286,503.72392857142853,25.75769143333333,26.8622061,0.0607748456,False,28.0,56,96,0,94,69,0.0,26.0,0.0,26.0,0.0,21.2
2020-06-12 18:30:00,704.807619047619,681.2385714285714,100586.05238095237,22,4136001,0.9665596015393596,0.25,True,170.30964285714285,176.20190476190476,25.43092389655172,25.734652827586206,0.0212704814827586,False,28.0,56,96,0,94,69,0.0,26.0,0.0,26.0,0.0,21.2
2020-06-12 18:45:00,43.413333333333334,41.86,100663.13333333333,22,4136001,0.9642199017199017,0.25,True,10.465,10.853333333333333,24.82610973333334,24.3313711,0.002202877719,False,28.0,56,96,0,94,69,0.0,26.0,0.0,26.0,0.0,21.2
2020-06-12 19:00:00,0.0,0.0,100664.0,22,4136001,,0.25,True,0.0,0.0,24.494660517241375,23.72833675862069,0.0,False,27.4,59,95,0,39,94,0.0,1.0,0.0,1.0,0.0,19.4
2020-06-12 19:15:00,0.0,0.0,100664.0,22,4136001,,0.25,True,0.0,0.0,24.276333733333328,23.257940766666668,0.0,False,27.4,59,95,0,39,94,0.0,1.0,0.0,1.0,0.0,19.4
2020-06-12 19:30:00,0.0,0.0,100664.0,22,4136001,,0.25,True,0.0,0.0,24.1361651724138,23.004158689655167,0.0,False,27.4,59,95,0,39,94,0.0,1.0,0.0,1.0,0.0,19.4
2020-06-12 19:45:00,0.0,0.0,100664.0,22,4136001,,0.25,True,0.0,0.0,23.968401166666663,22.7500885,0.0,False,27.4,59,95,0,39,94,0.0,1.0,0.0,1.0,0.0,19.4
2020-06-12 20:00:00,0.0,0.0,100360.8,22,4136001,,0.25,True,0.0,0.0,23.79291786206896,22.52788889655172,0.0,False,26.7,62,95,0,20,94,0.0,0.0,0.0,0.0,0.0,19.5
2020-06-12 20:15:00,0.0,0.0,100664.0,22,4136001,,0.25,True,0.0,0.0,23.74951343333333,22.500599066666663,0.0,False,26.7,62,95,0,20,94,0.0,0.0,0.0,0.0,0.0,19.5
2020-06-12 20:30:00,0.0,0.0,100664.0,22,4136001,,0.25,True,0.0,0.0,23.816572966666666,22.510073933333334,0.0,False,26.7,62,95,0,20,94,0.0,0.0,0.0,0.0,0.0,19.5
2020-06-12 20:45:00,0.0,0.0,100664.0,22,4136001,,0.25,True,0.0,0.0,23.961166,22.79937524137931,0.0,False,26.7,62,95,0,20,94,0.0,0.0,0.0,0.0,0.0,19.5
2020-06-12 21:00:00,0.0,0.0,100664.0,22,4136001,,0.25,True,0.0,0.0,23.154267333333337,22.475289933333336,0.0,False,26.0,65,99,0,0,99,0.0,0.0,0.0,0.0,0.0,19.9
2020-06-12 21:15:00,0.0,0.0,100664.0,22,4136001,,0.25,True,0.0,0.0,22.76536689655172,21.947880275862072,0.0,False,26.0,65,99,0,0,99,0.0,0.0,0.0,0.0,0.0,19.9
2020-06-12 21:30:00,0.0,0.0,100367.0,22,4136001,,0.25,True,0.0,0.0,23.17677313333333,21.9652741,0.0,False,26.0,65,99,0,0,99,0.0,0.0,0.0,0.0,0.0,19.9
2020-06-12 21:45:00,0.0,0.0,100664.0,22,4136001,,0.25,True,0.0,0.0,23.242798758620687,22.311946655172413,0.0,False,26.0,65,99,0,0,99,0.0,0.0,0.0,0.0,0.0,19.9
2020-06-12 22:00:00,0.0,0.0,100664.0,22,4136001,,0.25,True,0.0,0.0,23.19935533333333,22.182686466666663,0.0,False,25.4,69,85,0,4,84,0.0,0.0,0.0,0.0,0.0,20.2
2020-06-12 22:15:00,0.0,0.0,100664.0,22,4136001,,0.25,True,0.0,0.0,23.134124068965523,22.071300586206892,0.0,False,25.4,69,85,0,4,84,0.0,0.0,0.0,0.0,0.0,20.2
2020-06-12 22:30:00,0.0,0.0,100664.0,22,4136001,,0.25,True,0.0,0.0,23.131442766666662,22.122366466666666,0.0,False,25.4,69,85,0,4,84,0.0,0.0,0.0,0.0,0.0,20.2
2020-06-12 22:45:00,0.0,0.0,100664.0,22,4136001,,0.25,True,0.0,0.0,23.006417,22.191467379310343,0.0,False,25.4,69,85,0,4,84,0.0,0.0,0.0,0.0,0.0,20.2
2020-06-12 23:00:00,0.0,0.0,100664.0,22,4136001,,0.25,True,0.0,0.0,22.8288644,22.17601516666667,0.0,False,25.0,72,91,0,7,91,0.0,0.0,0.0,0.0,0.0,19.7
2020-06-12 23:15:00,0.0,0.0,100664.0,22,4136001,,0.25,True,0.0,0.0,22.808352633333328,22.152892166666668,0.0,False,25.0,72,91,0,7,91,0.0,0.0,0.0,0.0,0.0,19.7
2020-06-12 23:30:00,0.0,0.0,100664.0,22,4136001,,0.25,True,0.0,0.0,22.98652075862069,22.442028275862068,0.0,False,25.0,72,91,0,7,91,0.0,0.0,0.0,0.0,0.0,19.7
2020-06-12 23:45:00,0.0,0.0,96353.66666666667,22,4136001,,0.25,True,0.0,0.0,23.099230266666662,22.757665999999997,0.0,False,25.0,72,91,0,7,91,0.0,0.0,0.0,0.0,0.0,19.7
2020-06-13 00:00:00,0.0,0.0,79756.19047619047,22,4136001,,0.25,True,0.0,0.0,23.184429793103448,22.943784551724136,0.0,False,24.7,75,99,0,20,98,0.0,0.0,0.0,0.0,0.0,18.4
2020-06-13 00:15:00,0.0,0.0,77171.0,22,4136001,,0.25,True,0.0,0.0,23.150216233333328,22.906561333333336,0.0,False,24.7,75,99,0,20,98,0.0,0.0,0.0,0.0,0.0,18.4
2020-06-13 00:30:00,0.0,0.0,77171.0,22,4136001,,0.25,True,0.0,0.0,23.11269223333333,22.756977566666663,0.0,False,24.7,75,99,0,20,98,0.0,0.0,0.0,0.0,0.0,18.4
2020-06-13 00:45:00,0.0,0.0,77171.0,22,4136001,,0.25,True,0.0,0.0,23.08237410344828,22.74549496551724,0.0,False,24.7,75,99,0,20,98,0.0,0.0,0.0,0.0,0.0,18.4
2020-06-13 01:00:00,0.0,0.0,77171.0,22,4136001,,0.25,True,0.0,0.0,23.00601510000001,22.40501096666667,0.0,False,24.6,76,100,0,41,100,0.0,0.0,0.0,0.0,0.0,18.4
2020-06-13 01:15:00,0.0,0.0,76871.0,22,4136001,,0.25,True,0.0,0.0,22.890840482758623,22.013978206896557,0.0,False,24.6,76,100,0,41,100,0.0,0.0,0.0,0.0,0.0,18.4
2020-06-13 01:30:00,0.0,0.0,77171.0,22,4136001,,0.25,True,0.0,0.0,22.8207133,21.930839200000005,0.0,False,24.6,76,100,0,41,100,0.0,0.0,0.0,0.0,0.0,18.4
2020-06-13 01:45:00,0.0,0.0,77171.0,22,4136001,,0.25,True,0.0,0.0,22.72088706896552,21.77449182758621,0.0,False,24.6,76,100,0,41,100,0.0,0.0,0.0,0.0,0.0,18.4
2020-06-13 02:00:00,0.0,0.0,77171.0,22,4136001,,0.25,True,0.0,0.0,22.5558715,21.47388816666667,0.0,False,24.7,76,100,0,81,100,0.0,0.0,0.0,0.0,0.0,18.8
2020-06-13 02:15:00,0.0,0.0,77171.0,22,4136001,,0.25,True,0.0,0.0,22.479495266666667,21.197295066666666,0.0,False,24.7,76,100,0,81,100,0.0,0.0,0.0,0.0,0.0,18.8
2020-06-13 02:30:00,0.0,0.0,77171.0,22,4136001,,0.25,True,0.0,0.0,22.3614405862069,21.013108,0.0,False,24.7,76,100,0,81,100,0.0,0.0,0.0,0.0,0.0,18.8
2020-06-13 02:45:00,0.0,0.0,77171.0,22,4136001,,0.25,True,0.0,0.0,22.19928706896552,20.87596913793103,0.0,False,24.7,76,100,0,81,100,0.0,0.0,0.0,0.0,0.0,18.8
2020-06-13 03:00:00,0.0,0.0,77171.0,22,4136001,,0.25,True,0.0,0.0,22.245439433333328,21.0944417,0.0,False,24.8,75,100,0,93,100,0.0,0.0,0.0,0.0,0.0,19.6
2020-06-13 03:15:00,0.0,0.0,77171.0,22,4136001,,0.25,True,0.0,0.0,22.36969820689655,21.382351482758622,0.0,False,24.8,75,100,0,93,100,0.0,0.0,0.0,0.0,0.0,19.6
2020-06-13 03:30:00,0.0,0.0,77171.0,22,4136001,,0.25,True,0.0,0.0,22.4259338,21.50950313333333,0.0,False,24.8,75,100,0,93,100,0.0,0.0,0.0,0.0,0.0,19.6
2020-06-13 03:45:00,0.0,0.0,77171.0,22,4136001,,0.25,True,0.0,0.0,22.485639500000005,21.632194,0.0,False,24.8,75,100,0,93,100,0.0,0.0,0.0,0.0,0.0,19.6
2020-06-13 04:00:00,0.0,0.0,77171.0,22,4136001,,0.25,True,0.0,0.0,22.450481344827583,21.66662706896552,0.0,False,24.7,74,100,0,81,100,0.0,0.0,0.0,0.0,0.0,19.9
2020-06-13 04:15:00,0.0,0.0,77171.0,22,4136001,,0.25,True,0.0,0.0,22.44443163333333,21.60771493333333,0.0,False,24.7,74,100,0,81,100,0.0,0.0,0.0,0.0,0.0,19.9
2020-06-13 04:30:00,0.0,0.0,77171.0,22,4136001,,0.25,True,0.0,0.0,22.41131893103449,21.86795362068966,0.0,False,24.7,74,100,0,81,100,0.0,0.0,0.0,0.0,0.0,19.9
2020-06-13 04:45:00,0.0,0.0,77171.0,22,4136001,,0.25,True,0.0,0.0,22.3611438,21.832094433333328,0.0,False,24.7,74,100,0,81,100,0.0,0.0,0.0,0.0,0.0,19.9
2020-06-13 05:00:00,0.0,0.0,77171.0,22,4136001,,0.25,True,0.0,0.0,22.523588103448283,22.240750310344826,0.0,False,24.5,74,100,0,72,100,0.0,0.0,0.0,0.0,0.0,14.8
2020-06-13 05:15:00,0.0,0.0,76862.33333333333,22,4136001,,0.25,True,0.0,0.0,22.467644166666663,22.266552033333333,0.0,False,24.5,74,100,0,72,100,0.0,0.0,0.0,0.0,0.0,14.8
2020-06-13 05:30:00,0.0,0.0,33803.34285714286,22,4136001,,0.25,True,0.0,0.0,22.4155183,21.997017466666662,0.0,False,24.5,74,100,0,72,100,0.0,0.0,0.0,0.0,0.0,14.8
2020-06-13 05:45:00,0.0,0.0,31971.0,22,4136001,,0.25,True,0.0,0.0,22.57172051724138,22.091257103448275,0.0004951048193103,False,24.5,74,100,0,72,100,0.0,0.0,0.0,0.0,0.0,14.8
2020-06-13 06:00:00,58.82333333333333,56.74523809523809,31972.152380952382,22,4136001,0.9646722631932583,0.25,True,14.186309523809523,14.705833333333333,22.766307433333335,22.51000266666666,0.0047783350833333,False,24.8,73,100,0,17,100,0.0,13.0,1.0,12.0,10.9,14.0
2020-06-13 06:15:00,906.0533333333333,875.88,26705.466666666667,22,4136001,0.9666980604526592,0.25,True,218.97,226.51333333333332,22.787000999999997,22.631227827586205,0.0294931157931034,False,24.8,73,100,0,17,100,0.0,13.0,1.0,12.0,10.9,14.0
2020-06-13 06:30:00,1568.9609523809524,1520.5695238095238,22928.833333333332,22,4136001,0.969157021723203,0.25,True,380.14238095238096,392.2402380952381,22.937554866666662,23.225595166666665,0.0522247736,False,24.8,73,100,0,17,100,0.0,13.0,1.0,12.0,10.9,14.0
2020-06-13 06:45:00,2445.0895238095236,2379.3985714285714,20444.628571428573,22,4136001,0.9731335185312137,0.25,True,594.8496428571428,611.2723809523809,23.255329103448275,24.10833210344828,0.0817221908965517,False,24.8,73,100,0,17,100,0.0,13.0,1.0,12.0,10.9,14.0
2020-06-13 07:00:00,4218.086666666666,4134.133333333333,2663.2,22,4136001,0.9800968211495577,0.25,True,1033.5333333333333,1054.5216666666665,23.702573666666662,25.604902100000004,0.1453918824999999,False,25.8,70,100,22,28,100,0.0,130.0,35.0,95.0,139.1,16.0
2020-06-13 07:15:00,3990.2247619047616,3907.063333333333,2425.333333333333,22,4136001,0.9791587107159019,0.25,True,976.7658333333333,997.5561904761904,23.963179,26.806506931034484,0.1300059603793103,False,25.8,70,100,22,28,100,0.0,130.0,35.0,95.0,139.1,16.0
2020-06-13 07:30:00,7451.5723809523815,7322.083333333333,3808.0142857142855,22,4136001,0.9826225874219451,0.25,True,1830.5208333333333,1862.8930952380954,24.236652733333333,28.469315533333333,0.253675025,False,25.8,70,100,22,28,100,0.0,130.0,35.0,95.0,139.1,16.0
2020-06-13 07:45:00,6195.345714285714,6080.064285714286,5560.271428571428,22,4136001,0.9813922525250522,0.25,True,1520.0160714285714,1548.8364285714285,24.56308513793104,29.49788910344828,0.2067145637931034,False,25.8,70,100,22,28,100,0.0,130.0,35.0,95.0,139.1,16.0
2020-06-13 08:00:00,8081.4171428571435,7939.035714285714,7264.8761904761905,22,4136001,0.9823816261362928,0.25,True,1984.7589285714284,2020.3542857142859,24.8466969,30.34787493333333,0.2621186786666666,False,27.4,63,100,0,0,100,0.0,328.0,186.0,142.0,393.6,21.0
2020-06-13 08:15:00,9546.169047619047,9365.032380952382,9482.561904761904,22,4136001,0.9810251980911816,0.25,True,2341.2580952380954,2386.5422619047617,25.2793741,32.2735037,0.3103957249999999,False,27.4,63,100,0,0,100,0.0,328.0,186.0,142.0,393.6,21.0
2020-06-13 08:30:00,7863.04,7718.36,11584.733333333332,22,4136001,0.9815999918606544,0.25,True,1929.59,1965.76,25.41420231034483,32.084453827586216,0.2426449144827586,False,27.4,63,100,0,0,100,0.0,328.0,186.0,142.0,393.6,21.0
2020-06-13 08:45:00,12399.100952380952,12153.677142857143,14073.828571428572,22,4136001,0.9802063221788124,0.25,True,3038.4192857142857,3099.775238095238,25.86150303333333,34.150635733333324,0.397700346,False,27.4,63,100,0,0,100,0.0,328.0,186.0,142.0,393.6,21.0
2020-06-13 09:00:00,13762.022380952381,13477.820952380953,17239.995238095238,22,4136001,0.9793488616204561,0.25,True,3369.455238095238,3440.5055952380953,26.33435162068965,36.220191655172414,0.4468312662068966,False,29.6,54,100,67,0,99,0.0,568.0,394.0,174.0,589.8,26.0
2020-06-13 09:15:00,7896.592380952381,7758.378095238095,19830.557142857142,22,4136001,0.9824969709658969,0.25,True,1939.5945238095237,1974.1480952380953,26.021283066666665,34.39281413333335,0.2425745116666666,False,29.6,54,100,67,0,99,0.0,568.0,394.0,174.0,589.8,26.0
2020-06-13 09:30:00,13896.894285714287,13610.404285714285,22294.838095238094,22,4136001,0.9793846024795262,0.25,True,3402.6010714285712,3474.2235714285716,26.22057579310345,34.61468486206896,0.4341903689655172,False,29.6,54,100,67,0,99,0.0,568.0,394.0,174.0,589.8,26.0
2020-06-13 09:45:00,5990.16,5864.74,12664.333333333334,22,4136001,0.9790623288860397,0.25,True,1466.185,1497.54,27.204436200000004,40.3800657,0.6071182516666666,False,29.6,54,100,67,0,99,0.0,568.0,394.0,174.0,589.8,26.0
2020-06-13 10:00:00,10508.256666666666,10282.488571428572,20145.885714285712,22,4136001,0.9785151712220491,0.25,True,2570.622142857143,2627.0641666666666,28.234621275862068,47.18160382758621,0.6132955162068963,False,31.0,46,99,54,3,98,0.0,597.0,350.0,247.0,424.4,26.3
2020-06-13 10:15:00,12846.57619047619,12577.243809523809,29413.209523809524,22,4136001,0.9790346955516404,0.25,True,3144.310952380952,3211.6440476190473,27.541681866666664,38.509893733333335,0.4145163073333333,False,31.0,46,99,54,3,98,0.0,597.0,350.0,247.0,424.4,26.3
2020-06-13 10:30:00,3594.3928571428573,3506.09,10065.3,22,4136001,0.9754331647506533,0.25,True,876.5225,898.5982142857143,28.801169482758617,47.45520072413794,0.7940656137931034,False,31.0,46,99,54,3,98,0.0,597.0,350.0,247.0,424.4,26.3
2020-06-13 10:45:00,0.0,0.0,0.0,22,4136001,,0.25,True,0.0,0.0,28.721466066666665,45.33758843333334,0.503414697,False,31.0,46,99,54,3,98,0.0,597.0,350.0,247.0,424.4,26.3
2020-06-13 11:00:00,7658.426666666666,7473.6866666666665,16713.733333333334,22,4136001,0.9758775518731437,0.25,True,1868.4216666666666,1914.6066666666666,28.386927241379315,43.36369134482759,0.739425887586207,False,32.6,41,98,36,57,97,0.0,803.0,536.0,267.0,575.2,26.3
2020-06-13 11:15:00,10958.68,10710.086666666666,35388.333333333336,22,4136001,0.9773153944331494,0.25,True,2677.5216666666665,2739.67,29.51178283333333,45.455444333333325,0.6750354446666667,False,32.6,41,98,36,57,97,0.0,803.0,536.0,267.0,575.2,26.3
2020-06-13 11:30:00,10266.35238095238,10043.414761904762,37952.48095238095,22,4136001,0.9782846320898507,0.25,True,2510.8536904761904,2566.588095238095,29.634007931034475,42.70479703448276,0.5872391644827587,False,32.6,41,98,36,57,97,0.0,803.0,536.0,267.0,575.2,26.3
2020-06-13 11:45:00,11143.806666666667,10893.55380952381,40339.29523809524,22,4136001,0.9775433238723161,0.25,True,2723.3884523809525,2785.951666666667,30.131878566666668,43.11532823333332,0.6300300593333332,False,32.6,41,98,36,57,97,0.0,803.0,536.0,267.0,575.2,26.3
2020-06-13 12:00:00,13029.143809523808,12727.106190476188,43377.671428571426,22,4136001,0.9768183064472094,0.25,True,3181.776547619047,3257.285952380952,31.011079034482755,46.759196275862074,0.7281766237931034,False,33.5,38,100,22,100,98,0.0,800.0,509.0,291.0,518.3,27.9
2020-06-13 12:15:00,15658.626666666667,15280.313333333332,46871.46666666667,22,4136001,0.9758399416892242,0.25,True,3820.078333333333,3914.6566666666668,31.3466552,48.538155133333326,0.9020301976666668,False,33.5,38,100,22,100,98,0.0,800.0,509.0,291.0,518.3,27.9
2020-06-13 12:30:00,15476.281428571428,15102.39619047619,50698.619047619046,22,4136001,0.9758414035166747,0.25,True,3775.5990476190477,3869.070357142857,31.878953586206897,51.00864596551724,0.927123663103448,False,33.5,38,100,22,100,98,0.0,800.0,509.0,291.0,518.3,27.9
2020-06-13 12:45:00,10491.970476190476,10264.110476190475,54035.81904761905,22,4136001,0.9782824398412971,0.25,True,2566.027619047619,2622.992619047619,31.8059285,48.26185130000001,0.6086226563333333,False,33.5,38,100,22,100,98,0.0,800.0,509.0,291.0,518.3,27.9
2020-06-13 13:00:00,14307.80238095238,13966.158571428572,56823.038095238095,22,4136001,0.9761218529283973,0.25,True,3491.539642857143,3576.950595238095,31.572318206896558,45.87381920689655,0.7856176037931033,False,33.4,38,99,0,86,98,0.0,489.0,118.0,371.0,121.4,25.5
2020-06-13 13:15:00,12320.322857142857,12035.44238095238,60211.58571428571,22,4136001,0.9768771906796814,0.25,True,3008.860595238095,3080.0807142857143,31.76270343333333,46.6904521,0.6571986693333333,False,33.4,38,99,0,86,98,0.0,489.0,118.0,371.0,121.4,25.5
2020-06-13 13:30:00,12553.26,12264.24,63370.666666666664,22,4136001,0.9769764985350419,0.25,True,3066.06,3138.315,31.910202517241387,47.1551795862069,0.7514176462068966,False,33.4,38,99,0,86,98,0.0,489.0,118.0,371.0,121.4,25.5
2020-06-13 13:45:00,6036.041904761904,5923.228095238095,65641.40476190476,22,4136001,0.9813099691314586,0.25,True,1480.8070238095238,1509.010476190476,30.5955841,39.9424855,0.2910304896666667,False,33.4,38,99,0,86,98,0.0,489.0,118.0,371.0,121.4,25.5
2020-06-13 14:00:00,13403.049047619048,13095.15,67876.4619047619,22,4136001,0.9770276862730914,0.25,True,3273.7875,3350.762261904762,29.455466666666663,38.4217205,0.6234992839999997,False,33.1,41,100,1,100,96,0.1,598.0,320.0,278.0,354.5,26.8
2020-06-13 14:15:00,11217.80619047619,10979.835238095238,70543.09047619048,22,4136001,0.9787863198614549,0.25,True,2744.9588095238096,2804.4515476190477,29.423552413793104,37.706329344827594,0.43658024,False,33.1,41,100,1,100,96,0.1,598.0,320.0,278.0,354.5,26.8
2020-06-13 14:30:00,18601.24,18154.373333333333,74533.4,22,4136001,0.9759765119601345,0.25,True,4538.593333333333,4650.31,30.29002973333333,44.31017856666666,0.7933978416666667,False,33.1,41,100,1,100,96,0.1,598.0,320.0,278.0,354.5,26.8
2020-06-13 14:45:00,8843.35761904762,8666.57,77884.59523809524,22,4136001,0.9800089935674614,0.25,True,2166.6425,2210.839404761905,30.83672779310345,43.494223724137925,0.3886319782758621,False,33.1,41,100,1,100,96,0.1,598.0,320.0,278.0,354.5,26.8
2020-06-13 15:00:00,12772.198571428571,12510.532857142856,80376.28095238096,22,4136001,0.9795128682957481,0.25,True,3127.633214285714,3193.0496428571428,30.516839533333336,39.930492,0.4327335193333332,False,31.8,47,29,0,19,14,0.0,454.0,229.0,225.0,294.2,23.4
2020-06-13 15:15:00,15687.341904761905,15353.454761904763,83959.63333333333,22,4136001,0.9787161429333168,0.25,True,3838.3636904761906,3921.835476190476,30.912600620689663,40.987721448275856,0.5063876589655171,False,31.8,47,29,0,19,14,0.0,454.0,229.0,225.0,294.2,23.4
2020-06-13 15:30:00,15304.82857142857,14974.681904761905,88239.70952380952,22,4136001,0.9784285942749472,0.25,True,3743.670476190476,3826.2071428571426,31.013409533333327,42.527682566666655,0.4959789229999999,False,31.8,47,29,0,19,14,0.0,454.0,229.0,225.0,294.2,23.4
2020-06-13 15:45:00,14784.673333333332,14478.486666666666,91619.13333333333,22,4136001,0.9792902650086734,0.25,True,3619.6216666666664,3696.168333333333,30.763786689655173,39.48935248275863,0.4535888472413792,False,31.8,47,29,0,19,14,0.0,454.0,229.0,225.0,294.2,23.4
2020-06-13 16:00:00,9507.649523809523,9314.87380952381,94923.63333333333,22,4136001,0.9797241459308155,0.25,True,2328.7184523809524,2376.9123809523808,30.643006366666665,38.751304966666666,0.2837699573333333,False,31.8,48,75,7,33,63,0.0,449.0,308.0,141.0,506.8,25.7
2020-06-13 16:15:00,13396.718095238095,13120.100476190477,97256.5380952381,22,4136001,0.979351836988647,0.25,True,3280.0251190476192,3349.1795238095237,30.497337655172416,36.904718896551714,0.3810035668965517,False,31.8,48,75,7,33,63,0.0,449.0,308.0,141.0,506.8,25.7
2020-06-13 16:30:00,9233.866666666667,9050.48,100156.93333333333,22,4136001,0.9801397753198371,0.25,True,2262.62,2308.4666666666667,30.523774166666666,36.9320934,0.2707068873333333,False,31.8,48,75,7,33,63,0.0,449.0,308.0,141.0,506.8,25.7
2020-06-13 16:45:00,10297.415238095238,10085.889523809523,101930.87142857142,22,4136001,0.9794583680083934,0.25,True,2521.4723809523807,2574.3538095238096,30.178978566666668,34.8094543,0.2919719574,False,31.8,48,75,7,33,63,0.0,449.0,308.0,141.0,506.8,25.7
2020-06-13 17:00:00,10823.686666666666,10614.094761904762,105124.19523809524,22,4136001,0.9806358118803109,0.25,True,2653.5236904761905,2705.9216666666666,30.02002482758621,35.64223806896552,0.3049379434482758,False,30.2,53,83,0,11,73,0.2,243.0,135.0,108.0,335.6,22.3
2020-06-13 17:15:00,6129.985238095238,6014.270476190476,107318.28571428571,22,4136001,0.9811231581463453,0.25,True,1503.567619047619,1532.4963095238095,29.355659,33.714150966666665,0.1898316065,False,30.2,53,83,0,11,73,0.2,243.0,135.0,108.0,335.6,22.3
2020-06-13 17:30:00,4363.493333333333,4274.7733333333335,108482.86666666667,22,4136001,0.9796676668846369,0.25,True,1068.6933333333334,1090.8733333333332,28.722076448275857,31.33327931034482,0.1358335086896552,False,30.2,53,83,0,11,73,0.2,243.0,135.0,108.0,335.6,22.3
2020-06-13 17:45:00,2940.790476190476,2870.197142857143,109332.22857142857,22,4136001,0.975995116311455,0.25,True,717.5492857142857,735.197619047619,28.22930816666667,29.8575644,0.0903164092333333,False,30.2,53,83,0,11,73,0.2,243.0,135.0,108.0,335.6,22.3
2020-06-13 18:00:00,2702.677619047619,2630.4542857142856,110088.57619047619,22,4136001,0.9732771186528774,0.25,True,657.6135714285714,675.6694047619047,28.09258296551724,29.48600731034482,0.0846159424137931,False,29.7,54,73,0,22,70,0.0,92.0,39.0,53.0,221.3,19.1
2020-06-13 18:15:00,1522.8514285714286,1476.194761904762,110607.48571428572,22,4136001,0.9693622990455248,0.25,True,369.0486904761905,380.71285714285716,27.56023966666667,28.012757400000005,0.0482598143666666,False,29.7,54,73,0,22,70,0.0,92.0,39.0,53.0,221.3,19.1
2020-06-13 18:30:00,619.6466666666666,598.5614285714286,110860.94285714286,22,4136001,0.965972159248973,0.25,True,149.64035714285714,154.91166666666666,26.95020889655172,26.744106931034487,0.0196069763620689,False,29.7,54,73,0,22,70,0.0,92.0,39.0,53.0,221.3,19.1
2020-06-13 18:45:00,33.02047619047619,31.843809523809526,110928.6,22,4136001,0.9643655451884113,0.25,True,7.9609523809523814,8.255119047619047,26.38305143333333,25.734800066666665,0.0022054319846666,False,29.7,54,73,0,22,70,0.0,92.0,39.0,53.0,221.3,19.1
2020-06-13 19:00:00,0.0,0.0,110929.0,22,4136001,,0.25,True,0.0,0.0,26.102270724137927,25.34622289655173,0.0,False,28.6,59,91,0,37,87,0.0,2.0,0.0,2.0,0.0,19.0
2020-06-13 19:15:00,0.0,0.0,110929.0,22,4136001,,0.25,True,0.0,0.0,25.9680014,25.22874343333333,0.0,False,28.6,59,91,0,37,87,0.0,2.0,0.0,2.0,0.0,19.0
2020-06-13 19:30:00,0.0,0.0,110929.0,22,4136001,,0.25,True,0.0,0.0,25.766978,24.8300049,0.0,False,28.6,59,91,0,37,87,0.0,2.0,0.0,2.0,0.0,19.0
2020-06-13 19:45:00,0.0,0.0,110929.0,22,4136001,,0.25,True,0.0,0.0,25.689107758620697,24.81120572413793,0.0,False,28.6,59,91,0,37,87,0.0,2.0,0.0,2.0,0.0,19.0
2020-06-13 20:00:00,0.0,0.0,110929.0,22,4136001,,0.25,True,0.0,0.0,25.728445333333333,25.2848774,0.0,False,27.6,63,93,0,55,86,0.0,0.0,0.0,0.0,0.0,19.3
2020-06-13 20:15:00,0.0,0.0,110929.0,22,4136001,,0.25,True,0.0,0.0,24.964022862068965,24.19147475862069,0.0,False,27.6,63,93,0,55,86,0.0,0.0,0.0,0.0,0.0,19.3
2020-06-13 20:30:00,0.0,0.0,110929.0,22,4136001,,0.25,True,0.0,0.0,24.1302543,23.396651266666662,0.0,False,27.6,63,93,0,55,86,0.0,0.0,0.0,0.0,0.0,19.3
2020-06-13 20:45:00,0.0,0.0,110929.0,22,4136001,,0.25,True,0.0,0.0,24.408619233333333,22.987135666666664,0.0,False,27.6,63,93,0,55,86,0.0,0.0,0.0,0.0,0.0,19.3
2020-06-13 21:00:00,0.0,0.0,110929.0,22,4136001,,0.25,True,0.0,0.0,24.628064379310345,22.85595717241379,0.0,False,27.0,65,94,0,75,83,0.0,0.0,0.0,0.0,0.0,19.5
2020-06-13 21:15:00,0.0,0.0,110929.0,22,4136001,,0.25,True,0.0,0.0,24.769791533333333,23.19620366666667,0.0,False,27.0,65,94,0,75,83,0.0,0.0,0.0,0.0,0.0,19.5
2020-06-13 21:30:00,0.0,0.0,110929.0,22,4136001,,0.25,True,0.0,0.0,24.742705965517235,23.634016379310346,0.0,False,27.0,65,94,0,75,83,0.0,0.0,0.0,0.0,0.0,19.5
2020-06-13 21:45:00,0.0,0.0,110929.0,22,4136001,,0.25,True,0.0,0.0,24.633418833333334,23.54427586666667,0.0,False,27.0,65,94,0,75,83,0.0,0.0,0.0,0.0,0.0,19.5
2020-06-13 22:00:00,0.0,0.0,110929.0,22,4136001,,0.25,True,0.0,0.0,24.702783033333336,23.61048796666666,0.0,False,26.4,69,41,0,37,7,0.0,0.0,0.0,0.0,0.0,19.3
2020-06-13 22:15:00,0.0,0.0,110929.0,22,4136001,,0.25,True,0.0,0.0,24.616666586206897,23.65589327586207,0.0,False,26.4,69,41,0,37,7,0.0,0.0,0.0,0.0,0.0,19.3
2020-06-13 22:30:00,0.0,0.0,110929.0,22,4136001,,0.25,True,0.0,0.0,24.5029664,23.412854133333333,0.0,False,26.4,69,41,0,37,7,0.0,0.0,0.0,0.0,0.0,19.3
2020-06-13 22:45:00,0.0,0.0,110929.0,22,4136001,,0.25,True,0.0,0.0,24.393407482758622,23.194318172413794,0.0,False,26.4,69,41,0,37,7,0.0,0.0,0.0,0.0,0.0,19.3
2020-06-13 23:00:00,0.0,0.0,110929.0,22,4136001,,0.25,True,0.0,0.0,24.2540863,22.898698833333327,0.0,False,25.9,73,90,0,76,83,0.0,0.0,0.0,0.0,0.0,18.5
2020-06-13 23:15:00,0.0,0.0,110929.0,22,4136001,,0.25,True,0.0,0.0,24.0774854,22.555913166666663,0.0,False,25.9,73,90,0,76,83,0.0,0.0,0.0,0.0,0.0,18.5
2020-06-13 23:30:00,0.0,0.0,110929.0,22,4136001,,0.25,True,0.0,0.0,23.966242310344825,22.41555251724138,0.0,False,25.9,73,90,0,76,83,0.0,0.0,0.0,0.0,0.0,18.5
2020-06-13 23:45:00,0.0,0.0,106120.93333333333,22,4136001,,0.25,True,0.0,0.0,23.834090966666675,22.169777566666667,0.0,False,25.9,73,90,0,76,83,0.0,0.0,0.0,0.0,0.0,18.5
2020-06-14 00:00:00,0.0,0.0,87361.93333333333,22,4136001,,0.25,True,0.0,0.0,23.775725931034483,22.11771368965517,0.0,False,25.5,75,90,0,15,89,0.0,0.0,0.0,0.0,0.0,17.7
2020-06-14 00:15:00,0.0,0.0,85459.0,22,4136001,,0.25,True,0.0,0.0,23.7299946,22.241563133333333,0.0,False,25.5,75,90,0,15,89,0.0,0.0,0.0,0.0,0.0,17.7
2020-06-14 00:30:00,0.0,0.0,85459.0,22,4136001,,0.25,True,0.0,0.0,23.6519716,22.2784547,0.0,False,25.5,75,90,0,15,89,0.0,0.0,0.0,0.0,0.0,17.7
2020-06-14 00:45:00,0.0,0.0,85227.53333333333,22,4136001,,0.25,True,0.0,0.0,23.77284196551724,22.823528482758626,7.810113413793104e-05,False,25.5,75,90,0,15,89,0.0,0.0,0.0,0.0,0.0,17.7
2020-06-14 01:00:00,0.0,0.0,85459.0,22,4136001,,0.25,True,0.0,0.0,24.106607299999997,23.5477671,0.0001062090888666,False,25.1,77,92,0,9,92,0.0,0.0,0.0,0.0,0.0,18.8
2020-06-14 01:15:00,0.0,0.0,85459.0,22,4136001,,0.25,True,0.0,0.0,24.12137689655172,23.53657382758621,0.0,False,25.1,77,92,0,9,92,0.0,0.0,0.0,0.0,0.0,18.8
2020-06-14 01:30:00,0.0,0.0,85459.0,22,4136001,,0.25,True,0.0,0.0,24.116438966666667,23.0164214,0.0,False,25.1,77,92,0,9,92,0.0,0.0,0.0,0.0,0.0,18.8
2020-06-14 01:45:00,0.0,0.0,85459.0,22,4136001,,0.25,True,0.0,0.0,24.412602766666677,23.533722033333333,0.0,False,25.1,77,92,0,9,92,0.0,0.0,0.0,0.0,0.0,18.8
2020-06-14 02:00:00,0.0,0.0,85459.0,22,4136001,,0.25,True,0.0,0.0,24.50337486206896,23.667025862068968,0.0,False,25.0,76,92,0,10,91,0.0,0.0,0.0,0.0,0.0,20.4
2020-06-14 02:15:00,0.0,0.0,85459.0,22,4136001,,0.25,True,0.0,0.0,24.208179866666665,23.21623126666667,0.0,False,25.0,76,92,0,10,91,0.0,0.0,0.0,0.0,0.0,20.4
2020-06-14 02:30:00,0.0,0.0,85459.0,22,4136001,,0.25,True,0.0,0.0,24.03689703448276,22.987598344827592,0.0,False,25.0,76,92,0,10,91,0.0,0.0,0.0,0.0,0.0,20.4
2020-06-14 02:45:00,0.0,0.0,85459.0,22,4136001,,0.25,True,0.0,0.0,23.97870283333333,22.8038574,0.0,False,25.0,76,92,0,10,91,0.0,0.0,0.0,0.0,0.0,20.4
2020-06-14 03:00:00,0.0,0.0,85459.0,22,4136001,,0.25,True,0.0,0.0,24.195368310344826,23.62546093103448,1.3237111379310342e-06,False,24.7,77,92,0,11,91,0.0,0.0,0.0,0.0,0.0,19.8
2020-06-14 03:15:00,0.0,0.0,85459.0,22,4136001,,0.25,True,0.0,0.0,24.0475444,23.161643566666665,0.0,False,24.7,77,92,0,11,91,0.0,0.0,0.0,0.0,0.0,19.8
2020-06-14 03:30:00,0.0,0.0,85459.0,22,4136001,,0.25,True,0.0,0.0,23.953640766666663,23.002978366666667,0.0,False,24.7,77,92,0,11,91,0.0,0.0,0.0,0.0,0.0,19.8
2020-06-14 03:45:00,0.0,0.0,85459.0,22,4136001,,0.25,True,0.0,0.0,23.967751310344827,22.833656137931037,0.0,False,24.7,77,92,0,11,91,0.0,0.0,0.0,0.0,0.0,19.8
2020-06-14 04:00:00,0.0,0.0,85459.0,22,4136001,,0.25,True,0.0,0.0,24.02683333333333,22.792974966666662,0.0,False,24.6,77,94,0,3,94,0.0,0.0,0.0,0.0,0.0,20.0
2020-06-14 04:15:00,0.0,0.0,85459.0,22,4136001,,0.25,True,0.0,0.0,24.118332551724134,23.167076379310352,0.0,False,24.6,77,94,0,3,94,0.0,0.0,0.0,0.0,0.0,20.0
2020-06-14 04:30:00,0.0,0.0,85459.0,22,4136001,,0.25,True,0.0,0.0,24.161245966666662,23.494035,0.0,False,24.6,77,94,0,3,94,0.0,0.0,0.0,0.0,0.0,20.0
2020-06-14 04:45:00,0.0,0.0,85459.0,22,4136001,,0.25,True,0.0,0.0,24.015047433333333,23.30908413333333,0.0,False,24.6,77,94,0,3,94,0.0,0.0,0.0,0.0,0.0,20.0
2020-06-14 05:00:00,0.0,0.0,85459.0,22,4136001,,0.25,True,0.0,0.0,23.96164786206897,23.443989827586204,0.0,False,24.9,77,83,0,25,92,0.0,0.0,0.0,0.0,0.0,17.6
2020-06-14 05:15:00,0.0,0.0,85459.0,22,4136001,,0.25,True,0.0,0.0,23.917826,23.409377100000004,0.0,False,24.9,77,83,0,25,92,0.0,0.0,0.0,0.0,0.0,17.6
2020-06-14 05:30:00,0.0,0.0,35692.666666666664,22,4136001,,0.25,True,0.0,0.0,24.095431655172412,23.63225903448276,0.0,False,24.9,77,83,0,25,92,0.0,0.0,0.0,0.0,0.0,17.6
2020-06-14 05:45:00,0.0,0.0,34858.0,22,4136001,,0.25,True,0.0,0.0,24.128701766666666,23.486613,0.0009635307772,False,24.9,77,83,0,25,92,0.0,0.0,0.0,0.0,0.0,17.6
2020-06-14 06:00:00,306.3095238095238,295.81904761904764,34874.98095238095,22,4136001,0.9657520404197436,0.25,True,73.95476190476191,76.57738095238095,24.222949862068965,23.77290606896552,0.0127208571724137,False,25.3,75,100,0,100,89,0.0,13.0,2.0,11.0,22.0,15.7
2020-06-14 06:15:00,1032.4666666666667,998.5333333333333,35048.13333333333,22,4136001,0.9671337250597275,0.25,True,249.63333333333333,258.1166666666667,24.349084633333334,24.026523833333336,0.0344617859666666,False,25.3,75,100,0,100,89,0.0,13.0,2.0,11.0,22.0,15.7
2020-06-14 06:30:00,2118.9709523809524,2058.3338095238096,34967.333333333336,22,4136001,0.971383683769233,0.25,True,514.5834523809524,529.7427380952381,24.570349310344827,24.79671503448276,0.0679793497931034,False,25.3,75,100,0,100,89,0.0,13.0,2.0,11.0,22.0,15.7
2020-06-14 06:45:00,3550.365238095238,3471.6390476190477,27907.090476190475,22,4136001,0.9778258896770782,0.25,True,867.9097619047619,887.5913095238095,24.901077066666662,26.4780029,0.1124631353999999,False,25.3,75,100,0,100,89,0.0,13.0,2.0,11.0,22.0,15.7
2020-06-14 07:00:00,5098.398095238095,5000.258095238095,26529.30476190476,22,4136001,0.9807508165963613,0.25,True,1250.0645238095237,1274.5995238095238,25.54066827586208,28.2249555862069,0.1760263989655172,False,26.5,71,100,2,99,87,0.0,105.0,28.0,77.0,111.6,17.0
2020-06-14 07:15:00,6494.06,6375.486666666667,27922.4,22,4136001,0.981741263041405,0.25,True,1593.8716666666667,1623.515,25.920732666666662,30.01071866666667,0.230661987,False,26.5,71,100,2,99,87,0.0,105.0,28.0,77.0,111.6,17.0
2020-06-14 07:30:00,8101.5257142857145,7954.534761904762,15197.9,22,4136001,0.9818563863690812,0.25,True,1988.6336904761904,2025.3814285714286,26.400092827586203,32.388297413793104,0.2933428420689654,False,26.5,71,100,2,99,87,0.0,105.0,28.0,77.0,111.6,17.0
2020-06-14 07:45:00,10075.604761904762,9879.974761904761,6304.323809523809,22,4136001,0.9805837957499419,0.25,True,2469.9936904761903,2518.9011904761905,26.507665,32.670761166666665,0.374707374,False,26.5,71,100,2,99,87,0.0,105.0,28.0,77.0,111.6,17.0
2020-06-14 08:00:00,10140.417142857143,9943.520952380952,9004.02380952381,22,4136001,0.9805830285182219,0.25,True,2485.880238095238,2535.1042857142857,27.246093724137925,35.330571758620685,0.3206890286206896,False,27.4,68,93,0,67,89,0.0,179.0,14.0,165.0,29.7,21.1
2020-06-14 08:15:00,7856.0233333333335,7710.522380952381,11020.919047619049,22,4136001,0.9814790580160846,0.25,True,1927.6305952380953,1964.0058333333334,26.843411166666662,32.82237119999999,0.252571925,False,27.4,68,93,0,67,89,0.0,179.0,14.0,165.0,29.7,21.1
2020-06-14 08:30:00,11446.406666666666,11488.042857142858,13314.214285714284,22,4136001,1.0036374900603036,0.25,True,2872.0107142857146,2861.6016666666665,27.329228,34.37789599999999,0.4067320644444445,False,27.4,68,93,0,67,89,0.0,179.0,14.0,165.0,29.7,21.1
2020-06-14 08:45:00,9610.738095238095,9430.033333333333,15888.642857142857,22,4136001,0.9811976187349962,0.25,True,2357.508333333333,2402.684523809524,27.568192566666667,35.298638999999994,0.3368159026666667,False,27.4,68,93,0,67,89,0.0,179.0,14.0,165.0,29.7,21.1
2020-06-14 09:00:00,15313.48857142857,14985.193333333333,19104.214285714283,22,4136001,0.978561695033504,0.25,True,3746.298333333333,3828.3721428571425,28.24413975862069,39.94139131034482,0.6121185824137931,False,29.8,58,86,12,34,84,0.0,427.0,165.0,262.0,247.2,27.7
2020-06-14 09:15:00,11040.138095238095,10814.327142857142,22214.933333333334,22,4136001,0.979546365232664,0.25,True,2703.5817857142856,2760.0345238095238,28.443925033333336,39.155357066666646,0.464049278,False,29.8,58,86,12,34,84,0.0,427.0,165.0,262.0,247.2,27.7
2020-06-14 09:30:00,11644.108571428571,11403.442857142858,25102.666666666668,22,4136001,0.9793315466951038,0.25,True,2850.8607142857145,2911.0271428571427,28.6242611724138,39.783995413793114,0.437681084137931,False,29.8,58,86,12,34,84,0.0,427.0,165.0,262.0,247.2,27.7
2020-06-14 09:45:00,10842.473333333333,10623.3,27791.533333333333,22,4136001,0.9797856700592914,0.25,True,2655.825,2710.6183333333333,28.734169533333336,38.275773,0.3940888086666666,False,29.8,58,86,12,34,84,0.0,427.0,165.0,262.0,247.2,27.7
2020-06-14 10:00:00,12493.129047619048,12226.275238095237,30478.185714285715,22,4136001,0.9786399541294526,0.25,True,3056.5688095238093,3123.282261904762,28.86396534482758,38.06350293103447,0.4686161110344827,False,31.1,53,100,100,14,85,0.0,526.0,220.0,306.0,266.9,29.7
2020-06-14 10:15:00,14442.056666666665,14106.534285714286,34201.328571428574,22,4136001,0.9767676869924773,0.25,True,3526.6335714285715,3610.5141666666664,30.014205866666664,44.896558733333336,0.7643584866666667,False,31.1,53,100,100,14,85,0.0,526.0,220.0,306.0,266.9,29.7
2020-06-14 10:30:00,14876.287142857142,14519.214761904761,37897.2,22,4136001,0.9759972110296466,0.25,True,3629.8036904761902,3719.0717857142854,30.63661986206896,48.25690844827587,0.8473476258620689,False,31.1,53,100,100,14,85,0.0,526.0,220.0,306.0,266.9,29.7
2020-06-14 10:45:00,10248.59761904762,10018.790476190476,40521.0,22,4136001,0.9775767230406204,0.25,True,2504.697619047619,2562.149404761905,30.432905033333327,43.14604706666668,0.5323032116666666,False,31.1,53,100,100,14,85,0.0,526.0,220.0,306.0,266.9,29.7
2020-06-14 11:00:00,15261.606666666665,14896.859999999999,43799.066666666666,22,4136001,0.9761003756266815,0.25,True,3724.2149999999997,3815.401666666666,31.127603482758623,47.85183613793103,0.7720220348275862,False,31.3,52,91,2,12,90,0.0,496.0,166.0,330.0,178.2,25.7
2020-06-14 11:15:00,13697.49,13378.19238095238,47540.909523809525,22,4136001,0.9766893336627644,0.25,True,3344.548095238095,3424.3725,31.79656173333333,50.92126149999999,0.782660194,False,31.3,52,91,2,12,90,0.0,496.0,166.0,330.0,178.2,25.7
2020-06-14 11:30:00,13162.960476190477,12859.930476190475,50738.63333333333,22,4136001,0.9769785831577834,0.25,True,3214.9826190476188,3290.7401190476194,31.37812434482759,47.14193506896552,0.754396708275862,False,31.3,52,91,2,12,90,0.0,496.0,166.0,330.0,178.2,25.7
2020-06-14 11:45:00,11735.835238095238,11474.687142857143,53751.26666666666,22,4136001,0.9777478049120533,0.25,True,2868.6717857142858,2933.9588095238096,31.610847068965523,46.602203379310346,0.5332220434482758,False,31.3,52,91,2,12,90,0.0,496.0,166.0,330.0,178.2,25.7
2020-06-14 12:00:00,12174.001904761904,11908.557142857142,56576.776190476194,22,4136001,0.9781957679995982,0.25,True,2977.1392857142855,3043.500476190476,30.9920359,42.586829733333325,0.5855762653333334,False,33.5,46,98,9,4,98,0.0,859.0,621.0,238.0,632.4,25.5
2020-06-14 12:15:00,16734.816666666666,16330.534761904762,60303.828571428574,22,4136001,0.9758418683147468,0.25,True,4082.6336904761906,4183.704166666666,32.03907856666667,49.36540720000001,0.8787766163333333,False,33.5,46,98,9,4,98,0.0,859.0,621.0,238.0,632.4,25.5
2020-06-14 12:30:00,17283.906666666666,16859.98380952381,64208.83809523809,22,4136001,0.97547297232515,0.25,True,4214.995952380952,4320.9766666666665,31.55893686206896,48.934904137931035,0.9213555827586208,False,33.5,46,98,9,4,98,0.0,859.0,621.0,238.0,632.4,25.5
2020-06-14 12:45:00,15620.360476190477,15244.790952380954,68249.64285714286,22,4136001,0.9759564112248248,0.25,True,3811.1977380952385,3905.0901190476193,32.10389506666667,52.80110570000001,0.8849503783333332,False,33.5,46,98,9,4,98,0.0,859.0,621.0,238.0,632.4,25.5
2020-06-14 13:00:00,14139.169047619049,13791.481904761906,71982.87142857142,22,4136001,0.9754096480715257,0.25,True,3447.8704761904764,3534.792261904762,32.30668179310345,52.9857893448276,0.9029522003448276,False,33.9,47,96,38,21,95,0.0,829.0,550.0,279.0,565.7,21.9
2020-06-14 13:15:00,14971.369999999999,14602.32619047619,75430.4619047619,22,4136001,0.9753500307905149,0.25,True,3650.5815476190473,3742.8424999999997,32.70611060000002,52.174472133333325,0.8873814986666667,False,33.9,47,96,38,21,95,0.0,829.0,550.0,279.0,565.7,21.9
2020-06-14 13:30:00,13391.94,13068.246666666666,78905.26666666666,22,4136001,0.9758292425643085,0.25,True,3267.0616666666665,3347.985,32.6373982413793,50.712911689655165,0.8256354096551723,False,33.9,47,96,38,21,95,0.0,829.0,550.0,279.0,565.7,21.9
2020-06-14 13:45:00,13210.029047619048,12894.168095238096,82318.42380952381,22,4136001,0.9760893067500195,0.25,True,3223.542023809524,3302.507261904762,32.64825039999999,50.362212133333344,0.757183638,False,33.9,47,96,38,21,95,0.0,829.0,550.0,279.0,565.7,21.9
2020-06-14 14:00:00,14260.520952380952,13917.196190476192,85591.79523809523,22,4136001,0.9759248092652998,0.25,True,3479.299047619048,3565.130238095238,32.95608731034483,48.68971824137931,0.7570201910344828,False,34.1,45,96,22,35,94,0.0,703.0,402.0,301.0,445.2,25.5
2020-06-14 14:15:00,9263.686666666666,9066.386666666665,88580.53333333334,22,4136001,0.978701783954984,0.25,True,2266.5966666666664,2315.9216666666666,32.494083633333325,44.67058416666666,0.453138228,False,34.1,45,96,22,35,94,0.0,703.0,402.0,301.0,445.2,25.5
2020-06-14 14:30:00,10987.671428571428,10770.567619047619,90631.97619047618,22,4136001,0.9802411447288758,0.25,True,2692.6419047619047,2746.917857142857,31.499514862068967,38.70719641379311,0.3450704103448276,False,34.1,45,96,22,35,94,0.0,703.0,402.0,301.0,445.2,25.5
2020-06-14 14:45:00,18539.486666666668,18109.95333333333,94568.86666666667,22,4136001,0.9768314333046976,0.25,True,4527.488333333333,4634.871666666667,32.334951633333326,44.24039810000001,0.6560674536666667,False,34.1,45,96,22,35,94,0.0,703.0,402.0,301.0,445.2,25.5
2020-06-14 15:00:00,11473.339523809524,11234.69238095238,98158.54285714286,22,4136001,0.9791998535071762,0.25,True,2808.673095238095,2868.334880952381,31.692615310344824,42.727485172413786,0.3693632165517241,False,32.0,50,93,25,34,91,0.1,496.0,259.0,237.0,332.5,25.2
2020-06-14 15:15:00,6314.878571428571,6197.971428571428,100286.89523809524,22,4136001,0.9814870323261503,0.25,True,1549.492857142857,1578.7196428571428,30.196788566666665,35.68807996666667,0.1843229213333333,False,32.0,50,93,25,34,91,0.1,496.0,259.0,237.0,332.5,25.2
2020-06-14 15:30:00,14555.386666666665,14250.806666666665,102529.4,22,4136001,0.9790744136878535,0.25,True,3562.7016666666664,3638.8466666666664,30.659953103448277,35.306102896551714,0.4304188627586207,False,32.0,50,93,25,34,91,0.1,496.0,259.0,237.0,332.5,25.2
2020-06-14 15:45:00,17286.121428571427,16914.095238095237,106945.49523809523,22,4136001,0.9784783306068136,0.25,True,4228.523809523809,4321.530357142857,31.989416533333337,43.63690883333333,0.5305140446666666,False,32.0,50,93,25,34,91,0.1,496.0,259.0,237.0,332.5,25.2
2020-06-14 16:00:00,10078.293333333333,9888.693333333333,109546.0,22,4136001,0.9811872909698997,0.25,True,2472.173333333333,2519.5733333333333,31.394239862068964,39.10474593103448,0.3272701637931034,False,32.1,48,93,1,17,91,0.0,401.0,190.0,211.0,312.3,23.6
2020-06-14 16:15:00,6716.085238095238,6593.959047619048,112072.4619047619,22,4136001,0.9818158665135067,0.25,True,1648.489761904762,1679.0213095238096,30.74876806666666,36.071380600000005,0.2067178053333333,False,32.1,48,93,1,17,91,0.0,401.0,190.0,211.0,312.3,23.6
2020-06-14 16:30:00,10646.092380952381,10440.935238095239,114205.41428571427,22,4136001,0.980729347866246,0.25,True,2610.2338095238097,2661.5230952380953,30.88903913793104,36.300511931034485,0.3138297106896551,False,32.1,48,93,1,17,91,0.0,401.0,190.0,211.0,312.3,23.6
2020-06-14 16:45:00,5888.17380952381,5770.537142857143,115893.78095238096,22,4136001,0.9800215363078455,0.25,True,1442.6342857142859,1472.0434523809524,29.79161579999999,35.120568933333324,0.1753590813333333,False,32.1,48,93,1,17,91,0.0,401.0,190.0,211.0,312.3,23.6
2020-06-14 17:00:00,5871.724761904762,5762.763333333333,117216.59523809524,22,4136001,0.9814430285836351,0.25,True,1440.6908333333333,1467.9311904761905,27.71768493333333,31.93408716666667,0.1725242038,False,31.8,47,98,3,12,99,0.0,231.0,103.0,128.0,255.5,25.1
2020-06-14 17:15:00,4833.351904761905,4738.783809523809,119019.10476190475,22,4136001,0.9804342623708145,0.25,True,1184.6959523809523,1208.3379761904762,26.899515137931036,30.41965662068965,0.1436007848965517,False,31.8,47,98,3,12,99,0.0,231.0,103.0,128.0,255.5,25.1
2020-06-14 17:30:00,3683.7261904761904,3605.691904761905,120103.14761904761,22,4136001,0.9788164804658844,0.25,True,901.4229761904762,920.9315476190476,26.523709166666663,29.40315043333333,0.1087214031999999,False,31.8,47,98,3,12,99,0.0,231.0,103.0,128.0,255.5,25.1
2020-06-14 17:45:00,3347.1266666666666,3268.2133333333336,120960.59999999999,22,4136001,0.9764235593115689,0.25,True,817.0533333333334,836.7816666666666,26.32929734482758,28.677474517241382,0.1048194387241379,False,31.8,47,98,3,12,99,0.0,231.0,103.0,128.0,255.5,25.1
2020-06-14 18:00:00,2243.5538095238094,2180.0566666666664,121641.80952380953,22,4136001,0.971697963031865,0.25,True,545.0141666666666,560.8884523809523,26.29677636666667,28.153064,0.0686907110666666,False,30.3,54,97,1,15,96,0.0,92.0,34.0,58.0,191.9,21.6
2020-06-14 18:15:00,1312.7533333333333,1271.1266666666666,122083.4,22,4136001,0.9682905648687491,0.25,True,317.78166666666664,328.18833333333333,26.174056413793103,27.16848427586207,0.0407503786551724,False,30.3,54,97,1,15,96,0.0,92.0,34.0,58.0,191.9,21.6
2020-06-14 18:30:00,494.4271428571428,477.53666666666663,122303.87619047619,22,4136001,0.9658382909706953,0.25,True,119.38416666666666,123.6067857142857,26.235976966666662,26.387166466666667,0.01679531105,False,30.3,54,97,1,15,96,0.0,92.0,34.0,58.0,191.9,21.6
2020-06-14 18:45:00,0.0,0.0,122347.0,22,4136001,,0.25,True,0.0,0.0,26.37077713793104,26.324486310344827,0.0016383259080689,False,30.3,54,97,1,15,96,0.0,92.0,34.0,58.0,191.9,21.6
2020-06-14 19:00:00,0.0,0.0,122347.0,22,4136001,,0.25,True,0.0,0.0,26.391504066666663,26.25866303333333,0.0,False,29.3,58,99,0,16,99,0.0,3.0,0.0,3.0,0.0,20.8
2020-06-14 19:15:00,0.0,0.0,122347.0,22,4136001,,0.25,True,0.0,0.0,26.318566620689648,25.850328,0.0,False,29.3,58,99,0,16,99,0.0,3.0,0.0,3.0,0.0,20.8
2020-06-14 19:30:00,0.0,0.0,122347.0,22,4136001,,0.25,True,0.0,0.0,26.152496199999995,25.51716816666667,0.0,False,29.3,58,99,0,16,99,0.0,3.0,0.0,3.0,0.0,20.8
2020-06-14 19:45:00,0.0,0.0,122347.0,22,4136001,,0.25,True,0.0,0.0,26.056760766666667,25.324434333333336,0.0,False,29.3,58,99,0,16,99,0.0,3.0,0.0,3.0,0.0,20.8
2020-06-14 20:00:00,0.0,0.0,122347.0,22,4136001,,0.25,True,0.0,0.0,26.086180827586208,25.719854862068964,0.0,False,28.1,64,99,0,15,99,0.0,0.0,0.0,0.0,0.0,20.4
2020-06-14 20:15:00,0.0,0.0,121862.46666666666,22,4136001,,0.25,True,0.0,0.0,26.057802466666672,25.8777026,0.0,False,28.1,64,99,0,15,99,0.0,0.0,0.0,0.0,0.0,20.4
2020-06-14 20:30:00,0.0,0.0,122347.0,22,4136001,,0.25,True,0.0,0.0,25.538560655172414,25.540892517241385,0.0,False,28.1,64,99,0,15,99,0.0,0.0,0.0,0.0,0.0,20.4
2020-06-14 20:45:00,0.0,0.0,122123.86666666667,22,4136001,,0.25,True,0.0,0.0,24.681337433333336,24.358361833333337,0.0,False,28.1,64,99,0,15,99,0.0,0.0,0.0,0.0,0.0,20.4
2020-06-14 21:00:00,0.0,0.0,122347.0,22,4136001,,0.25,True,0.0,0.0,24.35666331034483,23.760432896551723,0.0,False,27.2,68,100,0,10,100,0.0,0.0,0.0,0.0,0.0,19.7
2020-06-14 21:15:00,0.0,0.0,122347.0,22,4136001,,0.25,True,0.0,0.0,24.30556033333333,23.6487916,0.0,False,27.2,68,100,0,10,100,0.0,0.0,0.0,0.0,0.0,19.7
2020-06-14 21:30:00,0.0,0.0,122347.0,22,4136001,,0.25,True,0.0,0.0,24.492610689655173,23.475766068965516,0.0,False,27.2,68,100,0,10,100,0.0,0.0,0.0,0.0,0.0,19.7
2020-06-14 21:45:00,0.0,0.0,122347.0,22,4136001,,0.25,True,0.0,0.0,24.1292797,22.79287313333333,0.0,False,27.2,68,100,0,10,100,0.0,0.0,0.0,0.0,0.0,19.7
2020-06-14 22:00:00,0.0,0.0,122347.0,22,4136001,,0.25,True,0.0,0.0,24.05143143333333,22.558529766666677,0.0,False,26.7,71,98,0,8,98,0.0,0.0,0.0,0.0,0.0,19.7
2020-06-14 22:15:00,0.0,0.0,122347.0,22,4136001,,0.25,True,0.0,0.0,24.156552827586204,22.76215020689655,0.0,False,26.7,71,98,0,8,98,0.0,0.0,0.0,0.0,0.0,19.7
2020-06-14 22:30:00,0.0,0.0,122347.0,22,4136001,,0.25,True,0.0,0.0,24.138060566666677,22.858555600000003,0.0,False,26.7,71,98,0,8,98,0.0,0.0,0.0,0.0,0.0,19.7
2020-06-14 22:45:00,0.0,0.0,122347.0,22,4136001,,0.25,True,0.0,0.0,24.185657379310346,22.922952586206897,0.0,False,26.7,71,98,0,8,98,0.0,0.0,0.0,0.0,0.0,19.7
2020-06-14 23:00:00,0.0,0.0,122347.0,22,4136001,,0.25,True,0.0,0.0,24.412541766666664,23.356136166666666,0.0,False,26.2,73,99,0,16,99,0.0,0.0,0.0,0.0,0.0,19.7
2020-06-14 23:15:00,0.0,0.0,122347.0,22,4136001,,0.25,True,0.0,0.0,24.652915366666672,23.91376343333333,0.0,False,26.2,73,99,0,16,99,0.0,0.0,0.0,0.0,0.0,19.7
2020-06-14 23:30:00,0.0,0.0,122347.0,22,4136001,,0.25,True,0.0,0.0,24.70239134482759,24.18513027586207,0.0,False,26.2,73,99,0,16,99,0.0,0.0,0.0,0.0,0.0,19.7
2020-06-14 23:45:00,0.0,0.0,117901.0,22,4136001,,0.25,True,0.0,0.0,24.5347565,23.921970633333338,0.0,False,26.2,73,99,0,16,99,0.0,0.0,0.0,0.0,0.0,19.7
2020-06-15 00:00:00,0.0,0.0,95945.6,22,4136001,,0.25,True,0.0,0.0,24.48687631034483,23.8462514137931,0.0,False,25.9,75,97,0,13,97,0.0,0.0,0.0,0.0,0.0,19.5
2020-06-15 00:15:00,0.0,0.0,92668.0,22,4136001,,0.25,True,0.0,0.0,24.50937833333333,23.902851233333333,0.0,False,25.9,75,97,0,13,97,0.0,0.0,0.0,0.0,0.0,19.5
2020-06-15 00:30:00,0.0,0.0,92668.0,22,4136001,,0.25,True,0.0,0.0,24.605338241379307,24.17273686206896,0.0,False,25.9,75,97,0,13,97,0.0,0.0,0.0,0.0,0.0,19.5
2020-06-15 00:45:00,0.0,0.0,92668.0,22,4136001,,0.25,True,0.0,0.0,24.679791366666663,24.459141966666667,0.0,False,25.9,75,97,0,13,97,0.0,0.0,0.0,0.0,0.0,19.5
2020-06-15 01:00:00,0.0,0.0,92668.0,22,4136001,,0.25,True,0.0,0.0,24.6363729,24.380418766666665,0.0,False,25.6,76,98,0,7,98,0.0,0.0,0.0,0.0,0.0,19.7
2020-06-15 01:15:00,0.0,0.0,92668.0,22,4136001,,0.25,True,0.0,0.0,24.557383482758624,24.403434034482764,0.0,False,25.6,76,98,0,7,98,0.0,0.0,0.0,0.0,0.0,19.7
2020-06-15 01:30:00,0.0,0.0,92668.0,22,4136001,,0.25,True,0.0,0.0,24.537739166666665,24.403716133333333,0.0,False,25.6,76,98,0,7,98,0.0,0.0,0.0,0.0,0.0,19.7
2020-06-15 01:45:00,0.0,0.0,92668.0,22,4136001,,0.25,True,0.0,0.0,24.49356613793104,24.322199103448277,0.0,False,25.6,76,98,0,7,98,0.0,0.0,0.0,0.0,0.0,19.7
2020-06-15 02:00:00,0.0,0.0,92668.0,22,4136001,,0.25,True,0.0,0.0,24.576141533333335,24.331221500000005,0.0,False,25.4,76,98,0,6,98,0.0,0.0,0.0,0.0,0.0,19.4
2020-06-15 02:15:00,0.0,0.0,92668.0,22,4136001,,0.25,True,0.0,0.0,24.5805764,24.441901766666664,0.0,False,25.4,76,98,0,6,98,0.0,0.0,0.0,0.0,0.0,19.4
2020-06-15 02:30:00,0.0,0.0,92668.0,22,4136001,,0.25,True,0.0,0.0,24.59707010344828,24.429463413793098,0.0,False,25.4,76,98,0,6,98,0.0,0.0,0.0,0.0,0.0,19.4
2020-06-15 02:45:00,0.0,0.0,92668.0,22,4136001,,0.25,True,0.0,0.0,24.22866923333333,23.93627113333333,0.0,False,25.4,76,98,0,6,98,0.0,0.0,0.0,0.0,0.0,19.4
2020-06-15 03:00:00,0.0,0.0,92668.0,22,4136001,,0.25,True,0.0,0.0,24.000265344827582,23.42331768965517,0.0,False,25.4,77,98,0,18,98,0.0,0.0,0.0,0.0,0.0,18.5
2020-06-15 03:15:00,0.0,0.0,92668.0,22,4136001,,0.25,True,0.0,0.0,24.1572967,23.330549266666665,0.0,False,25.4,77,98,0,18,98,0.0,0.0,0.0,0.0,0.0,18.5
2020-06-15 03:30:00,0.0,0.0,92668.0,22,4136001,,0.25,True,0.0,0.0,24.214068633333337,23.349376566666663,0.0,False,25.4,77,98,0,18,98,0.0,0.0,0.0,0.0,0.0,18.5
2020-06-15 03:45:00,0.0,0.0,92668.0,22,4136001,,0.25,True,0.0,0.0,24.406245896551727,23.089144896551723,0.0,False,25.4,77,98,0,18,98,0.0,0.0,0.0,0.0,0.0,18.5
2020-06-15 04:00:00,0.0,0.0,92668.0,22,4136001,,0.25,True,0.0,0.0,24.413990366666667,23.157796266666665,0.0,False,25.4,77,96,1,21,95,0.0,0.0,0.0,0.0,0.0,18.7
2020-06-15 04:15:00,0.0,0.0,92668.0,22,4136001,,0.25,True,0.0,0.0,24.43243089655173,23.66372365517241,0.0,False,25.4,77,96,1,21,95,0.0,0.0,0.0,0.0,0.0,18.7
2020-06-15 04:30:00,0.0,0.0,92668.0,22,4136001,,0.25,True,0.0,0.0,24.46265573333333,23.8611501,0.0,False,25.4,77,96,1,21,95,0.0,0.0,0.0,0.0,0.0,18.7
2020-06-15 04:45:00,0.0,0.0,92668.0,22,4136001,,0.25,True,0.0,0.0,24.452216700000005,23.850167966666675,0.0,False,25.4,77,96,1,21,95,0.0,0.0,0.0,0.0,0.0,18.7
2020-06-15 05:00:00,0.0,0.0,92668.0,22,4136001,,0.25,True,0.0,0.0,24.49716172413793,23.95881503448275,3.971212344827586e-06,False,25.3,78,93,3,30,89,0.0,0.0,0.0,0.0,0.0,17.9
2020-06-15 05:15:00,0.0,0.0,92668.0,22,4136001,,0.25,True,0.0,0.0,24.4542309,23.661917166666665,0.0,False,25.3,78,93,3,30,89,0.0,0.0,0.0,0.0,0.0,17.9
2020-06-15 05:30:00,0.0,0.0,23605.13333333333,22,4136001,,0.25,True,0.0,0.0,24.554839103448277,23.82317896551724,0.0,False,25.3,78,93,3,30,89,0.0,0.0,0.0,0.0,0.0,17.9
2020-06-15 05:45:00,0.0,0.0,22622.0,22,4136001,,0.25,True,0.0,0.0,24.396636066666662,23.91243906666667,0.0005463807966333,False,25.3,78,93,3,30,89,0.0,0.0,0.0,0.0,0.0,17.9
2020-06-15 06:00:00,242.75666666666666,234.31761904761905,22637.480952380953,22,4136001,0.9652365978865767,0.25,True,58.57940476190476,60.689166666666665,24.37287865517241,23.7509387586207,0.0104016718137931,False,25.9,76,92,0,24,91,0.0,15.0,3.0,12.0,33.1,16.5
2020-06-15 06:15:00,718.7199999999999,694.6933333333333,22752.6,22,4136001,0.9665701988720689,0.25,True,173.67333333333332,179.67999999999998,24.39614873333333,24.135337333333336,0.0243275859,False,25.9,76,92,0,24,91,0.0,15.0,3.0,12.0,33.1,16.5
2020-06-15 06:30:00,1893.787619047619,1838.365238095238,23053.885714285716,22,4136001,0.9707346376146166,0.25,True,459.5913095238095,473.44690476190476,24.604524833333336,25.12929993333333,0.0618407700333333,False,25.9,76,92,0,24,91,0.0,15.0,3.0,12.0,33.1,16.5
2020-06-15 06:45:00,2708.1647619047617,2634.2990476190475,13869.761904761903,22,4136001,0.9727248078385891,0.25,True,658.5747619047619,677.0411904761904,24.86190979310345,26.39437968965517,0.0866776889655172,False,25.9,76,92,0,24,91,0.0,15.0,3.0,12.0,33.1,16.5
2020-06-15 07:00:00,4421.725714285714,4333.000952380952,10872.138095238095,22,4136001,0.9799343587463804,0.25,True,1083.250238095238,1105.4314285714286,25.043574033333336,27.2910268,0.1527795496666666,False,27.1,71,91,0,23,88,0.0,141.0,63.0,78.0,251.9,19.3
2020-06-15 07:15:00,5187.567619047619,5086.727619047619,12136.228571428572,22,4136001,0.9805612172398992,0.25,True,1271.6819047619047,1296.8919047619047,25.558769344827592,29.276119931034483,0.1787859391034483,False,27.1,71,91,0,23,88,0.0,141.0,63.0,78.0,251.9,19.3
2020-06-15 07:30:00,4842.041428571429,4748.241904761905,6077.557142857143,22,4136001,0.9806281038290914,0.25,True,1187.0604761904763,1210.5103571428572,25.937238599999997,29.3118408,0.16240019,False,27.1,71,91,0,23,88,0.0,141.0,63.0,78.0,251.9,19.3
2020-06-15 07:45:00,9476.734285714285,9296.184761904762,5435.547619047618,22,4136001,0.9809481285043844,0.25,True,2324.0461904761905,2369.183571428571,26.61436096551725,31.78032931034483,0.3367862144827585,False,27.1,71,91,0,23,88,0.0,141.0,63.0,78.0,251.9,19.3
2020-06-15 08:00:00,10876.183333333332,10663.540952380952,7973.109523809523,22,4136001,0.9804488050232958,0.25,True,2665.885238095238,2719.045833333333,27.25152482758621,34.611373482758616,0.3844586831034483,False,28.4,64,96,14,22,95,0.0,303.0,169.0,134.0,358.7,23.5
2020-06-15 08:15:00,12620.513333333332,12367.753333333334,10829.533333333333,22,4136001,0.9799722885017357,0.25,True,3091.9383333333335,3155.128333333333,27.623727433333336,36.123373466666656,0.4489276293333333,False,28.4,64,96,14,22,95,0.0,303.0,169.0,134.0,358.7,23.5
2020-06-15 08:30:00,14236.729523809523,13938.757142857141,14228.404761904763,22,4136001,0.9790701663289977,0.25,True,3484.6892857142852,3559.1823809523808,28.461725758620688,39.34674931034482,0.5609170755172412,False,28.4,64,96,14,22,95,0.0,303.0,169.0,134.0,358.7,23.5
2020-06-15 08:45:00,15184.178095238094,14858.672857142856,17805.871428571427,22,4136001,0.9785628674760263,0.25,True,3714.668214285714,3796.0445238095235,29.14302253333333,41.536315766666654,0.6170584573333334,False,28.4,64,96,14,22,95,0.0,303.0,169.0,134.0,358.7,23.5
2020-06-15 09:00:00,10776.784285714286,10546.150476190476,21027.114285714284,22,4136001,0.978599014009259,0.25,True,2636.537619047619,2694.1960714285715,29.2166411724138,41.27112031034483,0.5270469972413792,False,29.4,60,99,62,30,97,0.0,407.0,221.0,186.0,331.5,24.7
2020-06-15 09:15:00,10616.199999999999,10383.833333333332,23590.733333333334,22,4136001,0.9781120677204022,0.25,True,2595.958333333333,2654.0499999999997,29.33822023333333,41.02275870000001,0.6046747926666667,False,29.4,60,99,62,30,97,0.0,407.0,221.0,186.0,331.5,24.7
2020-06-15 09:30:00,7090.110476190475,6954.448571428571,25667.242857142857,22,4136001,0.9808660379527971,0.25,True,1738.6121428571428,1772.5276190476188,29.227540068965517,39.03180975862068,0.3435623724137931,False,29.4,60,99,62,30,97,0.0,407.0,221.0,186.0,331.5,24.7
2020-06-15 09:45:00,10497.716666666667,10270.061904761904,27754.109523809526,22,4136001,0.9783138782333844,0.25,True,2567.515476190476,2624.429166666667,28.864061433333333,37.6525612,0.5824216149999998,False,29.4,60,99,62,30,97,0.0,407.0,221.0,186.0,331.5,24.7
2020-06-15 10:00:00,13908.090952380953,13571.532380952382,30902.719047619048,22,4136001,0.9758012388198428,0.25,True,3392.8830952380954,3477.0227380952383,29.990695344827586,45.511953689655165,0.8296770282758622,False,30.9,51,99,85,28,98,0.0,467.0,184.0,283.0,223.4,28.2
2020-06-15 10:15:00,12550.119999999999,12251.326666666666,34214.4,22,4136001,0.9761919939145336,0.25,True,3062.8316666666665,3137.5299999999997,30.60324923333333,47.43976413333333,0.7662448646666666,False,30.9,51,99,85,28,98,0.0,467.0,184.0,283.0,223.4,28.2
2020-06-15 10:30:00,11044.62476190476,10790.080952380953,37116.74285714286,22,4136001,0.9769531500606717,0.25,True,2697.5202380952383,2761.15619047619,30.502932862068963,44.8949775862069,0.6442910979310345,False,30.9,51,99,85,28,98,0.0,467.0,184.0,283.0,223.4,28.2
2020-06-15 10:45:00,7890.9,7730.806666666667,39349.799999999996,22,4136001,0.9797116509734843,0.25,True,1932.7016666666668,1972.725,30.405563433333327,40.946115000000006,0.4127263533333333,False,30.9,51,99,85,28,98,0.0,467.0,184.0,283.0,223.4,28.2
2020-06-15 11:00:00,7630.146190476191,7480.081428571429,41412.94285714286,22,4136001,0.9803326491840916,0.25,True,1870.0203571428572,1907.5365476190477,30.272137827586207,39.19910075862068,0.3835087662068965,False,31.4,49,99,49,5,99,0.0,517.0,122.0,395.0,131.0,29.6
2020-06-15 11:15:00,12056.029999999999,11779.477619047619,43639.24285714285,22,4136001,0.9770610739229763,0.25,True,2944.8694047619047,3014.0074999999997,30.40659286666667,40.686537566666665,0.663463731,False,31.4,49,99,49,5,99,0.0,517.0,122.0,395.0,131.0,29.6
2020-06-15 11:30:00,8937.767142857143,8739.598095238094,46326.53333333333,22,4136001,0.9778279021536804,0.25,True,2184.8995238095235,2234.4417857142857,31.06111406896552,45.466793827586216,0.574528772413793,False,31.4,49,99,49,5,99,0.0,517.0,122.0,395.0,131.0,29.6
2020-06-15 11:45:00,7369.58,7215.586666666667,48061.2,22,4136001,0.9791041913740901,0.25,True,1803.8966666666668,1842.395,29.3317616,37.99803143333334,0.379187229,False,31.4,49,99,49,5,99,0.0,517.0,122.0,395.0,131.0,29.6
2020-06-15 12:00:00,9890.746666666666,9670.119999999999,50180.066666666666,22,4136001,0.9776936287924336,0.25,True,2417.5299999999997,2472.6866666666665,29.90018862068966,38.873927758620695,0.5748088220689656,False,33.1,44,99,15,16,99,0.0,706.0,291.0,415.0,296.4,28.3
2020-06-15 12:15:00,12718.292380952382,12413.529047619048,53145.26666666666,22,4136001,0.9760374015469432,0.25,True,3103.382261904762,3179.5730952380954,31.54353016666667,48.458500333333326,0.8202640759999998,False,33.1,44,99,15,16,99,0.0,706.0,291.0,415.0,296.4,28.3
2020-06-15 12:30:00,9683.186666666666,9470.166666666666,55865.0,22,4136001,0.9780010437335367,0.25,True,2367.5416666666665,2420.7966666666666,31.61373382758621,46.6309174137931,0.5533222127586204,False,33.1,44,99,15,16,99,0.0,706.0,291.0,415.0,296.4,28.3
2020-06-15 12:45:00,7616.791428571429,7463.1957142857145,57769.38095238095,22,4136001,0.9798345910182653,0.25,True,1865.7989285714286,1904.1978571428572,30.809874533333332,40.939506866666655,0.383334039,False,33.1,44,99,15,16,99,0.0,706.0,291.0,415.0,296.4,28.3
2020-06-15 13:00:00,9074.153333333334,8890.6,59998.0,22,4136001,0.9797718501560844,0.25,True,2222.65,2268.5383333333334,31.107020827586208,41.34869368965517,0.4251167727586207,False,33.2,44,99,3,19,99,0.0,693.0,282.0,411.0,290.1,27.6
2020-06-15 13:15:00,4098.588095238095,4012.793333333333,61572.385714285716,22,4136001,0.9790672397637514,0.25,True,1003.1983333333333,1024.6470238095237,28.890861033333334,33.852956166666665,0.1204129034666666,False,33.2,44,99,3,19,99,0.0,693.0,282.0,411.0,290.1,27.6
2020-06-15 13:30:00,8877.599523809524,8715.52619047619,63091.65238095238,22,4136001,0.9817435633474279,0.25,True,2178.8815476190475,2219.399880952381,26.23989765517242,28.749300275862076,0.2385233431034482,False,33.2,44,99,3,19,99,0.0,693.0,282.0,411.0,290.1,27.6
2020-06-15 13:45:00,13761.643333333333,13481.600476190477,65858.49047619046,22,4136001,0.9796504784814078,0.25,True,3370.4001190476192,3440.4108333333334,27.20779523333333,33.41558113333332,0.3926790326666667,False,33.2,44,99,3,19,99,0.0,693.0,282.0,411.0,290.1,27.6
2020-06-15 14:00:00,14503.10380952381,14166.74238095238,69470.5380952381,22,4136001,0.9768076245616784,0.25,True,3541.685595238095,3625.7759523809523,28.538208066666662,41.65116596666666,0.7042872753333334,False,33.5,43,100,4,18,100,0.0,646.0,253.0,393.0,280.1,26.1
2020-06-15 14:15:00,6757.5,6618.546666666666,72247.06666666667,22,4136001,0.979437168578123,0.25,True,1654.6366666666665,1689.375,29.08548496551724,40.65664348275861,0.3452762671034482,False,33.5,43,100,4,18,100,0.0,646.0,253.0,393.0,280.1,26.1
2020-06-15 14:30:00,12002.200476190475,11757.338095238094,74351.14761904761,22,4136001,0.9795985426640614,0.25,True,2939.3345238095235,3000.550119047619,28.050327533333327,32.30449726666667,0.413640262,False,33.5,43,100,4,18,100,0.0,646.0,253.0,393.0,280.1,26.1
2020-06-15 14:45:00,10658.305714285714,10445.35761904762,76957.83333333333,22,4136001,0.9800204553193973,0.25,True,2611.339404761905,2664.5764285714286,28.738911517241377,35.47533944827586,0.3614792344827586,False,33.5,43,100,4,18,100,0.0,646.0,253.0,393.0,280.1,26.1
2020-06-15 15:00:00,9275.715238095238,9103.73857142857,79614.70952380952,22,4136001,0.9814594710755714,0.25,True,2275.9346428571425,2318.9288095238094,28.618339066666675,35.30898513333334,0.2982641333333332,False,32.3,47,99,2,26,99,0.0,475.0,196.0,279.0,251.5,25.4
2020-06-15 15:15:00,14124.253333333332,13836.366666666667,82386.73333333334,22,4136001,0.979617565624708,0.25,True,3459.0916666666667,3531.063333333333,27.744222620689648,31.967591344827586,0.4199067613793104,False,32.3,47,99,2,26,99,0.0,475.0,196.0,279.0,251.5,25.4
2020-06-15 15:30:00,11093.575238095238,10878.87619047619,85561.93809523809,22,4136001,0.9806465415331774,0.25,True,2719.7190476190476,2773.3938095238095,28.952817799999995,36.16430876666666,0.340420977,False,32.3,47,99,2,26,99,0.0,475.0,196.0,279.0,251.5,25.4
2020-06-15 15:45:00,4081.580476190476,3995.884285714286,87494.58095238096,22,4136001,0.9790041649365752,0.25,True,998.9710714285715,1020.395119047619,28.225434413793103,32.09903055172414,0.1223398807241379,False,32.3,47,99,2,26,99,0.0,475.0,196.0,279.0,251.5,25.4
2020-06-15 16:00:00,6685.22,6567.83380952381,88637.10476190476,22,4136001,0.9824409382972901,0.25,True,1641.9584523809524,1671.305,26.919395,29.03463956666667,0.195051521,False,31.8,49,98,0,19,98,0.0,296.0,118.0,178.0,193.7,24.6
2020-06-15 16:15:00,8435.64,8289.373333333333,90148.93333333333,22,4136001,0.9826608690429337,0.25,True,2072.3433333333332,2108.91,27.72664462068965,32.24504879310346,0.2541694768965517,False,31.8,49,98,0,19,98,0.0,296.0,118.0,178.0,193.7,24.6
2020-06-15 16:30:00,8153.153809523809,8004.150476190476,92498.19047619047,22,4136001,0.9817244545099493,0.25,True,2001.037619047619,2038.2884523809523,27.96693423333333,32.902970533333324,0.2461391513333333,False,31.8,49,98,0,19,98,0.0,296.0,118.0,178.0,193.7,24.6
2020-06-15 16:45:00,8797.019523809524,8642.181904761905,94731.5238095238,22,4136001,0.982398854677025,0.25,True,2160.545476190476,2199.254880952381,28.24675455172414,33.94315637931035,0.2661915168965516,False,31.8,49,98,0,19,98,0.0,296.0,118.0,178.0,193.7,24.6
2020-06-15 17:00:00,5338.022380952381,5235.411428571429,96517.77619047619,22,4136001,0.9807773469165101,0.25,True,1308.8528571428571,1334.5055952380953,28.152196400000005,32.68684883333334,0.1638262393333333,False,31.9,47,98,2,9,99,0.0,231.0,72.0,159.0,178.2,21.8
2020-06-15 17:15:00,2038.9604761904761,1980.1795238095237,97167.26190476191,22,4136001,0.9711711173083764,0.25,True,495.04488095238094,509.74011904761903,27.328246000000004,29.55606289655173,0.0614014910344827,False,31.9,47,98,2,9,99,0.0,231.0,72.0,159.0,178.2,21.8
2020-06-15 17:30:00,3480.46,3405.746666666667,97999.40000000001,22,4136001,0.9785334888683297,0.25,True,851.4366666666667,870.115,26.5507874,28.628019366666663,0.1046070664,False,31.9,47,98,2,9,99,0.0,231.0,72.0,159.0,178.2,21.8
2020-06-15 17:45:00,2767.32,2693.1647619047617,98794.58095238096,22,4136001,0.9732032298052851,0.25,True,673.2911904761904,691.83,26.566401000000003,28.61441468965517,0.0853782175172413,False,31.9,47,98,2,9,99,0.0,231.0,72.0,159.0,178.2,21.8
2020-06-15 18:00:00,2054.862380952381,1995.7419047619046,99375.2,22,4136001,0.9712289850948191,0.25,True,498.93547619047615,513.7155952380953,26.52256586206896,27.98930210344828,0.0637848718965517,False,30.6,52,98,15,22,98,0.0,81.0,16.0,65.0,89.8,19.1
2020-06-15 18:15:00,1372.7085714285715,1329.2457142857143,99793.29047619048,22,4136001,0.9683378846410017,0.25,True,332.31142857142856,343.1771428571429,26.360552689655165,27.035613931034487,0.0432422757931034,False,30.6,52,98,15,22,98,0.0,81.0,16.0,65.0,89.8,19.1
2020-06-15 18:30:00,732.2933333333333,707.5466666666666,100049.4,22,4136001,0.966206620297877,0.25,True,176.88666666666666,183.07333333333332,26.2162729,26.2780466,0.0235382528333333,False,30.6,52,98,15,22,98,0.0,81.0,16.0,65.0,89.8,19.1
2020-06-15 18:45:00,148.84047619047618,143.62666666666667,100157.26666666666,22,4136001,0.9649704861388831,0.25,True,35.906666666666666,37.210119047619045,26.025800999999998,25.681154413793102,0.0063746502151724,False,30.6,52,98,15,22,98,0.0,81.0,16.0,65.0,89.8,19.1
2020-06-15 19:00:00,0.0,0.0,100165.0,22,4136001,,0.25,True,0.0,0.0,25.977797366666664,25.4262787,2.0468108333333333e-05,False,29.5,56,97,6,24,96,0.0,2.0,0.0,2.0,0.0,18.8
2020-06-15 19:15:00,0.0,0.0,100165.0,22,4136001,,0.25,True,0.0,0.0,25.694723466666677,25.1349934,0.0,False,29.5,56,97,6,24,96,0.0,2.0,0.0,2.0,0.0,18.8
2020-06-15 19:30:00,0.0,0.0,100165.0,22,4136001,,0.25,True,0.0,0.0,25.57116468965517,24.753649413793102,0.0,False,29.5,56,97,6,24,96,0.0,2.0,0.0,2.0,0.0,18.8
2020-06-15 19:45:00,0.0,0.0,100165.0,22,4136001,,0.25,True,0.0,0.0,25.54436513333333,24.447017433333333,0.0,False,29.5,56,97,6,24,96,0.0,2.0,0.0,2.0,0.0,18.8
2020-06-15 20:00:00,0.0,0.0,100165.0,22,4136001,,0.25,True,0.0,0.0,25.423041931034483,24.233159517241376,0.0,False,28.8,59,98,0,20,98,0.0,0.0,0.0,0.0,0.0,18.6
2020-06-15 20:15:00,0.0,0.0,100165.0,22,4136001,,0.25,True,0.0,0.0,25.380932366666663,24.37551273333333,0.0,False,28.8,59,98,0,20,98,0.0,0.0,0.0,0.0,0.0,18.6
2020-06-15 20:30:00,0.0,0.0,100165.0,22,4136001,,0.25,True,0.0,0.0,25.353494,24.392524266666676,0.0,False,28.8,59,98,0,20,98,0.0,0.0,0.0,0.0,0.0,18.6
2020-06-15 20:45:00,0.0,0.0,100165.0,22,4136001,,0.25,True,0.0,0.0,25.238386413793105,24.3006655862069,0.0,False,28.8,59,98,0,20,98,0.0,0.0,0.0,0.0,0.0,18.6
2020-06-15 21:00:00,0.0,0.0,100165.0,22,4136001,,0.25,True,0.0,0.0,25.02231336666667,23.9145406,0.0,False,27.9,64,98,0,8,97,0.0,0.0,0.0,0.0,0.0,17.4
2020-06-15 21:15:00,0.0,0.0,100165.0,22,4136001,,0.25,True,0.0,0.0,24.862420310344827,23.732072448275854,0.0,False,27.9,64,98,0,8,97,0.0,0.0,0.0,0.0,0.0,17.4
2020-06-15 21:30:00,0.0,0.0,100165.0,22,4136001,,0.25,True,0.0,0.0,24.78279923333333,23.7751811,0.0,False,27.9,64,98,0,8,97,0.0,0.0,0.0,0.0,0.0,17.4
2020-06-15 21:45:00,0.0,0.0,100165.0,22,4136001,,0.25,True,0.0,0.0,24.824028206896557,23.956389379310348,0.0,False,27.9,64,98,0,8,97,0.0,0.0,0.0,0.0,0.0,17.4
2020-06-15 22:00:00,0.0,0.0,100165.0,22,4136001,,0.25,True,0.0,0.0,24.740294333333328,23.904019033333338,0.0,False,27.3,67,98,0,19,97,0.0,0.0,0.0,0.0,0.0,16.9
2020-06-15 22:15:00,0.0,0.0,100165.0,22,4136001,,0.25,True,0.0,0.0,24.60149133333333,23.88575026666667,0.0,False,27.3,67,98,0,19,97,0.0,0.0,0.0,0.0,0.0,16.9
2020-06-15 22:30:00,0.0,0.0,100165.0,22,4136001,,0.25,True,0.0,0.0,24.58470113793104,24.069342241379317,0.0,False,27.3,67,98,0,19,97,0.0,0.0,0.0,0.0,0.0,16.9
2020-06-15 22:45:00,0.0,0.0,100165.0,22,4136001,,0.25,True,0.0,0.0,24.6104572,24.226723199999995,0.0,False,27.3,67,98,0,19,97,0.0,0.0,0.0,0.0,0.0,16.9
2020-06-15 23:00:00,0.0,0.0,100165.0,22,4136001,,0.25,True,0.0,0.0,24.623876896551728,24.29973310344828,0.0,False,26.9,68,99,0,24,98,0.0,0.0,0.0,0.0,0.0,17.9
2020-06-15 23:15:00,0.0,0.0,100165.0,22,4136001,,0.25,True,0.0,0.0,24.478887900000004,24.09663800000001,0.0,False,26.9,68,99,0,24,98,0.0,0.0,0.0,0.0,0.0,17.9
2020-06-15 23:30:00,0.0,0.0,100165.0,22,4136001,,0.25,True,0.0,0.0,24.127244133333328,23.3043773,0.0,False,26.9,68,99,0,24,98,0.0,0.0,0.0,0.0,0.0,17.9
2020-06-15 23:45:00,0.0,0.0,96569.8,22,4136001,,0.25,True,0.0,0.0,24.21627196551724,22.99775006896552,0.0,False,26.9,68,99,0,24,98,0.0,0.0,0.0,0.0,0.0,17.9
2020-06-16 00:00:00,0.0,0.0,77490.78571428571,22,4136001,,0.25,True,0.0,0.0,24.232802466666666,23.00721946666667,0.0,False,26.4,70,100,0,1,100,0.0,0.0,0.0,0.0,0.0,17.7
2020-06-16 00:15:00,0.0,0.0,73875.0,22,4136001,,0.25,True,0.0,0.0,24.267906448275863,23.38954534482759,0.0,False,26.4,70,100,0,1,100,0.0,0.0,0.0,0.0,0.0,17.7
2020-06-16 00:30:00,0.0,0.0,73875.0,22,4136001,,0.25,True,0.0,0.0,24.174091666666666,23.475119066666664,0.0,False,26.4,70,100,0,1,100,0.0,0.0,0.0,0.0,0.0,17.7
2020-06-16 00:45:00,0.0,0.0,73875.0,22,4136001,,0.25,True,0.0,0.0,24.00077893103448,22.97504717241379,0.0,False,26.4,70,100,0,1,100,0.0,0.0,0.0,0.0,0.0,17.7
2020-06-16 01:00:00,0.0,0.0,73875.0,22,4136001,,0.25,True,0.0,0.0,23.92812166666667,22.84316716666667,0.0,False,25.9,72,100,0,11,100,0.0,0.0,0.0,0.0,0.0,15.4
2020-06-16 01:15:00,0.0,0.0,73875.0,22,4136001,,0.25,True,0.0,0.0,23.88256216666667,22.92287263333333,0.0,False,25.9,72,100,0,11,100,0.0,0.0,0.0,0.0,0.0,15.4
2020-06-16 01:30:00,0.0,0.0,73875.0,22,4136001,,0.25,True,0.0,0.0,23.93120275862069,23.15796427586207,0.0,False,25.9,72,100,0,11,100,0.0,0.0,0.0,0.0,0.0,15.4
2020-06-16 01:45:00,0.0,0.0,73875.0,22,4136001,,0.25,True,0.0,0.0,24.0918224,23.367249733333328,0.0,False,25.9,72,100,0,11,100,0.0,0.0,0.0,0.0,0.0,15.4
2020-06-16 02:00:00,0.0,0.0,73875.0,22,4136001,,0.25,True,0.0,0.0,24.087300344827582,23.05347944827587,0.0,False,25.7,73,100,0,39,100,0.0,0.0,0.0,0.0,0.0,16.5
2020-06-16 02:15:00,0.0,0.0,73694.26666666666,22,4136001,,0.25,True,0.0,0.0,23.955603033333333,23.07524006666667,0.0,False,25.7,73,100,0,39,100,0.0,0.0,0.0,0.0,0.0,16.5
2020-06-16 02:30:00,0.0,0.0,73875.0,22,4136001,,0.25,True,0.0,0.0,23.93550603333333,23.111076766666667,0.0,False,25.7,73,100,0,39,100,0.0,0.0,0.0,0.0,0.0,16.5
2020-06-16 02:45:00,0.0,0.0,73875.0,22,4136001,,0.25,True,0.0,0.0,24.02117934482759,23.400910586206887,0.0,False,25.7,73,100,0,39,100,0.0,0.0,0.0,0.0,0.0,16.5
2020-06-16 03:00:00,0.0,0.0,73875.0,22,4136001,,0.25,True,0.0,0.0,23.7031547,23.2302114,0.0,False,25.5,74,100,0,15,100,0.0,0.0,0.0,0.0,0.0,17.7
2020-06-16 03:15:00,0.0,0.0,73875.0,22,4136001,,0.25,True,0.0,0.0,24.000390517241385,23.13305151724138,0.0,False,25.5,74,100,0,15,100,0.0,0.0,0.0,0.0,0.0,17.7
2020-06-16 03:30:00,0.0,0.0,73875.0,22,4136001,,0.25,True,0.0,0.0,24.0750521,22.90254403333333,0.0,False,25.5,74,100,0,15,100,0.0,0.0,0.0,0.0,0.0,17.7
2020-06-16 03:45:00,0.0,0.0,73875.0,22,4136001,,0.25,True,0.0,0.0,24.046031310344823,22.70867193103448,0.0,False,25.5,74,100,0,15,100,0.0,0.0,0.0,0.0,0.0,17.7
2020-06-16 04:00:00,0.0,0.0,73875.0,22,4136001,,0.25,True,0.0,0.0,24.0400963,22.55592033333334,0.0,False,25.3,75,99,0,19,99,0.0,0.0,0.0,0.0,0.0,17.7
2020-06-16 04:15:00,0.0,0.0,73875.0,22,4136001,,0.25,True,0.0,0.0,24.002804689655168,22.56424272413793,0.0,False,25.3,75,99,0,19,99,0.0,0.0,0.0,0.0,0.0,17.7
2020-06-16 04:30:00,0.0,0.0,73875.0,22,4136001,,0.25,True,0.0,0.0,24.007177966666664,22.7844391,0.0,False,25.3,75,99,0,19,99,0.0,0.0,0.0,0.0,0.0,17.7
2020-06-16 04:45:00,0.0,0.0,73875.0,22,4136001,,0.25,True,0.0,0.0,24.005709066666668,22.99325466666667,0.0,False,25.3,75,99,0,19,99,0.0,0.0,0.0,0.0,0.0,17.7
2020-06-16 05:00:00,0.0,0.0,73875.0,22,4136001,,0.25,True,0.0,0.0,24.05566962068966,23.299116586206896,0.0,False,25.6,73,100,0,100,100,0.0,0.0,0.0,0.0,0.0,16.9
2020-06-16 05:15:00,0.0,0.0,73875.0,22,4136001,,0.25,True,0.0,0.0,24.045504033333334,23.1849335,0.0,False,25.6,73,100,0,100,100,0.0,0.0,0.0,0.0,0.0,16.9
2020-06-16 05:30:00,0.0,0.0,18928.0,22,4136001,,0.25,True,0.0,0.0,24.07248475862069,22.98191475862069,0.0,False,25.6,73,100,0,100,100,0.0,0.0,0.0,0.0,0.0,16.9
2020-06-16 05:45:00,0.0,0.0,17433.0,22,4136001,,0.25,True,0.0,0.0,24.026341999999996,22.9824371,0.0003096604275,False,25.6,73,100,0,100,100,0.0,0.0,0.0,0.0,0.0,16.9
2020-06-16 06:00:00,165.53666666666666,159.75285714285712,17442.147619047617,22,4136001,0.9650602513613729,0.25,True,39.93821428571428,41.384166666666665,24.0312691724138,23.13576431034483,0.0078786957413793,False,26.2,72,100,0,100,100,0.0,9.0,0.0,9.0,0.0,15.1
2020-06-16 06:15:00,798.4252380952381,771.7461904761905,17551.32380952381,22,4136001,0.9665854154576896,0.25,True,192.93654761904762,199.60630952380953,24.226424166666675,23.72798766666666,0.0272717213666666,False,26.2,72,100,0,100,100,0.0,9.0,0.0,9.0,0.0,15.1
2020-06-16 06:30:00,1579.0414285714287,1530.5714285714284,17833.68095238095,22,4136001,0.9693041619282583,0.25,True,382.6428571428571,394.7603571428572,24.453495448275856,24.644800655172418,0.0508422554827586,False,26.2,72,100,0,100,100,0.0,9.0,0.0,9.0,0.0,15.1
2020-06-16 06:45:00,2579.88,2508.726666666667,12568.066666666666,22,4136001,0.9724199058354136,0.25,True,627.1816666666667,644.97,24.652406633333328,25.55196726666667,0.0809884197666666,False,26.2,72,100,0,100,100,0.0,9.0,0.0,9.0,0.0,15.1
2020-06-16 07:00:00,3561.532857142857,3484.8909523809525,9969.528571428571,22,4136001,0.9784806408262681,0.25,True,871.2227380952381,890.3832142857143,24.937872199999997,26.587941566666665,0.1142949158,False,26.6,71,100,0,100,99,0.0,42.0,0.0,42.0,0.0,15.5
2020-06-16 07:15:00,4335.499523809523,4249.629523809524,10913.952380952382,22,4136001,0.9801937471037829,0.25,True,1062.407380952381,1083.8748809523809,25.151438862068964,27.4229261724138,0.137224215137931,False,26.6,71,100,0,100,99,0.0,42.0,0.0,42.0,0.0,15.5
2020-06-16 07:30:00,5516.687619047619,5409.878095238095,6009.8476190476185,22,4136001,0.9806388305473851,0.25,True,1352.4695238095237,1379.1719047619047,25.37138456666667,28.49546413333333,0.1741159716666666,False,26.6,71,100,0,100,99,0.0,42.0,0.0,42.0,0.0,15.5
2020-06-16 07:45:00,6427.869523809524,6309.82619047619,4836.428571428572,22,4136001,0.9816356985940538,0.25,True,1577.4565476190476,1606.967380952381,25.650555724137927,29.344728517241386,0.1999448096551724,False,26.6,71,100,0,100,99,0.0,42.0,0.0,42.0,0.0,15.5
2020-06-16 08:00:00,7945.8,7809.513333333333,6608.2,22,4136001,0.9828479616065511,0.25,True,1952.3783333333333,1986.45,25.99828293333333,30.62721456666667,0.2459549753333333,False,27.4,67,100,0,94,100,0.0,104.0,0.0,104.0,0.0,18.7
2020-06-16 08:15:00,9765.133333333333,9584.600952380952,8774.709523809524,22,4136001,0.9815125534091651,0.25,True,2396.150238095238,2441.2833333333333,26.51300062068965,32.46179948275864,0.2993449948275862,False,27.4,67,100,0,94,100,0.0,104.0,0.0,104.0,0.0,18.7
2020-06-16 08:30:00,10888.764285714286,10676.38619047619,11327.042857142857,22,4136001,0.9804956660218342,0.25,True,2669.0965476190477,2722.1910714285714,26.84512623333333,33.790195566666675,0.3334688676666667,False,27.4,67,100,0,94,100,0.0,104.0,0.0,104.0,0.0,18.7
2020-06-16 08:45:00,11109.108571428571,10891.864285714286,13967.690476190477,22,4136001,0.9804444898240517,0.25,True,2722.9660714285715,2777.2771428571427,26.954664344827584,33.82962682758622,0.3349574768965517,False,27.4,67,100,0,94,100,0.0,104.0,0.0,104.0,0.0,18.7
2020-06-16 09:00:00,11840.546666666667,11605.94,16779.8,22,4136001,0.980186162575827,0.25,True,2901.485,2960.1366666666668,27.07185513793104,34.197098586206884,0.3541714110344829,False,29.6,56,100,25,3,100,0.0,344.0,77.0,267.0,115.6,26.0
2020-06-16 09:15:00,9404.252380952381,9224.402857142857,19285.12857142857,22,4136001,0.9808757233936218,0.25,True,2306.1007142857143,2351.0630952380952,26.756863333333328,32.452368333333325,0.275874822,False,29.6,56,100,25,3,100,0.0,344.0,77.0,267.0,115.6,26.0
2020-06-16 09:30:00,12449.395714285714,12200.951904761905,22112.942857142858,22,4136001,0.9800437053150524,0.25,True,3050.2379761904763,3112.3489285714286,27.18115962068965,34.36980244827585,0.3721497541379311,False,29.6,56,100,25,3,100,0.0,344.0,77.0,267.0,115.6,26.0
2020-06-16 09:45:00,13932.631904761904,13649.375714285714,25325.347619047618,22,4136001,0.9796695848700792,0.25,True,3412.3439285714285,3483.157976190476,27.4878663,35.95871056666667,0.4241206086666666,False,29.6,56,100,25,3,100,0.0,344.0,77.0,267.0,115.6,26.0
2020-06-16 10:00:00,14644.061904761906,14343.825714285715,28812.68095238095,22,4136001,0.9794977518922833,0.25,True,3585.9564285714287,3661.0154761904764,27.86508813793104,36.855866448275854,0.4501332131034482,False,31.1,51,100,19,7,100,0.0,548.0,195.0,353.0,236.9,26.5
2020-06-16 10:15:00,16811.406666666666,16457.873333333333,32703.466666666667,22,4136001,0.9789706274826894,0.25,True,4114.468333333333,4202.8516666666665,28.315391033333327,39.082299766666665,0.5222235923333332,False,31.1,51,100,19,7,100,0.0,548.0,195.0,353.0,236.9,26.5
2020-06-16 10:30:00,14910.09857142857,14603.329523809523,35074.380952380954,22,4136001,0.9794254178703491,0.25,True,3650.832380952381,3727.5246428571427,28.50779148275862,39.2861232413793,0.4539040027586206,False,31.1,51,100,19,7,100,0.0,548.0,195.0,353.0,236.9,26.5
2020-06-16 10:45:00,15745.961904761903,15418.262380952381,38843.961904761905,22,4136001,0.9791883451902409,0.25,True,3854.5655952380953,3936.490476190476,28.663845800000004,39.3069314,0.4735442633333332,False,31.1,51,100,19,7,100,0.0,548.0,195.0,353.0,236.9,26.5
2020-06-16 11:00:00,14481.264761904762,14184.733333333334,42377.12857142857,22,4136001,0.9795230987453871,0.25,True,3546.1833333333334,3620.3161904761905,28.428806758620688,37.97691079310346,0.4350143279310344,False,32.3,46,100,68,15,100,0.0,616.0,222.0,394.0,238.5,27.0
2020-06-16 11:15:00,16333.369523809522,15984.871904761905,45974.84761904762,22,4136001,0.9786634583550194,0.25,True,3996.2179761904763,4083.3423809523806,28.543545533333333,38.4572754,0.4930474616666666,False,32.3,46,100,68,15,100,0.0,616.0,222.0,394.0,238.5,27.0
2020-06-16 11:30:00,22953.673333333336,22419.533333333333,51139.13333333334,22,4136001,0.9767296505337851,0.25,True,5604.883333333333,5738.418333333334,29.67149510344827,44.916273482758605,0.7684594155172412,False,32.3,46,100,68,15,100,0.0,616.0,222.0,394.0,238.5,27.0
2020-06-16 11:45:00,15019.400952380953,14687.01619047619,55795.14761904762,22,4136001,0.9778696392114047,0.25,True,3671.7540476190475,3754.850238095238,29.99492096666667,46.36462913333333,0.6149510469999999,False,32.3,46,100,68,15,100,0.0,616.0,222.0,394.0,238.5,27.0
2020-06-16 12:00:00,15054.61619047619,14734.164761904762,59398.12857142858,22,4136001,0.9787140751702357,0.25,True,3683.5411904761904,3763.6540476190476,29.50476093103448,42.10252848275862,0.5206054248275863,False,32.7,44,100,8,18,100,0.0,510.0,147.0,363.0,149.8,25.7
2020-06-16 12:15:00,11476.451904761905,11251.276666666667,62680.05238095238,22,4136001,0.9803793681214481,0.25,True,2812.8191666666667,2869.1129761904763,28.9934031,39.03961593333332,0.3585138956666666,False,32.7,44,100,8,18,100,0.0,510.0,147.0,363.0,149.8,25.7
2020-06-16 12:30:00,16730.173333333332,16377.24,65899.59999999999,22,4136001,0.9789043827400076,0.25,True,4094.31,4182.543333333333,28.96235703448276,38.161419068965515,0.5022143431034481,False,32.7,44,100,8,18,100,0.0,510.0,147.0,363.0,149.8,25.7
2020-06-16 12:45:00,18254.20333333333,17862.92523809524,70235.3,22,4136001,0.9785650412623818,0.25,True,4465.73130952381,4563.550833333333,29.784460466666665,41.95145250000001,0.5490756356666665,False,32.7,44,100,8,18,100,0.0,510.0,147.0,363.0,149.8,25.7
2020-06-16 13:00:00,19207.929047619047,18792.21619047619,74897.94285714286,22,4136001,0.9783572265332587,0.25,True,4698.054047619047,4801.982261904762,29.940903275862063,41.30325327586206,0.5731489579310346,False,32.6,45,100,15,32,100,0.0,573.0,165.0,408.0,169.7,25.8
2020-06-16 13:15:00,18791.83761904762,18387.29238095238,79712.02857142857,22,4136001,0.9784722896027377,0.25,True,4596.823095238095,4697.959404761905,30.244002366666663,42.88808180000001,0.5665455406666667,False,32.6,45,100,15,32,100,0.0,573.0,165.0,408.0,169.7,25.8
2020-06-16 13:30:00,11313.669523809524,11094.630000000001,83331.24761904762,22,4136001,0.9806393917244484,0.25,True,2773.6575000000003,2828.417380952381,29.720905172413797,39.2953772413793,0.3407377748275862,False,32.6,45,100,15,32,100,0.0,573.0,165.0,408.0,169.7,25.8
2020-06-16 13:45:00,14014.286666666667,13727.433333333334,85879.4,22,4136001,0.9795313639462206,0.25,True,3431.8583333333336,3503.5716666666667,29.208245689655172,37.28502382758621,0.407790492413793,False,32.6,45,100,15,32,100,0.0,573.0,165.0,408.0,169.7,25.8
2020-06-16 14:00:00,15014.406190476191,14704.017142857143,90057.8380952381,22,4136001,0.9793272511958594,0.25,True,3676.0042857142857,3753.601547619048,29.726076100000007,39.763498066666656,0.4503316196666666,False,32.1,48,100,9,28,100,0.0,480.0,104.0,376.0,115.1,25.0
2020-06-16 14:15:00,4962.125238095238,4860.438571428572,40553.80476190476,22,4136001,0.979507436473792,0.25,True,1215.109642857143,1240.5313095238096,30.42987363333333,40.68005649999999,0.492802766,False,32.1,48,100,9,28,100,0.0,480.0,104.0,376.0,115.1,25.0
2020-06-16 14:30:00,0.0,0.0,0.0,22,4136001,,0.25,True,0.0,0.0,30.833512862068968,44.37650713793103,0.5629444603448277,False,32.1,48,100,9,28,100,0.0,480.0,104.0,376.0,115.1,25.0
2020-06-16 14:45:00,11906.684761904762,11662.961428571429,73383.42380952381,22,4136001,0.9795305462261735,0.25,True,2915.740357142857,2976.6711904761905,30.503409551724143,41.55000024137932,0.4470176755172414,False,32.1,48,100,9,28,100,0.0,480.0,104.0,376.0,115.1,25.0
2020-06-16 15:00:00,11692.643333333332,11462.718571428572,97442.22857142857,22,4136001,0.9803359466845882,0.25,True,2865.679642857143,2923.160833333333,30.029818700000003,38.34786576666667,0.3539153346666665,False,31.7,48,100,29,34,100,0.0,398.0,101.0,297.0,129.5,25.2
2020-06-16 15:15:00,12221.565238095238,11978.900476190476,100218.27142857142,22,4136001,0.980144543094336,0.25,True,2994.725119047619,3055.3913095238095,29.81993893103449,37.0976982413793,0.3624977403448275,False,31.7,48,100,29,34,100,0.0,398.0,101.0,297.0,129.5,25.2
2020-06-16 15:30:00,14169.370476190476,13877.978571428572,103495.68095238095,22,4136001,0.9794350846248572,0.25,True,3469.494642857143,3542.342619047619,29.93420393103448,38.35378168965518,0.4094117217241379,False,31.7,48,100,29,34,100,0.0,398.0,101.0,297.0,129.5,25.2
2020-06-16 15:45:00,10698.236666666666,10490.870476190476,106630.04285714285,22,4136001,0.9806167878934388,0.25,True,2622.717619047619,2674.5591666666664,30.168884233333344,37.839531366666655,0.3314528773333334,False,31.7,48,100,29,34,100,0.0,398.0,101.0,297.0,129.5,25.2
2020-06-16 16:00:00,5881.867142857143,5772.629523809524,108567.48095238094,22,4136001,0.9814280709858814,0.25,True,1443.157380952381,1470.4667857142858,29.61759165517241,34.59173679310345,0.1742421517241379,False,31.5,48,100,0,8,100,0.0,310.0,81.0,229.0,132.8,24.7
2020-06-16 16:15:00,8100.710952380952,7955.73619047619,110401.49047619048,22,4136001,0.9821034520603218,0.25,True,1988.9340476190475,2025.177738095238,29.74619146666667,34.781945699999994,0.2446072813333333,False,31.5,48,100,0,8,100,0.0,310.0,81.0,229.0,132.8,24.7
2020-06-16 16:30:00,4608.639047619047,4515.696666666667,111603.98095238095,22,4136001,0.9798330092697546,0.25,True,1128.9241666666667,1152.1597619047618,29.3732635862069,33.490053206896555,0.1390864883103448,False,31.5,48,100,0,8,100,0.0,310.0,81.0,229.0,132.8,24.7
2020-06-16 16:45:00,3927.795238095238,3844.56,112888.14285714286,22,4136001,0.9788086615901082,0.25,True,961.14,981.9488095238095,29.002871666666667,31.513062533333333,0.1172127412666666,False,31.5,48,100,0,8,100,0.0,310.0,81.0,229.0,132.8,24.7
2020-06-16 17:00:00,2775.706666666667,2709.0333333333333,113839.13333333333,22,4136001,0.9759796904572048,0.25,True,677.2583333333333,693.9266666666667,28.912975379310335,31.268025448275868,0.0852988124482758,False,30.9,48,100,2,38,100,0.0,164.0,19.0,145.0,46.9,21.5
2020-06-16 17:15:00,1151.7761904761905,1115.424761904762,113872.05238095237,22,4136001,0.9684388087963517,0.25,True,278.8561904761905,287.94404761904764,28.43125003333333,29.47821053333333,0.0333181408999999,False,30.9,48,100,2,38,100,0.0,164.0,19.0,145.0,46.9,21.5
2020-06-16 17:30:00,2245.1809523809525,2181.560476190476,114645.99523809523,22,4136001,0.9716635418080629,0.25,True,545.390119047619,561.2952380952381,28.318011137931038,29.483777172413784,0.0679997884482758,False,30.9,48,100,2,38,100,0.0,164.0,19.0,145.0,46.9,21.5
2020-06-16 17:45:00,1804.5642857142857,1751.250476190476,115163.22857142857,22,4136001,0.970456131740019,0.25,True,437.812619047619,451.1410714285714,28.160633266666668,29.38294266666667,0.0553903700666666,False,30.9,48,100,2,38,100,0.0,164.0,19.0,145.0,46.9,21.5
2020-06-16 18:00:00,835.1233333333333,807.5933333333334,115488.67619047618,22,4136001,0.9670348092297745,0.25,True,201.89833333333334,208.78083333333333,27.803931862068968,28.5828594137931,0.0270350241724137,False,30.0,52,100,0,29,100,0.0,58.0,4.0,54.0,22.3,18.4
2020-06-16 18:15:00,512.2266666666667,494.6480952380952,115639.01904761905,22,4136001,0.9656820455230013,0.25,True,123.6620238095238,128.05666666666667,27.565023833333328,27.729070033333336,0.0170127839333333,False,30.0,52,100,0,29,100,0.0,58.0,4.0,54.0,22.3,18.4
2020-06-16 18:30:00,258.9352380952381,249.72761904761904,115730.27142857142,22,4136001,0.9644404557859659,0.25,True,62.43190476190476,64.73380952380953,27.35852893103448,27.194241172413797,0.0096089534517241,False,30.0,52,100,0,29,100,0.0,58.0,4.0,54.0,22.3,18.4
2020-06-16 18:45:00,0.0,0.0,115759.0,22,4136001,,0.25,True,0.0,0.0,27.16739082758621,26.857379793103448,0.0018699148013793,False,30.0,52,100,0,29,100,0.0,58.0,4.0,54.0,22.3,18.4
2020-06-16 19:00:00,0.0,0.0,115759.0,22,4136001,,0.25,True,0.0,0.0,26.27286776666667,26.15560703333333,0.0,False,29.0,56,100,3,16,100,0.0,2.0,0.0,2.0,0.0,15.8
2020-06-16 19:15:00,0.0,0.0,115759.0,22,4136001,,0.25,True,0.0,0.0,26.031714172413796,25.646704275862074,0.0,False,29.0,56,100,3,16,100,0.0,2.0,0.0,2.0,0.0,15.8
2020-06-16 19:30:00,0.0,0.0,115759.0,22,4136001,,0.25,True,0.0,0.0,25.9472687,25.67136833333333,0.0,False,29.0,56,100,3,16,100,0.0,2.0,0.0,2.0,0.0,15.8
2020-06-16 19:45:00,0.0,0.0,115759.0,22,4136001,,0.25,True,0.0,0.0,25.383153166666663,25.148636833333327,0.0,False,29.0,56,100,3,16,100,0.0,2.0,0.0,2.0,0.0,15.8
2020-06-16 20:00:00,0.0,0.0,115759.0,22,4136001,,0.25,True,0.0,0.0,25.054365448275863,24.751304896551726,0.0,False,28.4,60,99,1,19,99,0.0,0.0,0.0,0.0,0.0,15.7
2020-06-16 20:15:00,0.0,0.0,115759.0,22,4136001,,0.25,True,0.0,0.0,24.9061888,24.5387288,0.0,False,28.4,60,99,1,19,99,0.0,0.0,0.0,0.0,0.0,15.7
2020-06-16 20:30:00,0.0,0.0,115759.0,22,4136001,,0.25,True,0.0,0.0,24.60179075862069,24.29950265517241,0.0,False,28.4,60,99,1,19,99,0.0,0.0,0.0,0.0,0.0,15.7
2020-06-16 20:45:00,0.0,0.0,115759.0,22,4136001,,0.25,True,0.0,0.0,24.54720793333333,24.2202108,0.0,False,28.4,60,99,1,19,99,0.0,0.0,0.0,0.0,0.0,15.7
2020-06-16 21:00:00,0.0,0.0,115759.0,22,4136001,,0.25,True,0.0,0.0,24.532666448275865,24.43909203448276,0.0,False,27.8,62,96,0,35,95,0.0,0.0,0.0,0.0,0.0,16.5
2020-06-16 21:15:00,0.0,0.0,115759.0,22,4136001,,0.25,True,0.0,0.0,24.660873333333328,24.546877966666663,0.0,False,27.8,62,96,0,35,95,0.0,0.0,0.0,0.0,0.0,16.5
2020-06-16 21:30:00,0.0,0.0,115759.0,22,4136001,,0.25,True,0.0,0.0,24.715810724137928,24.41328068965517,0.0,False,27.8,62,96,0,35,95,0.0,0.0,0.0,0.0,0.0,16.5
2020-06-16 21:45:00,0.0,0.0,115759.0,22,4136001,,0.25,True,0.0,0.0,24.529312,24.179370033333335,0.0,False,27.8,62,96,0,35,95,0.0,0.0,0.0,0.0,0.0,16.5
2020-06-16 22:00:00,0.0,0.0,115759.0,22,4136001,,0.25,True,0.0,0.0,24.22657483333333,24.19399109999999,0.0,False,27.0,65,98,0,69,97,0.0,0.0,0.0,0.0,0.0,16.4
2020-06-16 22:15:00,0.0,0.0,115759.0,22,4136001,,0.25,True,0.0,0.0,24.013480620689656,23.69034565517241,0.0,False,27.0,65,98,0,69,97,0.0,0.0,0.0,0.0,0.0,16.4
2020-06-16 22:30:00,0.0,0.0,115759.0,22,4136001,,0.25,True,0.0,0.0,23.9964591,23.807730100000004,0.0,False,27.0,65,98,0,69,97,0.0,0.0,0.0,0.0,0.0,16.4
2020-06-16 22:45:00,0.0,0.0,115759.0,22,4136001,,0.25,True,0.0,0.0,23.6294304137931,23.11803037931034,0.0,False,27.0,65,98,0,69,97,0.0,0.0,0.0,0.0,0.0,16.4
2020-06-16 23:00:00,0.0,0.0,115759.0,22,4136001,,0.25,True,0.0,0.0,23.707056833333336,22.795114166666668,0.0,False,26.7,67,100,0,66,99,0.0,0.0,0.0,0.0,0.0,16.6
2020-06-16 23:15:00,0.0,0.0,115759.0,22,4136001,,0.25,True,0.0,0.0,23.738334793103448,22.68643403448276,0.0,False,26.7,67,100,0,66,99,0.0,0.0,0.0,0.0,0.0,16.6
2020-06-16 23:30:00,0.0,0.0,115759.0,22,4136001,,0.25,True,0.0,0.0,23.85089086363636,22.79828709090909,0.0,False,26.7,67,100,0,66,99,0.0,0.0,0.0,0.0,0.0,16.6
2020-06-16 23:45:00,0.0,0.0,115759.0,22,4136001,,0.25,True,0.0,0.0,24.038416586206896,23.19606179310345,3.706513620689655e-05,False,26.7,67,100,0,66,99,0.0,0.0,0.0,0.0,0.0,16.6
2020-06-17 00:00:00,0.0,0.0,36866.53333333333,22,4136001,,0.25,True,0.0,0.0,24.1493894,23.853162633333334,2.4313024333333335e-05,False,26.2,69,99,0,45,99,0.0,0.0,0.0,0.0,0.0,15.6
2020-06-17 00:15:00,0.0,0.0,13423.466666666667,22,4136001,,0.25,True,0.0,0.0,24.140737482758617,23.967333448275856,0.0,False,26.2,69,99,0,45,99,0.0,0.0,0.0,0.0,0.0,15.6
2020-06-17 00:30:00,0.0,0.0,0.0,22,4136001,,0.25,True,0.0,0.0,24.0548566,23.8616436,0.0,False,26.2,69,99,0,45,99,0.0,0.0,0.0,0.0,0.0,15.6
2020-06-17 00:45:00,0.0,0.0,0.0,22,4136001,,0.25,True,0.0,0.0,24.007380241379312,23.76092113793104,0.0,False,26.2,69,99,0,45,99,0.0,0.0,0.0,0.0,0.0,15.6
2020-06-17 01:00:00,0.0,0.0,0.0,22,4136001,,0.25,True,0.0,0.0,23.982121,23.71447866666666,0.0,False,25.9,71,99,0,58,98,0.0,0.0,0.0,0.0,0.0,15.6
2020-06-17 01:15:00,0.0,0.0,0.0,22,4136001,,0.25,True,0.0,0.0,24.055678,23.785183586206895,0.0,False,25.9,71,99,0,58,98,0.0,0.0,0.0,0.0,0.0,15.6
2020-06-17 01:30:00,0.0,0.0,0.0,22,4136001,,0.25,True,0.0,0.0,24.11391813333333,23.751051766666663,0.0,False,25.9,71,99,0,58,98,0.0,0.0,0.0,0.0,0.0,15.6
2020-06-17 01:45:00,0.0,0.0,0.0,22,4136001,,0.25,True,0.0,0.0,24.11729596551724,23.703195551724136,0.0,False,25.9,71,99,0,58,98,0.0,0.0,0.0,0.0,0.0,15.6
2020-06-17 02:00:00,0.0,0.0,0.0,22,4136001,,0.25,True,0.0,0.0,24.049432666666668,23.611703566666662,0.0,False,25.5,73,99,0,21,99,0.0,0.0,0.0,0.0,0.0,16.1
2020-06-17 02:15:00,0.0,0.0,0.0,22,4136001,,0.25,True,0.0,0.0,24.0073791724138,23.67943513793103,0.0,False,25.5,73,99,0,21,99,0.0,0.0,0.0,0.0,0.0,16.1
2020-06-17 02:30:00,0.0,0.0,0.0,22,4136001,,0.25,True,0.0,0.0,24.043565133333328,23.627613233333335,0.0,False,25.5,73,99,0,21,99,0.0,0.0,0.0,0.0,0.0,16.1
2020-06-17 02:45:00,0.0,0.0,0.0,22,4136001,,0.25,True,0.0,0.0,24.148901233333337,23.613637299999997,0.0,False,25.5,73,99,0,21,99,0.0,0.0,0.0,0.0,0.0,16.1
2020-06-17 03:00:00,0.0,0.0,0.0,22,4136001,,0.25,True,0.0,0.0,24.040288517241375,23.441451448275867,0.0,False,25.3,73,99,0,9,99,0.0,0.0,0.0,0.0,0.0,16.8
2020-06-17 03:15:00,0.0,0.0,0.0,22,4136001,,0.25,True,0.0,0.0,22.963709433333335,22.606509366666664,0.0,False,25.3,73,99,0,9,99,0.0,0.0,0.0,0.0,0.0,16.8
2020-06-17 03:30:00,0.0,0.0,0.0,22,4136001,,0.25,True,0.0,0.0,22.602686137931038,22.24742313793104,0.0,False,25.3,73,99,0,9,99,0.0,0.0,0.0,0.0,0.0,16.8
2020-06-17 03:45:00,0.0,0.0,0.0,22,4136001,,0.25,True,0.0,0.0,22.7471992,22.305839133333333,0.0,False,25.3,73,99,0,9,99,0.0,0.0,0.0,0.0,0.0,16.8
2020-06-17 04:00:00,0.0,0.0,0.0,22,4136001,,0.25,True,0.0,0.0,22.807348499999996,22.3772238,0.0,False,25.1,75,100,0,10,100,0.0,0.0,0.0,0.0,0.0,14.9
2020-06-17 04:15:00,0.0,0.0,0.0,22,4136001,,0.25,True,0.0,0.0,22.948314724137933,22.22376027586207,0.0,False,25.1,75,100,0,10,100,0.0,0.0,0.0,0.0,0.0,14.9
2020-06-17 04:30:00,0.0,0.0,0.0,22,4136001,,0.25,True,0.0,0.0,22.971486333333328,22.078924633333333,8.189851403333336e-05,False,25.1,75,100,0,10,100,0.0,0.0,0.0,0.0,0.0,14.9
2020-06-17 04:45:00,0.0,0.0,0.0,22,4136001,,0.25,True,0.0,0.0,22.75740386206896,21.963833655172408,0.0,False,25.1,75,100,0,10,100,0.0,0.0,0.0,0.0,0.0,14.9
2020-06-17 05:00:00,0.0,0.0,0.0,22,4136001,,0.25,True,0.0,0.0,22.7138253,21.9248749,0.0,False,25.3,73,100,0,22,100,0.0,0.0,0.0,0.0,0.0,14.0
2020-06-17 05:15:00,0.0,0.0,0.0,22,4136001,,0.25,True,0.0,0.0,22.699171,21.97272155172413,0.0,False,25.3,73,100,0,22,100,0.0,0.0,0.0,0.0,0.0,14.0
2020-06-17 05:30:00,0.0,0.0,0.0,22,4136001,,0.25,True,0.0,0.0,22.6257516,22.01064356666667,0.0,False,25.3,73,100,0,22,100,0.0,0.0,0.0,0.0,0.0,14.0
2020-06-17 05:45:00,0.0,0.0,0.0,22,4136001,,0.25,True,0.0,0.0,22.5515857,21.9083763,0.0001945111540666,False,25.3,73,100,0,22,100,0.0,0.0,0.0,0.0,0.0,14.0
2020-06-17 06:00:00,33.85333333333333,32.6552380952381,0.2761904761904761,22,4136001,0.9646092387329096,0.25,True,8.163809523809524,8.463333333333333,22.577129517241385,21.965800413793104,0.0038972908827586,False,25.9,71,100,0,73,100,0.0,9.0,0.0,9.0,0.0,13.9
2020-06-17 06:15:00,544.5047619047618,525.8309523809523,55.990476190476194,22,4136001,0.9657049656306299,0.25,True,131.45773809523808,136.12619047619046,22.6252512,22.165983133333327,0.0173870453666666,False,25.9,71,100,0,73,100,0.0,9.0,0.0,9.0,0.0,13.9
2020-06-17 06:30:00,1199.172380952381,1160.2457142857143,270.34761904761905,22,4136001,0.9675387231352416,0.25,True,290.06142857142856,299.79309523809525,22.74754265517241,22.557784551724144,0.0365596514827586,False,25.9,71,100,0,73,100,0.0,9.0,0.0,9.0,0.0,13.9
2020-06-17 06:45:00,1294.06,1252.3866666666665,577.1333333333333,22,4136001,0.9677964442658505,0.25,True,313.09666666666664,323.515,22.9437256,22.734243766666665,0.0382369183,False,25.9,71,100,0,73,100,0.0,9.0,0.0,9.0,0.0,13.9
2020-06-17 07:00:00,1405.6309523809525,1360.8133333333333,908.2857142857142,22,4136001,0.9681156572628796,0.25,True,340.2033333333333,351.40773809523813,23.04807344827586,22.764368586206903,0.0411929848275862,False,26.1,71,100,1,96,100,0.0,45.0,0.0,45.0,0.0,13.9
2020-06-17 07:15:00,1667.2485714285715,1616.5742857142857,1270.7380952380952,22,4136001,0.9696060404053213,0.25,True,404.1435714285714,416.8121428571429,23.177676766666664,23.225179099999995,0.0483592085333333,False,26.1,71,100,1,96,100,0.0,45.0,0.0,45.0,0.0,13.9
2020-06-17 07:30:00,2203.306666666667,2140.8361904761905,1728.1333333333334,22,4136001,0.97164694450592,0.25,True,535.2090476190476,550.8266666666667,23.356808379310348,23.9482885862069,0.0634568153793103,False,26.1,71,100,1,96,100,0.0,45.0,0.0,45.0,0.0,13.9
2020-06-17 07:45:00,2854.2566666666667,2777.784285714286,2340.1809523809525,22,4136001,0.973207601879165,0.25,True,694.4460714285715,713.5641666666667,23.559034033333337,24.327505466666665,0.0816382889666666,False,26.1,71,100,1,96,100,0.0,45.0,0.0,45.0,0.0,13.9
2020-06-17 08:00:00,4029.6390476190477,3949.08,3175.4761904761904,22,4136001,0.9800083713039641,0.25,True,987.27,1007.4097619047619,23.68637617241379,24.56949586206897,0.1145608286551724,False,26.5,70,100,0,99,100,0.0,82.0,0.0,82.0,0.0,15.2
2020-06-17 08:15:00,4007.647619047619,3927.8157142857144,4200.104761904762,22,4136001,0.9800801087444719,0.25,True,981.9539285714286,1001.9119047619048,23.927684896551728,25.617205310344826,0.117114516275862,False,26.5,70,100,0,99,100,0.0,82.0,0.0,82.0,0.0,15.2
2020-06-17 08:30:00,4645.117619047619,4553.829047619048,5181.628571428571,22,4136001,0.98034741444345,0.25,True,1138.457261904762,1161.2794047619047,23.909512133333337,25.18560986666667,0.1322503906666666,False,26.5,70,100,0,99,100,0.0,82.0,0.0,82.0,0.0,15.2
2020-06-17 08:45:00,5979.434285714286,5865.463333333333,6561.647619047619,22,4136001,0.9809395091684099,0.25,True,1466.3658333333333,1494.8585714285714,24.104574413793102,25.48009506896552,0.1701928875862069,False,26.5,70,100,0,99,100,0.0,82.0,0.0,82.0,0.0,15.2
2020-06-17 09:00:00,4146.498571428571,4064.404761904762,7781.119047619048,22,4136001,0.9802016549361728,0.25,True,1016.1011904761905,1036.6246428571428,23.981644766666665,24.9001047,0.1183198545,False,27.1,68,100,0,99,100,0.0,130.0,2.0,128.0,3.0,16.3
2020-06-17 09:15:00,4288.72,4204.126666666666,8793.8,22,4136001,0.9802753890826787,0.25,True,1051.0316666666665,1072.18,24.04044548275862,24.95021010344828,0.120616978,False,27.1,68,100,0,99,100,0.0,130.0,2.0,128.0,3.0,16.3
2020-06-17 09:30:00,7786.6376190476185,7643.225238095238,10141.95238095238,22,4136001,0.9815822453838655,0.25,True,1910.8063095238094,1946.6594047619046,24.281436166666655,25.8621012,0.220836565,False,27.1,68,100,0,99,100,0.0,130.0,2.0,128.0,3.0,16.3
2020-06-17 09:45:00,12768.910952380953,12512.969523809523,12741.5,22,4136001,0.9799558921253416,0.25,True,3128.2423809523807,3192.2277380952382,24.92831110344828,28.395366862068965,0.3745028272413792,False,27.1,68,100,0,99,100,0.0,130.0,2.0,128.0,3.0,16.3
2020-06-17 10:00:00,12272.751428571428,12028.086666666668,15861.442857142858,22,4136001,0.9800643919720259,0.25,True,3007.021666666667,3068.187857142857,25.643934066666663,31.385303866666668,0.3563217239999999,False,28.2,60,100,0,81,100,0.0,237.0,15.0,222.0,18.2,18.7
2020-06-17 10:15:00,10257.048571428571,10064.066666666668,18674.290476190476,22,4136001,0.9811854352235923,0.25,True,2516.016666666667,2564.262142857143,26.053684466666667,32.553692600000005,0.299062996,False,28.2,60,100,0,81,100,0.0,237.0,15.0,222.0,18.2,18.7
2020-06-17 10:30:00,9960.244285714285,9774.577619047619,21061.58095238095,22,4136001,0.9813592256032352,0.25,True,2443.6444047619048,2490.0610714285713,26.16922927586207,32.285136206896546,0.288015658275862,False,28.2,60,100,0,81,100,0.0,237.0,15.0,222.0,18.2,18.7
2020-06-17 10:45:00,10945.492857142857,10732.981904761904,23604.433333333334,22,4136001,0.9805846154983993,0.25,True,2683.245476190476,2736.3732142857143,26.079586766666672,31.061916133333327,0.309599092,False,28.2,60,100,0,81,100,0.0,237.0,15.0,222.0,18.2,18.7
2020-06-17 11:00:00,11188.36,10969.279999999999,26359.933333333334,22,4136001,0.9804189353935696,0.25,True,2742.3199999999997,2797.09,26.185345793103448,31.186229793103447,0.3145844658620689,False,31.0,49,100,93,35,100,0.0,564.0,185.0,379.0,198.9,25.0
2020-06-17 11:15:00,7472.539523809523,7334.862380952381,28766.80476190476,22,4136001,0.9815755885374087,0.25,True,1833.7155952380951,1868.1348809523809,26.31244396666667,31.6446106,0.2107782023333333,False,31.0,49,100,93,35,100,0.0,564.0,185.0,379.0,198.9,25.0
2020-06-17 11:30:00,13745.159047619049,13466.61380952381,31079.838095238098,22,4136001,0.9797350298290299,0.25,True,3366.6534523809523,3436.289761904762,26.714392275862068,33.68988655172414,0.401902425862069,False,31.0,49,100,93,35,100,0.0,564.0,185.0,379.0,198.9,25.0
2020-06-17 11:45:00,16593.00238095238,16244.740952380951,34985.18571428571,22,4136001,0.9790115483276728,0.25,True,4061.1852380952378,4148.250595238095,27.664736866666665,38.98331386666667,0.4954889353333333,False,31.0,49,100,93,35,100,0.0,564.0,185.0,379.0,198.9,25.0
2020-06-17 12:00:00,11507.998095238096,11283.48142857143,38360.42857142857,22,4136001,0.9804903802721718,0.25,True,2820.8703571428573,2876.999523809524,27.60099303448276,37.102779068965525,0.3403715472413793,False,31.7,49,100,3,60,100,0.0,533.0,163.0,370.0,166.1,20.8
2020-06-17 12:15:00,17500.507619047617,17122.917619047617,41711.9,22,4136001,0.9784240544206255,0.25,True,4280.729404761904,4375.126904761904,27.8761057,37.319988066666674,0.5203204733333333,False,31.7,49,100,3,60,100,0.0,533.0,163.0,370.0,166.1,20.8
2020-06-17 12:30:00,15889.846666666666,15559.246666666666,46026.933333333334,22,4136001,0.9791942611571246,0.25,True,3889.8116666666665,3972.4616666666666,28.204097413793104,37.502085620689655,0.4708963844827586,False,31.7,49,100,3,60,100,0.0,533.0,163.0,370.0,166.1,20.8
2020-06-17 12:45:00,16868.86904761905,16514.214285714283,50048.10952380953,22,4136001,0.9789757830887409,0.25,True,4128.553571428571,4217.217261904762,28.534304866666663,38.70709236666667,0.5136595323333331,False,31.7,49,100,3,60,100,0.0,533.0,163.0,370.0,166.1,20.8
2020-06-17 13:00:00,16675.518571428573,16325.518095238094,54145.166666666664,22,4136001,0.9790111189231524,0.25,True,4081.3795238095236,4168.879642857143,28.73062768965517,39.987019448275866,0.5109659972413793,False,31.5,48,100,22,96,100,0.1,562.0,214.0,348.0,220.1,31.9
2020-06-17 13:15:00,15151.054761904761,14838.722857142857,58045.68095238095,22,4136001,0.9793854678984317,0.25,True,3709.680714285714,3787.7636904761903,28.46972356666667,37.286170466666654,0.451581596,False,31.5,48,100,22,96,100,0.1,562.0,214.0,348.0,220.1,31.9
2020-06-17 13:30:00,14676.029999999999,14374.724285714285,61599.014285714286,22,4136001,0.9794695354066656,0.25,True,3593.681071428571,3669.0074999999997,27.945867103448272,32.80133382758622,0.4276434196551723,False,31.5,48,100,22,96,100,0.1,562.0,214.0,348.0,220.1,31.9
2020-06-17 13:45:00,1781.9242857142856,1743.6142857142859,12659.228571428572,22,4136001,0.978500770034321,0.25,True,435.90357142857147,445.4810714285714,28.731198133333336,40.46031016666667,0.5789413146666667,False,31.5,48,100,22,96,100,0.1,562.0,214.0,348.0,220.1,31.9
2020-06-17 14:00:00,7473.080952380951,7318.7814285714285,30690.109523809526,22,4136001,0.9793526224601699,0.25,True,1829.6953571428571,1868.2702380952378,29.044235827586206,42.32625593103449,0.480736164137931,False,30.6,52,100,0,42,100,0.0,294.0,41.0,253.0,45.4,24.7
2020-06-17 14:15:00,13247.161428571428,12980.05619047619,67360.6380952381,22,4136001,0.9798367945060935,0.25,True,3245.0140476190477,3311.790357142857,28.609255933333337,37.97944833333332,0.3930144640000001,False,30.6,52,100,0,42,100,0.0,294.0,41.0,253.0,45.4,24.7
2020-06-17 14:30:00,10884.326666666666,10672.267142857143,70354.77142857143,22,4136001,0.9805169827859948,0.25,True,2668.0667857142857,2721.0816666666665,27.349096793103453,29.945265206896558,0.3096930779310345,False,30.6,52,100,0,42,100,0.0,294.0,41.0,253.0,45.4,24.7
2020-06-17 14:45:00,11470.73380952381,11245.050952380952,73040.99523809525,22,4136001,0.9803253339419767,0.25,True,2811.262738095238,2867.6834523809525,26.842360433333333,28.24684536666668,0.3273643233333334,False,30.6,52,100,0,42,100,0.0,294.0,41.0,253.0,45.4,24.7
2020-06-17 15:00:00,12426.556666666667,12178.413333333332,76000.18571428572,22,4136001,0.9800312073577903,0.25,True,3044.603333333333,3106.639166666667,27.22757479310345,29.34751727586207,0.3634486806896551,False,31.7,50,100,4,47,100,0.0,416.0,143.0,273.0,183.2,23.2
2020-06-17 15:15:00,12868.019523809524,12610.41380952381,79170.0142857143,22,4136001,0.9799809353872156,0.25,True,3152.6034523809526,3217.004880952381,27.930431033333328,33.72836829999999,0.3843007586666666,False,31.7,50,100,4,47,100,0.0,416.0,143.0,273.0,183.2,23.2
2020-06-17 15:30:00,8087.52,7948.38,81691.88095238095,22,4136001,0.9827957148792212,0.25,True,1987.095,2021.88,27.7001744137931,32.386005275862075,0.2370183289655172,False,31.7,50,100,4,47,100,0.0,416.0,143.0,273.0,183.2,23.2
2020-06-17 15:45:00,7236.466666666666,7113.7733333333335,83549.4,22,4136001,0.9830451325232389,0.25,True,1778.4433333333334,1809.1166666666666,27.581203200000004,31.601485266666675,0.21363942,False,31.7,50,100,4,47,100,0.0,416.0,143.0,273.0,183.2,23.2
2020-06-17 16:00:00,6581.850952380953,6461.852857142857,85030.31428571428,22,4136001,0.9817683359732284,0.25,True,1615.4632142857142,1645.4627380952381,27.63258606896552,32.10411975862068,0.1966100234482758,False,31.1,47,100,0,26,100,0.0,280.0,84.0,196.0,137.6,24.7
2020-06-17 16:15:00,6512.576666666667,6393.030476190476,86868.81428571428,22,4136001,0.9816437952910306,0.25,True,1598.257619047619,1628.1441666666667,27.648377366666665,31.859703533333334,0.1917219463333333,False,31.1,47,100,0,26,100,0.0,280.0,84.0,196.0,137.6,24.7
2020-06-17 16:30:00,6162.16619047619,6046.765714285714,88458.64285714286,22,4136001,0.9812727419833579,0.25,True,1511.6914285714286,1540.5415476190476,27.624499172413795,31.734618137931037,0.1817658131034482,False,31.1,47,100,0,26,100,0.0,280.0,84.0,196.0,137.6,24.7
2020-06-17 16:45:00,4105.105714285714,4019.4385714285713,89750.57142857143,22,4136001,0.9791315622983782,0.25,True,1004.8596428571428,1026.2764285714286,27.45880556666667,30.69353546666667,0.1193903119666666,False,31.1,47,100,0,26,100,0.0,280.0,84.0,196.0,137.6,24.7
2020-06-17 17:00:00,1186.08,1148.6733333333332,90346.0,22,4136001,0.9684619362381401,0.25,True,287.1683333333333,296.52,26.498535,27.3130768,0.0319532306666666,False,30.3,53,100,14,38,100,0.0,221.0,76.0,145.0,187.3,19.4
2020-06-17 17:15:00,2962.206666666667,2886.312857142857,90819.88571428572,22,4136001,0.9743792996019375,0.25,True,721.5782142857142,740.5516666666667,25.779441068965514,25.30390968965517,0.0858852560344827,False,30.3,53,100,14,38,100,0.0,221.0,76.0,145.0,187.3,19.4
2020-06-17 17:30:00,3003.87,2929.1499999999996,91481.1,22,4136001,0.9751254215395472,0.25,True,732.2874999999999,750.9675,26.14305522727273,27.15584081818181,0.0894936300454545,False,30.3,53,100,14,38,100,0.0,221.0,76.0,145.0,187.3,19.4
2020-06-17 17:45:00,2133.54,2072.66,92165.79999999999,22,4136001,0.9714652643025207,0.25,True,518.165,533.385,26.0916641724138,27.23565668965518,0.0654795855517241,False,30.3,53,100,14,38,100,0.0,221.0,76.0,145.0,187.3,19.4
2020-06-17 18:00:00,1326.6666666666667,1284.5466666666666,92601.86666666667,22,4136001,0.968251256281407,0.25,True,321.13666666666666,331.6666666666667,25.686603700000003,26.540474400000004,0.0415141276666666,False,29.3,57,100,3,36,100,0.0,65.0,9.0,56.0,50.0,19.1
2020-06-17 18:15:00,701.8199999999999,677.9933333333333,92834.33333333333,22,4136001,0.9660501743087022,0.25,True,169.49833333333333,175.45499999999998,25.23544313793104,25.65623,0.0221499413103448,False,29.3,57,100,3,36,100,0.0,65.0,9.0,56.0,50.0,19.1
2020-06-17 18:30:00,424.72666666666663,410.0,92728.8,22,4136001,0.9653267199296803,0.25,True,102.5,106.18166666666666,24.582471766666668,24.78652539999999,0.0133931878633333,False,29.3,57,100,3,36,100,0.0,65.0,9.0,56.0,50.0,19.1
2020-06-17 18:45:00,75.77904761904762,73.06666666666666,93037.00952380952,22,4136001,0.9642067162678464,0.25,True,18.266666666666666,18.944761904761904,23.965923344827583,23.28397562068965,0.0026350049782758,False,29.3,57,100,3,36,100,0.0,65.0,9.0,56.0,50.0,19.1
2020-06-17 19:00:00,0.0,0.0,92742.2,22,4136001,,0.25,True,0.0,0.0,23.547951689655168,22.59979141379311,0.0,False,28.2,63,100,11,33,100,0.0,2.0,0.0,2.0,0.0,16.8
2020-06-17 19:15:00,0.0,0.0,93040.0,22,4136001,,0.25,True,0.0,0.0,23.4725741,22.464955766666662,0.0,False,28.2,63,100,11,33,100,0.0,2.0,0.0,2.0,0.0,16.8
2020-06-17 19:30:00,0.0,0.0,93040.0,22,4136001,,0.25,True,0.0,0.0,23.49732753333333,22.438098333333336,0.0,False,28.2,63,100,11,33,100,0.0,2.0,0.0,2.0,0.0,16.8
2020-06-17 19:45:00,0.0,0.0,93040.0,22,4136001,,0.25,True,0.0,0.0,23.602745413793105,22.418766241379316,0.0,False,28.2,63,100,11,33,100,0.0,2.0,0.0,2.0,0.0,16.8
2020-06-17 20:00:00,0.0,0.0,93040.0,22,4136001,,0.25,True,0.0,0.0,23.6651278,22.367719466666667,0.0,False,27.5,65,100,0,12,100,0.0,0.0,0.0,0.0,0.0,14.7
2020-06-17 20:15:00,0.0,0.0,93040.0,22,4136001,,0.25,True,0.0,0.0,23.601208965517245,22.2459434137931,0.0,False,27.5,65,100,0,12,100,0.0,0.0,0.0,0.0,0.0,14.7
2020-06-17 20:30:00,0.0,0.0,93040.0,22,4136001,,0.25,True,0.0,0.0,23.687547066666664,22.3776551,0.0,False,27.5,65,100,0,12,100,0.0,0.0,0.0,0.0,0.0,14.7
2020-06-17 20:45:00,0.0,0.0,93040.0,22,4136001,,0.25,True,0.0,0.0,23.75045548275863,22.825295310344828,0.0,False,27.5,65,100,0,12,100,0.0,0.0,0.0,0.0,0.0,14.7
2020-06-17 21:00:00,0.0,0.0,92722.42857142857,22,4136001,,0.25,True,0.0,0.0,23.752441133333335,23.187267066666667,0.0,False,26.8,68,80,0,3,80,0.0,0.0,0.0,0.0,0.0,15.4
2020-06-17 21:15:00,0.0,0.0,93040.0,22,4136001,,0.25,True,0.0,0.0,23.811610800000004,23.4716604,0.0,False,26.8,68,80,0,3,80,0.0,0.0,0.0,0.0,0.0,15.4
2020-06-17 21:30:00,0.0,0.0,93040.0,22,4136001,,0.25,True,0.0,0.0,23.899251862068965,23.72964596551724,0.0,False,26.8,68,80,0,3,80,0.0,0.0,0.0,0.0,0.0,15.4
2020-06-17 21:45:00,0.0,0.0,93040.0,22,4136001,,0.25,True,0.0,0.0,23.883053566666668,23.68958143333333,0.0,False,26.8,68,80,0,3,80,0.0,0.0,0.0,0.0,0.0,15.4
2020-06-17 22:00:00,0.0,0.0,93040.0,22,4136001,,0.25,True,0.0,0.0,23.767680034482755,23.39140703448276,0.0,False,26.0,71,100,0,2,100,0.0,0.0,0.0,0.0,0.0,14.5
2020-06-17 22:15:00,0.0,0.0,93040.0,22,4136001,,0.25,True,0.0,0.0,23.656357,23.12314753333333,0.0,False,26.0,71,100,0,2,100,0.0,0.0,0.0,0.0,0.0,14.5
2020-06-17 22:30:00,0.0,0.0,93040.0,22,4136001,,0.25,True,0.0,0.0,23.6281078,23.02921033333333,0.0,False,26.0,71,100,0,2,100,0.0,0.0,0.0,0.0,0.0,14.5
2020-06-17 22:45:00,0.0,0.0,93040.0,22,4136001,,0.25,True,0.0,0.0,23.511703,22.856201172413797,0.0,False,26.0,71,100,0,2,100,0.0,0.0,0.0,0.0,0.0,14.5
2020-06-17 23:00:00,0.0,0.0,93040.0,22,4136001,,0.25,True,0.0,0.0,23.48228243333333,22.744190466666662,0.0,False,25.6,73,98,0,4,98,0.0,0.0,0.0,0.0,0.0,15.8
2020-06-17 23:15:00,0.0,0.0,93040.0,22,4136001,,0.25,True,0.0,0.0,23.3547425862069,22.492245310344828,0.0,False,25.6,73,98,0,4,98,0.0,0.0,0.0,0.0,0.0,15.8
2020-06-17 23:30:00,0.0,0.0,93040.0,22,4136001,,0.25,True,0.0,0.0,23.291048233333328,22.373908566666667,0.0,False,25.6,73,98,0,4,98,0.0,0.0,0.0,0.0,0.0,15.8
2020-06-17 23:45:00,0.0,0.0,93040.0,22,4136001,,0.25,True,0.0,0.0,23.202870689655175,22.53590765517241,0.0,False,25.6,73,98,0,4,98,0.0,0.0,0.0,0.0,0.0,15.8
