time,plant_id,ac_power,dc_power,ac_energy_kwh_est,dc_energy_kwh_est,avg_inverter_count,sensor_temperature,module_temperature,sensor_irradiation,openmeteo_temperature,humidity,cloud,cloud_low,cloud_mid,cloud_high,rain,ghi,direct_radiation,dhi,dni,wind_speed_10m,generation_data_complete
2020-05-15 00:00:00,4136001,0.0,0.0,0.0,0.0,22.0,26.767054844540233,24.582656410919537,0.0,30.0,49.0,15.0,0.0,11.0,6.0,0.0,0.0,0.0,0.0,0.0,10.6,True
2020-05-15 01:00:00,4136001,0.0,0.0,0.0,0.0,22.0,26.505909301724138,25.172108731034484,0.0,29.3,52.0,16.0,0.0,7.0,10.0,0.0,0.0,0.0,0.0,0.0,7.1,True
2020-05-15 02:00:00,4136001,0.0,0.0,0.0,0.0,22.0,26.296562410057472,24.55551374827586,0.0,28.6,55.0,48.0,0.0,8.0,44.0,0.0,0.0,0.0,0.0,0.0,6.6,True
2020-05-15 03:00:00,4136001,0.0,0.0,0.0,0.0,22.0,26.141690533908044,24.627654717241377,0.0,28.0,56.0,79.0,0.0,6.0,78.0,0.0,0.0,0.0,0.0,0.0,5.6,True
2020-05-15 04:00:00,4136001,0.0,0.0,0.0,0.0,22.0,25.509472622290637,24.658229773706896,0.0,27.4,56.0,61.0,0.0,4.0,60.0,0.0,0.0,0.0,0.0,0.0,3.9,True
2020-05-15 05:00:00,4136001,0.0,0.0,0.0,0.0,22.0,24.966925581896554,23.906986185919543,0.00070951362625,27.1,60.0,56.0,0.0,0.0,86.0,0.0,0.0,0.0,0.0,0.0,4.3,True
2020-05-15 06:00:00,4136001,1376.1564285714287,1413.5689285714284,1376.1564285714287,1413.5689285714284,22.0,24.835316366666664,24.6822418454023,0.04498273105390802,27.9,60.0,88.0,0.0,0.0,88.0,0.0,15.0,2.0,13.0,21.9,5.8,True
2020-05-15 07:00:00,4136001,9145.536904761906,9318.614285714286,9145.536904761906,9318.614285714286,22.0,26.32363677097701,31.549644434482758,0.3370788839913793,29.1,59.0,90.0,0.0,0.0,90.0,0.0,147.0,61.0,86.0,240.6,8.2,True
2020-05-15 08:00:00,4136001,14758.825476190475,15070.246785714286,14758.825476190475,15070.246785714286,22.0,28.369424680459765,37.96213487068965,0.5401636247442528,30.7,53.0,90.0,0.0,0.0,90.0,0.0,364.0,221.0,143.0,460.6,7.6,True
2020-05-15 09:00:00,4136001,19057.77869047619,19487.284523809525,19057.77869047619,19487.284523809525,22.0,30.41930731666666,43.70039951206897,0.7282678933160919,32.7,43.0,93.0,2.0,0.0,93.0,0.0,596.0,443.0,153.0,652.5,7.9,True
2020-05-15 10:00:00,4136001,17756.011904761905,18198.53761904762,17756.011904761905,18198.53761904762,22.0,32.64904476637931,48.051133037068965,0.8885846425747126,34.6,35.0,43.0,0.0,0.0,43.0,0.0,783.0,610.0,173.0,728.6,9.4,True
2020-05-15 11:00:00,4136001,17258.742023809522,17701.137976190475,17258.742023809522,17701.137976190475,22.0,34.3792081178161,54.54576035977012,0.9674060965143677,36.1,29.0,4.0,0.0,1.0,3.0,0.0,915.0,747.0,168.0,791.4,10.3,True
2020-05-15 12:00:00,4136001,17117.60142857143,17556.438214285714,17117.60142857143,17556.438214285714,22.0,35.875745016379305,57.92361523850575,0.9648589427787356,37.3,25.0,8.0,0.0,8.0,0.0,0.0,963.0,788.0,175.0,794.5,11.3,True
2020-05-15 13:00:00,4136001,17566.582976190475,18009.82130952381,17566.582976190475,18009.82130952381,22.0,36.72582925747126,56.84454132557472,0.8980464986522989,38.1,22.0,15.0,0.0,2.0,14.0,0.0,921.0,747.0,174.0,764.1,12.6,True
2020-05-15 14:00:00,4136001,17660.658333333333,18077.307857142856,17660.658333333333,18077.307857142856,22.0,37.17016487011494,52.26843980086207,0.7579463821408046,38.6,20.0,65.0,0.0,0.0,65.0,0.0,852.0,691.0,161.0,765.8,14.3,True
2020-05-15 15:00:00,4136001,16909.618095238096,17277.242380952383,16909.618095238096,17277.242380952383,22.0,36.89602410229885,47.205336685632176,0.5532990097327586,38.6,18.0,32.0,0.0,1.0,32.0,0.0,717.0,569.0,148.0,738.0,14.8,True
2020-05-15 16:00:00,4136001,10699.268214285714,10909.639404761903,10699.268214285714,10909.639404761903,22.0,36.474886304310346,42.05731890488506,0.3424348220402298,38.1,19.0,36.0,0.0,1.0,35.0,0.0,504.0,371.0,133.0,625.9,15.1,True
2020-05-15 17:00:00,4136001,3327.974642857143,3399.3309523809526,3327.974642857143,3399.3309523809526,22.0,35.392850151149425,36.50967177902298,0.1081916569965517,36.7,22.0,65.0,0.0,2.0,51.0,0.0,286.0,189.0,97.0,497.9,13.9,True
2020-05-15 18:00:00,4136001,224.67904761904762,232.7375,224.67904761904762,232.7375,22.0,33.74811736810344,32.096667521264365,0.007762987893432725,35.2,25.0,19.0,0.0,6.0,14.0,0.0,78.0,35.0,43.0,223.2,9.7,True
2020-05-15 19:00:00,4136001,0.0,0.0,0.0,0.0,22.0,31.994253260919542,29.560095475287355,0.0,33.5,28.0,25.0,0.0,11.0,17.0,0.0,0.0,0.0,0.0,0.0,6.6,True
2020-05-15 20:00:00,4136001,0.0,0.0,0.0,0.0,22.0,30.96078337816092,28.171867269827583,3.010655439655e-05,32.9,29.0,58.0,0.0,17.0,51.0,0.0,0.0,0.0,0.0,0.0,5.6,True
2020-05-15 21:00:00,4136001,0.0,0.0,0.0,0.0,22.0,28.928730953448273,27.938862231609193,0.0,33.0,29.0,40.0,0.0,23.0,25.0,0.0,0.0,0.0,0.0,0.0,9.2,True
2020-05-15 22:00:00,4136001,0.0,0.0,0.0,0.0,22.0,28.257107916091954,26.860713091954022,0.0,32.3,32.0,32.0,0.0,32.0,0.0,0.0,0.0,0.0,0.0,0.0,9.2,True
2020-05-15 23:00:00,4136001,0.0,0.0,0.0,0.0,22.0,27.139031601760625,25.47515863647145,0.0,31.600000000000005,35.0,29.0,0.0,27.0,4.0,0.0,0.0,0.0,0.0,0.0,10.3,True
2020-05-16 00:00:00,4136001,0.0,0.0,0.0,0.0,22.0,26.63118066350575,24.63282443390805,0.0,30.7,39.0,25.0,0.0,16.0,12.0,0.0,0.0,0.0,0.0,0.0,11.1,True
2020-05-16 01:00:00,4136001,0.0,0.0,0.0,0.0,22.0,26.14786519195402,24.14503010804598,0.0,29.8,44.0,79.0,0.0,29.0,72.0,0.0,0.0,0.0,0.0,0.0,8.4,True
2020-05-16 02:00:00,4136001,0.0,0.0,0.0,0.0,22.0,25.30792489454023,23.192279374712644,0.0,29.3,48.0,39.0,0.0,33.0,8.0,0.0,0.0,0.0,0.0,0.0,6.1,True
2020-05-16 03:00:00,4136001,0.0,0.0,0.0,0.0,22.0,24.476707020977013,22.073807958045975,0.0,28.9,47.0,21.0,0.0,21.0,0.0,0.0,0.0,0.0,0.0,0.0,7.8,True
2020-05-16 04:00:00,4136001,0.0,0.0,0.0,0.0,22.0,23.93731509252873,21.819825835632184,0.0,28.4,48.0,25.0,0.0,20.0,15.0,0.0,0.0,0.0,0.0,0.0,6.6,True
2020-05-16 05:00:00,4136001,0.0,0.0,0.0,0.0,22.0,23.64376012097701,21.354359981321842,0.000367908764,27.9,48.0,77.0,0.0,16.0,96.0,0.0,0.0,0.0,0.0,0.0,3.2,True
2020-05-16 06:00:00,4136001,1463.4284523809524,1507.2529761904761,1463.4284523809524,1507.2529761904761,22.0,24.488327995114943,23.569068226149426,0.049175357920775827,28.9,47.0,97.0,0.0,6.0,97.0,0.0,15.0,2.0,13.0,21.8,7.2,True
2020-05-16 07:00:00,4136001,6448.071071428572,6567.943809523809,6448.071071428572,6567.943809523809,22.0,26.878127291666665,29.697413168390803,0.23648790087183913,30.1,51.0,98.0,0.0,1.0,98.0,0.0,138.0,50.0,88.0,196.8,7.2,True
2020-05-16 08:00:00,4136001,14129.9525,14425.449761904762,14129.9525,14425.449761904762,22.0,29.27775008362069,43.188546833045976,0.5148373138936782,32.0,45.0,98.0,0.0,1.0,98.0,0.0,354.0,203.0,151.0,422.8,5.9,True
2020-05-16 09:00:00,4136001,19790.406666666666,20233.76392857143,19790.406666666666,20233.76392857143,22.0,31.356260645402294,52.614723490517235,0.7263926339425287,33.8,38.0,98.0,0.0,2.0,98.0,0.0,575.0,392.0,183.0,577.4,6.3,True
2020-05-16 10:00:00,4136001,17107.199047619048,17519.555595238096,17107.199047619048,17519.555595238096,22.0,33.255594465517234,58.74669145287356,0.8626396116436782,35.4,33.0,100.0,0.0,10.0,100.0,0.0,753.0,555.0,198.0,663.0,8.3,True
2020-05-16 11:00:00,4136001,17344.349761904763,17782.76357142857,17344.349761904763,17782.76357142857,22.0,34.824630184770115,62.84997830775862,0.955209181295977,36.5,31.0,100.0,0.0,10.0,100.0,0.0,846.0,623.0,223.0,660.2,8.8,True
2020-05-16 12:00:00,4136001,13877.232142857143,14196.137976190475,13877.232142857143,14196.137976190475,22.0,35.999811908620686,59.53829898132184,0.7006361842701148,37.6,28.0,98.0,0.0,18.0,98.0,0.0,896.0,655.0,241.0,660.6,8.8,True
2020-05-16 13:00:00,4136001,14994.970119047619,15347.283095238095,14994.970119047619,15347.283095238095,22.0,35.88621249022989,54.65864055201149,0.6685714245229885,38.5,27.0,98.0,0.0,29.0,98.0,0.0,880.0,632.0,248.0,646.6,9.8,True
2020-05-16 14:00:00,4136001,16065.674523809523,16433.93535714286,16065.674523809523,16433.93535714286,22.0,35.158295846551724,48.779589715804605,0.6524016848017241,38.1,26.0,88.0,0.0,54.0,76.0,0.0,667.0,400.0,267.0,443.4,8.3,True
2020-05-16 15:00:00,4136001,11362.159166666666,11588.23238095238,11362.159166666666,11588.23238095238,22.0,34.41113480689655,42.321948845977005,0.3631370673591954,38.3,25.0,99.0,0.0,71.0,96.0,0.0,582.0,371.0,211.0,481.1,9.7,True
2020-05-16 16:00:00,4136001,4923.641547619048,5021.948690476191,4923.641547619048,5021.948690476191,22.0,33.21914424798851,37.25218594252873,0.1563213533215517,37.2,27.0,100.0,0.0,78.0,100.0,0.0,308.0,157.0,151.0,264.7,10.7,True
2020-05-16 17:00:00,4136001,1052.1095238095238,1081.3721428571428,1052.1095238095238,1081.3721428571428,22.0,31.287748216954025,30.642342499425283,0.03202555973764362,35.9,28.0,100.0,0.0,35.0,95.0,0.0,211.0,101.0,110.0,265.6,15.5,True
2020-05-16 18:00:00,4136001,4.170595238095238,4.320714285714286,4.170595238095238,4.320714285714286,22.0,29.343534447126437,26.19910447270115,0.000561636082761475,35.5,29.0,100.0,0.0,32.0,99.0,0.0,55.0,18.0,37.0,114.6,6.1,True
2020-05-16 19:00:00,4136001,0.0,0.0,0.0,0.0,22.0,29.860493117241383,28.503048024712644,0.0003783941691281583,34.8,30.0,100.0,0.0,32.0,100.0,0.0,0.0,0.0,0.0,0.0,6.1,True
2020-05-16 20:00:00,4136001,0.0,0.0,0.0,0.0,22.0,28.383752887931035,27.097399408908053,0.0,33.1,36.0,100.0,0.0,81.0,100.0,0.0,0.0,0.0,0.0,0.0,4.6,True
2020-05-16 21:00:00,4136001,0.0,0.0,0.0,0.0,22.0,28.466963809770114,26.864162889942527,0.0,29.4,57.0,100.0,4.0,95.0,100.0,1.6,0.0,0.0,0.0,0.0,15.8,True
2020-05-16 22:00:00,4136001,0.0,0.0,0.0,0.0,22.0,28.22910178189655,27.266687889655174,0.0,28.5,59.0,100.0,0.0,27.0,100.0,0.0,0.0,0.0,0.0,0.0,10.4,True
2020-05-16 23:00:00,4136001,0.0,0.0,0.0,0.0,22.0,27.015053370977007,26.431576924425286,0.0,28.8,59.0,100.0,0.0,22.0,100.0,0.0,0.0,0.0,0.0,0.0,12.2,True
2020-05-17 00:00:00,4136001,0.0,0.0,0.0,0.0,22.0,26.057157681034482,24.954294771551723,0.0,28.4,62.0,100.0,2.0,20.0,100.0,0.0,0.0,0.0,0.0,0.0,12.7,True
2020-05-17 01:00:00,4136001,0.0,0.0,0.0,0.0,22.0,25.369315144827585,23.553519669252875,0.0,28.1,63.0,100.0,0.0,10.0,100.0,0.0,0.0,0.0,0.0,0.0,11.2,True
2020-05-17 02:00:00,4136001,0.0,0.0,0.0,0.0,22.0,24.435282672126434,22.127890823850578,0.0,27.9,65.0,100.0,1.0,5.0,100.0,0.0,0.0,0.0,0.0,0.0,11.2,True
2020-05-17 03:00:00,4136001,0.0,0.0,0.0,0.0,22.0,24.14236402327586,22.082544433333332,0.0,27.5,67.0,100.0,0.0,2.0,100.0,0.0,0.0,0.0,0.0,0.0,9.1,True
2020-05-17 04:00:00,4136001,0.0,0.0,0.0,0.0,22.0,24.657507652298847,23.161558972701147,1.1197060858333331e-05,27.3,68.0,100.0,1.0,3.0,100.0,0.0,0.0,0.0,0.0,0.0,7.2,True
2020-05-17 05:00:00,4136001,0.0,0.0,0.0,0.0,22.0,24.687412416091952,23.102744380172414,2.3496763844827582e-05,27.1,71.0,100.0,0.0,5.0,100.0,0.0,0.0,0.0,0.0,0.0,6.3,True
2020-05-17 06:00:00,4136001,567.3472619047618,587.1634523809523,567.3472619047618,587.1634523809523,22.0,25.047627615229885,24.309674456896552,0.020345673924080425,27.7,68.0,100.0,0.0,2.0,100.0,0.0,14.0,1.0,13.0,10.9,9.7,True
2020-05-17 07:00:00,4136001,3692.420357142857,3773.8975,3692.420357142857,3773.8975,22.0,26.534753045402297,28.590435852011492,0.11996992321120685,29.2,59.0,100.0,0.0,1.0,100.0,0.0,151.0,67.0,84.0,263.1,12.3,True
2020-05-17 08:00:00,4136001,13285.585595238095,13559.783571428572,13285.585595238095,13559.783571428572,22.0,29.35839642557471,42.74446732729886,0.46885442606609185,30.9,52.0,100.0,0.0,9.0,100.0,0.0,356.0,225.0,131.0,468.4,11.3,True
2020-05-17 09:00:00,4136001,17442.729047619046,17829.224404761902,17442.729047619046,17829.224404761902,22.0,31.04778758333333,48.6591020275862,0.6633044615287356,32.5,46.0,100.0,0.0,8.0,100.0,0.0,505.0,285.0,220.0,419.8,10.4,True
2020-05-17 10:00:00,4136001,15520.189047619047,15866.808690476191,15520.189047619047,15866.808690476191,22.0,32.52578689856322,50.15019534942529,0.6668502075718391,34.0,41.0,100.0,0.0,8.0,100.0,0.0,655.0,369.0,286.0,440.9,10.1,True
2020-05-17 11:00:00,4136001,13526.416547619046,13822.084404761905,13526.416547619046,13822.084404761905,22.0,33.761205697126435,48.83689366551724,0.5948765272011494,35.4,38.0,100.0,0.0,14.0,100.0,0.0,766.0,458.0,308.0,485.5,11.2,True
2020-05-17 12:00:00,4136001,17503.545,17887.907023809523,17503.545,17887.907023809523,22.0,34.21890991178161,49.23511059109195,0.607318401612069,36.5,35.0,100.0,8.0,16.0,100.0,0.0,808.0,569.0,239.0,574.1,11.7,True
2020-05-17 13:00:00,4136001,14933.610595238095,15279.380357142858,14933.610595238095,15279.380357142858,22.0,35.71828411235632,56.17623061609195,0.7511496296781609,37.8,32.0,84.0,0.0,19.0,81.0,0.0,866.0,611.0,255.0,625.3,11.6,True
2020-05-17 14:00:00,4136001,15329.867619047618,15670.483928571428,15329.867619047618,15670.483928571428,22.0,36.61635713390805,51.98339552931034,0.6473845409367817,35.5,41.0,94.0,0.0,60.0,91.0,3.6,782.0,553.0,229.0,613.1,27.9,True
2020-05-17 15:00:00,4136001,8776.644642857143,8934.996904761905,8776.644642857143,8934.996904761905,22.0,35.663304688793104,42.13832030862069,0.27704410415229885,34.3,41.0,100.0,0.0,34.0,100.0,2.0,389.0,195.0,194.0,252.9,10.4,True
2020-05-17 16:00:00,4136001,11319.9438003663,11544.577527472527,11319.9438003663,11544.577527472527,22.0,35.919488064814814,42.8133075074074,0.35402333207407394,33.1,45.0,100.0,0.0,77.0,100.0,2.4,293.0,123.0,170.0,207.3,4.4,True
2020-05-17 17:00:00,4136001,3410.154642857143,3488.8229761904763,3410.154642857143,3488.8229761904763,22.0,35.242389190804595,37.20280244310344,0.11120672402614938,33.8,42.0,100.0,0.0,14.0,100.0,0.0,144.0,38.0,106.0,99.8,15.9,True
2020-05-17 18:00:00,4136001,789.8010714285714,814.0988095238096,789.8010714285714,814.0988095238096,22.0,33.79136377672414,32.94870741954023,0.02465758992870685,31.9,47.0,100.0,0.0,36.0,100.0,0.0,46.0,4.0,42.0,25.4,10.8,True
2020-05-17 19:00:00,4136001,0.0,0.0,0.0,0.0,22.0,31.002932477298856,29.92823356695402,0.0,30.7,51.0,100.0,0.0,20.0,100.0,0.0,0.0,0.0,0.0,0.0,3.4,True
2020-05-17 20:00:00,4136001,0.0,0.0,0.0,0.0,22.0,29.528737187643678,28.727755898563217,0.0,31.0,50.0,100.0,0.0,45.0,100.0,0.0,0.0,0.0,0.0,0.0,8.6,True
2020-05-17 21:00:00,4136001,0.0,0.0,0.0,0.0,22.0,28.09577393908046,27.618230023563218,0.0,31.1,51.0,100.0,0.0,36.0,100.0,0.0,0.0,0.0,0.0,0.0,14.1,True
2020-05-17 22:00:00,4136001,0.0,0.0,0.0,0.0,22.0,26.433198839942527,25.11329428189655,0.001156316314543075,30.2,50.0,100.0,0.0,17.0,100.0,0.0,0.0,0.0,0.0,0.0,16.6,True
2020-05-17 23:00:00,4136001,0.0,0.0,0.0,0.0,22.0,24.867290925287357,24.882835241954027,0.00022221190535055,29.5,56.0,100.0,1.0,18.0,100.0,0.0,0.0,0.0,0.0,0.0,16.3,True
2020-05-18 00:00:00,4136001,0.0,0.0,0.0,0.0,22.0,24.218127877873567,23.73652267643678,0.0,29.1,62.0,100.0,1.0,22.0,100.0,0.0,0.0,0.0,0.0,0.0,13.0,True
2020-05-18 01:00:00,4136001,0.0,0.0,0.0,0.0,22.0,25.478123242528735,24.589958570689657,0.0,28.9,65.0,100.0,7.0,26.0,100.0,0.0,0.0,0.0,0.0,0.0,8.9,True
2020-05-18 02:00:00,4136001,0.0,0.0,0.0,0.0,22.0,24.852001189367815,24.81534349770115,0.0,28.5,67.0,100.0,13.0,25.0,100.0,0.0,0.0,0.0,0.0,0.0,12.8,True
2020-05-18 03:00:00,4136001,0.0,0.0,0.0,0.0,22.0,24.772977652586206,24.407783630747126,3.192229678160919e-05,27.9,72.0,100.0,0.0,28.0,100.0,0.0,0.0,0.0,0.0,0.0,12.9,True
2020-05-18 04:00:00,4136001,0.0,0.0,0.0,0.0,22.0,22.275082941954025,22.01598272270115,7.709379521665e-05,27.5,77.0,100.0,0.0,26.0,100.0,0.0,0.0,0.0,0.0,0.0,14.2,True
2020-05-18 05:00:00,4136001,0.0,0.0,0.0,0.0,22.0,21.35844896034483,21.1806569841954,6.949939163793102e-06,26.3,86.0,100.0,0.0,21.0,100.0,0.0,0.0,0.0,0.0,0.0,13.8,True
2020-05-18 06:00:00,4136001,0.0,0.0,0.0,0.0,22.0,21.86668776867816,21.225791750287353,0.001526716593856,26.7,82.0,99.0,0.0,18.0,99.0,0.0,14.0,2.0,12.0,21.6,16.3,True
2020-05-18 07:00:00,4136001,560.1733333333334,579.2203571428572,560.1733333333334,579.2203571428572,22.0,22.76378236465517,22.00621331781609,0.01942963168160915,28.0,74.0,100.0,0.0,23.0,100.0,0.0,128.0,42.0,86.0,164.6,18.6,True
2020-05-18 08:00:00,4136001,7976.833809523809,8132.165833333333,7976.833809523809,8132.165833333333,22.0,24.781814083620688,28.702566202586205,0.25169166867931037,29.9,64.0,93.0,0.0,37.0,90.0,0.0,293.0,134.0,159.0,278.8,18.6,True
2020-05-18 09:00:00,4136001,15253.700357142858,15582.223690476188,15253.700357142858,15582.223690476188,22.0,27.151274472413792,37.387678665229885,0.5443857306465517,31.4,56.0,100.0,0.0,75.0,99.0,0.0,417.0,235.0,182.0,346.1,19.3,True
2020-05-18 10:00:00,4136001,13666.079642857143,13965.503095238095,13666.079642857143,13965.503095238095,22.0,28.149675950287357,39.45058857816092,0.5649784911609195,31.9,53.0,99.0,0.0,74.0,99.0,0.0,432.0,137.0,295.0,163.8,18.4,True
2020-05-18 11:00:00,4136001,16897.657976190476,17298.63095238095,16897.657976190476,17298.63095238095,22.0,29.36219872212644,44.81486569856322,0.7523349639712643,33.2,49.0,72.0,4.0,12.0,70.0,0.0,666.0,336.0,330.0,356.3,20.0,True
2020-05-18 12:00:00,4136001,16110.467976190475,16512.87476190476,16110.467976190475,16512.87476190476,22.0,30.396107962068964,49.042969565229875,0.8283207015316092,34.8,43.0,100.0,18.0,4.0,100.0,0.0,840.0,617.0,223.0,622.7,22.3,True
2020-05-18 13:00:00,4136001,15531.089166666667,15915.179047619047,15531.089166666667,15915.179047619047,22.0,31.615798626436785,49.09049890804597,0.8063493197327585,36.0,39.0,100.0,7.0,7.0,100.0,0.0,791.0,513.0,278.0,525.2,20.8,True
2020-05-18 14:00:00,4136001,16697.927023809523,17080.85,16697.927023809523,17080.85,22.0,33.110959745689655,50.198058029310346,0.720863695704023,35.1,40.0,100.0,0.0,15.0,100.0,1.6,703.0,461.0,242.0,511.1,19.3,True
2020-05-18 15:00:00,4136001,13293.605952380953,13571.254880952381,13293.605952380953,13571.254880952381,22.0,33.65914666896552,44.81929476494252,0.44915767814080465,33.8,43.0,100.0,5.0,58.0,100.0,3.2,573.0,337.0,236.0,437.0,23.7,True
2020-05-18 16:00:00,4136001,9839.00107142857,10034.286785714285,9839.00107142857,10034.286785714285,22.0,33.553339800287354,40.47304616063218,0.30944061093678155,31.2,54.0,100.0,0.0,18.0,100.0,0.8,229.0,64.0,165.0,107.8,11.9,True
2020-05-18 17:00:00,4136001,3476.207976190476,3555.3186904761906,3476.207976190476,3555.3186904761906,22.0,31.7155119795977,33.43189843620689,0.1098477281623563,31.1,55.0,100.0,5.0,35.0,100.0,0.0,157.0,30.0,127.0,78.6,20.2,True
2020-05-18 18:00:00,4136001,450.39702380952383,465.9111904761905,450.39702380952383,465.9111904761905,22.0,30.43552587356322,29.426926060919534,0.015502175458649393,31.4,51.0,100.0,2.0,16.0,100.0,0.0,38.0,3.0,35.0,19.0,14.4,True
2020-05-18 19:00:00,4136001,0.0,0.0,0.0,0.0,22.0,28.58597001781609,27.675259352586206,0.0,29.6,63.0,100.0,0.0,19.0,100.0,0.0,0.0,0.0,0.0,0.0,17.7,True
2020-05-18 20:00:00,4136001,0.0,0.0,0.0,0.0,22.0,27.444929970689657,26.214119163793104,0.0,29.5,62.0,100.0,0.0,48.0,100.0,0.0,0.0,0.0,0.0,0.0,20.2,True
2020-05-18 21:00:00,4136001,0.0,0.0,0.0,0.0,22.0,26.632861881609195,24.801750521264367,0.0,29.2,62.0,100.0,0.0,33.0,100.0,0.0,0.0,0.0,0.0,0.0,21.3,True
2020-05-18 22:00:00,4136001,0.0,0.0,0.0,0.0,22.0,26.074063168965516,24.74555182672414,0.0,28.5,66.0,100.0,0.0,6.0,100.0,0.0,0.0,0.0,0.0,0.0,22.8,True
2020-05-18 23:00:00,4136001,0.0,0.0,0.0,0.0,22.0,25.82624464137931,24.58081104626437,0.0,27.8,70.0,100.0,0.0,1.0,100.0,0.0,0.0,0.0,0.0,0.0,26.3,True
2020-05-19 00:00:00,4136001,0.0,0.0,0.0,0.0,22.0,25.70863475086207,24.467074146551724,0.0,27.3,73.0,100.0,0.0,4.0,100.0,0.0,0.0,0.0,0.0,0.0,24.8,True
2020-05-19 01:00:00,4136001,0.0,0.0,0.0,0.0,22.0,25.438344241379312,24.010364004597704,0.0,26.8,75.0,100.0,0.0,2.0,100.0,0.0,0.0,0.0,0.0,0.0,25.5,True
2020-05-19 02:00:00,4136001,0.0,0.0,0.0,0.0,22.0,25.209647835919537,23.763555606034483,0.0,26.3,78.0,100.0,0.0,6.0,100.0,0.0,0.0,0.0,0.0,0.0,27.1,True
2020-05-19 03:00:00,4136001,0.0,0.0,0.0,0.0,22.0,25.127249135632184,23.851178463793104,0.0,26.1,78.0,100.0,0.0,7.0,100.0,0.0,0.0,0.0,0.0,0.0,27.7,True
2020-05-19 04:00:00,4136001,0.0,0.0,0.0,0.0,22.0,25.10272455344827,23.96265691810345,0.0,25.8,79.0,100.0,1.0,20.0,100.0,0.0,0.0,0.0,0.0,0.0,25.9,True
2020-05-19 05:00:00,4136001,0.0,0.0,0.0,0.0,22.0,24.92655847672414,23.671107075862068,8.8686151724125e-05,25.5,82.0,100.0,1.0,5.0,100.0,0.0,0.0,0.0,0.0,0.0,23.4,True
2020-05-19 06:00:00,4136001,1382.952619047619,1424.9059523809524,1382.952619047619,1424.9059523809524,22.0,24.897131938793105,24.616528558620693,0.04647728742393675,26.0,79.0,100.0,2.0,19.0,100.0,0.0,14.0,1.0,13.0,10.8,22.3,True
2020-05-19 07:00:00,4136001,7476.874404761905,7623.041666666666,7476.874404761905,7623.041666666666,22.0,25.92675043275862,29.922297507183913,0.2597220483821839,27.4,72.0,100.0,1.0,34.0,100.0,0.0,132.0,52.0,80.0,203.4,24.5,True
2020-05-19 08:00:00,4136001,9298.863095238095,9476.667738095239,9298.863095238095,9476.667738095239,22.0,26.701240546551723,32.547745210919544,0.31418957157471267,29.0,63.0,100.0,4.0,18.0,100.0,0.0,292.0,149.0,143.0,309.9,25.3,True
2020-05-19 09:00:00,4136001,9298.71261904762,9475.094047619048,9298.71261904762,9475.094047619048,22.0,27.350022533620688,33.71629534195403,0.307355591979885,31.4,52.0,100.0,0.0,7.0,100.0,0.0,533.0,325.0,208.0,478.8,25.7,True
2020-05-19 10:00:00,4136001,10779.14380952381,11029.616190476192,10779.14380952381,11029.616190476192,22.0,29.211449133045974,42.42830982643678,0.6763218662011494,33.3,43.0,100.0,0.0,18.0,100.0,0.0,689.0,461.0,228.0,551.2,25.3,True
2020-05-19 11:00:00,4136001,15652.919166666667,16049.695833333335,15652.919166666667,16049.695833333335,22.0,31.210253485919537,50.407021540517235,0.9464582776551722,34.7,37.0,100.0,1.0,11.0,100.0,0.0,815.0,589.0,226.0,624.8,24.6,True
2020-05-19 12:00:00,4136001,15627.39130952381,16020.804404761906,15627.39130952381,16020.804404761906,22.0,32.51915267183908,51.792209887068964,0.89212197725,35.7,34.0,100.0,0.0,10.0,100.0,0.0,805.0,532.0,273.0,537.1,23.7,True
2020-05-19 13:00:00,4136001,15965.529285714285,16356.642738095237,15965.529285714285,16356.642738095237,22.0,33.49235024396552,51.350157715229884,0.8010326513160919,37.2,28.0,100.0,0.0,13.0,100.0,0.0,877.0,611.0,266.0,625.7,23.6,True
2020-05-19 14:00:00,4136001,15804.095238095239,16156.387142857142,15804.095238095239,16156.387142857142,22.0,34.33182278965518,49.18193725028736,0.6150272853448275,37.1,26.0,100.0,0.0,54.0,100.0,0.0,683.0,387.0,296.0,429.2,22.9,True
2020-05-19 15:00:00,4136001,6131.086346153846,6258.118241758241,6572.206263736263,6711.583626373626,22.0,29.660101222475365,34.09505112233169,0.1859875400586309,36.7,28.0,100.0,0.0,70.0,100.0,0.0,494.0,278.0,216.0,360.4,23.3,True
2020-05-19 16:00:00,4136001,1078.0487698412699,1112.752619047619,808.5365773809524,834.5644642857142,22.0,23.542862149233716,21.762766000957853,0.03510046022777777,36.0,28.0,100.0,0.0,49.0,100.0,0.0,326.0,149.0,177.0,250.80000000000004,21.899999999999995,True
2020-05-19 17:00:00,4136001,149.62,154.995,149.62,154.995,22.0,23.3906906045977,21.967816944827586,0.008200073832442475,31.2,51.0,100.0,0.0,29.0,100.0,0.0,170.0,75.0,95.0,196.2,25.2,True
2020-05-19 18:00:00,4136001,12.956190476190477,13.428333333333333,12.956190476190477,13.428333333333333,22.0,23.135593995977008,21.61369444827586,0.004263273759396525,31.0,51.0,100.0,0.0,7.0,100.0,0.0,69.0,21.0,48.0,132.7,23.2,True
2020-05-19 19:00:00,4136001,0.0,0.0,0.0,0.0,22.0,22.669023025,21.11476106178161,0.0006590255419540006,29.8,56.0,100.0,0.0,7.0,100.0,0.0,1.0,0.0,1.0,0.0,21.8,True
2020-05-19 20:00:00,4136001,0.0,0.0,0.0,0.0,22.0,24.049062805459766,22.513355123850577,0.00200902456120395,29.4,59.0,100.0,0.0,0.0,100.0,0.0,0.0,0.0,0.0,0.0,24.0,True
2020-05-19 21:00:00,4136001,0.0,0.0,0.0,0.0,22.0,24.20521849597701,23.17130937557471,9.062579973389167e-05,28.6,63.0,100.0,0.0,1.0,100.0,0.0,0.0,0.0,0.0,0.0,24.7,True
2020-05-19 22:00:00,4136001,0.0,0.0,0.0,0.0,14.5,24.16295921389573,23.054280450738915,0.0,28.2,67.0,100.0,0.0,0.0,100.0,0.0,0.0,0.0,0.0,0.0,25.8,True
2020-05-19 23:00:00,4136001,0.0,0.0,0.0,0.0,12.0,23.30752526695402,21.47870292988506,0.0,27.5,70.0,98.0,0.0,0.0,98.0,0.0,0.0,0.0,0.0,0.0,26.0,True
2020-05-20 00:00:00,4136001,0.0,0.0,0.0,0.0,12.0,23.95994199224138,21.98624781695402,4.246119337354655e-05,26.8,74.0,99.0,0.0,0.0,99.0,0.0,0.0,0.0,0.0,0.0,25.4,True
2020-05-20 01:00:00,4136001,0.0,0.0,0.0,0.0,12.0,24.446259190517242,22.691318456896546,0.0,26.3,76.0,97.0,0.0,0.0,97.0,0.0,0.0,0.0,0.0,0.0,24.3,True
2020-05-20 02:00:00,4136001,0.0,0.0,0.0,0.0,12.0,24.30551317902299,22.517713279310343,0.0,25.8,76.0,96.0,0.0,0.0,96.0,0.0,0.0,0.0,0.0,0.0,24.9,True
2020-05-20 03:00:00,4136001,0.0,0.0,0.0,0.0,12.0,23.929577677586202,22.294669909195402,0.0,25.6,71.0,99.0,0.0,2.0,99.0,0.0,0.0,0.0,0.0,0.0,22.4,True
2020-05-20 04:00:00,4136001,0.0,0.0,0.0,0.0,12.0,24.087575845977014,22.7579346295977,8.273628068965517e-06,25.3,69.0,98.0,1.0,1.0,98.0,0.0,0.0,0.0,0.0,0.0,21.0,True
2020-05-20 05:00:00,4136001,0.0,0.0,0.0,0.0,12.0,23.842045314655174,22.119149703160918,0.0001183679768,25.3,73.0,96.0,1.0,0.0,96.0,0.0,0.0,0.0,0.0,0.0,16.4,True
2020-05-20 06:00:00,4136001,697.1953571428571,718.8445238095238,697.1953571428571,718.8445238095238,12.0,23.760435139080457,22.979005422988504,0.04523666558821835,25.5,72.0,98.0,3.0,0.0,98.0,0.0,16.0,1.0,15.0,10.8,16.7,True
2020-05-20 07:00:00,4136001,3587.765,3657.4364285714287,3587.765,3657.4364285714287,12.0,24.74599372873563,28.160722891379308,0.23144749231120687,26.7,65.0,100.0,3.0,2.0,100.0,0.0,137.0,41.0,96.0,160.2,21.2,True
2020-05-20 08:00:00,4136001,7107.720238095238,7254.062857142857,7107.720238095238,7254.062857142857,12.0,26.284628586494254,34.85121763045978,0.4453529406609195,28.3,58.0,100.0,2.0,6.0,100.0,0.0,301.0,122.0,179.0,253.7,22.7,True
2020-05-20 09:00:00,4136001,8775.18738095238,8968.463095238094,8775.18738095238,8968.463095238094,12.0,27.936638645114947,41.24608244367816,0.6359373358333333,30.6,49.0,100.0,1.0,0.0,100.0,0.0,523.0,276.0,247.0,406.7,22.3,True
2020-05-20 10:00:00,4136001,5074.558214285715,5198.177738095238,5074.558214285715,5198.177738095238,12.0,29.257386013793102,46.3345765979885,0.8432540555718391,32.5,44.0,100.0,0.0,7.0,100.0,0.0,666.0,356.0,310.0,425.8,21.6,True
2020-05-20 11:00:00,4136001,3695.5,3790.0261904761905,3695.5,3790.0261904761905,12.0,30.772433752873564,50.40092835143679,0.8938571728505748,34.4,37.0,100.0,0.0,8.0,100.0,0.0,811.0,501.0,310.0,531.7,21.5,True
2020-05-20 12:00:00,4136001,5188.2575,5321.287857142857,5188.2575,5321.287857142857,12.0,31.96463612356322,52.09817373620689,0.903791150683908,36.1,31.0,100.0,0.0,2.0,100.0,0.0,893.0,573.0,320.0,578.7,20.3,True
2020-05-20 13:00:00,4136001,4802.3405952380945,4924.4349999999995,4802.3405952380945,4924.4349999999995,12.0,33.20156689626437,52.76436918275862,0.8614138424396551,36.8,28.0,99.0,0.0,44.0,99.0,0.0,840.0,554.0,286.0,567.5,18.6,True
2020-05-20 14:00:00,4136001,13178.8675,13487.17875,13178.8675,13487.17875,19.5,34.17968009808429,51.72361301647509,0.7616013031867814,36.9,27.0,99.0,0.0,34.0,99.0,0.0,667.0,424.0,243.0,470.3,17.2,True
2020-05-20 15:00:00,4136001,18242.599523809524,18644.12607142857,18242.599523809524,18644.12607142857,22.0,34.868053856321836,48.73364913793103,0.5851405647442529,37.0,25.0,99.0,0.0,27.0,99.0,0.0,560.0,412.0,148.0,534.1,16.5,True
2020-05-20 16:00:00,4136001,9589.955595238096,9771.404047619048,9589.955595238096,9771.404047619048,22.0,34.262763771551725,41.026028672413794,0.2949836440344827,36.6,25.0,99.0,0.0,43.0,99.0,0.0,364.0,238.0,126.0,400.3,17.4,True
2020-05-20 17:00:00,4136001,5305.0216666666665,5409.281666666667,5305.0216666666665,5409.281666666667,22.0,33.23909057931034,36.01887821034483,0.16472870753189647,36.3,21.0,97.0,0.0,19.0,98.0,0.0,171.0,94.0,77.0,245.5,13.0,True
2020-05-20 18:00:00,4136001,920.3829761904761,948.8704761904761,920.3829761904761,948.8704761904761,22.0,31.323848673563223,30.70175926810345,0.02980368552888215,34.5,25.0,95.0,0.0,18.0,94.0,0.0,69.0,23.0,46.0,144.9,11.6,True
2020-05-20 19:00:00,4136001,0.0,0.0,0.0,0.0,22.0,29.578609095689654,27.8071214408046,0.0,32.5,35.0,95.0,0.0,17.0,94.0,0.0,1.0,0.0,1.0,0.0,18.1,True
2020-05-20 20:00:00,4136001,0.0,0.0,0.0,0.0,22.0,28.129701006321838,26.80849217902299,0.0,31.5,39.0,97.0,0.0,16.0,96.0,0.0,0.0,0.0,0.0,0.0,20.7,True
2020-05-20 21:00:00,4136001,0.0,0.0,0.0,0.0,22.0,27.402615720114945,25.97991077327586,0.0,30.2,49.0,94.0,0.0,9.0,93.0,0.0,0.0,0.0,0.0,0.0,23.6,True
2020-05-20 22:00:00,4136001,0.0,0.0,0.0,0.0,18.0,26.43583743362069,24.854607740804596,0.0,28.9,57.0,94.0,0.0,5.0,94.0,0.0,0.0,0.0,0.0,0.0,23.1,True
2020-05-20 23:00:00,4136001,0.0,0.0,0.0,0.0,18.0,25.6775508637931,23.540534939942532,0.0,28.0,61.0,99.0,0.0,4.0,99.0,0.0,0.0,0.0,0.0,0.0,20.8,True
2020-05-21 00:00:00,4136001,0.0,0.0,0.0,0.0,18.0,25.041684792241377,23.067147739367815,0.0,27.2,66.0,99.0,0.0,3.0,99.0,0.0,0.0,0.0,0.0,0.0,19.1,True
2020-05-21 01:00:00,4136001,0.0,0.0,0.0,0.0,18.0,24.515918562643677,22.450930723850576,0.0,26.4,71.0,92.0,0.0,3.0,92.0,0.0,0.0,0.0,0.0,0.0,17.4,True
2020-05-21 02:00:00,4136001,0.0,0.0,0.0,0.0,18.0,23.95503009827586,22.136141294827585,0.0,25.7,73.0,96.0,0.0,3.0,96.0,0.0,0.0,0.0,0.0,0.0,15.9,True
2020-05-21 03:00:00,4136001,0.0,0.0,0.0,0.0,18.0,23.62613537586207,22.051640469827586,0.0,25.2,74.0,81.0,0.0,2.0,80.0,0.0,0.0,0.0,0.0,0.0,16.9,True
2020-05-21 04:00:00,4136001,0.0,0.0,0.0,0.0,18.0,23.594191226724135,22.0256041204023,0.0,24.8,77.0,93.0,3.0,2.0,93.0,0.0,0.0,0.0,0.0,0.0,18.4,True
2020-05-21 05:00:00,4136001,0.0,0.0,0.0,0.0,18.0,23.732955490229884,21.939647270977012,0.000104293936633325,24.5,81.0,61.0,26.0,2.0,51.0,0.0,0.0,0.0,0.0,0.0,15.8,True
2020-05-21 06:00:00,4136001,1197.1675,1232.2144047619047,1197.1675,1232.2144047619047,18.0,23.942883575287357,22.559303715229884,0.04866877507471262,25.0,78.0,46.0,7.0,7.0,40.0,0.0,17.0,4.0,13.0,42.9,22.2,True
2020-05-21 07:00:00,4136001,5090.203214285714,5184.715119047619,5090.203214285714,5184.715119047619,18.0,25.40021005948276,28.900048800862066,0.23384891155660914,26.6,68.0,81.0,1.0,5.0,80.0,0.0,150.0,73.0,77.0,284.8,22.3,True
2020-05-21 08:00:00,4136001,10301.335,10514.040595238095,10301.335,10514.040595238095,18.0,27.230084199999997,36.71326411522988,0.46327629416379307,29.2,55.0,76.0,1.0,1.0,76.0,0.0,378.0,259.0,119.0,538.6,20.9,True
2020-05-21 09:00:00,4136001,11985.65011904762,12250.349642857143,11985.65011904762,12250.349642857143,18.0,29.12938233678161,44.040535284770115,0.6655133360977011,31.8,45.0,36.0,0.0,0.0,36.0,0.0,600.0,455.0,145.0,670.6,17.3,True
2020-05-21 10:00:00,4136001,7279.5935714285715,7459.648809523809,7279.5935714285715,7459.648809523809,18.0,30.73498309310345,51.69515996522988,0.8417500522902299,34.0,39.0,70.0,0.0,0.0,70.0,0.0,782.0,624.0,158.0,746.6,14.8,True
2020-05-21 11:00:00,4136001,11479.799880952381,11768.506190476191,11479.799880952381,11768.506190476191,18.0,31.86840281925288,53.257789933333335,0.9146640874367816,36.0,32.0,12.0,0.0,1.0,11.0,0.0,907.0,739.0,168.0,784.6,14.2,True
2020-05-21 12:00:00,4136001,11525.630119047619,11820.065952380952,11525.630119047619,11820.065952380952,18.0,33.58202024827586,56.9616558663793,0.9252676220459769,37.4,27.0,44.0,0.0,42.0,5.0,0.0,958.0,787.0,171.0,795.2,12.7,True
2020-05-21 13:00:00,4136001,15560.072261904763,15948.622857142858,15560.072261904763,15948.622857142858,18.0,34.380491761781606,56.35225836408046,0.8692071140689654,37.6,24.0,58.0,0.0,43.0,27.0,0.0,755.0,569.0,186.0,583.0,12.5,True
2020-05-21 14:00:00,4136001,18514.403214285714,18943.681904761903,18514.403214285714,18943.681904761903,18.0,35.319677811206894,55.054968739367816,0.7569268180402298,37.7,23.0,85.0,0.0,39.0,76.0,0.0,682.0,515.0,167.0,571.3,11.2,True
2020-05-21 15:00:00,4136001,13757.44738095238,14055.94738095238,13757.44738095238,14055.94738095238,18.0,35.62809694626437,49.33581385316092,0.5380840493275862,37.8,22.0,31.0,0.0,31.0,0.0,0.0,606.0,464.0,142.0,601.4,9.5,True
2020-05-21 16:00:00,4136001,9324.897619047619,9510.597738095239,9324.897619047619,9510.597738095239,18.0,35.8056274933908,44.396367663218385,0.35566347735057474,37.5,22.0,51.0,0.0,51.0,0.0,0.0,415.0,297.0,118.0,499.2,11.0,True
2020-05-21 17:00:00,4136001,4203.791904761904,4286.790595238095,4203.791904761904,4286.790595238095,18.0,35.04476125287357,38.07534302155173,0.16254760432011492,36.4,23.0,69.0,0.0,19.0,26.0,0.0,219.0,114.0,105.0,297.1,13.1,True
2020-05-21 18:00:00,4136001,535.3492857142858,552.8838095238095,535.3492857142858,552.8838095238095,18.0,32.86630674942529,31.434754541666667,0.02227378317192815,34.9,27.0,31.0,0.0,15.0,19.0,0.0,73.0,33.0,40.0,207.4,11.2,True
2020-05-21 19:00:00,4136001,0.0,0.0,0.0,0.0,18.0,31.09001190143678,28.936476851436783,0.0,33.1,34.0,21.0,0.0,11.0,11.0,0.0,1.0,0.0,1.0,0.0,17.3,True
2020-05-21 20:00:00,4136001,0.0,0.0,0.0,0.0,18.0,29.331916960919543,27.51726231637931,0.0,32.4,35.0,23.0,0.0,7.0,18.0,0.0,0.0,0.0,0.0,0.0,16.3,True
2020-05-21 21:00:00,4136001,0.0,0.0,0.0,0.0,18.0,28.000918597988505,26.281971052873565,0.0,31.3,40.0,9.0,0.0,5.0,4.0,0.0,0.0,0.0,0.0,0.0,18.7,True
2020-05-21 22:00:00,4136001,0.0,0.0,0.0,0.0,18.0,27.139252011206892,25.22284410172414,0.0,30.4,47.0,17.0,0.0,5.0,13.0,0.0,0.0,0.0,0.0,0.0,21.3,True
2020-05-21 23:00:00,4136001,0.0,0.0,0.0,0.0,18.0,26.37011018333333,24.380208631321835,0.0,28.9,56.0,24.0,0.0,5.0,20.0,0.0,0.0,0.0,0.0,0.0,21.3,True
2020-05-22 00:00:00,4136001,0.0,0.0,0.0,0.0,18.0,25.737629044827585,24.017968789367814,0.0,27.7,65.0,17.0,0.0,6.0,12.0,0.0,0.0,0.0,0.0,0.0,22.4,True
2020-05-22 01:00:00,4136001,0.0,0.0,0.0,0.0,18.0,24.997721300000002,23.215095075574716,0.0,26.9,72.0,5.0,0.0,5.0,0.0,0.0,0.0,0.0,0.0,0.0,22.6,True
2020-05-22 02:00:00,4136001,0.0,0.0,0.0,0.0,18.0,24.584525385632183,22.74899610143678,0.0,26.2,77.0,4.0,0.0,4.0,0.0,0.0,0.0,0.0,0.0,0.0,21.3,True
2020-05-22 03:00:00,4136001,0.0,0.0,0.0,0.0,18.0,24.109374877011494,22.318204149712642,0.0,25.6,78.0,3.0,0.0,3.0,0.0,0.0,0.0,0.0,0.0,0.0,20.3,True
2020-05-22 04:00:00,4136001,0.0,0.0,0.0,0.0,18.0,23.59887448908046,21.89074839137931,0.0,25.1,79.0,4.0,2.0,3.0,0.0,0.0,0.0,0.0,0.0,0.0,19.1,True
2020-05-22 05:00:00,4136001,0.8833333333333333,0.9133333333333333,0.8833333333333333,0.9133333333333333,18.0,23.302523422413795,21.325542039367814,0.000462604807249975,24.7,81.0,3.0,2.0,2.0,24.0,0.0,0.0,0.0,0.0,0.0,17.3,True
2020-05-22 06:00:00,4136001,1496.9453571428571,1536.8064285714286,1496.9453571428571,1536.8064285714286,18.0,23.66522095057471,22.25006686465517,0.056006102292241344,25.0,78.0,34.0,2.0,1.0,33.0,0.0,17.0,4.0,13.0,42.9,18.4,True
2020-05-22 07:00:00,4136001,5898.092380952381,6010.097380952381,5898.092380952381,6010.097380952381,18.0,25.603517543390808,30.024847748563218,0.2735581817528735,26.6,69.0,11.0,0.0,1.0,10.0,0.0,161.0,88.0,73.0,342.9,21.2,True
2020-05-22 08:00:00,4136001,11544.568214285715,11786.6075,11544.568214285715,11786.6075,18.0,27.678156728735633,37.92680570229885,0.5016971141925287,29.2,58.0,26.0,0.0,0.0,25.0,0.0,384.0,270.0,114.0,561.4,19.2,True
2020-05-22 09:00:00,4136001,12492.567023809523,12775.139880952382,12492.567023809523,12775.139880952382,18.0,29.505034291954022,48.05103572356322,0.7319546369827585,31.8,47.0,0.0,0.0,0.0,0.0,0.0,603.0,465.0,138.0,685.5,16.9,True
2020-05-22 10:00:00,4136001,12230.391547619049,12534.434642857143,12230.391547619049,12534.434642857143,18.0,31.20124073132184,55.69032351810345,0.8894124080114942,33.9,40.0,0.0,0.0,0.0,0.0,0.0,782.0,627.0,155.0,750.5,14.6,True
2020-05-22 11:00:00,4136001,12417.686071428572,12735.798452380952,12417.686071428572,12735.798452380952,18.0,32.48268805431034,58.656824758620694,0.9489018215258621,35.5,35.0,4.0,0.0,4.0,0.0,0.0,905.0,739.0,166.0,784.9,14.2,True
2020-05-22 12:00:00,4136001,12525.894166666667,12846.614404761905,12525.894166666667,12846.614404761905,18.0,33.986594491666665,61.77629503563219,0.9327338484137931,36.8,31.0,25.0,0.0,25.0,0.0,0.0,940.0,771.0,169.0,779.3,12.4,True
2020-05-22 13:00:00,4136001,12405.241831501831,12718.674047619048,12405.241831501831,12718.674047619048,18.0,35.01621375344827,63.04258891293103,0.8835316998247126,37.4,27.0,34.0,0.0,34.0,0.0,0.0,815.0,627.0,188.0,642.6,9.0,True
2020-05-22 14:00:00,4136001,13200.532023809525,13507.94,13200.532023809525,13507.94,18.0,35.84694644482758,60.67049043247127,0.7754186861063218,37.5,24.0,40.0,0.0,40.0,0.0,0.0,663.0,456.0,207.0,505.9,4.6,True
2020-05-22 15:00:00,4136001,14051.115952380951,14359.521904761903,14051.115952380951,14359.521904761903,18.0,36.43468175229884,54.051786212356326,0.5893762129856321,37.5,23.0,43.0,0.0,25.0,24.0,0.0,523.0,329.0,194.0,426.3,2.4,True
2020-05-22 16:00:00,4136001,9355.956547619047,9545.125952380953,9355.956547619047,9545.125952380953,18.0,36.7930942887931,46.866646984482756,0.37795294546839076,37.4,22.0,51.0,0.0,28.0,34.0,0.0,405.0,283.0,122.0,475.3,3.0,True
2020-05-22 17:00:00,4136001,3984.457857142857,4063.022023809524,3984.457857142857,4063.022023809524,18.0,36.502759793103436,39.67339706580459,0.1626082490017241,37.7,20.0,33.0,0.0,16.0,49.0,0.0,239.0,150.0,89.0,390.2,5.2,True
2020-05-22 18:00:00,4136001,248.6529761904762,257.1359523809524,248.6529761904762,257.1359523809524,18.0,33.54469348534483,31.3580726183908,0.010346252584939616,35.2,25.0,28.0,0.0,28.0,0.0,0.0,73.0,32.0,41.0,200.6,6.5,True
2020-05-22 19:00:00,4136001,0.0,0.0,0.0,0.0,18.0,31.847727229310344,29.38160690229885,0.0,33.8,28.0,27.0,0.0,27.0,0.0,0.0,1.0,0.0,1.0,0.0,8.7,True
2020-05-22 20:00:00,4136001,0.0,0.0,0.0,0.0,18.0,30.13938537557471,28.21627342873563,0.0,32.5,33.0,17.0,0.0,14.0,3.0,0.0,0.0,0.0,0.0,0.0,13.0,True
2020-05-22 21:00:00,4136001,0.0,0.0,0.0,0.0,18.0,29.359579803735635,27.404393258908044,0.0,31.5,36.0,95.0,0.0,8.0,95.0,0.0,0.0,0.0,0.0,0.0,12.1,True
2020-05-22 22:00:00,4136001,0.0,0.0,0.0,0.0,18.0,28.25768260316092,25.972231062068964,0.0,30.6,38.0,95.0,0.0,5.0,95.0,0.0,0.0,0.0,0.0,0.0,13.9,True
2020-05-22 23:00:00,4136001,0.0,0.0,0.0,0.0,18.0,27.369712224137928,25.423055153160917,0.0,29.9,41.0,94.0,0.0,3.0,94.0,0.0,0.0,0.0,0.0,0.0,15.5,True
2020-05-23 00:00:00,4136001,0.0,0.0,0.0,0.0,18.0,26.373870735919542,24.44550662701149,0.0,29.0,48.0,67.0,0.0,2.0,66.0,0.0,0.0,0.0,0.0,0.0,18.9,True
2020-05-23 01:00:00,4136001,0.0,0.0,0.0,0.0,18.0,25.835025097701152,24.100940863793106,0.0,27.7,59.0,44.0,0.0,1.0,44.0,0.0,0.0,0.0,0.0,0.0,19.5,True
2020-05-23 02:00:00,4136001,0.0,0.0,0.0,0.0,18.0,25.538732356609195,23.9674186316092,0.0,26.7,69.0,9.0,0.0,1.0,8.0,0.0,0.0,0.0,0.0,0.0,21.0,True
2020-05-23 03:00:00,4136001,0.0,0.0,0.0,0.0,18.0,24.913745460057473,22.682744260919538,0.0,26.1,75.0,30.0,0.0,1.0,30.0,0.0,0.0,0.0,0.0,0.0,18.0,True
2020-05-23 04:00:00,4136001,0.0,0.0,0.0,0.0,18.0,24.330549308908047,21.93535894051724,0.0,25.9,76.0,4.0,0.0,0.0,4.0,0.0,0.0,0.0,0.0,0.0,15.0,True
2020-05-23 05:00:00,4136001,0.0,0.0,0.0,0.0,18.0,23.848136999425286,21.79930862212644,0.000359589534833325,25.9,80.0,0.0,0.0,0.0,28.0,0.0,0.0,0.0,0.0,0.0,15.3,True
2020-05-23 06:00:00,4136001,1244.8270238095238,1280.2236904761903,1244.8270238095238,1280.2236904761903,18.0,24.328771833333334,22.892841917816096,0.04888331257201148,26.3,78.0,5.0,0.0,0.0,5.0,0.0,18.0,5.0,13.0,53.5,16.6,True
2020-05-23 07:00:00,4136001,5452.821547619047,5554.831904761904,5452.821547619047,5554.831904761904,18.0,26.430178745977013,30.224067255172415,0.2751546588505747,28.2,68.0,27.0,0.0,0.0,26.0,0.0,166.0,92.0,74.0,358.2,14.9,True
2020-05-23 08:00:00,4136001,10968.189761904761,11198.037261904761,10968.189761904761,11198.037261904761,18.0,28.93606557729885,41.945976201724136,0.5101137652528736,30.8,55.0,35.0,0.0,0.0,35.0,0.0,385.0,272.0,113.0,565.6,13.4,True
2020-05-23 09:00:00,4136001,13508.730833333333,13811.569166666666,13508.730833333333,13811.569166666666,18.0,31.29867714597701,50.25772601637931,0.7226544230172414,33.3,44.0,20.0,0.0,0.0,20.0,0.0,601.0,463.0,138.0,682.8,14.0,True
2020-05-23 10:00:00,4136001,12414.843333333332,12719.140714285715,12414.843333333332,12719.140714285715,18.0,33.16118291091954,55.303178734770114,0.8765772236350573,35.3,37.0,33.0,0.0,0.0,33.0,0.0,784.0,629.0,155.0,753.2,13.2,True
2020-05-23 11:00:00,4136001,12418.100952380953,12736.53380952381,12418.100952380953,12736.53380952381,18.0,34.08608046695403,57.15368445316092,0.947519010612069,37.0,32.0,41.0,0.0,24.0,23.0,0.0,908.0,743.0,165.0,789.5,11.9,True
2020-05-23 12:00:00,4136001,12740.478095238095,13067.175119047619,12740.478095238095,13067.175119047619,18.0,35.1736183479885,58.926582890804596,0.9188181049137931,38.1,26.0,31.0,0.0,31.0,0.0,0.0,885.0,705.0,180.0,712.9,7.8,True
2020-05-23 13:00:00,4136001,13130.281904761905,13464.020714285714,13130.281904761905,13464.020714285714,18.0,36.36531348850575,57.047868015804596,0.8613151015833334,38.7,23.0,23.0,0.0,21.0,3.0,0.0,806.0,588.0,218.0,602.8,4.6,True
2020-05-23 14:00:00,4136001,13548.800119047619,13863.91869047619,13548.800119047619,13863.91869047619,18.0,37.50225972873562,56.97590893850574,0.7634639039741379,39.2,20.0,31.0,0.0,31.0,0.0,0.0,742.0,551.0,191.0,611.3,4.7,True
2020-05-23 15:00:00,4136001,13708.490476190476,14007.843809523809,13708.490476190476,14007.843809523809,18.0,37.85860403908046,53.663368061206896,0.578923617255747,39.4,19.0,66.0,0.0,66.0,0.0,0.0,618.0,457.0,161.0,592.1,6.2,True
2020-05-23 16:00:00,4136001,9013.40011904762,9193.156309523809,9013.40011904762,9193.156309523809,18.0,38.03042174109195,47.55295420344827,0.36219123429022987,39.1,19.0,100.0,0.0,100.0,0.0,0.0,394.0,256.0,138.0,429.7,9.3,True
2020-05-23 17:00:00,4136001,3974.4836904761905,4054.3610714285714,3974.4836904761905,4054.3610714285714,18.0,37.73244656293104,41.121525789655166,0.15367997174999995,37.8,21.0,65.0,0.0,16.0,46.0,0.0,222.0,131.0,91.0,340.1,4.0,True
2020-05-23 18:00:00,4136001,489.1797619047619,505.0114285714286,489.1797619047619,505.0114285714286,18.0,35.02693686580459,33.195104551724135,0.020341224811178126,35.2,27.0,41.0,0.0,39.0,9.0,0.0,63.0,25.0,38.0,156.3,5.9,True
2020-05-23 19:00:00,4136001,0.0,0.0,0.0,0.0,18.0,33.485924626724135,30.95449399597701,0.0,34.3,27.0,25.0,0.0,20.0,7.0,0.0,1.0,0.0,1.0,0.0,7.1,True
2020-05-23 20:00:00,4136001,0.0,0.0,0.0,0.0,18.0,31.294517282758626,29.887170092241377,0.0,33.4,30.0,27.0,0.0,26.0,2.0,0.0,0.0,0.0,0.0,0.0,11.4,True
2020-05-23 21:00:00,4136001,0.0,0.0,0.0,0.0,18.0,29.170508068965518,27.942212486494252,0.0,32.9,31.0,33.0,0.0,22.0,17.0,0.0,0.0,0.0,0.0,0.0,8.9,True
2020-05-23 22:00:00,4136001,0.0,0.0,0.0,0.0,18.0,27.789924395114944,26.236191533333333,0.0,31.7,38.0,39.0,0.0,19.0,27.0,0.0,0.0,0.0,0.0,0.0,16.6,True
2020-05-23 23:00:00,4136001,0.0,0.0,0.0,0.0,18.0,27.078883531609193,25.626669359482758,0.0,29.9,52.0,30.0,0.0,12.0,22.0,0.0,0.0,0.0,0.0,0.0,18.9,True
2020-05-24 00:00:00,4136001,0.0,0.0,0.0,0.0,18.0,26.12610575929119,24.266325027905488,0.0,28.8,63.0,18.0,0.0,8.0,11.0,0.0,0.0,0.0,0.0,0.0,18.3,True
2020-05-24 01:00:00,4136001,0.0,0.0,0.0,0.0,18.0,25.762409996551728,24.392647165517243,0.0,27.9,69.0,66.0,0.0,5.0,64.0,0.0,0.0,0.0,0.0,0.0,16.2,True
2020-05-24 02:00:00,4136001,0.0,0.0,0.0,0.0,18.0,25.82681411810345,25.425734387931037,0.0,27.1,75.0,59.0,0.0,6.0,56.0,0.0,0.0,0.0,0.0,0.0,13.5,True
2020-05-24 03:00:00,4136001,0.0,0.0,0.0,0.0,18.0,25.677096713793105,24.795796480172413,0.0,26.6,79.0,55.0,13.0,2.0,49.0,0.0,0.0,0.0,0.0,0.0,10.2,True
2020-05-24 04:00:00,4136001,0.0,0.0,0.0,0.0,18.0,25.283822982471264,23.381335188793102,0.0,26.2,80.0,46.0,3.0,1.0,44.0,0.0,0.0,0.0,0.0,0.0,12.2,True
2020-05-24 05:00:00,4136001,0.0,0.0,0.0,0.0,18.0,25.08176200948276,23.215793125000005,0.000333646985583325,26.2,80.0,3.0,2.0,23.0,43.0,0.0,0.0,0.0,0.0,0.0,13.7,True
2020-05-24 06:00:00,4136001,1295.7171428571428,1332.435,1295.7171428571428,1332.435,18.0,25.414160699425288,24.65419299367816,0.0524536704907758,26.6,76.0,10.0,1.0,8.0,2.0,0.0,15.0,3.0,12.0,32.0,16.2,True
2020-05-24 07:00:00,4136001,5315.378571428571,5414.784404761905,5315.378571428571,5414.784404761905,18.0,27.000483640804596,30.933628185057472,0.24658356042413793,27.9,68.0,12.0,2.0,3.0,9.0,0.0,156.0,82.0,74.0,319.0,18.6,True
2020-05-24 08:00:00,4136001,11059.738928571429,11289.316547619048,11059.738928571429,11289.316547619048,18.0,28.915177941091958,39.67110371436782,0.4804508799827586,30.3,56.0,21.0,1.0,1.0,19.0,0.0,372.0,256.0,116.0,532.4,18.3,True
2020-05-24 09:00:00,4136001,14500.805476190475,14823.501666666667,14500.805476190475,14823.501666666667,18.0,30.886964553448276,49.21111476896552,0.6949713875517242,33.0,45.0,1.0,0.0,1.0,0.0,0.0,595.0,456.0,139.0,672.7,16.1,True
2020-05-24 10:00:00,4136001,12254.224642857143,12548.255357142858,12254.224642857143,12548.255357142858,18.0,32.606127998850575,55.19787270086207,0.857159628617816,35.3,36.0,0.0,0.0,0.0,0.0,0.0,778.0,622.0,156.0,745.2,13.8,True
2020-05-24 11:00:00,4136001,10432.877738095238,10700.00988095238,10432.877738095238,10700.00988095238,18.0,33.75942441178161,56.6960497841954,0.923619208663793,36.9,32.0,4.0,0.0,4.0,0.0,0.0,903.0,737.0,166.0,783.5,14.0,True
2020-05-24 12:00:00,4136001,10378.887619047619,10642.64107142857,10378.887619047619,10642.64107142857,18.0,35.00936692327586,57.632829402873554,0.9019959537787355,37.9,29.0,62.0,0.0,62.0,0.0,0.0,934.0,759.0,175.0,767.8,11.4,True
2020-05-24 13:00:00,4136001,11387.430952380952,11667.914166666667,11387.430952380952,11667.914166666667,18.0,35.98193558534483,57.54796373706896,0.8568749424224138,37.8,28.0,55.0,0.0,55.0,0.0,0.0,699.0,476.0,223.0,488.1,8.7,True
2020-05-24 14:00:00,4136001,12990.710357142856,13286.677023809523,12990.710357142856,13286.677023809523,18.0,37.10639604166667,56.66075400459769,0.7470768980689655,37.9,26.0,71.0,0.0,71.0,0.0,0.0,582.0,357.0,225.0,396.1,6.6,True
2020-05-24 15:00:00,4136001,14118.893452380951,14425.530119047618,14118.893452380951,14425.530119047618,18.0,37.669624365229886,52.45383768247126,0.565160184347701,37.8,25.0,59.0,0.0,59.0,0.0,0.0,441.0,264.0,177.0,342.0,7.6,True
2020-05-24 16:00:00,4136001,9215.350952380952,9398.338333333333,9215.350952380952,9398.338333333333,18.0,38.66005467672413,48.32337957442529,0.35726079774999997,37.6,25.0,78.0,0.0,70.0,29.0,0.0,312.0,184.0,128.0,308.6,7.2,True
2020-05-24 17:00:00,4136001,3674.0190476190473,3748.270238095238,3674.0190476190473,3748.270238095238,18.0,38.545385164367815,41.043972049425285,0.15054274428678155,37.3,25.0,90.0,0.0,58.0,2.0,0.0,171.0,88.0,83.0,228.1,4.6,True
2020-05-24 18:00:00,4136001,528.324880952381,545.7104761904761,528.324880952381,545.7104761904761,18.0,35.607951547988506,33.82628132241379,0.0220275705073304,35.2,29.0,51.0,0.0,51.0,0.0,0.0,56.0,21.0,35.0,131.0,4.7,True
2020-05-24 19:00:00,4136001,0.0,0.0,0.0,0.0,18.0,33.16339754597701,31.382468157471262,0.0,33.9,31.0,34.0,0.0,34.0,0.0,0.0,1.0,0.0,1.0,0.0,4.4,True
2020-05-24 20:00:00,4136001,0.0,0.0,0.0,0.0,18.0,30.90248873591954,29.608418431896553,0.0,33.1,36.0,34.0,0.0,34.0,0.0,0.0,0.0,0.0,0.0,0.0,10.0,True
2020-05-24 21:00:00,4136001,0.0,0.0,0.0,0.0,18.0,29.326582175,28.134034386206896,0.0,32.6,38.0,39.0,0.0,39.0,0.0,0.0,0.0,0.0,0.0,0.0,8.9,True
2020-05-24 22:00:00,4136001,0.0,0.0,0.0,0.0,18.0,28.006027750574713,26.7316342,0.0,32.2,39.0,52.0,0.0,26.0,36.0,0.0,0.0,0.0,0.0,0.0,14.5,True
2020-05-24 23:00:00,4136001,0.0,0.0,0.0,0.0,18.0,27.023075198275862,25.610065695689652,0.0,30.7,52.0,28.0,0.0,22.0,9.0,0.0,0.0,0.0,0.0,0.0,16.2,True
2020-05-25 00:00:00,4136001,0.0,0.0,0.0,0.0,18.0,26.426196345977008,24.97139319310345,0.0,29.6,61.0,31.0,0.0,17.0,18.0,0.0,0.0,0.0,0.0,0.0,16.4,True
2020-05-25 01:00:00,4136001,0.0,0.0,0.0,0.0,18.0,25.859943614655172,24.221125395689654,0.0,28.7,68.0,26.0,0.0,11.0,17.0,0.0,0.0,0.0,0.0,0.0,16.2,True
2020-05-25 02:00:00,4136001,0.0,0.0,0.0,0.0,18.0,25.546015049425286,23.97908841551724,0.0,27.9,73.0,3.0,0.0,3.0,0.0,0.0,0.0,0.0,0.0,0.0,13.0,True
2020-05-25 03:00:00,4136001,0.0,0.0,0.0,0.0,18.0,25.498895164367816,24.138073637068963,0.0,27.2,78.0,3.0,1.0,2.0,0.0,0.0,0.0,0.0,0.0,0.0,12.2,True
2020-05-25 04:00:00,4136001,0.0,0.0,0.0,0.0,18.0,25.267780514942526,23.66351597068965,0.0,26.6,81.0,6.0,6.0,1.0,0.0,0.0,0.0,0.0,0.0,0.0,12.2,True
2020-05-25 05:00:00,4136001,0.0,0.0,0.0,0.0,18.0,25.176958908045975,23.894653310632187,0.00046641656491665,26.6,81.0,11.0,1.0,1.0,39.0,0.0,0.0,0.0,0.0,0.0,11.7,True
2020-05-25 06:00:00,4136001,1432.0774999999999,1470.6817857142855,1432.0774999999999,1470.6817857142855,18.0,25.57080018333333,25.401562408908045,0.0612221834238218,26.8,79.0,35.0,1.0,0.0,35.0,0.0,18.0,4.0,14.0,42.7,14.7,True
2020-05-25 07:00:00,4136001,5367.757619047619,5467.592619047619,5367.757619047619,5467.592619047619,18.0,27.399984297126434,31.80838463678161,0.24857049168103446,28.2,71.0,27.0,0.0,0.0,27.0,0.0,165.0,92.0,73.0,357.7,16.7,True
2020-05-25 08:00:00,4136001,10408.32261904762,10621.736309523809,10408.32261904762,10621.736309523809,18.0,28.758197366379306,37.620138097988516,0.4523369725689655,30.4,60.0,61.0,0.0,0.0,61.0,0.0,382.0,269.0,113.0,559.6,15.9,True
2020-05-25 09:00:00,4136001,14905.888928571429,15236.38607142857,14905.888928571429,15236.38607142857,18.0,30.19812726293103,45.064411099137935,0.6730009832413794,32.9,49.0,66.0,0.0,0.0,66.0,0.0,596.0,455.0,141.0,671.5,14.8,True
2020-05-25 10:00:00,4136001,16660.184404761905,17053.172023809522,16660.184404761905,17053.172023809522,18.0,31.74770793965517,50.940570133620696,0.8072469492011494,35.0,41.0,76.0,0.0,0.0,76.0,0.0,771.0,611.0,160.0,732.4,14.2,True
2020-05-25 11:00:00,4136001,16834.21523809524,17261.007380952382,16834.21523809524,17261.007380952382,18.0,33.191455070689656,53.69172377816092,0.8898624796580459,36.5,36.0,18.0,0.0,3.0,16.0,0.0,894.0,719.0,175.0,764.7,12.2,True
2020-05-25 12:00:00,4136001,17141.302142857145,17578.04238095238,17141.302142857145,17578.04238095238,18.0,34.33414370632184,56.2108369729885,0.9031912223649425,37.7,32.0,21.0,0.0,16.0,6.0,0.0,931.0,752.0,179.0,761.0,9.8,True
2020-05-25 13:00:00,4136001,17068.585119047617,17497.271666666667,17068.585119047617,17497.271666666667,18.0,35.596367032471264,57.2256823091954,0.8577277554741379,38.0,29.0,53.0,0.0,49.0,8.0,0.0,847.0,660.0,187.0,677.0,6.1,True
2020-05-25 14:00:00,4136001,17309.337023809523,17707.42392857143,17309.337023809523,17707.42392857143,18.0,36.608970789655174,56.32859460948276,0.7462079617413794,38.0,28.0,29.0,0.0,27.0,3.0,0.0,651.0,431.0,220.0,478.3,6.5,True
2020-05-25 15:00:00,4136001,14262.987738095238,14573.29380952381,14262.987738095238,14573.29380952381,18.0,37.300918368103446,52.33670273103448,0.5690409627729884,38.1,27.0,37.0,0.0,37.0,0.0,0.0,554.0,386.0,168.0,499.9,7.0,True
2020-05-25 16:00:00,4136001,8839.723452380951,9015.856547619047,8839.723452380951,9015.856547619047,18.0,37.60846643247126,47.46817436321839,0.3481653153477011,37.7,27.0,33.0,0.0,33.0,0.0,0.0,366.0,240.0,126.0,402.2,6.6,True
2020-05-25 17:00:00,4136001,2102.0508333333337,2150.4890476190476,2102.0508333333337,2150.4890476190476,18.0,36.30214731465518,37.75287686522989,0.07830687050933904,36.6,29.0,39.0,0.0,59.0,0.0,0.0,193.0,105.0,88.0,271.6,5.4,True
2020-05-25 18:00:00,4136001,61.631904761904764,63.88119047619048,61.631904761904764,63.88119047619048,18.0,34.67198830517241,32.4592861933908,0.003884717606298775,36.1,31.0,42.0,0.0,42.0,0.0,0.0,55.0,20.0,35.0,124.4,1.8,True
2020-05-25 19:00:00,4136001,0.0,0.0,0.0,0.0,18.0,33.91764728132184,31.46518587672414,0.0,34.7,35.0,43.0,0.0,43.0,3.0,0.0,1.0,0.0,1.0,0.0,2.5,True
2020-05-25 20:00:00,4136001,0.0,0.0,0.0,0.0,18.0,33.54830142413793,31.286460462068966,0.0,33.4,39.0,42.0,0.0,40.0,10.0,0.0,0.0,0.0,0.0,0.0,7.6,True
2020-05-25 21:00:00,4136001,0.0,0.0,0.0,0.0,18.0,31.310573522701148,30.266078666091957,0.0,32.7,43.0,42.0,0.0,42.0,3.0,0.0,0.0,0.0,0.0,0.0,11.9,True
2020-05-25 22:00:00,4136001,0.0,0.0,0.0,0.0,18.0,29.598818833045982,28.50154472471264,0.0,32.2,44.0,32.0,0.0,32.0,0.0,0.0,0.0,0.0,0.0,0.0,8.4,True
2020-05-25 23:00:00,4136001,0.0,0.0,0.0,0.0,18.0,28.201885447988506,26.91291989281609,0.0,31.5,46.0,34.0,0.0,22.0,16.0,0.0,0.0,0.0,0.0,0.0,7.6,True
2020-05-26 00:00:00,4136001,0.0,0.0,0.0,0.0,18.0,27.269563089080464,27.03701581264368,0.0,30.9,48.0,59.0,0.0,20.0,50.0,0.0,0.0,0.0,0.0,0.0,8.6,True
2020-05-26 01:00:00,4136001,0.0,0.0,0.0,0.0,18.0,24.31804195632184,24.098591784482757,0.0,29.9,52.0,76.0,0.0,12.0,73.0,0.0,0.0,0.0,0.0,0.0,15.3,True
2020-05-26 02:00:00,4136001,0.0,0.0,0.0,0.0,18.0,24.538287111206895,23.652458147988504,0.0,28.9,59.0,79.0,0.0,10.0,77.0,0.0,0.0,0.0,0.0,0.0,10.2,True
2020-05-26 03:00:00,4136001,0.0,0.0,0.0,0.0,18.0,25.08549892586207,23.927787286206897,0.0,28.2,64.0,68.0,0.0,11.0,65.0,0.0,0.0,0.0,0.0,0.0,9.7,True
2020-05-26 04:00:00,4136001,0.0,0.0,0.0,0.0,18.0,24.3449396158046,22.292705929885056,0.0,27.4,76.0,16.0,2.0,10.0,6.0,0.0,0.0,0.0,0.0,0.0,14.0,True
2020-05-26 05:00:00,4136001,0.0,0.0,0.0,0.0,18.0,23.815267735632183,21.40443207126437,0.00035544171706895,27.4,75.0,11.0,1.0,7.0,0.0,0.0,0.0,0.0,0.0,0.0,14.8,True
2020-05-26 06:00:00,4136001,1294.7821428571428,1332.0367857142855,1294.7821428571428,1332.0367857142855,18.0,23.777313902873562,22.844360052011496,0.05068821044775858,27.6,77.0,5.0,3.0,3.0,0.0,0.0,17.0,4.0,13.0,42.6,17.0,True
2020-05-26 07:00:00,4136001,5511.892738095237,5614.591547619048,5511.892738095237,5614.591547619048,18.0,26.764722616666667,32.09714022816092,0.2610394822183908,28.2,73.0,6.0,5.0,1.0,0.0,0.0,162.0,88.0,74.0,342.1,16.2,True
2020-05-26 08:00:00,4136001,11215.93761904762,11449.43880952381,11215.93761904762,11449.43880952381,18.0,29.054501231896552,41.82514699913793,0.4912470128908045,30.2,63.0,1.0,1.0,0.0,0.0,0.0,378.0,263.0,115.0,547.3,15.1,True
2020-05-26 09:00:00,4136001,15695.64488095238,16046.066190476191,15695.64488095238,16046.066190476191,18.0,30.458565004597702,46.55942884568965,0.7025060709971265,32.4,54.0,0.0,0.0,0.0,0.0,0.0,592.0,456.0,136.0,673.3,12.6,True
2020-05-26 10:00:00,4136001,16480.77357142857,16878.797976190475,16480.77357142857,16878.797976190475,18.0,32.02921026264367,51.20563734137931,0.8534733302183908,34.4,46.0,2.0,1.0,0.0,0.0,0.0,782.0,633.0,149.0,759.1,10.6,True
2020-05-26 11:00:00,4136001,16485.300833333335,16902.008690476192,16485.300833333335,16902.008690476192,18.0,33.31181711465518,53.313419607758625,0.9207242004454024,35.9,40.0,13.0,13.0,1.0,0.0,0.0,880.0,703.0,177.0,748.0,10.3,True
2020-05-26 12:00:00,4136001,15782.75,16182.947738095238,15782.75,16182.947738095238,18.0,34.59639214568966,54.79934596235632,0.9014474478218389,37.1,36.0,23.0,6.0,22.0,0.0,0.0,933.0,747.0,186.0,756.2,10.0,True
2020-05-26 13:00:00,4136001,15828.074523809524,16223.843809523809,15828.074523809524,16223.843809523809,18.0,35.1053194724138,53.2617519908046,0.8032177645316092,37.7,32.0,43.0,0.0,43.0,0.0,0.0,813.0,617.0,196.0,633.1,6.9,True
2020-05-26 14:00:00,4136001,16532.46880952381,16918.663928571426,16532.46880952381,16918.663928571426,18.0,35.62505140862069,52.65277499827586,0.7385845212068967,37.5,32.0,30.0,0.0,30.0,0.0,0.0,634.0,380.0,254.0,421.7,5.9,True
2020-05-26 15:00:00,4136001,13778.583214285714,14080.102142857142,13778.583214285714,14080.102142857142,18.0,35.74636205287356,49.20588192643678,0.5784047462011493,38.1,30.0,40.0,0.0,40.0,0.0,0.0,537.0,355.0,182.0,459.6,4.3,True
2020-05-26 16:00:00,4136001,9336.055476190477,9525.30226190476,9336.055476190477,9525.30226190476,18.0,36.0596787,45.00197140862068,0.3839832889080459,37.7,30.0,40.0,0.0,39.0,3.0,0.0,398.0,268.0,130.0,448.8,5.0,True
2020-05-26 17:00:00,4136001,2484.548333333333,2541.8363095238096,2484.548333333333,2541.8363095238096,18.0,34.8638500841954,37.257017751724135,0.10314827231810339,34.1,40.0,100.0,0.0,42.0,55.0,0.0,154.0,80.0,74.0,206.5,9.7,True
2020-05-26 18:00:00,4136001,443.9960714285714,459.38654761904763,443.9960714285714,459.38654761904763,18.0,33.487611908333335,32.66653989137931,0.0198486924148448,32.7,48.0,34.0,0.0,24.0,19.0,0.0,58.0,18.0,40.0,111.7,7.7,True
2020-05-26 19:00:00,4136001,0.0,0.0,0.0,0.0,18.0,32.169986356034485,30.55757157413793,0.0,32.3,50.0,18.0,0.0,16.0,5.0,0.0,1.0,0.0,1.0,0.0,5.5,True
2020-05-26 20:00:00,4136001,0.0,0.0,0.0,0.0,18.0,31.029442482471268,29.646816858908046,0.0,31.8,52.0,17.0,0.0,16.0,3.0,0.0,0.0,0.0,0.0,0.0,6.1,True
2020-05-26 21:00:00,4136001,0.0,0.0,0.0,0.0,18.0,30.122365014080458,28.762791415517245,0.0,31.2,55.0,29.0,0.0,29.0,0.0,0.0,0.0,0.0,0.0,0.0,9.9,True
2020-05-26 22:00:00,4136001,0.0,0.0,0.0,0.0,18.0,29.060413584770117,27.776650523850574,0.0,30.6,57.0,33.0,0.0,33.0,0.0,0.0,0.0,0.0,0.0,0.0,13.5,True
2020-05-26 23:00:00,4136001,0.0,0.0,0.0,0.0,18.0,28.037635280172413,26.846787201436786,0.0,30.0,59.0,26.0,0.0,26.0,0.0,0.0,0.0,0.0,0.0,0.0,17.4,True
2020-05-27 00:00:00,4136001,0.0,0.0,0.0,0.0,18.0,27.28375773477012,25.958076281609195,0.0,29.0,63.0,56.0,0.0,20.0,45.0,0.0,0.0,0.0,0.0,0.0,15.8,True
2020-05-27 01:00:00,4136001,0.0,0.0,0.0,0.0,18.0,26.450205375287354,25.50168679396552,0.0,28.4,66.0,60.0,0.0,18.0,52.0,0.0,0.0,0.0,0.0,0.0,18.3,True
2020-05-27 02:00:00,4136001,0.0,0.0,0.0,0.0,18.0,26.330525014080457,25.74136289425288,0.0,28.0,69.0,14.0,0.0,14.0,0.0,0.0,0.0,0.0,0.0,0.0,17.3,True
2020-05-27 03:00:00,4136001,0.0,0.0,0.0,0.0,18.0,26.188653078448272,25.415227137356318,0.0,27.7,73.0,9.0,0.0,9.0,0.0,0.0,0.0,0.0,0.0,0.0,16.5,True
2020-05-27 04:00:00,4136001,0.0,0.0,0.0,0.0,18.0,25.714242406609195,24.48828178850575,0.0,27.3,75.0,7.0,0.0,6.0,1.0,0.0,0.0,0.0,0.0,0.0,15.3,True
2020-05-27 05:00:00,4136001,0.0,0.0,0.0,0.0,18.0,25.71187353275862,24.76184662097701,0.00027574763260831666,26.7,76.0,5.0,0.0,3.0,1.0,0.0,0.0,0.0,0.0,0.0,16.2,True
2020-05-27 06:00:00,4136001,1097.8195238095236,1130.8445238095237,1097.8195238095236,1130.8445238095237,18.0,25.903523318103446,25.90769961494253,0.04842641205919537,26.6,76.0,4.0,0.0,2.0,2.0,0.0,18.0,4.0,14.0,42.6,16.3,True
2020-05-27 07:00:00,4136001,4865.009166666667,4955.864880952381,4865.009166666667,4955.864880952381,18.0,26.940213660344824,30.82986895287356,0.23966787585459767,28.0,71.0,2.0,0.0,2.0,0.0,0.0,161.0,88.0,73.0,342.0,14.8,True
2020-05-27 08:00:00,4136001,10295.843214285715,10509.121071428572,10295.843214285715,10509.121071428572,18.0,28.51951182212644,38.022625854597706,0.473641703841954,30.5,60.0,1.0,0.0,1.0,0.0,0.0,375.0,262.0,113.0,545.4,13.8,True
2020-05-27 09:00:00,4136001,12533.76619047619,12811.83761904762,12533.76619047619,12811.83761904762,18.0,30.281283206034487,45.455687282758625,0.690599768198276,32.9,51.0,0.0,0.0,0.0,0.0,0.0,589.0,450.0,139.0,664.8,11.9,True
2020-05-27 10:00:00,4136001,10472.90119047619,10723.52369047619,10472.90119047619,10723.52369047619,18.0,31.90369187356322,51.719738092241386,0.8469939346465517,34.8,44.0,2.0,2.0,1.0,0.0,0.0,768.0,612.0,156.0,734.3,12.3,True
2020-05-27 11:00:00,4136001,9569.047857142858,9810.453214285715,9569.047857142858,9810.453214285715,18.0,33.2711777020115,57.92970524166667,0.9216531644798849,36.4,38.0,13.0,1.0,12.0,0.0,0.0,882.0,713.0,169.0,759.0,12.4,True
2020-05-27 12:00:00,4136001,10195.928333333333,10454.312976190477,10195.928333333333,10454.312976190477,18.0,34.424700907183905,60.718632674712644,0.9058972149827585,37.3,35.0,22.0,0.0,22.0,0.0,0.0,889.0,705.0,184.0,714.0,12.8,True
2020-05-27 13:00:00,4136001,10532.927023809525,10795.120119047619,10532.927023809525,10795.120119047619,18.0,35.09362923764368,58.77595816522988,0.8600611878103447,37.5,34.0,22.0,0.0,22.0,0.0,0.0,795.0,591.0,204.0,606.6,13.5,True
2020-05-27 14:00:00,4136001,12082.767142857143,12372.693983516483,12082.767142857143,12372.693983516483,18.0,35.820443070402305,57.03270454770115,0.7493654776005747,37.2,34.0,23.0,0.0,23.0,0.0,0.0,702.0,491.0,211.0,544.9,10.7,True
2020-05-27 15:00:00,4136001,13311.98238095238,13601.215833333334,13311.98238095238,13601.215833333334,18.0,36.587212040229886,51.92642118563218,0.5719320574568965,37.7,32.0,26.0,0.0,24.0,4.0,0.0,598.0,418.0,180.0,541.0,8.9,True
2020-05-27 16:00:00,4136001,9155.174880952381,9337.198928571428,9155.174880952381,9337.198928571428,18.0,36.69535150229885,45.701975989942525,0.35834350034195395,37.8,32.0,32.0,0.0,32.0,0.0,0.0,427.0,287.0,140.0,480.2,8.4,True
2020-05-27 17:00:00,4136001,3986.8025,4066.284285714286,3986.8025,4066.284285714286,18.0,35.86766616896552,38.88871809137931,0.1583078518965517,36.8,32.0,22.0,0.0,23.0,0.0,0.0,223.0,127.0,96.0,327.2,8.9,True
2020-05-27 18:00:00,4136001,766.5717857142857,790.7160714285714,766.5717857142857,790.7160714285714,18.0,33.81000998965518,33.35954217212643,0.0327813767592816,35.8,34.0,51.0,0.0,51.0,3.0,0.0,68.0,29.0,39.0,179.4,8.4,True
2020-05-27 19:00:00,4136001,0.0,0.0,0.0,0.0,18.0,31.868544949137934,30.36155042758621,3.738240086205e-05,34.0,38.0,70.0,0.0,66.0,41.0,0.0,1.0,0.0,1.0,0.0,18.2,True
2020-05-27 20:00:00,4136001,0.0,0.0,0.0,0.0,18.0,30.671171979022986,29.30513442816092,0.0,31.5,50.0,57.0,0.0,42.0,39.0,0.0,0.0,0.0,0.0,0.0,20.2,True
2020-05-27 21:00:00,4136001,0.0,0.0,0.0,0.0,18.0,29.237264302873562,28.118250768103447,0.0,29.7,60.0,34.0,0.0,20.0,25.0,0.0,0.0,0.0,0.0,0.0,13.9,True
2020-05-27 22:00:00,4136001,0.0,0.0,0.0,0.0,18.0,27.824355516091956,26.74422095804598,0.0,29.3,62.0,18.0,0.0,16.0,10.0,0.0,0.0,0.0,0.0,0.0,13.7,True
2020-05-27 23:00:00,4136001,0.0,0.0,0.0,0.0,18.0,27.22349371896552,26.162730147988505,0.0,28.9,66.0,28.0,0.0,20.0,16.0,0.0,0.0,0.0,0.0,0.0,14.2,True
2020-05-28 00:00:00,4136001,0.0,0.0,0.0,0.0,18.0,26.73373131235632,25.714912402873566,0.0,28.8,69.0,65.0,0.0,13.0,60.0,0.0,0.0,0.0,0.0,0.0,14.3,True
2020-05-28 01:00:00,4136001,0.0,0.0,0.0,0.0,18.0,26.390567981034483,25.259209753735632,0.0,28.7,69.0,76.0,0.0,9.0,74.0,0.0,0.0,0.0,0.0,0.0,14.8,True
2020-05-28 02:00:00,4136001,0.0,0.0,0.0,0.0,18.0,25.999593101724138,24.707526063793104,0.0,28.0,72.0,75.0,0.0,1.0,75.0,0.0,0.0,0.0,0.0,0.0,15.8,True
2020-05-28 03:00:00,4136001,0.0,0.0,0.0,0.0,18.0,25.456834211781608,24.19893939827586,0.0,27.2,76.0,70.0,0.0,0.0,70.0,0.0,0.0,0.0,0.0,0.0,16.3,True
2020-05-28 04:00:00,4136001,0.0,0.0,0.0,0.0,18.0,25.14432982011494,23.890145589942527,0.0,26.6,77.0,69.0,0.0,0.0,68.0,0.0,0.0,0.0,0.0,0.0,18.6,True
2020-05-28 05:00:00,4136001,0.0,0.0,0.0,0.0,18.0,24.785546102298852,23.43603503448276,0.00018797400790515,26.2,77.0,82.0,0.0,7.0,86.0,0.0,0.0,0.0,0.0,0.0,15.1,True
2020-05-28 06:00:00,4136001,1027.8890476190477,1059.4083333333333,1027.8890476190477,1059.4083333333333,18.0,24.591465584482762,23.80129537787356,0.04340952492830458,26.3,76.0,86.0,1.0,3.0,86.0,0.0,18.0,4.0,14.0,42.6,17.3,True
2020-05-28 07:00:00,4136001,5232.764166666667,5332.797023809524,5232.764166666667,5332.797023809524,18.0,25.833311768965515,29.581403675862063,0.25094035574683904,27.7,69.0,86.0,1.0,0.0,86.0,0.0,158.0,77.0,81.0,299.2,19.1,True
2020-05-28 08:00:00,4136001,11132.234761904761,11364.645714285714,11132.234761904761,11364.645714285714,18.0,27.783055879597697,37.72878019396551,0.4939675081264368,30.0,58.0,82.0,0.0,1.0,82.0,0.0,377.0,254.0,123.0,528.9,18.4,True
2020-05-28 09:00:00,4136001,15561.284166666666,15910.27476190476,15561.284166666666,15910.27476190476,18.0,29.412893920402297,44.657553671551725,0.7125557098764367,32.5,46.0,80.0,0.0,0.0,80.0,0.0,589.0,440.0,149.0,650.3,16.5,True
2020-05-28 10:00:00,4136001,13494.116547619047,13821.893095238094,13494.116547619047,13821.893095238094,18.0,31.120023960057473,51.08260128275862,0.8767789275718392,34.7,39.0,77.0,0.0,0.0,77.0,0.0,774.0,615.0,159.0,738.3,15.3,True
2020-05-28 11:00:00,4136001,13285.98261904762,13626.239523809525,13285.98261904762,13626.239523809525,18.0,32.86182291034483,55.37024327356322,0.9391534685890803,36.3,34.0,0.0,0.0,0.0,0.0,0.0,892.0,714.0,178.0,760.5,15.6,True
2020-05-28 12:00:00,4136001,13560.280119047618,13907.94488095238,13560.280119047618,13907.94488095238,18.0,34.27658129655172,56.007618041954025,0.9202848223505747,37.7,30.0,2.0,0.0,2.0,0.0,0.0,963.0,797.0,166.0,807.5,15.3,True
2020-05-28 13:00:00,4136001,8677.574047619048,8897.072738095238,8677.574047619048,8897.072738095238,18.0,35.32186930258621,56.86129845977011,0.8742042367126437,38.4,27.0,26.0,0.0,25.0,1.0,0.0,895.0,712.0,183.0,730.9,14.1,True
2020-05-28 14:00:00,4136001,11502.790805860805,11771.07141025641,11502.790805860805,11771.07141025641,18.0,36.087670987931034,53.74370672787356,0.772848085505747,38.5,25.0,36.0,0.0,35.0,1.0,0.0,695.0,512.0,183.0,568.2,10.9,True
2020-05-28 15:00:00,4136001,14735.887261904762,15059.902261904761,14735.887261904762,15059.902261904761,18.0,36.5137240454023,50.824042583908046,0.6018881602643678,38.7,23.0,33.0,0.0,33.0,1.0,0.0,564.0,408.0,156.0,528.0,9.7,True
2020-05-28 16:00:00,4136001,8950.379047619048,9128.792976190476,8950.379047619048,9128.792976190476,18.0,36.302363434770115,44.32620785804598,0.3545416649913793,38.6,22.0,39.0,0.0,39.0,0.0,0.0,398.0,266.0,132.0,444.7,10.6,True
2020-05-28 17:00:00,4136001,4020.75260989011,4100.77195970696,4020.75260989011,4100.77195970696,18.0,35.75350508986043,38.5578794828202,0.16130783548830044,37.3,24.0,40.0,0.0,33.0,64.0,0.0,220.0,126.0,94.0,324.0,14.1,True
2020-05-28 18:00:00,4136001,753.7838095238096,777.6935714285714,753.7838095238096,777.6935714285714,18.0,34.105351108620695,33.30799239195402,0.0321762793656034,35.7,27.0,42.0,0.0,24.0,25.0,0.0,77.0,32.0,45.0,197.4,11.6,True
2020-05-28 19:00:00,4136001,0.0,0.0,0.0,0.0,18.0,32.38847125890805,30.561131866666663,1.2151536666666672e-05,34.2,30.0,62.0,0.0,15.0,56.0,0.0,1.0,0.0,1.0,0.0,14.2,True
2020-05-28 20:00:00,4136001,0.0,0.0,0.0,0.0,18.0,31.180062183333334,29.760062849999997,0.0,33.4,31.0,84.0,0.0,17.0,81.0,0.0,0.0,0.0,0.0,0.0,16.8,True
2020-05-28 21:00:00,4136001,0.0,0.0,0.0,0.0,18.0,29.50250678439865,28.37598958430053,0.0,32.2,38.0,86.0,0.0,16.0,84.0,0.0,0.0,0.0,0.0,0.0,19.0,True
2020-05-28 22:00:00,4136001,0.0,0.0,0.0,0.0,18.0,28.205905956034485,26.991037902011495,0.0,31.6,44.0,71.0,0.0,14.0,66.0,0.0,0.0,0.0,0.0,0.0,23.0,True
2020-05-28 23:00:00,4136001,0.0,0.0,0.0,0.0,18.0,27.37018299454023,26.06368393678161,0.0,30.0,56.0,15.0,0.0,12.0,4.0,0.0,0.0,0.0,0.0,0.0,20.0,True
2020-05-29 00:00:00,4136001,0.0,0.0,0.0,0.0,18.0,26.742907149425285,25.407675903448272,0.0,29.0,65.0,42.0,0.0,13.0,33.0,0.0,0.0,0.0,0.0,0.0,17.7,True
2020-05-29 01:00:00,4136001,0.0,0.0,0.0,0.0,18.0,26.25216216867816,24.890120509770114,0.0,28.2,71.0,72.0,0.0,4.0,71.0,0.0,0.0,0.0,0.0,0.0,16.6,True
2020-05-29 02:00:00,4136001,0.0,0.0,0.0,0.0,18.0,25.75969710862069,24.2802474658046,0.0,27.6,75.0,34.0,0.0,1.0,33.0,0.0,0.0,0.0,0.0,0.0,17.4,True
2020-05-29 03:00:00,4136001,0.0,0.0,0.0,0.0,18.0,25.374342801149425,24.169369804885058,0.0,27.0,78.0,13.0,1.0,0.0,11.0,0.0,0.0,0.0,0.0,0.0,16.6,True
2020-05-29 04:00:00,4136001,0.0,0.0,0.0,0.0,18.0,25.282060834770114,24.377463784195402,0.0,26.4,80.0,3.0,2.0,0.0,1.0,0.0,0.0,0.0,0.0,0.0,17.1,True
2020-05-29 05:00:00,4136001,0.0,0.0,0.0,0.0,18.0,24.89459166954023,23.616769711494253,0.00023480633216665,26.0,82.0,2.0,0.0,2.0,51.0,0.0,0.0,0.0,0.0,0.0,15.5,True
2020-05-29 06:00:00,4136001,1344.7996428571428,1384.8013095238096,1344.7996428571428,1384.8013095238096,18.0,24.77757023333333,24.316769594540233,0.054738580122988476,26.2,80.0,85.0,1.0,1.0,85.0,0.0,18.0,4.0,14.0,42.6,15.6,True
2020-05-29 07:00:00,4136001,3024.977976190476,3092.9611904761905,3024.977976190476,3092.9611904761905,18.0,25.597133908045976,27.37355881005747,0.13471157365344824,27.3,72.0,2.0,0.0,0.0,1.0,0.0,153.0,75.0,78.0,291.5,16.8,True
2020-05-29 08:00:00,4136001,9804.325952380952,10007.494047619048,9804.325952380952,10007.494047619048,18.0,27.268151226724136,34.52292078965517,0.43281486584195394,29.5,62.0,9.0,0.0,0.0,9.0,0.0,381.0,270.0,111.0,562.5,17.8,True
2020-05-29 09:00:00,4136001,14577.670714285714,14910.03380952381,14577.670714285714,14910.03380952381,18.0,29.053952182183913,44.65779060603448,0.764650489724138,31.8,53.0,39.0,0.0,0.0,39.0,0.0,595.0,458.0,137.0,677.3,17.2,True
2020-05-29 10:00:00,4136001,12154.701071428572,12428.971428571429,12154.701071428572,12428.971428571429,18.0,30.254997561781607,46.79503053879311,0.7188306769971264,33.7,46.0,68.0,0.0,0.0,68.0,0.0,771.0,612.0,159.0,735.1,15.6,True
2020-05-29 11:00:00,4136001,10815.353333333333,11066.270714285714,10815.353333333333,11066.270714285714,18.0,31.808487518103448,49.37933861637931,0.7637017132643679,35.4,39.0,78.0,0.0,0.0,78.0,0.0,882.0,699.0,183.0,744.8,14.0,True
2020-05-29 12:00:00,4136001,11796.138809523809,12063.645119047618,11796.138809523809,12063.645119047618,18.0,33.39244012701149,51.7315695413793,0.7145407408304597,36.8,34.0,80.0,0.0,2.0,79.0,0.0,947.0,765.0,182.0,775.4,12.4,True
2020-05-29 13:00:00,4136001,14007.577976190476,14313.501666666667,14007.577976190476,14313.501666666667,18.0,34.326431604022986,49.30157696264368,0.5940139490114943,37.8,30.0,76.0,0.0,23.0,72.0,0.0,924.0,737.0,187.0,756.8,10.7,True
2020-05-29 14:00:00,4136001,13953.909404761904,14255.690714285714,13953.909404761904,14255.690714285714,18.0,35.29102199741379,48.61348638735632,0.5609990428850574,37.7,28.0,90.0,0.0,26.0,89.0,0.0,684.0,445.0,239.0,493.9,9.1,True
2020-05-29 15:00:00,4136001,13798.209606227107,14096.073498168498,17183.84326007326,17554.494377289375,18.0,36.2516401071839,49.50907042557471,0.5551696634252873,37.7,27.0,92.0,0.0,28.0,90.0,0.0,531.0,333.0,198.0,430.8,7.9,True
2020-05-29 16:00:00,4136001,12426.552943722943,12680.377085137086,9319.914707792208,9510.282813852815,22.0,37.34435919174504,48.28856035106235,0.39758196530546847,37.4,27.0,88.0,0.0,27.0,86.0,0.0,366.0,216.0,150.0,360.8,6.2,True
2020-05-29 17:00:00,4136001,5990.476904761905,6104.841428571428,5990.476904761905,6104.841428571428,22.0,36.92295839166667,41.41241697614942,0.19135848958448273,36.4,30.0,87.0,0.0,38.0,79.0,0.0,242.0,140.0,102.0,359.2,8.0,True
2020-05-29 18:00:00,4136001,756.2227380952381,780.2444047619048,756.2227380952381,780.2444047619048,22.0,35.096718835632174,33.91803887701149,0.025351149377821798,34.9,34.0,63.0,0.0,44.0,39.0,0.0,65.0,24.0,41.0,147.7,10.4,True
2020-05-29 19:00:00,4136001,0.0,0.0,0.0,0.0,22.0,33.458447023563224,31.26267776494253,0.0,33.7,37.0,55.0,0.0,41.0,29.0,0.0,1.0,0.0,1.0,0.0,12.8,True
2020-05-29 20:00:00,4136001,0.0,0.0,0.0,0.0,22.0,31.99895864454023,30.41409947701149,0.0,32.9,40.0,56.0,0.0,51.0,14.0,0.0,0.0,0.0,0.0,0.0,20.2,True
2020-05-29 21:00:00,4136001,0.0,0.0,0.0,0.0,22.0,29.902788813793098,28.807966706321835,0.0,29.5,58.0,54.0,0.0,33.0,43.0,0.0,0.0,0.0,0.0,0.0,22.6,True
2020-05-29 22:00:00,4136001,0.0,0.0,0.0,0.0,22.0,28.404499988793106,27.28989614827586,0.0,28.5,64.0,55.0,0.0,54.0,12.0,0.0,0.0,0.0,0.0,0.0,20.6,True
2020-05-29 23:00:00,4136001,0.0,0.0,0.0,0.0,22.0,27.50495157988506,26.22732981178161,0.0,28.2,66.0,50.0,0.0,34.0,38.0,0.0,0.0,0.0,0.0,0.0,17.6,True
2020-05-30 00:00:00,4136001,0.0,0.0,0.0,0.0,22.0,27.03184335632184,25.83295730718391,0.0,28.0,66.0,31.0,0.0,17.0,19.0,0.0,0.0,0.0,0.0,0.0,17.1,True
2020-05-30 01:00:00,4136001,0.0,0.0,0.0,0.0,22.0,25.556205684195405,25.058996663793103,0.0,27.8,67.0,27.0,0.0,24.0,10.0,0.0,0.0,0.0,0.0,0.0,15.8,True
2020-05-30 02:00:00,4136001,0.0,0.0,0.0,0.0,22.0,23.65784621436782,23.087995454597703,0.0,27.5,69.0,29.0,0.0,20.0,13.0,0.0,0.0,0.0,0.0,0.0,16.1,True
2020-05-30 03:00:00,4136001,0.0,0.0,0.0,0.0,22.0,23.710650674425285,23.01539512183908,0.0,27.1,72.0,44.0,0.0,44.0,1.0,0.0,0.0,0.0,0.0,0.0,16.9,True
2020-05-30 04:00:00,4136001,0.0,0.0,0.0,0.0,22.0,23.87170457902299,22.730989572701148,0.0,26.8,75.0,41.0,0.0,41.0,1.0,0.0,0.0,0.0,0.0,0.0,13.6,True
2020-05-30 05:00:00,4136001,0.0,0.0,0.0,0.0,22.0,23.767933591091953,22.38483703045977,0.000112523715,26.2,76.0,58.0,0.0,22.0,32.0,0.0,0.0,0.0,0.0,0.0,12.7,True
2020-05-30 06:00:00,4136001,553.7210714285713,572.7605952380952,553.7210714285713,572.7605952380952,22.0,24.28196225086207,23.70854238649425,0.018984686728132125,26.3,77.0,64.0,0.0,21.0,60.0,0.0,15.0,3.0,12.0,31.9,13.7,True
2020-05-30 07:00:00,4136001,3483.582857142857,3561.605476190476,3483.582857142857,3561.605476190476,22.0,25.732623323563217,27.157967610919542,0.11328490976350572,27.3,70.0,95.0,0.0,9.0,95.0,0.0,121.0,43.0,78.0,167.2,14.2,True
2020-05-30 08:00:00,4136001,6357.731428571429,6475.8475,6357.731428571429,6475.8475,22.0,26.449257116666665,29.45462910287356,0.20965594464367812,28.7,64.0,100.0,0.0,4.0,100.0,0.0,258.0,96.0,162.0,200.1,14.0,True
2020-05-30 09:00:00,4136001,12177.505357142858,12429.507738095239,12177.505357142858,12429.507738095239,22.0,26.778834264080462,32.81506564655172,0.4055249799885058,30.5,57.0,98.0,0.0,4.0,98.0,0.0,436.0,192.0,244.0,284.1,14.2,True
2020-05-30 10:00:00,4136001,17594.898452380952,17997.029285714285,17594.898452380952,17997.029285714285,22.0,29.18129235229885,41.647121800862074,0.6804371215431034,32.4,49.0,100.0,0.0,1.0,100.0,0.0,656.0,395.0,261.0,474.7,13.4,True
2020-05-30 11:00:00,4136001,18004.016071428574,18448.41904761905,18004.016071428574,18448.41904761905,22.0,32.13681778505747,51.18588623793104,0.9045918210517241,33.8,44.0,99.0,0.0,7.0,98.0,0.0,801.0,524.0,277.0,558.6,12.8,True
2020-05-30 12:00:00,4136001,17317.846904761904,17728.545714285712,17317.846904761904,17728.545714285712,22.0,33.76480879942529,53.045745246264374,0.7987043247614942,35.0,41.0,49.0,0.0,9.0,47.0,0.0,911.0,668.0,243.0,677.3,12.9,True
2020-05-30 13:00:00,4136001,19028.83357142857,19502.13071428571,19028.83357142857,19502.13071428571,22.0,35.6557333612069,56.05029744367816,0.8628847856293104,35.7,39.0,16.0,1.0,13.0,7.0,0.0,868.0,624.0,244.0,640.9,12.0,True
2020-05-30 14:00:00,4136001,19293.43261904762,19742.326666666668,19293.43261904762,19742.326666666668,22.0,36.07789642528736,51.103820656609194,0.7737174219310344,36.2,37.0,34.0,0.0,33.0,3.0,0.0,796.0,619.0,177.0,687.0,11.3,True
2020-05-30 15:00:00,4136001,18024.463333333333,18420.650714285715,18024.463333333333,18420.650714285715,22.0,36.988954770977,48.60662980660919,0.6010727225948275,35.9,37.0,57.0,0.0,56.0,3.0,0.0,554.0,375.0,179.0,485.0,11.3,True
2020-05-30 16:00:00,4136001,12219.881071428572,12468.060833333333,12219.881071428572,12468.060833333333,22.0,36.41251372356322,43.59232855287357,0.38957835448275857,34.6,40.0,55.0,0.0,50.0,23.0,0.0,379.0,222.0,157.0,370.5,10.4,True
2020-05-30 17:00:00,4136001,5529.9775,5636.57,5529.9775,5636.57,22.0,35.33540638421593,38.11367099862479,0.17633194938772573,34.5,38.0,44.0,0.0,11.0,21.0,0.0,185.0,64.0,121.0,163.9,5.4,True
2020-05-30 18:00:00,4136001,628.2414285714285,649.1969047619048,628.2414285714285,649.1969047619048,22.0,33.566976933620694,32.90369745,0.02186781517245685,32.8,47.0,12.0,0.0,7.0,6.0,0.0,85.0,38.0,47.0,233.2,4.1,True
2020-05-30 19:00:00,4136001,0.0,0.0,0.0,0.0,22.0,32.35335890114943,30.64894042126437,0.0,32.1,46.0,23.0,1.0,18.0,6.0,0.0,1.0,0.0,1.0,0.0,3.2,True
2020-05-30 20:00:00,4136001,0.0,0.0,0.0,0.0,22.0,30.43857615488506,27.722191296551724,0.0,31.4,47.0,17.0,8.0,13.0,6.0,0.0,0.0,0.0,0.0,0.0,9.1,True
2020-05-30 21:00:00,4136001,0.0,0.0,0.0,0.0,22.0,29.803604817528736,26.402504893965517,0.0,30.0,51.0,36.0,0.0,31.0,10.0,0.0,0.0,0.0,0.0,0.0,8.3,True
2020-05-30 22:00:00,4136001,0.0,0.0,0.0,0.0,22.0,28.714909308333333,25.411031431609196,0.0,29.3,54.0,28.0,1.0,22.0,11.0,0.0,0.0,0.0,0.0,0.0,8.0,True
2020-05-30 23:00:00,4136001,0.0,0.0,0.0,0.0,22.0,27.898376848850575,25.211686275862068,0.0,29.2,57.0,32.0,0.0,26.0,11.0,0.0,0.0,0.0,0.0,0.0,10.2,True
2020-05-31 00:00:00,4136001,0.0,0.0,0.0,0.0,22.0,27.395962854022986,24.249330058333335,0.0,28.5,62.0,32.0,0.0,29.0,7.0,0.0,0.0,0.0,0.0,0.0,12.8,True
2020-05-31 01:00:00,4136001,0.0,0.0,0.0,0.0,22.0,27.127404908908048,24.300120569827588,0.0,28.0,63.0,21.0,0.0,17.0,6.0,0.0,0.0,0.0,0.0,0.0,12.6,True
2020-05-31 02:00:00,4136001,0.0,0.0,0.0,0.0,22.0,26.35591697327586,23.793772576149426,0.0,27.6,64.0,28.0,0.0,9.0,22.0,0.0,0.0,0.0,0.0,0.0,12.1,True
2020-05-31 03:00:00,4136001,0.0,0.0,0.0,0.0,22.0,25.993874891091956,23.87535913448276,0.0,27.5,65.0,33.0,0.0,12.0,24.0,0.0,0.0,0.0,0.0,0.0,12.6,True
2020-05-31 04:00:00,4136001,0.0,0.0,0.0,0.0,22.0,25.427891101724143,23.35491674626437,0.0,27.3,66.0,31.0,0.0,23.0,11.0,0.0,0.0,0.0,0.0,0.0,11.4,True
2020-05-31 05:00:00,4136001,0.0,0.0,0.0,0.0,22.0,26.065026249425287,24.813666522701155,0.00058650328967525,27.5,69.0,25.0,0.0,71.0,72.0,0.0,0.0,0.0,0.0,0.0,9.7,True
2020-05-31 06:00:00,4136001,1630.9735714285714,1679.1763095238096,1630.9735714285714,1679.1763095238096,22.0,26.56717278218391,26.774107763218392,0.05574447248275857,27.6,71.0,92.0,0.0,60.0,89.0,0.0,8.0,1.0,7.0,10.6,7.8,True
2020-05-31 07:00:00,4136001,2960.602976190476,3037.7959523809523,2960.602976190476,3037.7959523809523,22.0,27.237210228735634,29.569722105747125,0.09489546051896547,28.3,67.0,43.0,2.0,23.0,37.0,0.0,86.0,26.0,60.0,101.1,9.7,True
2020-05-31 08:00:00,4136001,8580.365238095237,8742.588333333333,8580.365238095237,8742.588333333333,22.0,28.41581613218391,35.18565460114943,0.28804713868678156,29.5,62.0,75.0,1.0,42.0,64.0,0.0,234.0,106.0,128.0,221.1,8.0,True
2020-05-31 09:00:00,4136001,14567.112380952381,14876.270119047618,14567.112380952381,14876.270119047618,22.0,30.1286493045977,43.99490696206897,0.5243513233936781,30.9,57.0,94.0,0.0,45.0,92.0,0.0,430.0,202.0,228.0,299.1,5.9,True
2020-05-31 10:00:00,4136001,18087.15976190476,18492.90357142857,18087.15976190476,18492.90357142857,22.0,32.09016489310345,49.95572559396552,0.6315186400488506,32.4,51.0,100.0,1.0,77.0,100.0,0.0,597.0,290.0,307.0,348.7,3.9,True
2020-05-31 11:00:00,4136001,17235.20869047619,17617.93773809524,17235.20869047619,17617.93773809524,22.0,33.28152463017241,52.11198691982758,0.5917995808735632,33.6,47.0,92.0,6.0,84.0,69.0,0.0,707.0,408.0,299.0,435.2,4.3,True
2020-05-31 12:00:00,4136001,20292.192142857144,20782.706904761904,20292.192142857144,20782.706904761904,22.0,34.309793365804595,55.67538223103449,0.7231483862758621,34.2,44.0,56.0,7.0,47.0,28.0,0.0,611.0,304.0,307.0,308.3,6.1,True
2020-05-31 13:00:00,4136001,23615.849166666667,24205.943452380954,23615.849166666667,24205.943452380954,22.0,35.79002256752873,62.5981865841954,0.8900354043275862,35.5,41.0,98.0,15.0,23.0,98.0,0.0,810.0,542.0,268.0,556.8,6.6,True
2020-05-31 14:00:00,4136001,14667.290238095238,15005.481547619047,14667.290238095238,15005.481547619047,22.0,33.50554806522988,49.272609187068966,0.5386630977586206,35.9,39.0,98.0,18.0,13.0,98.0,0.0,698.0,382.0,316.0,424.0,7.8,True
2020-05-31 15:00:00,4136001,8429.00857142857,8597.49238095238,8429.00857142857,8597.49238095238,22.0,28.319330725287358,32.143202007758624,0.26606893234482754,34.6,40.0,97.0,0.0,17.0,97.0,0.0,499.0,277.0,222.0,358.1,9.1,True
2020-05-31 16:00:00,4136001,3998.5761904761903,4082.2841666666664,3998.5761904761903,4082.2841666666664,22.0,29.121774808908047,31.819254515517244,0.12880010295459768,34.9,38.0,99.0,7.0,51.0,99.0,0.0,301.0,137.0,164.0,228.5,7.7,True
2020-05-31 17:00:00,4136001,1616.9069047619048,1666.9092857142855,1616.9069047619048,1666.9092857142855,22.0,29.564060844827587,30.41992908649425,0.05234891299022985,33.2,47.0,100.0,0.0,4.0,89.0,4.0,156.0,39.0,117.0,99.7,3.4,True
2020-05-31 18:00:00,4136001,410.2895238095238,424.42154761904766,410.2895238095238,424.42154761904766,22.0,29.04376616867816,28.56269676408046,0.013715851540864923,32.4,52.0,91.0,0.0,3.0,91.0,0.0,78.0,25.0,53.0,153.0,2.5,True
2020-05-31 19:00:00,4136001,0.0,0.0,0.0,0.0,22.0,25.605218524999998,23.90434160862069,0.0006486972271120199,32.0,51.0,96.0,0.0,26.0,96.0,0.0,1.0,0.0,1.0,0.0,1.5,True
2020-05-31 20:00:00,4136001,0.0,0.0,0.0,0.0,22.0,25.94875249454023,24.3317360545977,0.0006029907202741,30.6,57.0,94.0,2.0,43.0,92.0,0.0,0.0,0.0,0.0,0.0,4.1,True
2020-05-31 21:00:00,4136001,0.0,0.0,0.0,0.0,22.0,25.520977082471266,24.280801712068964,9.596595e-07,29.2,63.0,94.0,0.0,31.0,92.0,0.0,0.0,0.0,0.0,0.0,8.4,True
2020-05-31 22:00:00,4136001,0.0,0.0,0.0,0.0,22.0,25.178689072126435,24.961856753160916,1.3567656336206898e-05,27.7,72.0,94.0,0.0,34.0,92.0,0.8,0.0,0.0,0.0,0.0,10.7,True
2020-05-31 23:00:00,4136001,0.0,0.0,0.0,0.0,22.0,24.836088405747127,24.39830129913793,0.0,26.1,84.0,96.0,10.0,29.0,95.0,4.8,0.0,0.0,0.0,0.0,14.0,True
2020-06-01 00:00:00,4136001,0.0,0.0,0.0,0.0,22.0,24.880071880459766,23.82408873534483,0.0,25.8,85.0,96.0,3.0,17.0,95.0,0.4,0.0,0.0,0.0,0.0,14.4,True
2020-06-01 01:00:00,4136001,0.0,0.0,0.0,0.0,22.0,24.69562627902299,23.438040214367813,0.0,25.3,86.0,96.0,11.0,17.0,95.0,1.2,0.0,0.0,0.0,0.0,14.1,True
2020-06-01 02:00:00,4136001,0.0,0.0,0.0,0.0,22.0,24.166674739367814,23.003428169540232,0.0,24.2,88.0,96.0,0.0,9.0,96.0,6.4,0.0,0.0,0.0,0.0,15.8,True
2020-06-01 03:00:00,4136001,0.0,0.0,0.0,0.0,22.0,23.76696403333333,23.09631602816092,0.0,24.0,87.0,97.0,7.0,16.0,97.0,0.0,0.0,0.0,0.0,0.0,11.9,True
2020-06-01 04:00:00,4136001,0.0,0.0,0.0,0.0,22.0,23.614054037068964,22.632176477873564,0.0,24.1,86.0,98.0,13.0,9.0,98.0,0.0,0.0,0.0,0.0,0.0,9.4,True
2020-06-01 05:00:00,4136001,0.0,0.0,0.0,0.0,22.0,23.3252038295977,22.44989809454023,0.0001902959665517,24.5,91.0,97.0,39.0,20.0,96.0,0.0,0.0,0.0,0.0,0.0,7.7,True
2020-06-01 06:00:00,4136001,1148.0761904761903,1183.4911904761905,1148.0761904761903,1183.4911904761905,22.0,23.833097042528735,23.804101261206895,0.035968278180862,24.9,88.0,94.0,2.0,12.0,94.0,0.0,11.0,1.0,10.0,10.7,4.8,True
2020-06-01 07:00:00,4136001,4200.414642857143,4288.907142857142,4200.414642857143,4288.907142857142,22.0,25.06892992988506,28.583131824425287,0.12750046725402295,26.0,81.0,93.0,0.0,11.0,93.0,0.0,136.0,45.0,91.0,175.1,3.2,True
2020-06-01 08:00:00,4136001,9036.333095238095,9215.926785714286,9036.333095238095,9215.926785714286,22.0,26.104725293390803,31.420059926436785,0.30188094292816087,28.0,69.0,95.0,20.0,11.0,95.0,0.0,345.0,196.0,149.0,409.1,4.1,True
2020-06-01 09:00:00,4136001,19355.137738095236,19794.194047619047,19355.137738095236,19794.194047619047,22.0,28.553858849999997,44.32019190114943,0.7402988217327586,30.0,59.0,89.0,9.0,8.0,88.0,0.0,543.0,332.0,211.0,491.9,6.4,True
2020-06-01 10:00:00,4136001,18444.64107142857,18876.2325,18444.64107142857,18876.2325,22.0,29.84609796091954,47.94436079310345,0.6380775657758619,31.7,52.0,83.0,8.0,6.0,82.0,0.0,689.0,443.0,246.0,533.0,6.4,True
2020-06-01 11:00:00,4136001,11393.541904761903,11625.763333333332,11393.541904761903,11625.763333333332,22.0,30.60710433045977,41.82167113103448,0.40240798395402294,32.7,49.0,73.0,28.0,22.0,67.0,0.0,756.0,519.0,237.0,553.8,4.8,True
2020-06-01 12:00:00,4136001,17816.001547619046,18246.543214285713,17816.001547619046,18246.543214285713,22.0,32.51237481724138,51.84970101149425,0.817254826454023,33.5,47.0,31.0,17.0,22.0,13.0,0.4,822.0,564.0,258.0,572.3,2.9,True
2020-06-01 13:00:00,4136001,3627.008452380953,3707.1590476190477,3627.008452380953,3707.1590476190477,22.0,28.04717174583333,32.06091574166667,0.11453583302916664,34.2,45.0,69.0,67.0,17.0,9.0,0.0,807.0,576.0,231.0,591.8,3.4,True
2020-06-01 14:00:00,4136001,1428.4041666666667,1474.0746428571429,1428.4041666666667,1474.0746428571429,22.0,25.68760701321839,25.615773859770115,0.04299905501379307,34.7,43.0,68.0,31.0,65.0,7.0,0.0,723.0,517.0,206.0,573.8,5.1,True
2020-06-01 15:00:00,4136001,1435.6307142857142,1481.922857142857,1435.6307142857142,1481.922857142857,22.0,25.762787963505744,26.28959771005747,0.043067786058620626,32.4,51.0,21.0,4.0,15.0,12.0,0.8,445.0,262.0,183.0,338.6,10.7,True
2020-06-01 16:00:00,4136001,2403.205595238095,2468.1623809523808,2403.205595238095,2468.1623809523808,22.0,25.676401953735635,27.11764166264368,0.07195084219166663,32.6,50.0,45.0,15.0,20.0,38.0,0.0,401.0,248.0,153.0,413.3,5.6,True
2020-06-01 17:00:00,4136001,842.5741819291819,869.8253418803419,675.0516300366301,697.0771794871795,22.0,24.741159120483342,24.43493113191866,0.0281046120629531,28.899999999999995,71.0,46.0,13.0,23.0,92.0,1.2000000000000002,210.0,109.0,101.0,278.0,3.4,True
2020-06-01 18:00:00,4136001,0.0,0.0,0.0,0.0,22.0,23.587878258045976,23.340126852801724,0.00035482546865156376,27.9,80.0,98.0,3.0,71.0,96.0,18.8,61.0,12.0,49.0,73.3,7.7,True
2020-06-01 19:00:00,4136001,0.0,0.0,0.0,0.0,22.0,23.512759158908043,23.287318304310347,0.0,25.7,90.0,100.0,45.0,38.0,99.0,34.0,1.0,0.0,1.0,0.0,10.6,True
2020-06-01 20:00:00,4136001,0.0,0.0,0.0,0.0,22.0,23.249565605172414,22.943955563505742,0.0,25.6,93.0,100.0,6.0,10.0,100.0,1.2,0.0,0.0,0.0,0.0,8.7,True
2020-06-01 21:00:00,4136001,0.0,0.0,0.0,0.0,22.0,23.451110801724138,23.042943955747123,0.0,25.7,93.0,99.0,6.0,7.0,99.0,1.2,0.0,0.0,0.0,0.0,10.1,True
2020-06-01 22:00:00,4136001,0.0,0.0,0.0,0.0,22.0,23.658444952873566,23.264234456609195,0.0,25.6,90.0,100.0,7.0,16.0,100.0,0.8,0.0,0.0,0.0,0.0,8.8,True
2020-06-01 23:00:00,4136001,0.0,0.0,0.0,0.0,22.0,23.627934357471265,23.250957727873562,0.0,25.4,92.0,100.0,16.0,47.0,100.0,2.4,0.0,0.0,0.0,0.0,1.8,True
2020-06-02 00:00:00,4136001,0.0,0.0,0.0,0.0,22.0,23.452982956321836,22.523272358908045,0.0,25.0,94.0,100.0,17.0,22.0,100.0,0.4,0.0,0.0,0.0,0.0,2.8,True
2020-06-02 01:00:00,4136001,0.0,0.0,0.0,0.0,22.0,23.305084811494254,22.09417292816092,0.0,24.6,89.0,100.0,23.0,23.0,100.0,12.4,0.0,0.0,0.0,0.0,1.1,True
2020-06-02 02:00:00,4136001,0.0,0.0,0.0,0.0,22.0,23.1056995862069,21.836481225862073,0.0,24.2,93.0,100.0,0.0,15.0,100.0,2.0,0.0,0.0,0.0,0.0,4.7,True
2020-06-02 03:00:00,4136001,0.0,0.0,0.0,0.0,22.0,23.04962066695402,21.9067546408046,0.0,24.4,91.0,100.0,0.0,16.0,100.0,0.4,0.0,0.0,0.0,0.0,7.6,True
2020-06-02 04:00:00,4136001,0.0,0.0,0.0,0.0,22.0,23.093783234195406,22.239687399712643,0.0,24.4,88.0,100.0,0.0,29.0,100.0,0.0,0.0,0.0,0.0,0.0,8.5,True
2020-06-02 05:00:00,4136001,1.2945238095238094,1.3414285714285712,1.2945238095238094,1.3414285714285712,22.0,22.99684687988506,22.089144704885054,0.0005629457923017,24.4,86.0,100.0,1.0,30.0,100.0,0.0,0.0,0.0,0.0,0.0,6.5,True
2020-06-02 06:00:00,4136001,2389.551071428571,2447.990238095238,2389.551071428571,2447.990238095238,22.0,23.287169622126434,23.194187013505747,0.07297642368160913,25.0,82.0,100.0,0.0,11.0,100.0,0.0,13.0,0.0,13.0,0.0,6.1,True
2020-06-02 07:00:00,4136001,7099.2775,7226.931071428571,7099.2775,7226.931071428571,22.0,24.770701548850575,27.41960285747126,0.24174610722988502,26.2,74.0,95.0,0.0,15.0,95.0,0.0,125.0,23.0,102.0,89.6,8.4,True
2020-06-02 08:00:00,4136001,11790.957738095238,12029.156547619046,11790.957738095238,12029.156547619046,22.0,26.268908964080456,33.84721801982758,0.38725733379022986,27.8,66.0,95.0,0.0,9.0,94.0,0.0,313.0,141.0,172.0,294.5,11.3,True
2020-06-02 09:00:00,4136001,13457.665238095238,13736.174166666668,13457.665238095238,13736.174166666668,22.0,27.43910457356322,35.04361024022989,0.4323660801982758,29.4,59.0,98.0,6.0,5.0,98.0,0.0,504.0,275.0,229.0,407.7,15.8,True
2020-06-02 10:00:00,4136001,14606.52,14917.866785714286,14606.52,14917.866785714286,22.0,28.474977153160918,39.98080845775863,0.49705028704310344,31.3,51.0,94.0,0.0,0.0,95.0,0.0,710.0,465.0,245.0,559.8,14.7,True
2020-06-02 11:00:00,4136001,11545.808095238095,11816.857023809524,11545.808095238095,11816.857023809524,22.0,29.911298397126433,48.9710538454023,0.7417658890172414,32.6,48.0,92.0,5.0,3.0,92.0,0.0,875.0,675.0,200.0,720.6,16.6,True
2020-06-02 12:00:00,4136001,7887.848095238096,8076.452738095238,7887.848095238096,8076.452738095238,22.0,31.827209634482756,60.05966782672414,0.8972976864109196,33.9,44.0,95.0,5.0,15.0,94.0,0.0,914.0,727.0,187.0,737.9,18.1,True
2020-06-02 13:00:00,4136001,14486.338095238096,14842.128095238095,14486.338095238096,14842.128095238095,22.0,33.029561939080466,56.45105995660919,0.8155384895258619,32.9,45.0,97.0,0.0,42.0,95.0,1.6,847.0,642.0,205.0,659.8,19.1,True
2020-06-02 14:00:00,4136001,15612.7675,15990.098333333333,15612.7675,15990.098333333333,22.0,33.0097028954023,54.312019516666666,0.7403245491551724,32.2,48.0,95.0,1.0,70.0,92.0,1.2,656.0,411.0,245.0,456.2,15.3,True
2020-06-02 15:00:00,4136001,14565.323809523808,14887.979642857143,14565.323809523808,14887.979642857143,22.0,32.33449562758621,45.72250754454023,0.44384119036408043,31.1,53.0,86.0,67.0,39.0,70.0,0.4,517.0,300.0,217.0,387.6,24.5,True
2020-06-02 16:00:00,4136001,4469.025,4562.4625,4469.025,4562.4625,22.0,31.84740486321839,41.82643465028736,0.38665815738505743,30.9,53.0,57.0,0.0,32.0,48.0,0.0,356.0,191.0,165.0,318.0,19.1,True
2020-06-02 17:00:00,4136001,7777.003214285714,7922.509285714286,7777.003214285714,7922.509285714286,22.0,30.497593585632185,35.96466484396552,0.23569515135632182,32.5,44.0,78.0,7.0,24.0,78.0,0.0,225.0,120.0,105.0,305.5,13.5,True
2020-06-02 18:00:00,4136001,1378.0215476190476,1415.0433333333335,1378.0215476190476,1415.0433333333335,22.0,28.539892494540226,28.99233350316092,0.044074303873839024,30.8,50.0,80.0,14.0,25.0,74.0,0.0,68.0,26.0,42.0,158.0,13.4,True
2020-06-02 19:00:00,4136001,0.0,0.0,0.0,0.0,22.0,27.23782233908046,25.82317821551724,0.0,29.9,52.0,79.0,0.0,22.0,74.0,0.0,1.0,0.0,1.0,0.0,16.3,True
2020-06-02 20:00:00,4136001,0.0,0.0,0.0,0.0,22.0,26.62481666810345,25.49211715402299,0.0,28.8,57.0,84.0,0.0,13.0,83.0,0.0,0.0,0.0,0.0,0.0,10.5,True
2020-06-02 21:00:00,4136001,0.0,0.0,0.0,0.0,22.0,25.966885115229886,24.91925711551724,0.0,28.2,59.0,93.0,0.0,4.0,93.0,0.0,0.0,0.0,0.0,0.0,10.6,True
2020-06-02 22:00:00,4136001,0.0,0.0,0.0,0.0,22.0,25.35449520172414,24.082001721264366,0.0,27.7,61.0,95.0,0.0,9.0,95.0,0.0,0.0,0.0,0.0,0.0,14.8,True
2020-06-02 23:00:00,4136001,0.0,0.0,0.0,0.0,22.0,25.031668830459772,24.405360037643682,0.0,26.9,64.0,95.0,0.0,11.0,95.0,0.0,0.0,0.0,0.0,0.0,15.4,True
2020-06-03 00:00:00,4136001,0.0,0.0,0.0,0.0,22.0,25.01124883304598,24.60128365086207,0.0,26.1,68.0,96.0,0.0,24.0,95.0,0.0,0.0,0.0,0.0,0.0,14.0,True
2020-06-03 01:00:00,4136001,0.0,0.0,0.0,0.0,22.0,24.305683339655168,23.509701047126434,0.0,25.7,70.0,98.0,0.0,90.0,93.0,0.0,0.0,0.0,0.0,0.0,13.0,True
2020-06-03 02:00:00,4136001,0.0,0.0,0.0,0.0,22.0,24.072836162356325,23.237947468390807,0.0,25.6,70.0,98.0,0.0,86.0,90.0,0.0,0.0,0.0,0.0,0.0,12.8,True
2020-06-03 03:00:00,4136001,0.0,0.0,0.0,0.0,22.0,23.769237960632182,22.996631017528735,0.0,25.6,71.0,98.0,0.0,87.0,91.0,0.0,0.0,0.0,0.0,0.0,12.9,True
2020-06-03 04:00:00,4136001,0.0,0.0,0.0,0.0,22.0,23.89063752787356,23.326922603160924,0.0,25.5,70.0,99.0,0.0,92.0,91.0,0.0,0.0,0.0,0.0,0.0,13.4,True
2020-06-03 05:00:00,4136001,0.0,0.0,0.0,0.0,22.0,23.812069485632186,22.944538881896555,0.000116449643499975,25.5,72.0,94.0,0.0,90.0,99.0,0.0,0.0,0.0,0.0,0.0,9.0,True
2020-06-03 06:00:00,4136001,1046.0341666666668,1078.5384523809523,1046.0341666666668,1078.5384523809523,22.0,23.85915165229885,23.680646308908045,0.03468740709439652,25.8,71.0,98.0,0.0,87.0,97.0,0.0,8.0,0.0,8.0,0.0,10.8,True
2020-06-03 07:00:00,4136001,4746.829285714286,4847.687738095237,4746.829285714286,4847.687738095237,22.0,24.805235533908046,27.29350719109195,0.16357261151379304,26.4,68.0,98.0,0.0,73.0,97.0,0.0,59.0,8.0,51.0,31.2,11.4,True
2020-06-03 08:00:00,4136001,10276.199166666665,10476.104642857143,10276.199166666665,10476.104642857143,22.0,26.34057256752873,33.51961597557471,0.34444712499137925,27.2,66.0,91.0,1.0,41.0,91.0,0.0,165.0,35.0,130.0,73.2,13.1,True
2020-06-03 09:00:00,4136001,12244.703095238096,12496.234166666665,12244.703095238096,12496.234166666665,22.0,27.38313328821839,35.79030011321839,0.389717845683908,29.5,56.0,71.0,45.0,19.0,49.0,0.0,461.0,266.0,195.0,394.6,21.7,True
2020-06-03 10:00:00,4136001,8686.325119047619,8864.405357142858,8686.325119047619,8864.405357142858,22.0,28.217649130459773,38.43229072959771,0.45020560849712643,31.0,50.0,70.0,3.0,59.0,37.0,0.0,660.0,416.0,244.0,501.1,19.9,True
2020-06-03 11:00:00,4136001,10986.219285714285,11237.89380952381,10986.219285714285,11237.89380952381,22.0,29.67187004281609,44.64032421264368,0.6233337423764368,32.5,44.0,95.0,41.0,92.0,43.0,0.0,721.0,362.0,359.0,386.7,22.6,True
2020-06-03 12:00:00,4136001,9919.058571428572,10143.579642857143,9919.058571428572,10143.579642857143,22.0,30.345372400000002,43.66784597155173,0.5552839733448275,32.6,43.0,91.0,44.0,91.0,5.0,0.0,610.0,172.0,438.0,174.6,22.6,True
2020-06-03 13:00:00,4136001,9876.327261904762,10109.24238095238,12778.146428571428,13095.406547619048,22.0,28.11236435675287,34.03560039382184,0.3020071149051724,33.1,42.0,94.0,48.0,94.0,17.0,0.0,634.0,302.0,332.0,310.4,23.7,True
2020-06-03 14:00:00,4136001,13196.480158730157,13492.007142857145,9897.360119047618,10119.005357142858,22.0,29.876392760408688,41.49453957650064,0.5777620356283525,32.7,43.0,92.0,0.0,38.0,91.0,0.0,604.0,278.0,326.0,308.5,24.2,True
2020-06-03 15:00:00,4136001,12328.895714285714,12595.654047619046,12328.895714285714,12595.654047619046,22.0,30.0162075362069,41.92086099655172,0.49607758866091956,31.7,47.0,88.0,17.0,27.0,85.0,0.0,458.0,228.0,230.0,294.5,23.1,True
2020-06-03 16:00:00,4136001,7039.320714285714,7172.941428571428,7039.320714285714,7172.941428571428,22.0,29.069256666666668,34.188523485919546,0.22054336546551723,30.6,51.0,78.0,1.0,6.0,78.0,0.0,244.0,107.0,137.0,178.0,21.4,True
2020-06-03 17:00:00,4136001,3781.9264285714285,3865.7598809523806,3781.9264285714285,3865.7598809523806,22.0,27.385194190804597,29.677503260632186,0.11748597667614938,29.9,54.0,87.0,3.0,77.0,94.0,0.0,222.0,116.0,106.0,294.7,18.7,True
2020-06-03 18:00:00,4136001,682.0701190476191,704.2446428571428,682.0701190476191,704.2446428571428,22.0,26.48057924770115,26.493812097126433,0.022859157139913776,29.4,55.0,94.0,0.0,49.0,90.0,0.0,45.0,3.0,42.0,18.1,16.7,True
2020-06-03 19:00:00,4136001,0.0,0.0,0.0,0.0,22.0,25.387606558045977,24.268982916091954,0.0,28.5,58.0,83.0,0.0,1.0,83.0,0.0,2.0,0.0,2.0,0.0,15.3,True
2020-06-03 20:00:00,4136001,0.0,0.0,0.0,0.0,22.0,24.682487662931035,23.952317194252878,0.0,27.8,60.0,96.0,0.0,1.0,96.0,0.0,0.0,0.0,0.0,0.0,16.8,True
2020-06-03 21:00:00,4136001,0.0,0.0,0.0,0.0,22.0,24.094730972988508,23.340085955459774,0.0,27.1,63.0,100.0,0.0,0.0,100.0,0.0,0.0,0.0,0.0,0.0,17.3,True
2020-06-03 22:00:00,4136001,0.0,0.0,0.0,0.0,22.0,23.76248240143678,22.841187799137934,0.0,26.6,65.0,99.0,0.0,0.0,99.0,0.0,0.0,0.0,0.0,0.0,17.1,True
2020-06-03 23:00:00,4136001,0.0,0.0,0.0,0.0,22.0,23.80448342758621,22.863977984195405,0.0,26.0,67.0,96.0,0.0,0.0,96.0,0.0,0.0,0.0,0.0,0.0,15.8,True
2020-06-04 00:00:00,4136001,0.0,0.0,0.0,0.0,22.0,23.50827306954023,22.680585460632187,0.0,25.4,71.0,95.0,0.0,2.0,95.0,0.0,0.0,0.0,0.0,0.0,14.8,True
2020-06-04 01:00:00,4136001,0.0,0.0,0.0,0.0,22.0,23.518839136309523,22.530584897126438,0.0,25.1,73.0,95.0,0.0,6.0,95.0,0.0,0.0,0.0,0.0,0.0,14.6,True
2020-06-04 02:00:00,4136001,0.0,0.0,0.0,0.0,22.0,23.481203918965516,22.45279295862069,0.0,24.8,75.0,98.0,0.0,5.0,98.0,0.0,0.0,0.0,0.0,0.0,16.6,True
2020-06-04 03:00:00,4136001,0.0,0.0,0.0,0.0,22.0,23.383310616666666,22.087018540517242,0.0,24.7,77.0,96.0,0.0,12.0,96.0,0.0,0.0,0.0,0.0,0.0,16.1,True
2020-06-04 04:00:00,4136001,0.0,0.0,0.0,0.0,22.0,23.095210081896553,21.458599497126436,0.0,24.6,79.0,93.0,0.0,32.0,91.0,0.0,0.0,0.0,0.0,0.0,15.5,True
2020-06-04 05:00:00,4136001,0.0,0.0,0.0,0.0,22.0,23.23754183333333,22.06143621724138,8.9025761534475e-05,24.6,81.0,92.0,0.0,37.0,95.0,0.0,0.0,0.0,0.0,0.0,13.8,True
2020-06-04 06:00:00,4136001,1069.5830952380952,1103.1025,1069.5830952380952,1103.1025,22.0,23.607717645402296,23.346530841091955,0.035494053585747073,25.2,79.0,100.0,2.0,100.0,94.0,0.4,11.0,1.0,10.0,10.7,13.5,True
2020-06-04 07:00:00,4136001,5170.1392857142855,5270.639642857143,5170.1392857142855,5270.639642857143,22.0,24.766827892528735,28.38452917528736,0.16593117742758623,25.1,82.0,96.0,0.0,61.0,93.0,1.6,43.0,4.0,39.0,15.6,10.2,True
2020-06-04 08:00:00,4136001,10611.819285714286,10821.898333333333,10611.819285714286,10821.898333333333,22.0,26.085492587068963,34.26369979827586,0.3468141893620689,26.4,74.0,92.0,0.0,53.0,88.0,0.0,199.0,62.0,137.0,129.7,12.5,True
2020-06-04 09:00:00,4136001,14191.668095238096,14493.032738095239,14191.668095238096,14493.032738095239,22.0,27.206774860632187,38.344492504022995,0.47199042517241374,28.4,63.0,64.0,43.0,47.0,30.0,0.0,381.0,198.0,183.0,294.0,18.0,True
2020-06-04 10:00:00,4136001,11227.196547619047,11478.782380952382,11227.196547619047,11478.782380952382,22.0,28.536154648850577,42.16048676149425,0.5581078182844827,30.1,57.0,48.0,18.0,14.0,38.0,0.0,517.0,259.0,258.0,312.2,17.6,True
2020-06-04 11:00:00,4136001,14859.310238095239,15216.204761904763,14859.310238095239,15216.204761904763,22.0,29.899079445689654,49.064597625287355,0.8162111631206896,31.8,51.0,55.0,13.0,13.0,49.0,0.0,760.0,533.0,227.0,569.6,19.7,True
2020-06-04 12:00:00,4136001,14938.011904761905,15304.61488095238,14938.011904761905,15304.61488095238,22.0,32.06823763649426,55.15556533735632,0.8887426554396551,32.3,48.0,88.0,3.0,4.0,88.0,0.0,843.0,580.0,263.0,589.1,19.1,True
2020-06-04 13:00:00,4136001,11177.082261904761,11439.921071428571,11177.082261904761,11439.921071428571,22.0,32.30363339712644,52.53979562902299,0.6893911300833333,32.6,46.0,98.0,5.0,10.0,98.0,0.0,790.0,479.0,311.0,492.4,19.6,True
2020-06-04 14:00:00,4136001,9739.46261904762,9935.67130952381,9739.46261904762,9935.67130952381,22.0,29.616124981609197,37.58242551637931,0.35504988170402296,33.0,45.0,98.0,6.0,17.0,98.0,0.0,745.0,445.0,300.0,493.8,18.9,True
2020-06-04 15:00:00,4136001,10426.472023809523,10629.406904761905,10426.472023809523,10629.406904761905,22.0,28.578436270689654,35.65006407385057,0.32360046955747124,32.6,46.0,100.0,8.0,21.0,100.0,0.0,605.0,410.0,195.0,529.3,20.1,True
2020-06-04 16:00:00,4136001,7869.81619047619,8016.439880952381,7869.81619047619,8016.439880952381,22.0,27.98695263821839,33.10373060948275,0.23961616516091952,32.5,45.0,98.0,8.0,18.0,97.0,0.4,462.0,285.0,177.0,473.6,21.5,True
2020-06-04 17:00:00,4136001,4100.373095238096,4190.1125,4100.373095238096,4190.1125,22.0,28.0208131295977,31.037245991379308,0.12745958134482754,31.4,46.0,95.0,0.0,3.0,99.0,0.0,225.0,98.0,127.0,248.5,18.8,True
2020-06-04 18:00:00,4136001,816.4448809523809,842.774880952381,816.4448809523809,842.774880952381,22.0,27.426303428448275,27.196445729022987,0.027147821653520074,29.9,52.0,97.0,0.0,2.0,97.0,0.0,87.0,32.0,55.0,192.0,14.8,True
2020-06-04 19:00:00,4136001,0.0,0.0,0.0,0.0,22.0,26.602976061206896,25.386106341666668,0.0,28.8,56.0,97.0,0.0,6.0,97.0,0.0,2.0,0.0,2.0,0.0,11.9,True
2020-06-04 20:00:00,4136001,0.0,0.0,0.0,0.0,22.0,25.199073047988506,23.996066319252876,0.0,28.1,60.0,98.0,0.0,10.0,98.0,0.0,0.0,0.0,0.0,0.0,11.9,True
2020-06-04 21:00:00,4136001,0.0,0.0,0.0,0.0,22.0,24.56502705316092,22.8108210954023,0.0,27.9,61.0,99.0,0.0,7.0,99.0,0.0,0.0,0.0,0.0,0.0,13.5,True
2020-06-04 22:00:00,4136001,0.0,0.0,0.0,0.0,22.0,24.315366481034484,23.11473504597701,4.926364326665e-05,27.5,63.0,90.0,0.0,4.0,90.0,0.0,0.0,0.0,0.0,0.0,13.1,True
2020-06-04 23:00:00,4136001,0.0,0.0,0.0,0.0,22.0,24.309172689655174,23.52917712902299,0.0,26.8,67.0,87.0,0.0,4.0,87.0,0.0,0.0,0.0,0.0,0.0,14.2,True
2020-06-05 00:00:00,4136001,0.0,0.0,0.0,0.0,22.0,23.931655109770116,22.54182097557471,0.0,26.1,70.0,89.0,0.0,3.0,89.0,0.0,0.0,0.0,0.0,0.0,13.9,True
2020-06-05 01:00:00,4136001,0.0,0.0,0.0,0.0,22.0,23.29312119281609,21.58250203764368,0.0,25.5,73.0,91.0,0.0,6.0,90.0,0.0,0.0,0.0,0.0,0.0,12.9,True
2020-06-05 02:00:00,4136001,0.0,0.0,0.0,0.0,22.0,23.03567999195402,21.480465774137933,0.0,25.1,76.0,94.0,0.0,4.0,94.0,0.0,0.0,0.0,0.0,0.0,13.0,True
2020-06-05 03:00:00,4136001,0.0,0.0,0.0,0.0,22.0,23.183823688793105,21.99024125603448,0.0,24.6,79.0,29.0,0.0,2.0,28.0,0.0,0.0,0.0,0.0,0.0,12.6,True
2020-06-05 04:00:00,4136001,0.0,0.0,0.0,0.0,22.0,23.490665819540226,22.38702567902299,0.0,24.2,82.0,18.0,0.0,1.0,17.0,0.0,0.0,0.0,0.0,0.0,12.0,True
2020-06-05 05:00:00,4136001,0.0,0.0,0.0,0.0,22.0,23.49770722471264,22.62057861925288,0.00023674116675,24.2,81.0,3.0,0.0,1.0,1.0,0.0,0.0,0.0,0.0,0.0,9.9,True
2020-06-05 06:00:00,4136001,1184.8946428571428,1219.5936904761904,1184.8946428571428,1219.5936904761904,22.0,23.633294435632187,23.639648027298854,0.040030494448850554,24.8,78.0,1.0,0.0,1.0,0.0,0.0,18.0,4.0,14.0,42.8,10.8,True
2020-06-05 07:00:00,4136001,4655.125952380953,4749.6580952380955,4655.125952380953,4749.6580952380955,22.0,24.69485709137931,28.34860705948276,0.15459172206752872,26.2,72.0,48.0,0.0,14.0,39.0,0.0,162.0,88.0,74.0,343.8,13.0,True
2020-06-05 08:00:00,4136001,12246.984285714285,12499.619166666667,12246.984285714285,12499.619166666667,22.0,26.44539941465517,37.255380550862064,0.42136908497413794,27.9,63.0,69.0,0.0,17.0,63.0,0.0,348.0,227.0,121.0,475.4,15.0,True
2020-06-05 09:00:00,4136001,16731.0425,17118.692976190476,16731.0425,17118.692976190476,22.0,28.53166339712644,45.41292230545977,0.7119077911982759,29.6,56.0,83.0,0.0,18.0,79.0,0.0,554.0,399.0,155.0,592.8,16.8,True
2020-06-05 10:00:00,4136001,14372.884166666667,14729.059166666666,14372.884166666667,14729.059166666666,22.0,30.495267621264368,54.192188314367826,0.8682020264885058,30.8,52.0,85.0,13.0,14.0,82.0,0.4,731.0,567.0,164.0,683.8,18.4,True
2020-06-05 11:00:00,4136001,12851.27642857143,13163.420238095237,12851.27642857143,13163.420238095237,22.0,31.631126905172415,54.3257932816092,0.7725812908908045,31.8,48.0,82.0,8.0,13.0,79.0,0.8,759.0,531.0,228.0,567.7,15.9,True
2020-06-05 12:00:00,4136001,17018.981190476192,17447.80988095238,17018.981190476192,17447.80988095238,22.0,32.78993595517242,57.34058060632184,0.9269888240689654,33.0,44.0,81.0,8.0,27.0,78.0,1.2,885.0,675.0,210.0,685.8,15.3,True
2020-06-05 13:00:00,4136001,10966.860238095238,11223.777023809524,10966.860238095238,11223.777023809524,22.0,32.64050240488506,49.42343631954022,0.5820511793390805,33.3,44.0,80.0,0.0,35.0,70.0,0.8,756.0,502.0,254.0,516.1,14.5,True
2020-06-05 14:00:00,4136001,9456.625119047618,9633.697976190477,9456.625119047618,9633.697976190477,22.0,29.924124504022988,35.103718947413796,0.2823463872643678,33.5,43.0,94.0,28.0,26.0,91.0,0.4,692.0,481.0,211.0,533.7,15.1,True
2020-06-05 15:00:00,4136001,10657.181547619048,10865.27869047619,10657.181547619048,10865.27869047619,22.0,29.33785158132184,35.94406519022988,0.3229271829425287,33.4,43.0,97.0,1.0,18.0,96.0,0.0,575.0,385.0,190.0,496.8,15.5,True
2020-06-05 16:00:00,4136001,9881.689761904761,10071.365,9881.689761904761,10071.365,22.0,30.177323482471262,36.263540291666665,0.29821565177873555,33.0,43.0,99.0,3.0,18.0,99.0,0.0,417.0,229.0,188.0,380.2,17.4,True
2020-06-05 17:00:00,4136001,6095.833452380952,6216.254404761905,6095.833452380952,6216.254404761905,22.0,30.51429745804598,34.37056058620689,0.18591726807614942,32.6,42.0,100.0,1.0,19.0,100.0,0.4,211.0,95.0,116.0,240.4,16.2,True
2020-06-05 18:00:00,4136001,715.0990476190476,738.6523809523809,715.0990476190476,738.6523809523809,22.0,28.415621938218393,28.123899913793103,0.024284935634497073,30.9,48.0,100.0,14.0,39.0,100.0,0.4,77.0,21.0,56.0,125.2,16.0,True
2020-06-05 19:00:00,4136001,0.0,0.0,0.0,0.0,22.0,27.60231767873563,26.76402915229885,0.0,29.7,55.0,95.0,0.0,29.0,94.0,0.0,1.0,0.0,1.0,0.0,15.9,True
2020-06-05 20:00:00,4136001,0.0,0.0,0.0,0.0,22.0,26.856238618678162,25.548913447126434,0.0,29.0,59.0,94.0,1.0,26.0,93.0,0.0,0.0,0.0,0.0,0.0,13.6,True
2020-06-05 21:00:00,4136001,0.0,0.0,0.0,0.0,22.0,26.041860069827585,24.44128606235632,0.0,28.4,62.0,94.0,0.0,16.0,93.0,0.0,0.0,0.0,0.0,0.0,15.0,True
2020-06-05 22:00:00,4136001,0.0,0.0,0.0,0.0,22.0,25.312305505747126,23.62147751408046,0.0,27.9,64.0,92.0,0.0,9.0,92.0,0.0,0.0,0.0,0.0,0.0,12.6,True
2020-06-05 23:00:00,4136001,0.0,0.0,0.0,0.0,22.0,24.49987943304598,22.49080227643678,0.0,27.2,67.0,94.0,0.0,8.0,94.0,0.0,0.0,0.0,0.0,0.0,11.3,True
2020-06-06 00:00:00,4136001,0.0,0.0,0.0,0.0,22.0,24.019374362068962,22.00221207557471,0.0,26.6,69.0,92.0,0.0,8.0,91.0,0.0,0.0,0.0,0.0,0.0,14.4,True
2020-06-06 01:00:00,4136001,0.0,0.0,0.0,0.0,22.0,23.312760736781613,21.097191995689652,0.0,25.8,72.0,92.0,0.0,7.0,92.0,0.0,0.0,0.0,0.0,0.0,16.4,True
2020-06-06 02:00:00,4136001,0.0,0.0,0.0,0.0,22.0,23.57161172270115,21.562189343103448,0.0,25.2,76.0,96.0,0.0,6.0,96.0,0.0,0.0,0.0,0.0,0.0,15.4,True
2020-06-06 03:00:00,4136001,0.0,0.0,0.0,0.0,22.0,23.36396351551724,21.35671264454023,0.0,24.7,79.0,95.0,3.0,6.0,95.0,0.0,0.0,0.0,0.0,0.0,14.1,True
2020-06-06 04:00:00,4136001,0.0,0.0,0.0,0.0,22.0,22.851406804597698,20.74616328764368,0.0,24.5,80.0,94.0,4.0,6.0,94.0,0.0,0.0,0.0,0.0,0.0,15.2,True
2020-06-06 05:00:00,4136001,0.0,0.0,0.0,0.0,22.0,22.665397460057473,21.17955492126437,0.0005972256984999749,24.3,80.0,97.0,2.0,5.0,96.0,0.0,0.0,0.0,0.0,0.0,14.0,True
2020-06-06 06:00:00,4136001,1686.9690476190476,1734.0220238095237,1686.9690476190476,1734.0220238095237,22.0,23.5045417933908,22.854170604597705,0.0542996059097988,24.8,78.0,96.0,4.0,7.0,96.0,0.0,17.0,2.0,15.0,21.4,13.4,True
2020-06-06 07:00:00,4136001,3240.4716666666664,3317.4239285714284,3240.4716666666664,3317.4239285714284,22.0,24.565669802586207,26.226867691379308,0.1052968740905172,26.1,72.0,95.0,2.0,2.0,94.0,0.0,156.0,76.0,80.0,297.4,14.4,True
2020-06-06 08:00:00,4136001,13128.695476190474,13404.812976190475,13128.695476190474,13404.812976190475,22.0,26.54744194454023,35.50221579597701,0.468920970292816,28.0,64.0,95.0,2.0,1.0,95.0,0.0,338.0,203.0,135.0,425.6,13.6,True
2020-06-06 09:00:00,4136001,14623.559523809523,14958.842023809524,14623.559523809523,14958.842023809524,22.0,28.93352037183908,45.99096083132183,0.7228328586149425,29.7,57.0,95.0,11.0,20.0,95.0,0.0,544.0,331.0,213.0,492.2,15.8,True
2020-06-06 10:00:00,4136001,15727.346071428572,16120.895595238095,15727.346071428572,16120.895595238095,22.0,30.662447178448275,50.64575665086207,0.8582073545086206,31.1,50.0,93.0,12.0,17.0,92.0,0.0,677.0,439.0,238.0,529.8,15.2,True
2020-06-06 11:00:00,4136001,13610.090714285714,13946.735357142858,13610.090714285714,13946.735357142858,22.0,31.72637008045977,51.16044901666666,0.8674532610977012,32.0,47.0,91.0,5.0,25.0,88.0,0.4,769.0,544.0,225.0,581.9,14.6,True
2020-06-06 12:00:00,4136001,14272.73011904762,14627.857738095237,14272.73011904762,14627.857738095237,22.0,32.699650939367814,52.10318318304598,0.8729979925229885,33.2,44.0,23.0,9.0,21.0,2.0,0.8,864.0,656.0,208.0,666.7,14.0,True
2020-06-06 13:00:00,4136001,11647.906547619048,11929.051666666666,11647.906547619048,11929.051666666666,22.0,33.0038603479885,48.54672707097701,0.717671715856322,33.9,41.0,35.0,0.0,31.0,7.0,0.0,806.0,581.0,225.0,597.4,13.5,True
2020-06-06 14:00:00,4136001,8156.910714285714,8357.33892857143,8156.910714285714,8357.33892857143,22.0,33.66635517557471,49.22447189770115,0.6767568096063219,33.8,40.0,33.0,0.0,30.0,5.0,0.0,721.0,521.0,200.0,578.0,14.5,True
2020-06-06 15:00:00,4136001,12606.284404761904,12883.315119047618,12606.284404761904,12883.315119047618,22.0,33.789433139367816,45.86863190143678,0.5269320361867816,34.0,39.0,41.0,9.0,29.0,17.0,0.0,574.0,370.0,204.0,477.3,15.8,True
2020-06-06 16:00:00,4136001,13121.59154761905,13393.596428571429,13121.59154761905,13393.596428571429,22.0,33.64432215086207,41.80578106091954,0.40274661273850576,33.4,40.0,61.0,8.0,53.0,18.0,0.0,407.0,258.0,149.0,427.9,16.6,True
2020-06-06 17:00:00,4136001,5965.033690476191,6078.9141666666665,5965.033690476191,6078.9141666666665,22.0,32.7105403841954,36.0772261566092,0.1835326770445402,31.4,50.0,95.0,0.0,56.0,72.0,0.0,205.0,100.0,105.0,252.5,15.8,True
2020-06-06 18:00:00,4136001,995.374880952381,1026.4577380952383,995.374880952381,1026.4577380952383,22.0,30.58153092068966,30.214824658620692,0.0326891875187356,31.2,50.0,89.0,1.0,44.0,81.0,0.0,64.0,23.0,41.0,136.3,12.4,True
2020-06-06 19:00:00,4136001,0.0,0.0,0.0,0.0,22.0,28.819359718965515,27.34638062356322,0.0,30.9,47.0,76.0,2.0,44.0,59.0,0.0,1.0,0.0,1.0,0.0,14.4,True
2020-06-06 20:00:00,4136001,0.0,0.0,0.0,0.0,22.0,27.16065115229885,25.863759246551723,0.0,28.9,56.0,83.0,14.0,38.0,73.0,0.0,0.0,0.0,0.0,0.0,18.9,True
2020-06-06 21:00:00,4136001,0.0,0.0,0.0,0.0,22.0,25.78030303534483,24.42273285,0.0,28.1,63.0,98.0,0.0,38.0,97.0,0.0,0.0,0.0,0.0,0.0,16.1,True
2020-06-06 22:00:00,4136001,0.0,0.0,0.0,0.0,22.0,24.988890848275865,23.52920155574713,0.0,27.9,64.0,99.0,0.0,35.0,98.0,0.0,0.0,0.0,0.0,0.0,17.9,True
2020-06-06 23:00:00,4136001,0.0,0.0,0.0,0.0,22.0,24.661750385632182,23.09226889454023,0.0,27.0,68.0,99.0,0.0,29.0,99.0,0.0,0.0,0.0,0.0,0.0,20.0,True
2020-06-07 00:00:00,4136001,0.0,0.0,0.0,0.0,22.0,24.382157873563216,22.7503824841954,0.0,26.1,71.0,100.0,0.0,24.0,100.0,0.0,0.0,0.0,0.0,0.0,19.6,True
2020-06-07 01:00:00,4136001,0.0,0.0,0.0,0.0,22.0,24.286531674425284,22.86887888218391,0.0,25.4,74.0,100.0,0.0,19.0,100.0,0.0,0.0,0.0,0.0,0.0,18.8,True
2020-06-07 02:00:00,4136001,0.0,0.0,0.0,0.0,22.0,23.697737494252873,21.930046059195405,0.0,24.9,75.0,97.0,0.0,19.0,97.0,0.0,0.0,0.0,0.0,0.0,18.5,True
2020-06-07 03:00:00,4136001,0.0,0.0,0.0,0.0,22.0,23.313049797701147,21.446626024712643,1.9195114999999994e-06,24.4,78.0,98.0,0.0,5.0,98.0,0.0,0.0,0.0,0.0,0.0,18.2,True
2020-06-07 04:00:00,4136001,0.0,0.0,0.0,0.0,22.0,23.931837247413792,23.174973847126434,2.271426755e-05,24.1,80.0,98.0,0.0,2.0,98.0,0.0,0.0,0.0,0.0,0.0,17.1,True
2020-06-07 05:00:00,4136001,0.0,0.0,0.0,0.0,22.0,23.443208406034486,22.311062591954023,0.000501299162333325,24.1,80.0,93.0,0.0,11.0,1.0,0.0,0.0,0.0,0.0,0.0,13.0,True
2020-06-07 06:00:00,4136001,1060.6167857142857,1095.4099999999999,1060.6167857142857,1095.4099999999999,22.0,23.580715862068967,23.36763626178161,0.03654930155465513,24.6,78.0,27.0,0.0,13.0,18.0,0.0,17.0,4.0,13.0,43.0,11.5,True
2020-06-07 07:00:00,4136001,4137.705952380953,4226.580833333333,4137.705952380953,4226.580833333333,22.0,24.569662163793105,27.53614937097701,0.13363057073965515,25.9,72.0,98.0,0.0,10.0,98.0,0.0,157.0,81.0,76.0,317.5,14.4,True
2020-06-07 08:00:00,4136001,10858.947857142857,11078.113095238095,10858.947857142857,11078.113095238095,22.0,26.30561286235632,35.56890123793104,0.3497589023304598,27.6,64.0,94.0,3.0,14.0,93.0,0.0,360.0,227.0,133.0,476.4,16.2,True
2020-06-07 09:00:00,4136001,11955.697976190477,12230.13619047619,11955.697976190477,12230.13619047619,22.0,28.87661254683908,46.66177973505747,0.7268702591925287,29.4,55.0,11.0,9.0,4.0,1.0,0.0,575.0,411.0,164.0,611.7,19.5,True
2020-06-07 10:00:00,4136001,13046.897261904762,13367.49738095238,13046.897261904762,13367.49738095238,22.0,30.766650598850575,52.86396148821839,0.7991772128764367,30.9,48.0,85.0,4.0,8.0,84.0,0.0,689.0,509.0,180.0,614.7,19.9,True
2020-06-07 11:00:00,4136001,12239.056666666667,12535.865833333333,12239.056666666667,12535.865833333333,22.0,31.366494630172415,50.26432792068965,0.7919407346522989,32.3,43.0,100.0,3.0,15.0,100.0,0.0,805.0,614.0,191.0,657.1,19.2,True
2020-06-07 12:00:00,4136001,14042.617023809524,14392.309166666666,14042.617023809524,14392.309166666666,22.0,32.943811825,57.142692508620684,0.9572362615488506,33.4,39.0,100.0,5.0,17.0,100.0,0.0,892.0,678.0,214.0,689.3,18.6,True
2020-06-07 13:00:00,4136001,12358.40738095238,12658.728928571429,12358.40738095238,12658.728928571429,22.0,33.283744295977016,51.958681232183906,0.7479884580632183,34.2,37.0,88.0,9.0,30.0,83.0,0.0,841.0,572.0,269.0,588.2,17.7,True
2020-06-07 14:00:00,4136001,14856.967857142858,15216.067738095237,14856.967857142858,15216.067738095237,22.0,33.33995602844828,52.30812061666666,0.7522688371666666,34.6,37.0,91.0,16.0,39.0,85.0,0.0,749.0,495.0,254.0,549.1,18.8,True
2020-06-07 15:00:00,4136001,7569.072142857142,7732.297619047618,7569.072142857142,7732.297619047618,22.0,33.82396850431035,48.36282096465518,0.5355452109942529,33.2,40.0,98.0,0.0,49.0,96.0,0.0,494.0,275.0,219.0,354.5,22.3,True
2020-06-07 16:00:00,4136001,7020.352023809523,7161.977738095238,7020.352023809523,7161.977738095238,22.0,31.36876835057471,35.00080270517242,0.2205385793235632,32.4,41.0,99.0,0.0,61.0,99.0,0.0,404.0,216.0,188.0,357.9,21.6,True
2020-06-07 17:00:00,4136001,5508.125714285714,5616.052380952381,5508.125714285714,5616.052380952381,22.0,31.65422101781609,34.34763970172414,0.17336889247844825,32.1,40.0,95.0,0.0,53.0,98.0,0.0,190.0,68.0,122.0,171.3,22.3,True
2020-06-07 18:00:00,4136001,977.737619047619,1008.6960714285714,977.737619047619,1008.6960714285714,22.0,30.186024654310348,29.778869604597702,0.03333065102982755,30.3,50.0,100.0,1.0,90.0,98.0,0.0,60.0,22.0,38.0,129.5,20.6,True
2020-06-07 19:00:00,4136001,0.0,0.0,0.0,0.0,22.0,28.42106359137931,27.051916508333335,6.396263891666667e-06,30.1,50.0,99.0,0.0,89.0,96.0,0.0,1.0,0.0,1.0,0.0,16.6,True
2020-06-07 20:00:00,4136001,0.0,0.0,0.0,0.0,22.0,27.299782163505746,25.923275129597698,0.0,29.3,53.0,99.0,0.0,69.0,98.0,0.0,0.0,0.0,0.0,0.0,19.1,True
2020-06-07 21:00:00,4136001,0.0,0.0,0.0,0.0,22.0,26.457808180459768,25.09808790229885,0.0,28.5,54.0,97.0,0.0,29.0,96.0,0.0,0.0,0.0,0.0,0.0,18.4,True
2020-06-07 22:00:00,4136001,0.0,0.0,0.0,0.0,22.0,25.920185554885055,24.6534538683908,0.0,27.7,57.0,98.0,0.0,16.0,97.0,0.0,0.0,0.0,0.0,0.0,16.6,True
2020-06-07 23:00:00,4136001,0.0,0.0,0.0,0.0,22.0,25.31872394367816,23.900222972701144,0.0,27.3,60.0,93.0,0.0,18.0,92.0,0.0,0.0,0.0,0.0,0.0,17.7,True
2020-06-08 00:00:00,4136001,0.0,0.0,0.0,0.0,22.0,24.79461352643678,23.119505020689655,0.0,26.6,65.0,86.0,0.0,27.0,83.0,0.0,0.0,0.0,0.0,0.0,17.7,True
2020-06-08 01:00:00,4136001,0.0,0.0,0.0,0.0,22.0,24.361366068965516,22.508581153160918,0.0,26.1,68.0,89.0,0.0,29.0,86.0,0.0,0.0,0.0,0.0,0.0,18.5,True
2020-06-08 02:00:00,4136001,0.0,0.0,0.0,0.0,22.0,24.279141905747124,22.960531131896552,0.0,25.6,71.0,82.0,0.0,11.0,81.0,0.0,0.0,0.0,0.0,0.0,19.8,True
2020-06-08 03:00:00,4136001,0.0,0.0,0.0,0.0,22.0,24.34287512298851,23.176629310344826,0.0,25.0,74.0,73.0,0.0,1.0,73.0,0.0,0.0,0.0,0.0,0.0,20.0,True
2020-06-08 04:00:00,4136001,0.0,0.0,0.0,0.0,22.0,24.258983729351396,23.33555138501642,0.0,24.5,77.0,35.0,0.0,1.0,35.0,0.0,0.0,0.0,0.0,0.0,18.8,True
2020-06-08 05:00:00,4136001,0.0,0.0,0.0,0.0,22.0,24.112920665804594,23.17740173534483,0.00046321496141665,24.5,77.0,43.0,1.0,31.0,90.0,0.0,0.0,0.0,0.0,0.0,18.4,True
2020-06-08 06:00:00,4136001,1621.2120238095238,1668.0011904761905,1621.2120238095238,1668.0011904761905,22.0,24.474809940517243,24.475828657183907,0.05220545156120687,25.1,76.0,93.0,1.0,38.0,91.0,0.0,15.0,3.0,12.0,32.3,17.5,True
2020-06-08 07:00:00,4136001,7261.6809523809525,7401.74869047619,7261.6809523809525,7401.74869047619,22.0,25.697372645114942,30.597811047413792,0.276768661562069,26.3,68.0,73.0,1.0,17.0,69.0,0.0,133.0,52.0,81.0,204.2,19.0,True
2020-06-08 08:00:00,4136001,11966.279880952381,12210.548452380952,11966.279880952381,12210.548452380952,22.0,27.084917358908044,36.864076764367816,0.416814588913793,28.0,61.0,23.0,0.0,8.0,19.0,0.0,329.0,186.0,143.0,390.9,18.7,True
2020-06-08 09:00:00,4136001,14890.556254578754,15230.106639194139,14890.556254578754,15230.106639194139,22.0,28.738237917803993,40.83945919206716,0.6423484096092331,29.9,52.0,30.0,0.0,1.0,30.0,0.0,554.0,391.0,163.0,582.5,18.9,True
2020-06-08 10:00:00,4136001,14516.451309523809,14869.425,14516.451309523809,14869.425,22.0,30.629607662931036,49.315663906896546,0.7875786471005748,31.8,45.0,18.0,4.0,11.0,14.0,0.0,759.0,592.0,167.0,715.4,18.9,True
2020-06-08 11:00:00,4136001,15130.784166666668,15508.8725,15130.784166666668,15508.8725,22.0,31.839491350000007,54.8034888275862,0.9077351518074712,33.1,40.0,21.0,3.0,9.0,17.0,0.0,833.0,649.0,184.0,694.9,18.5,True
2020-06-08 12:00:00,4136001,15017.033095238095,15393.1775,15017.033095238095,15393.1775,22.0,32.81481609885057,55.763400113218395,0.898921623520115,34.1,36.0,53.0,15.0,8.0,48.0,0.0,868.0,659.0,209.0,670.1,18.3,True
2020-06-08 13:00:00,4136001,13225.734642857144,13549.705595238094,13225.734642857144,13549.705595238094,22.0,33.424442592528735,51.903392762931034,0.7395554450545977,35.0,34.0,42.0,0.0,16.0,36.0,0.0,879.0,687.0,192.0,706.6,16.9,True
2020-06-08 14:00:00,4136001,16785.644642857143,17207.152857142857,16785.644642857143,17207.152857142857,22.0,34.48685319511494,54.544700435919545,0.8301859625258621,35.3,32.0,94.0,0.0,9.0,94.0,0.0,793.0,581.0,212.0,644.4,17.1,True
2020-06-08 15:00:00,4136001,18062.06142857143,18469.89369047619,18062.06142857143,18469.89369047619,22.0,34.629290011781606,49.88185533275862,0.6154171287356321,35.2,32.0,95.0,0.0,10.0,95.0,0.0,684.0,500.0,184.0,644.3,16.9,True
2020-06-08 16:00:00,4136001,11728.440476190477,11965.872738095237,11728.440476190477,11965.872738095237,22.0,33.94360006695402,41.57336122614943,0.3600095047068966,34.6,32.0,97.0,0.0,17.0,97.0,0.0,450.0,290.0,160.0,479.9,20.1,True
2020-06-08 17:00:00,4136001,5982.163095238096,6095.583214285714,5982.163095238096,6095.583214285714,22.0,32.380612051724135,35.23877475660919,0.18425775756321836,33.8,32.0,96.0,0.0,6.0,94.0,0.0,245.0,123.0,122.0,309.2,19.0,True
2020-06-08 18:00:00,4136001,1473.1136904761904,1513.3780952380953,1473.1136904761904,1513.3780952380953,22.0,30.86792323448276,30.775407788793103,0.04732397107392235,32.4,37.0,97.0,0.0,6.0,97.0,0.0,89.0,32.0,57.0,187.2,18.2,True
2020-06-08 19:00:00,4136001,0.0,0.0,0.0,0.0,22.0,29.23063445545977,27.65845905,2.5474741637925e-05,31.2,42.0,99.0,0.0,5.0,99.0,0.0,2.0,0.0,2.0,0.0,15.5,True
2020-06-08 20:00:00,4136001,0.0,0.0,0.0,0.0,22.0,28.15877614626437,26.463009576149428,0.0,30.6,45.0,95.0,0.0,4.0,95.0,0.0,0.0,0.0,0.0,0.0,18.1,True
2020-06-08 21:00:00,4136001,0.0,0.0,0.0,0.0,22.0,27.213280952873564,25.449483302873563,0.0,29.6,50.0,90.0,0.0,4.0,90.0,0.0,0.0,0.0,0.0,0.0,19.2,True
2020-06-08 22:00:00,4136001,0.0,0.0,0.0,0.0,22.0,26.482817963793103,25.008638821551724,0.0,28.9,54.0,89.0,0.0,4.0,89.0,0.0,0.0,0.0,0.0,0.0,18.0,True
2020-06-08 23:00:00,4136001,0.0,0.0,0.0,0.0,22.0,25.592945236781606,24.05787407844828,0.0,28.1,59.0,58.0,0.0,3.0,57.0,0.0,0.0,0.0,0.0,0.0,18.4,True
2020-06-09 00:00:00,4136001,0.0,0.0,0.0,0.0,22.0,24.78667861091954,22.988326854310348,0.0,27.2,64.0,41.0,0.0,5.0,39.0,0.0,0.0,0.0,0.0,0.0,17.0,True
2020-06-09 01:00:00,4136001,0.0,0.0,0.0,0.0,22.0,24.233479574425285,22.233962006609197,0.0,26.3,69.0,41.0,0.0,3.0,40.0,0.0,0.0,0.0,0.0,0.0,17.7,True
2020-06-09 02:00:00,4136001,0.0,0.0,0.0,0.0,22.0,23.866565286781608,21.929295944540232,0.0,25.5,72.0,32.0,0.0,2.0,31.0,0.0,0.0,0.0,0.0,0.0,18.1,True
2020-06-09 03:00:00,4136001,0.0,0.0,0.0,0.0,22.0,23.514979533045977,21.615403048563216,0.0,24.9,75.0,72.0,0.0,2.0,71.0,0.0,0.0,0.0,0.0,0.0,18.4,True
2020-06-09 04:00:00,4136001,0.0,0.0,0.0,0.0,22.0,23.069752223275863,20.89320961436782,0.0,24.5,77.0,61.0,3.0,2.0,60.0,0.0,0.0,0.0,0.0,0.0,18.0,True
2020-06-09 05:00:00,4136001,0.0,0.0,0.0,0.0,22.0,22.7804781204023,20.6005197295977,0.000198030893999975,24.4,79.0,84.0,2.0,3.0,92.0,0.0,0.0,0.0,0.0,0.0,16.9,True
2020-06-09 06:00:00,4136001,1420.4280952380952,1462.1288095238094,1420.4280952380952,1462.1288095238094,22.0,23.507084776724138,22.052157330172417,0.04842005912586205,24.7,78.0,77.0,7.0,3.0,75.0,0.0,16.0,2.0,14.0,21.6,18.8,True
2020-06-09 07:00:00,4136001,9048.017023809523,9223.842142857142,9048.017023809523,9223.842142857142,22.0,25.795891980172414,31.030811736494254,0.33607342401149426,25.9,72.0,67.0,3.0,2.0,66.0,0.0,145.0,52.0,93.0,204.7,19.5,True
2020-06-09 08:00:00,4136001,13396.025714285715,13673.74,13396.025714285715,13673.74,22.0,27.301873303160917,36.0754341045977,0.47236237527298847,27.9,62.0,87.0,2.0,2.0,87.0,0.0,357.0,222.0,135.0,467.1,19.2,True
2020-06-09 09:00:00,4136001,15290.431666666665,15635.445119047617,15290.431666666665,15635.445119047617,22.0,28.988929072701147,43.37446625948275,0.7005751221264368,29.8,54.0,89.0,1.0,1.0,89.0,0.0,562.0,387.0,175.0,577.0,18.8,True
2020-06-09 10:00:00,4136001,14136.624404761904,14487.045595238096,14136.624404761904,14487.045595238096,22.0,30.63565110431034,50.969039774137926,0.836690184158046,31.7,46.0,91.0,4.0,1.0,91.0,0.0,726.0,491.0,235.0,593.7,18.2,True
2020-06-09 11:00:00,4136001,12168.76630952381,12463.604642857143,12168.76630952381,12463.604642857143,22.0,32.36535378534482,54.15243910747127,0.7699856139885058,33.3,40.0,87.0,12.0,8.0,85.0,0.0,864.0,624.0,240.0,668.4,17.6,True
2020-06-09 12:00:00,4136001,12717.584761904762,13018.678809523808,12717.584761904762,13018.678809523808,22.0,32.91342741896551,49.29303516178162,0.6619293639195402,34.1,37.0,98.0,2.0,18.0,98.0,0.0,884.0,652.0,232.0,663.2,18.4,True
2020-06-09 13:00:00,4136001,12001.905119047618,12280.157976190476,12001.905119047618,12280.157976190476,22.0,33.55094418793104,50.29436321781609,0.6238156377614942,34.2,36.0,100.0,0.0,21.0,100.0,0.4,762.0,411.0,351.0,422.7,17.7,True
2020-06-09 14:00:00,4136001,13275.500595238094,13560.323214285714,13275.500595238094,13560.323214285714,22.0,33.6106016979885,45.0475705704023,0.5150625956551723,34.7,35.0,100.0,0.0,13.0,100.0,0.4,718.0,402.0,316.0,445.8,17.4,True
2020-06-09 15:00:00,4136001,14519.723333333333,14826.441785714285,14519.723333333333,14826.441785714285,22.0,33.50446884683908,42.25846187471264,0.4490554081810344,34.9,34.0,99.0,0.0,10.0,99.0,0.0,577.0,312.0,265.0,401.8,17.4,True
2020-06-09 16:00:00,4136001,12351.345714285715,12604.5875,12351.345714285715,12604.5875,22.0,33.052784925,41.56602100948276,0.3839014384827586,34.1,36.0,48.0,0.0,11.0,43.0,0.0,440.0,261.0,179.0,431.5,18.2,True
2020-06-09 17:00:00,4136001,4344.509523809524,4436.880595238095,4344.509523809524,4436.880595238095,22.0,31.673821745114942,34.04866750603449,0.13504237629367813,33.2,39.0,50.0,1.0,19.0,93.0,0.0,286.0,178.0,108.0,446.4,18.2,True
2020-06-09 18:00:00,4136001,807.5465476190476,833.8960714285714,807.5465476190476,833.8960714285714,22.0,30.144411398850576,30.102134830747126,0.026384952156953998,32.0,43.0,97.0,0.0,16.0,97.0,0.0,77.0,19.0,58.0,110.5,18.4,True
2020-06-09 19:00:00,4136001,0.0,0.0,0.0,0.0,22.0,28.670659369252878,27.821829774712644,9.594396333333331e-06,30.3,53.0,54.0,0.0,5.0,52.0,0.0,2.0,0.0,2.0,0.0,18.9,True
2020-06-09 20:00:00,4136001,0.0,0.0,0.0,0.0,22.0,27.877676119827584,26.966438779022987,0.0,29.7,55.0,77.0,0.0,5.0,76.0,0.0,0.0,0.0,0.0,0.0,18.9,True
2020-06-09 21:00:00,4136001,0.0,0.0,0.0,0.0,22.0,27.08572686954023,26.07866754195402,0.0,29.5,55.0,100.0,0.0,4.0,100.0,0.0,0.0,0.0,0.0,0.0,19.5,True
2020-06-09 22:00:00,4136001,0.0,0.0,0.0,0.0,22.0,26.388788338218387,25.288430202011494,0.0,28.9,57.0,100.0,0.0,3.0,100.0,0.0,0.0,0.0,0.0,0.0,20.5,True
2020-06-09 23:00:00,4136001,0.0,0.0,0.0,0.0,22.0,25.726329382471263,24.368514692241376,0.0,27.7,63.0,98.0,0.0,0.0,98.0,0.4,0.0,0.0,0.0,0.0,20.2,True
2020-06-10 00:00:00,4136001,0.0,0.0,0.0,0.0,22.0,25.196863073563218,23.80333894022988,0.0,27.1,65.0,98.0,0.0,1.0,98.0,0.0,0.0,0.0,0.0,0.0,20.2,True
2020-06-10 01:00:00,4136001,0.0,0.0,0.0,0.0,22.0,24.833068464655177,23.6365306045977,0.0,26.5,69.0,96.0,1.0,6.0,97.0,0.0,0.0,0.0,0.0,0.0,19.4,True
2020-06-10 02:00:00,4136001,0.0,0.0,0.0,0.0,22.0,24.681407664655172,23.762293225574712,0.0,26.0,72.0,95.0,4.0,11.0,94.0,0.0,0.0,0.0,0.0,0.0,19.5,True
2020-06-10 03:00:00,4136001,0.0,0.0,0.0,0.0,22.0,24.52375820574713,23.492267922988507,0.0,25.4,76.0,99.0,4.0,11.0,99.0,0.0,0.0,0.0,0.0,0.0,19.9,True
2020-06-10 04:00:00,4136001,0.0,0.0,0.0,0.0,22.0,24.387576398563215,22.94706757729885,0.0,25.1,77.0,96.0,2.0,11.0,96.0,0.0,0.0,0.0,0.0,0.0,19.2,True
2020-06-10 05:00:00,4136001,0.0,0.0,0.0,0.0,22.0,24.22522387270115,22.866974699425292,0.00026508103439655,25.5,76.0,97.0,5.0,12.0,99.0,0.0,0.0,0.0,0.0,0.0,15.9,True
2020-06-10 06:00:00,4136001,803.9541666666667,830.8751190476191,803.9541666666667,830.8751190476191,22.0,24.590839604310347,23.984825239367815,0.026347763383965474,25.8,75.0,98.0,9.0,24.0,98.0,0.0,13.0,1.0,12.0,10.8,15.5,True
2020-06-10 07:00:00,4136001,3329.752857142857,3407.386071428571,3329.752857142857,3407.386071428571,22.0,25.223260530747126,26.825716973563217,0.10262034727183905,26.4,73.0,100.0,5.0,40.0,99.0,0.4,79.0,5.0,74.0,19.7,16.3,True
2020-06-10 08:00:00,4136001,11593.880714285715,11826.959761904762,11593.880714285715,11826.959761904762,22.0,26.82022493275862,34.67106731724138,0.3816781527097701,27.4,68.0,99.0,7.0,58.0,99.0,0.0,170.0,19.0,151.0,40.0,17.7,True
2020-06-10 09:00:00,4136001,13983.386071428571,14294.500476190475,13983.386071428571,14294.500476190475,22.0,28.26151105143678,38.631230247701154,0.5342645254568965,28.6,61.0,100.0,2.0,63.0,100.0,0.0,258.0,27.0,231.0,40.3,17.5,True
2020-06-10 10:00:00,4136001,15223.930714285714,15579.32619047619,15223.930714285714,15579.32619047619,22.0,29.876364630172418,43.66831482701149,0.7006639042040228,29.8,55.0,100.0,4.0,31.0,100.0,0.0,321.0,42.0,279.0,50.8,17.3,True
2020-06-10 11:00:00,4136001,5190.610595238095,5317.489761904762,5190.610595238095,5317.489761904762,22.0,31.48268405718391,50.762800906034485,0.7982025077011495,31.6,47.0,100.0,4.0,2.0,100.0,0.0,503.0,122.0,381.0,130.7,17.6,True
2020-06-10 12:00:00,4136001,13710.692261904762,14048.492023809524,13710.692261904762,14048.492023809524,22.0,32.99835651839081,55.809878024712646,0.8492767955373564,33.5,42.0,100.0,10.0,12.0,100.0,0.0,718.0,336.0,382.0,341.9,18.0,True
2020-06-10 13:00:00,4136001,11415.720357142858,11662.95,11415.720357142858,11662.95,22.0,33.44741416982759,46.233077586494254,0.47554146069540226,34.4,39.0,100.0,18.0,91.0,100.0,0.0,707.0,353.0,354.0,363.1,16.4,True
2020-06-10 14:00:00,4136001,6201.667976190476,6321.960714285714,6201.667976190476,6321.960714285714,22.0,33.70672315833334,41.999481261206896,0.3221300307586207,33.8,40.0,100.0,92.0,88.0,100.0,0.0,325.0,57.0,268.0,63.2,14.8,True
2020-06-10 15:00:00,4136001,6026.140357142857,6140.9423809523805,6026.140357142857,6140.9423809523805,22.0,29.94979028362069,29.892401742487678,0.18086870715917486,31.8,46.0,100.0,10.0,64.0,100.0,0.4,259.0,44.0,215.0,56.6,20.5,True
2020-06-10 16:00:00,4136001,7965.96380952381,8114.487261904762,7965.96380952381,8114.487261904762,22.0,30.138510637356323,34.39159151091954,0.2470042711517241,32.2,44.0,100.0,1.0,28.0,100.0,0.0,199.0,32.0,167.0,52.8,15.5,True
2020-06-10 17:00:00,4136001,781.0375865800866,805.5378354978355,781.0375865800866,805.5378354978355,22.0,28.31680275875131,27.939417624634274,0.022825322363166124,30.0,56.0,100.0,16.0,80.0,100.0,0.0,185.0,40.0,145.0,100.1,21.2,True
2020-06-10 18:00:00,4136001,44.865,46.535000000000004,44.865,46.535000000000004,22.0,27.15466567356322,24.8291969591954,0.0017030496868356032,28.2,67.0,100.0,9.0,69.0,100.0,0.4,21.0,0.0,21.0,0.0,18.2,True
2020-06-10 19:00:00,4136001,0.0,0.0,0.0,0.0,22.0,25.50790412557471,23.717488762068964,6.4195522241375e-05,26.2,83.0,99.0,35.0,35.0,99.0,9.2,1.0,0.0,1.0,0.0,19.1,True
2020-06-10 20:00:00,4136001,0.0,0.0,0.0,0.0,22.0,25.611876535632184,24.239278931034484,0.00061012410615225,25.2,85.0,100.0,0.0,75.0,100.0,6.8,0.0,0.0,0.0,0.0,17.2,True
2020-06-10 21:00:00,4136001,0.0,0.0,0.0,0.0,22.0,25.378024186781605,24.631834903448276,1.444996032270115e-05,25.0,88.0,100.0,1.0,82.0,99.0,6.8,0.0,0.0,0.0,0.0,17.6,True
2020-06-10 22:00:00,4136001,0.0,0.0,0.0,0.0,22.0,25.04037267643678,23.685736418390803,0.0,24.7,89.0,100.0,0.0,78.0,100.0,10.4,0.0,0.0,0.0,0.0,17.6,True
2020-06-10 23:00:00,4136001,0.0,0.0,0.0,0.0,22.0,24.67745121494253,23.414455997701147,0.0,24.3,89.0,100.0,0.0,100.0,100.0,10.8,0.0,0.0,0.0,0.0,18.2,True
2020-06-11 00:00:00,4136001,0.0,0.0,0.0,0.0,22.0,24.63202003390805,23.666684720402298,0.0,24.0,89.0,100.0,0.0,83.0,100.0,8.4,0.0,0.0,0.0,0.0,21.6,True
2020-06-11 01:00:00,4136001,0.0,0.0,0.0,0.0,22.0,24.64457237241379,23.583246338793103,0.0,23.7,90.0,100.0,0.0,99.0,100.0,2.8,0.0,0.0,0.0,0.0,26.1,True
2020-06-11 02:00:00,4136001,0.0,0.0,0.0,0.0,22.0,24.22144108505747,23.403137516666668,2.879114444165e-05,23.9,88.0,100.0,0.0,98.0,100.0,1.2,0.0,0.0,0.0,0.0,23.4,True
2020-06-11 03:00:00,4136001,0.0,0.0,0.0,0.0,22.0,24.199523697988507,23.342821875862068,4.97950544278546e-05,23.6,91.0,100.0,0.0,78.0,100.0,2.8,0.0,0.0,0.0,0.0,22.0,True
2020-06-11 04:00:00,4136001,0.0,0.0,0.0,0.0,22.0,24.233140225862073,23.624167112931033,0.0,23.5,91.0,100.0,0.0,99.0,100.0,6.0,0.0,0.0,0.0,0.0,22.4,True
2020-06-11 05:00:00,4136001,0.0,0.0,0.0,0.0,22.0,24.241451005747123,23.424112363793107,6.366077666665e-05,23.4,90.0,100.0,2.0,3.0,100.0,7.2,0.0,0.0,0.0,0.0,19.2,True
2020-06-11 06:00:00,4136001,367.9713095238095,381.0704761904762,367.9713095238095,381.0704761904762,22.0,24.270913944827583,23.9291263795977,0.012822547755316025,23.5,91.0,100.0,0.0,85.0,100.0,3.2,5.0,0.0,5.0,0.0,19.5,True
2020-06-11 07:00:00,4136001,2674.8191666666667,2744.5960714285716,2674.8191666666667,2744.5960714285716,22.0,24.486179709770116,25.11047971178161,0.08169383377155168,23.7,91.0,100.0,0.0,97.0,100.0,2.0,51.0,1.0,50.0,4.0,18.8,True
2020-06-11 08:00:00,4136001,4647.105833333333,4741.111904761905,4647.105833333333,4741.111904761905,22.0,24.424910252011493,25.67653744367816,0.13990728324080456,24.3,86.0,100.0,1.0,81.0,100.0,1.6,107.0,0.0,107.0,0.0,19.8,True
2020-06-11 09:00:00,4136001,8801.702857142856,8970.317857142856,8801.702857142856,8970.317857142856,22.0,25.89939594166667,31.596863079310342,0.27275670297413795,25.6,78.0,100.0,0.0,35.0,100.0,0.8,266.0,16.0,250.0,23.9,20.9,True
2020-06-11 10:00:00,4136001,10854.567023809523,11069.247023809523,10854.567023809523,11069.247023809523,22.0,27.119365194827587,33.700571363505745,0.32491619570402297,27.2,68.0,100.0,31.0,37.0,100.0,0.0,369.0,43.0,326.0,52.1,25.5,True
2020-06-11 11:00:00,4136001,14306.992142857143,14609.511309523808,14306.992142857143,14609.511309523808,22.0,28.206250411494253,37.32904830833334,0.4668175556091954,27.9,65.0,100.0,7.0,16.0,100.0,0.0,355.0,38.0,317.0,40.7,22.9,True
2020-06-11 12:00:00,4136001,6109.242564102564,6230.536153846154,6109.242564102564,6230.536153846154,22.0,29.258623137376848,40.00132786512726,0.42576251878304594,28.9,59.0,100.0,4.0,21.0,100.0,0.4,496.0,72.0,424.0,73.3,23.0,True
2020-06-11 13:00:00,4136001,11569.175595238095,11801.56226190476,11569.175595238095,11801.56226190476,22.0,29.504080479597704,36.22919598218391,0.3545242135287356,28.8,59.0,100.0,3.0,100.0,100.0,0.4,444.0,49.0,395.0,50.4,22.9,True
2020-06-11 14:00:00,4136001,8669.365952380953,8837.257857142857,8669.365952380953,8837.257857142857,22.0,28.457498726724136,34.79017111896551,0.2667977790603448,28.5,60.0,100.0,5.0,100.0,100.0,0.8,319.0,7.0,312.0,7.8,20.6,True
2020-06-11 15:00:00,4136001,9270.996547619048,9447.95738095238,9270.996547619048,9447.95738095238,22.0,27.78503453994253,32.52472463793103,0.273626183341954,28.6,60.0,100.0,8.0,100.0,100.0,0.8,290.0,14.0,276.0,18.0,21.0,True
2020-06-11 16:00:00,4136001,4069.519523809524,4155.051309523809,4069.519523809524,4155.051309523809,22.0,25.721639966954022,27.184012470114943,0.11756529933620685,26.6,72.0,100.0,0.0,100.0,100.0,2.0,177.0,3.0,174.0,4.9,20.2,True
2020-06-11 17:00:00,4136001,2017.7342857142858,2077.2766666666666,2017.7342857142858,2077.2766666666666,22.0,26.46584016465517,27.009677031609197,0.06234978091867813,26.0,75.0,100.0,3.0,99.0,100.0,2.8,48.0,0.0,48.0,0.0,18.0,True
2020-06-11 18:00:00,4136001,602.7627380952381,622.7172619047619,602.7627380952381,622.7172619047619,22.0,26.404957514080458,26.19503425114943,0.01980838416410915,25.1,79.0,100.0,0.0,100.0,100.0,0.8,23.0,0.0,23.0,0.0,19.0,True
2020-06-11 19:00:00,4136001,0.0,0.0,0.0,0.0,22.0,25.27241087011494,24.482531086494255,0.0,24.1,89.0,100.0,0.0,100.0,100.0,2.4,1.0,0.0,1.0,0.0,17.3,True
2020-06-11 20:00:00,4136001,0.0,0.0,0.0,0.0,22.0,23.74166045632184,22.06436908591954,0.0,23.7,89.0,100.0,2.0,100.0,100.0,4.4,0.0,0.0,0.0,0.0,18.1,True
2020-06-11 21:00:00,4136001,0.0,0.0,0.0,0.0,22.0,23.15691404109195,21.757947281609198,0.0,23.5,90.0,100.0,0.0,99.0,100.0,4.0,0.0,0.0,0.0,0.0,19.7,True
2020-06-11 22:00:00,4136001,0.0,0.0,0.0,0.0,22.0,23.11821519281609,21.687567647413793,0.0,23.3,90.0,100.0,0.0,97.0,100.0,2.8,0.0,0.0,0.0,0.0,21.2,True
2020-06-11 23:00:00,4136001,0.0,0.0,0.0,0.0,22.0,23.035827209482754,21.646302736781607,0.0,23.3,87.0,100.0,0.0,98.0,100.0,1.2,0.0,0.0,0.0,0.0,22.3,True
2020-06-12 00:00:00,4136001,0.0,0.0,0.0,0.0,22.0,23.156841541091953,21.849730269252873,0.0,23.4,86.0,100.0,0.0,99.0,100.0,0.4,0.0,0.0,0.0,0.0,22.1,True
2020-06-12 01:00:00,4136001,0.0,0.0,0.0,0.0,22.0,23.021658251436783,22.266262958908044,0.0,23.4,85.0,44.0,0.0,42.0,20.0,0.0,0.0,0.0,0.0,0.0,21.1,True
2020-06-12 02:00:00,4136001,0.0,0.0,0.0,0.0,22.0,22.64343483017241,22.148433327873562,0.0,23.6,84.0,99.0,0.0,97.0,93.0,0.0,0.0,0.0,0.0,0.0,23.2,True
2020-06-12 03:00:00,4136001,0.0,0.0,0.0,0.0,22.0,22.829055608908046,22.423975452011494,1.9195239999999994e-06,23.7,81.0,95.0,0.0,62.0,93.0,0.0,0.0,0.0,0.0,0.0,23.6,True
2020-06-12 04:00:00,4136001,0.0,0.0,0.0,0.0,22.0,23.17318568850575,22.95027256034483,0.0,23.8,80.0,98.0,0.0,60.0,97.0,0.0,0.0,0.0,0.0,0.0,22.5,True
2020-06-12 05:00:00,4136001,0.0,0.0,0.0,0.0,22.0,23.24142765718391,22.769333532471265,0.00018267130404165,23.5,85.0,99.0,0.0,100.0,100.0,0.0,0.0,0.0,0.0,0.0,18.2,True
2020-06-12 06:00:00,4136001,873.2069047619048,900.6791666666666,873.2069047619048,900.6791666666666,22.0,23.450037429885057,23.56972687873563,0.029839897744971228,23.6,85.0,97.0,0.0,93.0,92.0,2.8,4.0,0.0,4.0,0.0,20.8,True
2020-06-12 07:00:00,4136001,4065.9532142857142,4152.840714285714,4065.9532142857142,4152.840714285714,22.0,24.21495776350575,26.549726643965514,0.130000724933908,24.0,85.0,95.0,0.0,67.0,95.0,1.2,47.0,1.0,46.0,4.0,21.8,True
2020-06-12 08:00:00,4136001,5239.762023809524,5342.417023809524,5239.762023809524,5342.417023809524,22.0,25.028629468390804,28.778039450287352,0.1578240057916666,24.6,82.0,100.0,0.0,100.0,99.0,4.4,102.0,14.0,88.0,29.6,20.2,True
2020-06-12 09:00:00,4136001,10115.701309523809,10311.476309523809,10115.701309523809,10311.476309523809,22.0,26.141746802586205,32.86074731465517,0.3124465449137931,24.9,80.0,100.0,0.0,100.0,97.0,0.4,108.0,0.0,108.0,0.0,19.4,True
2020-06-12 10:00:00,4136001,6338.714523809524,6458.653214285714,6338.714523809524,6458.653214285714,22.0,26.2858323045977,30.591309782471267,0.18522161990632177,26.6,69.0,100.0,1.0,100.0,94.0,0.0,218.0,0.0,218.0,0.0,23.7,True
2020-06-12 11:00:00,4136001,14232.817619047619,14535.445238095237,14232.817619047619,14535.445238095237,22.0,26.49540324224138,34.2479489224138,0.43406988638678157,28.7,57.0,100.0,54.0,99.0,96.0,0.0,286.0,12.0,274.0,12.9,25.5,True
2020-06-12 12:00:00,4136001,12399.555238095238,12657.203571428572,12399.555238095238,12657.203571428572,22.0,24.300983863793103,30.170769548563218,0.41920148948850566,30.3,50.0,100.0,15.0,99.0,98.0,0.0,452.0,110.0,342.0,112.0,27.0,True
2020-06-12 13:00:00,4136001,9817.835,10024.669404761904,9817.835,10024.669404761904,22.0,26.067513833908045,36.87735575028736,0.4576711574166667,29.5,54.0,99.0,28.0,98.0,94.0,0.0,377.0,120.0,257.0,123.4,27.2,True
2020-06-12 14:00:00,4136001,12759.155119047618,13021.47261904762,12759.155119047618,13021.47261904762,22.0,26.77382615603448,35.34526458563218,0.3902292715545977,30.2,49.0,98.0,0.0,97.0,88.0,0.0,350.0,77.0,273.0,85.3,26.3,True
2020-06-12 15:00:00,4136001,13257.104880952382,13531.292857142857,13257.104880952382,13531.292857142857,22.0,27.54334623448276,36.09433579367816,0.4004141087183907,30.3,49.0,98.0,6.0,95.0,76.0,0.0,356.0,102.0,254.0,131.1,27.0,True
2020-06-12 16:00:00,4136001,6407.2155952380945,6530.8724999999995,6407.2155952380945,6530.8724999999995,22.0,27.77276271839081,32.33090247931034,0.1971037891997126,29.9,48.0,94.0,3.0,74.0,86.0,0.0,279.0,82.0,197.0,135.1,28.0,True
2020-06-12 17:00:00,4136001,4188.044761904762,4277.9305952380955,4188.044761904762,4277.9305952380955,22.0,27.46613191235632,30.415084069540228,0.12904535456465518,28.2,55.0,100.0,1.0,100.0,96.0,0.0,191.0,58.0,133.0,144.5,17.3,True
2020-06-12 18:00:00,4136001,1031.1885714285713,1063.5125,1031.1885714285713,1063.5125,22.0,25.6130305908046,26.097556606896553,0.0324889964671063,28.0,56.0,96.0,0.0,94.0,69.0,0.0,26.0,0.0,26.0,0.0,21.2,True
2020-06-12 19:00:00,4136001,0.0,0.0,0.0,0.0,22.0,24.21889014741379,23.18513117873563,0.0,27.4,59.0,95.0,0.0,39.0,94.0,0.0,1.0,0.0,1.0,0.0,19.4,True
2020-06-12 20:00:00,4136001,0.0,0.0,0.0,0.0,22.0,23.83004256551724,22.584484284482755,0.0,26.7,62.0,95.0,0.0,20.0,94.0,0.0,0.0,0.0,0.0,0.0,19.5,True
2020-06-12 21:00:00,4136001,0.0,0.0,0.0,0.0,22.0,23.084801530459767,22.175097741091953,0.0,26.0,65.0,99.0,0.0,0.0,99.0,0.0,0.0,0.0,0.0,0.0,19.9,True
2020-06-12 22:00:00,4136001,0.0,0.0,0.0,0.0,22.0,23.11783479224138,22.14195522471264,0.0,25.4,69.0,85.0,0.0,4.0,84.0,0.0,0.0,0.0,0.0,0.0,20.2,True
2020-06-12 23:00:00,4136001,0.0,0.0,0.0,0.0,22.0,22.93074201465517,22.38215040229885,0.0,25.0,72.0,91.0,0.0,7.0,91.0,0.0,0.0,0.0,0.0,0.0,19.7,True
2020-06-13 00:00:00,4136001,0.0,0.0,0.0,0.0,22.0,23.132428090804595,22.83820460431034,0.0,24.7,75.0,99.0,0.0,20.0,98.0,0.0,0.0,0.0,0.0,0.0,18.4,True
2020-06-13 01:00:00,4136001,0.0,0.0,0.0,0.0,22.0,22.859613987931038,22.03108005028736,0.0,24.6,76.0,100.0,0.0,41.0,100.0,0.0,0.0,0.0,0.0,0.0,18.4,True
2020-06-13 02:00:00,4136001,0.0,0.0,0.0,0.0,22.0,22.39902360545977,21.14006509281609,0.0,24.7,76.0,100.0,0.0,81.0,100.0,0.0,0.0,0.0,0.0,0.0,18.8,True
2020-06-13 03:00:00,4136001,0.0,0.0,0.0,0.0,22.0,22.381677735057472,21.404622579022988,0.0,24.8,75.0,100.0,0.0,93.0,100.0,0.0,0.0,0.0,0.0,0.0,19.6,True
2020-06-13 04:00:00,4136001,0.0,0.0,0.0,0.0,22.0,22.41684392729885,21.74359751408046,0.0,24.7,74.0,100.0,0.0,81.0,100.0,0.0,0.0,0.0,0.0,0.0,19.9,True
2020-06-13 05:00:00,4136001,0.0,0.0,0.0,0.0,22.0,22.49461777183908,22.148894228448274,0.000123776204827575,24.5,74.0,100.0,0.0,72.0,100.0,0.0,0.0,0.0,0.0,0.0,14.8,True
2020-06-13 06:00:00,4136001,1208.1483333333333,1244.7317857142857,1208.1483333333333,1244.7317857142857,22.0,22.93654810086207,23.118789441091952,0.0420546038432471,24.8,73.0,100.0,0.0,17.0,100.0,0.0,13.0,1.0,12.0,10.9,14.0,True
2020-06-13 07:00:00,4136001,5360.836071428571,5463.807380952381,5360.836071428571,5463.807380952381,22.0,24.116372634482758,27.594653416954024,0.1839468579181034,25.8,70.0,100.0,22.0,28.0,100.0,0.0,130.0,35.0,95.0,139.1,16.0,True
2020-06-13 08:00:00,4136001,9294.02630952381,9472.431785714285,9294.02630952381,9472.431785714285,22.0,25.35044408591954,32.21411704856322,0.3032149160373563,27.4,63.0,100.0,0.0,0.0,100.0,0.0,328.0,186.0,142.0,393.6,21.0,True
2020-06-13 09:00:00,4136001,10177.835833333333,10386.417261904762,10177.835833333333,10386.417261904762,22.0,26.445161670114942,36.40193908764368,0.43267859962643673,29.6,54.0,100.0,67.0,0.0,99.0,0.0,568.0,394.0,174.0,589.8,26.0,True
2020-06-13 10:00:00,4136001,6591.455595238095,6737.306428571428,6591.455595238095,6737.306428571428,22.0,28.324734672988505,44.621071679597705,0.5813230335833333,31.0,46.0,99.0,54.0,3.0,98.0,0.0,597.0,350.0,247.0,424.4,26.3,True
2020-06-13 11:00:00,4136001,9780.185476190476,10006.816428571428,9780.185476190476,10006.816428571428,22.0,29.416149143103446,43.659815236494254,0.6579326390172414,32.6,41.0,98.0,36.0,57.0,97.0,0.0,803.0,536.0,267.0,575.2,26.3,True
2020-06-13 12:00:00,4136001,13343.481547619047,13664.005595238095,13343.481547619047,13664.005595238095,22.0,31.510654080172415,48.64196216867816,0.7914882852241378,33.5,38.0,100.0,22.0,100.0,98.0,0.0,800.0,509.0,291.0,518.3,27.9,True
2020-06-13 13:00:00,4136001,11047.267261904763,11304.356785714286,11047.267261904763,11304.356785714286,22.0,31.46020206436782,44.91548409827586,0.62131610225,33.4,38.0,99.0,0.0,86.0,98.0,0.0,489.0,118.0,371.0,121.4,25.5,True
2020-06-13 14:00:00,4136001,12723.982142857143,13016.363214285715,12723.982142857143,13016.363214285715,22.0,30.001444151724137,40.98311303390804,0.5605273359856321,33.1,41.0,100.0,1.0,100.0,96.0,0.4,598.0,320.0,278.0,354.5,26.8,True
2020-06-13 15:00:00,4136001,14329.289047619048,14637.260595238095,14329.289047619048,14637.260595238095,22.0,30.801659094252877,40.733812124425285,0.47217223713505735,31.8,47.0,29.0,0.0,19.0,14.0,0.0,454.0,229.0,225.0,294.2,23.4,True
2020-06-13 16:00:00,4136001,10392.835952380952,10608.91238095238,10392.835952380952,10608.91238095238,22.0,30.460774188793103,36.849392890804594,0.30686309224080455,31.8,48.0,75.0,7.0,33.0,63.0,0.0,449.0,308.0,141.0,506.8,25.7,True
2020-06-13 17:00:00,4136001,5943.333928571428,6064.488928571428,5943.333928571428,6064.488928571428,22.0,29.081767110632185,32.63680818649425,0.18022986696781607,30.2,53.0,83.0,0.0,11.0,73.0,0.8,243.0,135.0,108.0,335.6,22.3,True
2020-06-13 18:00:00,4136001,1184.2635714285714,1219.5490476190475,1184.2635714285714,1219.5490476190475,22.0,27.24652074051724,27.494417927011494,0.0386720412817988,29.7,54.0,73.0,0.0,22.0,70.0,0.0,92.0,39.0,53.0,221.3,19.1,True
2020-06-13 19:00:00,4136001,0.0,0.0,0.0,0.0,22.0,25.881589470689654,25.054044238505746,0.0,28.6,59.0,91.0,0.0,37.0,87.0,0.0,2.0,0.0,2.0,0.0,19.0,True
2020-06-13 20:00:00,4136001,0.0,0.0,0.0,0.0,22.0,24.807835432183907,23.965034772988503,0.0,27.6,63.0,93.0,0.0,55.0,86.0,0.0,0.0,0.0,0.0,0.0,19.3,True
2020-06-13 21:00:00,4136001,0.0,0.0,0.0,0.0,22.0,24.69349517787356,23.30761327126437,0.0,27.0,65.0,94.0,0.0,75.0,83.0,0.0,0.0,0.0,0.0,0.0,19.5,True
2020-06-13 22:00:00,4136001,0.0,0.0,0.0,0.0,22.0,24.553955875574715,23.468388387068963,0.0,26.4,69.0,41.0,0.0,37.0,7.0,0.0,0.0,0.0,0.0,0.0,19.3,True
2020-06-13 23:00:00,4136001,0.0,0.0,0.0,0.0,22.0,24.032976244252875,22.50998552097701,0.0,25.9,73.0,90.0,0.0,76.0,83.0,0.0,0.0,0.0,0.0,0.0,18.5,True
2020-06-14 00:00:00,4136001,0.0,0.0,0.0,0.0,22.0,23.73263352413793,22.365315001436784,1.952528353448276e-05,25.5,75.0,90.0,0.0,15.0,89.0,0.0,0.0,0.0,0.0,0.0,17.7,True
2020-06-14 01:00:00,4136001,0.0,0.0,0.0,0.0,22.0,24.189256482471265,23.408621090229886,2.655227221665e-05,25.1,77.0,92.0,0.0,9.0,92.0,0.0,0.0,0.0,0.0,0.0,18.8,True
2020-06-14 02:00:00,4136001,0.0,0.0,0.0,0.0,22.0,24.18178864913793,23.16867821839081,0.0,25.0,76.0,92.0,0.0,10.0,91.0,0.0,0.0,0.0,0.0,0.0,20.4,True
2020-06-14 03:00:00,4136001,0.0,0.0,0.0,0.0,22.0,24.04107619683908,23.155934750574712,3.3092778448275856e-07,24.7,77.0,92.0,0.0,11.0,91.0,0.0,0.0,0.0,0.0,0.0,19.8,True
2020-06-14 04:00:00,4136001,0.0,0.0,0.0,0.0,22.0,24.080364821264364,23.190792619827587,0.0,24.6,77.0,94.0,0.0,3.0,94.0,0.0,0.0,0.0,0.0,0.0,20.0,True
2020-06-14 05:00:00,4136001,0.0,0.0,0.0,0.0,22.0,24.025901820977012,23.493059740517243,0.0002408826943,24.9,77.0,83.0,0.0,25.0,92.0,0.0,0.0,0.0,0.0,0.0,17.6,True
2020-06-14 06:00:00,4136001,1706.0813095238095,1752.0280952380954,1706.0813095238095,1752.0280952380954,22.0,24.510865218103447,24.7685369591954,0.0569062820830459,25.3,75.0,100.0,0.0,100.0,89.0,0.0,13.0,2.0,11.0,22.0,15.7,True
2020-06-14 07:00:00,4136001,7302.563571428571,7442.397142857143,7302.563571428571,7442.397142857143,22.0,26.092289692528738,30.823683208333335,0.26868465050862067,26.5,71.0,100.0,2.0,99.0,87.0,0.0,105.0,28.0,77.0,111.6,17.0,True
2020-06-14 08:00:00,4136001,9643.029880952381,9763.39630952381,9643.029880952381,9763.39630952381,22.0,27.246731364367815,34.457369489655164,0.3292022301829502,27.4,68.0,93.0,0.0,67.0,89.0,0.0,179.0,14.0,165.0,29.7,21.1,True
2020-06-14 09:00:00,4136001,11956.565833333334,12210.052142857143,11956.565833333334,12210.052142857143,22.0,28.51162387442529,39.28912919770114,0.4769844383045977,29.8,58.0,86.0,12.0,34.0,84.0,0.0,427.0,165.0,262.0,247.2,27.7,True
2020-06-14 10:00:00,4136001,12717.70369047619,13015.01761904762,12717.70369047619,13015.01761904762,22.0,29.986924026724132,43.59075429482759,0.6531563588074712,31.1,53.0,100.0,100.0,14.0,85.0,0.0,526.0,220.0,306.0,266.9,29.7,True
2020-06-14 11:00:00,4136001,13152.4175,13464.473095238096,13152.4175,13464.473095238096,22.0,31.478284157471265,48.12930902155172,0.710575245137931,31.3,52.0,91.0,2.0,12.0,90.0,0.0,496.0,166.0,330.0,178.2,25.7,True
2020-06-14 12:00:00,4136001,15085.966666666667,15453.271428571428,15085.966666666667,15453.271428571428,22.0,31.673486598850573,48.422061692816094,0.8176647106896552,33.5,46.0,98.0,9.0,4.0,98.0,0.0,859.0,621.0,238.0,632.4,25.5,True
2020-06-14 13:00:00,4136001,13589.055714285714,13928.127023809524,13589.055714285714,13928.127023809524,22.0,32.57461025862069,51.55884632528736,0.8432881866666666,33.9,47.0,96.0,38.0,21.0,95.0,0.0,829.0,550.0,279.0,565.7,21.9,True
2020-06-14 14:00:00,4136001,12966.025952380951,13262.841428571428,12966.025952380951,13262.841428571428,22.0,32.32115935977011,44.07697423045977,0.5528240707614943,34.1,45.0,96.0,22.0,35.0,94.0,0.0,703.0,402.0,301.0,445.2,25.5,True
2020-06-14 15:00:00,4136001,12149.391428571427,12407.431547619046,12149.391428571427,12407.431547619046,22.0,31.134693378448276,39.33964421724137,0.3786547613275862,32.0,50.0,93.0,25.0,34.0,91.0,0.4,496.0,259.0,237.0,332.5,25.2,True
2020-06-14 16:00:00,4136001,8173.531190476191,8332.16119047619,8173.531190476191,8332.16119047619,22.0,30.705915716666663,36.64930184885057,0.2557941902873563,32.1,48.0,93.0,1.0,17.0,91.0,0.0,401.0,190.0,211.0,312.3,23.6,True
2020-06-14 17:00:00,4136001,4343.863095238095,4433.9823809523805,4343.863095238095,4433.9823809523805,22.0,26.86755164568965,30.10859218448276,0.13241645765517238,31.8,47.0,98.0,3.0,12.0,99.0,0.0,231.0,103.0,128.0,255.5,25.1,True
2020-06-14 18:00:00,4136001,982.1799999999998,1012.6835714285714,982.1799999999998,1012.6835714285714,22.0,26.269396721264368,27.00830026321839,0.031968681669976975,30.3,54.0,97.0,1.0,15.0,96.0,0.0,92.0,34.0,58.0,191.9,21.6,True
2020-06-14 19:00:00,4136001,0.0,0.0,0.0,0.0,22.0,26.22983191350574,25.737648383333337,0.0,29.3,58.0,99.0,0.0,16.0,99.0,0.0,3.0,0.0,3.0,0.0,20.8,True
2020-06-14 20:00:00,4136001,0.0,0.0,0.0,0.0,22.0,25.59097034568966,25.37420295316092,0.0,28.1,64.0,99.0,0.0,15.0,99.0,0.0,0.0,0.0,0.0,0.0,20.4,True
2020-06-14 21:00:00,4136001,0.0,0.0,0.0,0.0,22.0,24.321028508333335,23.419465924712643,0.0,27.2,68.0,100.0,0.0,10.0,100.0,0.0,0.0,0.0,0.0,0.0,19.7,True
2020-06-14 22:00:00,4136001,0.0,0.0,0.0,0.0,22.0,24.13292555172414,22.77554703994253,0.0,26.7,71.0,98.0,0.0,8.0,98.0,0.0,0.0,0.0,0.0,0.0,19.7,True
2020-06-14 23:00:00,4136001,0.0,0.0,0.0,0.0,22.0,24.575651244540232,23.84425012729885,0.0,26.2,73.0,99.0,0.0,16.0,99.0,0.0,0.0,0.0,0.0,0.0,19.7,True
2020-06-15 00:00:00,4136001,0.0,0.0,0.0,0.0,22.0,24.570346062931034,24.095245368965514,0.0,25.9,75.0,97.0,0.0,13.0,97.0,0.0,0.0,0.0,0.0,0.0,19.5,True
2020-06-15 01:00:00,4136001,0.0,0.0,0.0,0.0,22.0,24.556265421839083,24.37744200948276,0.0,25.6,76.0,98.0,0.0,7.0,98.0,0.0,0.0,0.0,0.0,0.0,19.7,True
2020-06-15 02:00:00,4136001,0.0,0.0,0.0,0.0,22.0,24.495614317528737,24.284714453448274,0.0,25.4,76.0,98.0,0.0,6.0,98.0,0.0,0.0,0.0,0.0,0.0,19.4,True
2020-06-15 03:00:00,4136001,0.0,0.0,0.0,0.0,22.0,24.194469143678162,23.298097104885056,0.0,25.4,77.0,98.0,0.0,18.0,98.0,0.0,0.0,0.0,0.0,0.0,18.5,True
2020-06-15 04:00:00,4136001,0.0,0.0,0.0,0.0,22.0,24.440323424137933,23.633209497126437,0.0,25.4,77.0,96.0,1.0,21.0,95.0,0.0,0.0,0.0,0.0,0.0,18.7,True
2020-06-15 05:00:00,4136001,0.0,0.0,0.0,0.0,22.0,24.475716948563218,23.839087558333333,0.00013758800224453188,25.3,78.0,93.0,3.0,30.0,89.0,0.0,0.0,0.0,0.0,0.0,17.9,True
2020-06-15 06:00:00,4136001,1350.4188095238096,1390.8572619047618,1350.4188095238096,1390.8572619047618,22.0,24.558865503735632,24.85248892873563,0.0458119291781609,25.9,76.0,92.0,0.0,24.0,91.0,0.0,15.0,3.0,12.0,33.1,16.5,True
2020-06-15 07:00:00,4136001,5866.0388095238095,5982.017261904762,5866.0388095238095,5982.017261904762,22.0,25.788485735919544,29.414829210344827,0.20768797331321834,27.1,71.0,91.0,0.0,23.0,88.0,0.0,141.0,63.0,78.0,251.9,19.3,True
2020-06-15 08:00:00,4136001,12957.181071428571,13229.40107142857,12957.181071428571,13229.40107142857,22.0,28.12000013821839,37.90445300660919,0.502840461321839,28.4,64.0,96.0,14.0,22.0,95.0,0.0,303.0,169.0,134.0,358.7,23.5,True
2020-06-15 09:00:00,4136001,9538.62357142857,9745.202857142856,9538.62357142857,9745.202857142856,22.0,29.161615727011494,39.74456249224138,0.5144264443304597,29.4,60.0,99.0,62.0,30.0,97.0,0.0,407.0,221.0,186.0,331.5,24.7,True
2020-06-15 10:00:00,4136001,11085.936666666666,11348.433928571429,11085.936666666666,11348.433928571429,22.0,30.3756102183908,44.69820260229885,0.6632348360517242,30.9,51.0,99.0,85.0,28.0,98.0,0.0,467.0,184.0,283.0,223.4,28.2,True
2020-06-15 11:00:00,4136001,8803.685952380953,8998.380833333333,8803.685952380953,8998.380833333333,22.0,30.2679015908046,40.837615896551725,0.5001721246551724,31.4,49.0,99.0,49.0,5.0,99.0,0.0,517.0,122.0,395.0,131.0,29.6,True
2020-06-15 12:00:00,4136001,9754.252857142857,9977.254285714285,9754.252857142857,9977.254285714285,22.0,30.96683178706897,43.725713093103444,0.5829322874568964,33.1,44.0,99.0,15.0,16.0,99.0,0.0,706.0,291.0,415.0,296.4,28.3,True
2020-06-15 13:00:00,4136001,8775.130000000001,8952.996071428572,8775.130000000001,8952.996071428572,22.0,28.361393687356323,34.34163281637931,0.2941830129988505,33.2,44.0,99.0,3.0,19.0,99.0,0.0,693.0,282.0,411.0,290.1,27.6,True
2020-06-15 14:00:00,4136001,10746.996190476191,10980.2775,10746.996190476191,10980.2775,22.0,28.60323302068965,37.52191154109195,0.456170759729885,33.5,43.0,100.0,4.0,18.0,100.0,0.0,646.0,253.0,393.0,280.1,26.1,True
2020-06-15 15:00:00,4136001,9453.716428571428,9643.781071428572,9453.716428571428,9643.781071428572,22.0,28.385203475287355,33.88497894913793,0.2952329381091954,32.3,47.0,99.0,2.0,26.0,99.0,0.0,475.0,196.0,279.0,251.5,25.4,True
2020-06-15 16:00:00,4136001,7875.884880952381,8017.758333333333,7875.884880952381,8017.758333333333,22.0,27.71493210143678,32.03145381810345,0.24038791653160918,31.8,49.0,98.0,0.0,19.0,98.0,0.0,296.0,118.0,178.0,193.7,24.6,True
2020-06-15 17:00:00,4136001,3328.6255952380952,3406.1907142857144,3328.6255952380952,3406.1907142857144,22.0,27.149407700000005,29.871336446551727,0.10380325357126433,31.9,47.0,98.0,2.0,9.0,99.0,0.0,231.0,72.0,159.0,178.2,21.8,True
2020-06-15 18:00:00,4136001,1044.040238095238,1077.1761904761904,1044.040238095238,1077.1761904761904,22.0,26.28129811293103,26.746029262068966,0.0342350126845402,30.6,52.0,98.0,15.0,22.0,98.0,0.0,81.0,16.0,65.0,89.8,19.1,True
2020-06-15 19:00:00,4136001,0.0,0.0,0.0,0.0,22.0,25.69701266408046,24.94048473678161,5.117027083333333e-06,29.5,56.0,97.0,6.0,24.0,96.0,0.0,2.0,0.0,2.0,0.0,18.8,True
2020-06-15 20:00:00,4136001,0.0,0.0,0.0,0.0,22.0,25.348963677873563,24.32546552586207,0.0,28.8,59.0,98.0,0.0,20.0,98.0,0.0,0.0,0.0,0.0,0.0,18.6,True
2020-06-15 21:00:00,4136001,0.0,0.0,0.0,0.0,22.0,24.872890279310347,23.84454588189655,0.0,27.9,64.0,98.0,0.0,8.0,97.0,0.0,0.0,0.0,0.0,0.0,17.4,True
2020-06-15 22:00:00,4136001,0.0,0.0,0.0,0.0,22.0,24.634236001149425,24.02145868534483,0.0,27.3,67.0,98.0,0.0,19.0,97.0,0.0,0.0,0.0,0.0,0.0,16.9,True
2020-06-15 23:00:00,4136001,0.0,0.0,0.0,0.0,22.0,24.361570223850574,23.67462461810345,0.0,26.9,68.0,99.0,0.0,24.0,98.0,0.0,0.0,0.0,0.0,0.0,17.9,True
2020-06-16 00:00:00,4136001,0.0,0.0,0.0,0.0,22.0,24.16889487816092,23.211732762643678,0.0,26.4,70.0,100.0,0.0,1.0,100.0,0.0,0.0,0.0,0.0,0.0,17.7,True
2020-06-16 01:00:00,4136001,0.0,0.0,0.0,0.0,22.0,23.958427247988507,23.07281345229885,0.0,25.9,72.0,100.0,0.0,11.0,100.0,0.0,0.0,0.0,0.0,0.0,15.4,True
2020-06-16 02:00:00,4136001,0.0,0.0,0.0,0.0,22.0,23.999897189080457,23.160176716954023,0.0,25.7,73.0,100.0,0.0,39.0,100.0,0.0,0.0,0.0,0.0,0.0,16.5,True
2020-06-16 03:00:00,4136001,0.0,0.0,0.0,0.0,22.0,23.956157156896552,22.9936197204023,0.0,25.5,74.0,100.0,0.0,15.0,100.0,0.0,0.0,0.0,0.0,0.0,17.7,True
2020-06-16 04:00:00,4136001,0.0,0.0,0.0,0.0,22.0,24.013947005747124,22.724464206034483,0.0,25.3,75.0,99.0,0.0,19.0,99.0,0.0,0.0,0.0,0.0,0.0,17.7,True
2020-06-16 05:00:00,4136001,0.0,0.0,0.0,0.0,22.0,24.05000010316092,23.112100486206895,7.7415106875e-05,25.6,73.0,100.0,0.0,100.0,100.0,0.0,0.0,0.0,0.0,0.0,16.9,True
2020-06-16 06:00:00,4136001,1242.6992857142857,1280.7208333333333,1242.6992857142857,1280.7208333333333,22.0,24.340898855172416,24.265129974712643,0.041745273089367776,26.2,72.0,100.0,0.0,100.0,100.0,0.0,9.0,0.0,9.0,0.0,15.1,True
2020-06-16 07:00:00,4136001,4863.556190476191,4960.397380952381,4863.556190476191,4960.397380952381,22.0,25.277812838218388,27.962765097413794,0.1563949780649425,26.6,71.0,100.0,0.0,100.0,99.0,0.0,42.0,0.0,42.0,0.0,15.5,True
2020-06-16 08:00:00,4136001,9740.59119047619,9927.201547619046,9740.59119047619,9927.201547619046,22.0,26.577768533045973,32.67720911091955,0.3034315786810345,27.4,67.0,100.0,0.0,94.0,100.0,0.0,104.0,0.0,104.0,0.0,18.7,True
2020-06-16 09:00:00,4136001,11670.16761904762,11906.706666666667,11670.16761904762,11906.706666666667,22.0,27.124436097988504,34.24449498362068,0.35657914895977016,29.6,56.0,100.0,25.0,3.0,100.0,0.0,344.0,77.0,267.0,115.6,26.0,True
2020-06-16 10:00:00,4136001,15205.822738095238,15527.88226190476,15205.822738095238,15527.88226190476,22.0,28.338029113505748,38.632805214080456,0.4749512678821838,31.1,51.0,100.0,19.0,7.0,100.0,0.0,548.0,195.0,353.0,236.9,26.5,True
2020-06-16 11:00:00,4136001,16819.03869047619,17196.927142857145,16819.03869047619,17196.927142857145,22.0,29.15969209051724,41.928772202298845,0.5778680630287355,32.3,46.0,100.0,68.0,15.0,100.0,0.0,616.0,222.0,394.0,238.5,27.0,True
2020-06-16 12:00:00,4136001,15056.401666666667,15378.86119047619,15056.401666666667,15378.86119047619,22.0,29.311245383045975,40.31375399626437,0.4826023248160919,32.7,44.0,100.0,8.0,18.0,100.0,0.0,510.0,147.0,363.0,149.8,25.7,True
2020-06-16 13:00:00,4136001,15500.392976190476,15831.930714285714,15500.392976190476,15831.930714285714,22.0,29.778514126149425,40.19293403620689,0.4720556914597701,32.6,45.0,100.0,15.0,32.0,100.0,0.0,573.0,165.0,408.0,169.7,25.8,True
2020-06-16 14:00:00,4136001,7806.854285714286,7970.804047619048,7806.854285714286,7970.804047619048,22.0,30.373218036781612,41.59251548649425,0.4882741303821839,32.1,48.0,100.0,9.0,28.0,100.0,0.0,480.0,104.0,376.0,115.1,25.0,True
2020-06-16 15:00:00,4136001,11952.617023809524,12195.453928571427,11952.617023809524,12195.453928571427,22.0,29.988211448850578,37.909719266091955,0.36431941851724137,31.7,48.0,100.0,29.0,34.0,100.0,0.0,398.0,101.0,297.0,129.5,25.2,True
2020-06-16 16:00:00,4136001,5522.155595238095,5629.753095238095,5522.155595238095,5629.753095238095,22.0,29.43497959367816,33.59419955833333,0.16878716565862065,31.5,48.0,100.0,0.0,8.0,100.0,0.0,310.0,81.0,229.0,132.8,24.7,True
2020-06-16 17:00:00,4136001,1939.3172619047618,1994.3070238095238,1939.3172619047618,1994.3070238095238,22.0,28.455717454310342,29.903238955172412,0.060501777965804526,30.9,48.0,100.0,2.0,38.0,100.0,0.0,164.0,19.0,145.0,46.9,21.5,True
2020-06-16 18:00:00,4136001,387.9922619047619,401.57130952380953,387.9922619047619,401.57130952380953,22.0,27.473718863505745,27.59088760316092,0.0138816690897126,30.0,52.0,100.0,0.0,29.0,100.0,0.0,58.0,4.0,54.0,22.3,18.4,True
2020-06-16 19:00:00,4136001,0.0,0.0,0.0,0.0,22.0,25.908750951436783,25.655579118965516,0.0,29.0,56.0,100.0,3.0,16.0,100.0,0.0,2.0,0.0,2.0,0.0,15.8,True
2020-06-16 20:00:00,4136001,0.0,0.0,0.0,0.0,22.0,24.777388235057472,24.452436787931035,0.0,28.4,60.0,99.0,1.0,19.0,99.0,0.0,0.0,0.0,0.0,0.0,15.7,True
2020-06-16 21:00:00,4136001,0.0,0.0,0.0,0.0,22.0,24.60966562643678,24.39465518103448,0.0,27.8,62.0,96.0,0.0,35.0,95.0,0.0,0.0,0.0,0.0,0.0,16.5,True
2020-06-16 22:00:00,4136001,0.0,0.0,0.0,0.0,22.0,23.966486241954023,23.70252430862069,0.0,27.0,65.0,98.0,0.0,69.0,97.0,0.0,0.0,0.0,0.0,0.0,16.4,True
2020-06-16 23:00:00,4136001,0.0,0.0,0.0,0.0,22.0,23.833674769070008,22.86897427129049,9.266284051724137e-06,26.7,67.0,100.0,0.0,66.0,99.0,0.0,0.0,0.0,0.0,0.0,16.6,True
2020-06-17 00:00:00,4136001,0.0,0.0,0.0,0.0,22.0,24.088090931034483,23.860765204885055,6.078256083333334e-06,26.2,69.0,99.0,0.0,45.0,99.0,0.0,0.0,0.0,0.0,0.0,15.6,True
2020-06-17 01:00:00,4136001,0.0,0.0,0.0,0.0,22.0,24.06725327471264,23.738477392816087,0.0,25.9,71.0,99.0,0.0,58.0,98.0,0.0,0.0,0.0,0.0,0.0,15.6,True
2020-06-17 02:00:00,4136001,0.0,0.0,0.0,0.0,22.0,24.062319551436783,23.633097309482757,0.0,25.5,73.0,99.0,0.0,21.0,99.0,0.0,0.0,0.0,0.0,0.0,16.1,True
2020-06-17 03:00:00,4136001,0.0,0.0,0.0,0.0,22.0,23.08847082212644,22.650305771551725,0.0,25.3,73.0,99.0,0.0,9.0,99.0,0.0,0.0,0.0,0.0,0.0,16.8,True
2020-06-17 04:00:00,4136001,0.0,0.0,0.0,0.0,22.0,22.871138354885055,22.160935591091953,2.047462850833334e-05,25.1,75.0,100.0,0.0,10.0,100.0,0.0,0.0,0.0,0.0,0.0,14.9,True
2020-06-17 05:00:00,4136001,0.0,0.0,0.0,0.0,22.0,22.647583400000002,21.9541540795977,4.862778851665e-05,25.3,73.0,100.0,0.0,22.0,100.0,0.0,0.0,0.0,0.0,0.0,14.0,True
2020-06-17 06:00:00,4136001,742.7796428571428,767.8976190476191,742.7796428571428,767.8976190476191,22.0,22.72341224310345,22.35595296637931,0.02402022650804595,25.9,71.0,100.0,0.0,73.0,100.0,0.0,9.0,0.0,9.0,0.0,13.9,True
2020-06-17 07:00:00,4136001,1974.002023809524,2032.6107142857145,1974.002023809524,2032.6107142857145,22.0,23.28539815689655,23.566335434770117,0.0586618244267241,26.1,71.0,100.0,1.0,96.0,100.0,0.0,45.0,0.0,45.0,0.0,13.9,True
2020-06-17 08:00:00,4136001,4574.047023809524,4665.459642857143,4574.047023809524,4665.459642857143,22.0,23.907036904022988,25.213101527011496,0.13352965579597698,26.5,70.0,100.0,0.0,99.0,100.0,0.0,82.0,0.0,82.0,0.0,15.2,True
2020-06-17 09:00:00,4136001,7106.181547619047,7247.691785714285,7106.181547619047,7247.691785714285,22.0,24.307959379885055,26.026945716379313,0.2085690561853448,27.1,68.0,100.0,0.0,99.0,100.0,0.0,130.0,2.0,128.0,3.0,16.3,True
2020-06-17 10:00:00,4136001,10649.928214285716,10858.884285714284,10649.928214285716,10858.884285714284,22.0,25.986608643965518,31.821512201724136,0.3132498675689655,28.2,60.0,100.0,0.0,81.0,100.0,0.0,237.0,15.0,222.0,18.2,18.7,True
2020-06-17 11:00:00,4136001,12003.874285714286,12249.765238095239,12003.874285714286,12249.765238095239,22.0,26.719229725574714,33.876010202873566,0.35568850734770113,31.0,49.0,100.0,93.0,35.0,100.0,0.0,564.0,185.0,379.0,198.9,25.0,True
2020-06-17 12:00:00,4136001,15119.965,15441.805357142857,15119.965,15441.805357142857,22.0,28.053875253735633,37.65798628074713,0.46131198434770104,31.7,49.0,100.0,3.0,60.0,100.0,0.0,533.0,163.0,370.0,166.1,20.8,True
2020-06-17 13:00:00,4136001,11820.64488095238,12071.131904761905,11820.64488095238,12071.131904761905,22.0,28.469354123275863,37.63370847729885,0.49228308189080455,31.5,48.0,100.0,22.0,96.0,100.0,0.4,562.0,214.0,348.0,220.1,31.9,True
2020-06-17 14:00:00,4136001,10554.038928571428,10768.825714285715,10554.038928571428,10768.825714285715,22.0,27.961237246839083,34.624453709482765,0.37770200735057474,30.6,52.0,100.0,0.0,42.0,100.0,0.0,294.0,41.0,253.0,45.4,24.7,True
2020-06-17 15:00:00,4136001,9962.745119047619,10154.640714285715,9962.745119047619,10154.640714285715,22.0,27.60984586005747,31.765844029597705,0.2996017970804597,31.7,50.0,100.0,4.0,47.0,100.0,0.0,416.0,143.0,273.0,183.2,23.2,True
2020-06-17 16:00:00,4136001,5730.271904761905,5840.4248809523815,5730.271904761905,5840.4248809523815,22.0,27.591067043678162,31.59799422413793,0.17237202371293098,31.1,47.0,100.0,0.0,26.0,100.0,0.0,280.0,84.0,196.0,137.6,24.7,True
2020-06-17 17:00:00,4136001,2259.1990476190476,2321.4241666666667,2259.1990476190476,2321.4241666666667,22.0,26.12817386716301,26.75212099937304,0.06820292557458198,30.3,53.0,100.0,14.0,38.0,100.0,0.0,221.0,76.0,145.0,187.3,19.4,True
2020-06-17 18:00:00,4136001,611.4016666666666,632.2480952380952,611.4016666666666,632.2480952380952,22.0,24.867610487356323,25.066801355172412,0.019923065454655126,29.3,57.0,100.0,3.0,36.0,100.0,0.0,65.0,9.0,56.0,50.0,19.1,True
2020-06-17 19:00:00,4136001,0.0,0.0,0.0,0.0,22.0,23.5301496841954,22.480402938793105,0.0,28.2,63.0,100.0,11.0,33.0,100.0,0.0,2.0,0.0,2.0,0.0,16.8,True
2020-06-17 20:00:00,4136001,0.0,0.0,0.0,0.0,22.0,23.676084828735632,22.45415332270115,0.0,27.5,65.0,100.0,0.0,12.0,100.0,0.0,0.0,0.0,0.0,0.0,14.7,True
2020-06-17 21:00:00,4136001,0.0,0.0,0.0,0.0,22.0,23.836589340517243,23.51953871637931,0.0,26.8,68.0,80.0,0.0,3.0,80.0,0.0,0.0,0.0,0.0,0.0,15.4,True
2020-06-17 22:00:00,4136001,0.0,0.0,0.0,0.0,22.0,23.64096195862069,23.099991518390805,0.0,26.0,71.0,100.0,0.0,2.0,100.0,0.0,0.0,0.0,0.0,0.0,14.5,True
2020-06-17 23:00:00,4136001,0.0,0.0,0.0,0.0,22.0,23.332735985632183,22.536562999712643,0.0,25.6,73.0,98.0,0.0,4.0,98.0,0.0,0.0,0.0,0.0,0.0,15.8,True
