time,plant_id,ac_power,dc_power,ac_energy_kwh_est,dc_energy_kwh_est,avg_inverter_count,sensor_temperature,module_temperature,sensor_irradiation,openmeteo_temperature,humidity,cloud,cloud_low,cloud_mid,cloud_high,rain,ghi,direct_radiation,dhi,dni,wind_speed_10m,generation_data_complete
2020-05-15 00:00:00,4135001,0.0,0.0,0.0,0.0,21.0,25.012696950000002,22.643083233333332,0.0,29.9,65.0,13.0,0.0,12.0,1.0,0.0,0.0,0.0,0.0,0.0,14.3,True
2020-05-15 01:00:00,4135001,0.0,0.0,0.0,0.0,21.5,24.66732843928571,22.41195959404762,0.0,29.0,69.0,8.0,0.0,8.0,0.0,0.0,0.0,0.0,0.0,0.0,12.1,True
2020-05-15 02:00:00,4135001,0.0,0.0,0.0,0.0,21.0,24.98683673333333,23.51207183333333,0.0,28.3,72.0,9.0,0.0,6.0,2.0,0.0,0.0,0.0,0.0,0.0,9.3,True
2020-05-15 03:00:00,4135001,0.0,0.0,0.0,0.0,21.0,24.954589040476186,24.126433492857146,0.0,27.8,75.0,42.0,0.0,7.0,40.0,0.0,0.0,0.0,0.0,0.0,6.8,True
2020-05-15 04:00:00,4135001,0.0,0.0,0.0,0.0,21.75,24.27666985,22.133105999999998,0.0,27.2,78.0,39.0,0.0,7.0,35.0,0.0,0.0,0.0,0.0,0.0,6.1,True
2020-05-15 05:00:00,4135001,0.0,0.0,0.0,0.0,21.25,24.274983049999996,23.02011823452381,0.000215680310333325,26.4,83.0,57.0,0.0,3.0,89.0,0.0,0.0,0.0,0.0,0.0,3.4,True
2020-05-15 06:00:00,4135001,1238.727678577,12745.498512157501,1238.727678577,12745.498512157501,21.5,24.07395065,22.9739853,0.04324318552999995,27.1,80.0,85.0,2.0,1.0,85.0,0.0,20.0,5.0,15.0,51.0,4.3,True
2020-05-15 07:00:00,4135001,4262.353630924999,43481.326785,4262.353630924999,43481.326785,22.0,24.889582025,28.806721364285714,0.14756142282857138,28.3,73.0,57.0,0.0,0.0,57.0,0.0,168.0,86.0,82.0,323.1,4.6,True
2020-05-15 08:00:00,4135001,9110.83610115,92851.747618,9110.83610115,92851.747618,22.0,26.160301766666667,36.58531696666666,0.31628041066666657,30.1,63.0,15.0,0.0,0.0,15.0,0.0,389.0,265.0,124.0,539.6,5.4,True
2020-05-15 09:00:00,4135001,12302.17366075,125579.29910725,12302.17366075,125579.29910725,22.0,27.644041851190476,42.92346050833333,0.4396227654285715,32.5,48.0,30.0,0.0,0.0,30.0,0.0,609.0,466.0,143.0,677.1,6.2,True
2020-05-15 10:00:00,4135001,14292.24223215,145992.3866065,14292.24223215,145992.3866065,22.0,28.90181376666667,48.36988061666666,0.5150172215,34.8,36.0,54.0,0.0,0.0,54.0,0.0,788.0,629.0,159.0,745.1,8.1,True
2020-05-15 11:00:00,4135001,16557.2865473,169286.6547595,16557.2865473,169286.6547595,22.0,30.18125093809524,48.84254719285714,0.5618510868928571,36.7,29.0,88.0,0.0,0.0,88.0,0.0,910.0,741.0,169.0,781.6,9.1,True
2020-05-15 12:00:00,4135001,18885.107737825,193173.7083375,18885.107737825,193173.7083375,22.0,31.837944483333334,50.50314281666666,0.6783298891666667,38.2,24.0,92.0,0.0,0.0,92.0,0.0,964.0,790.0,174.0,795.5,9.0,True
2020-05-15 13:00:00,4135001,15327.566071500001,156531.74107175,15327.566071500001,156531.74107175,22.0,32.58073820119048,47.702169028571426,0.5102064738571428,39.1,22.0,87.0,0.0,1.0,87.0,0.0,946.0,775.0,171.0,794.0,9.4,True
2020-05-15 14:00:00,4135001,19202.96598215,196467.3654795,19202.96598215,196467.3654795,22.0,33.917765453571434,51.74296217738095,0.6594180685952381,39.7,22.0,29.0,0.0,3.0,26.0,0.0,858.0,695.0,163.0,773.7,8.7,True
2020-05-15 15:00:00,4135001,13380.3696428,136588.25,13380.3696428,136588.25,22.0,34.19202876666667,45.24501753333333,0.43940194566666657,40.0,21.0,30.0,0.0,3.0,29.0,0.0,691.0,541.0,150.0,707.3,8.8,True
2020-05-15 16:00:00,4135001,9580.4733631,97617.625,9580.4733631,97617.625,22.0,34.18140343333333,41.259987966666664,0.3230948608333333,39.8,21.0,6.0,0.0,5.0,1.0,0.0,468.0,336.0,132.0,574.3,9.4,True
2020-05-15 17:00:00,4135001,3357.5050595375,34318.1279765,3357.5050595375,34318.1279765,22.0,33.02189040952381,34.64146269404762,0.11656907559047618,39.4,22.0,12.0,0.0,47.0,1.0,0.0,257.0,160.0,97.0,431.2,11.8,True
2020-05-15 18:00:00,4135001,210.13214285875,2176.0544642775,210.13214285875,2176.0544642775,22.0,29.18877659404762,28.038944299999997,0.00838397645314285,37.6,26.0,52.0,0.0,38.0,23.0,0.0,64.0,25.0,39.0,164.1,17.4,True
2020-05-15 19:00:00,4135001,0.0,0.0,0.0,0.0,14.0,26.3398656,24.710708200000003,5.6400666e-05,36.7,29.0,76.0,0.0,26.0,68.0,0.0,0.0,0.0,0.0,0.0,17.3,True
2020-05-15 20:00:00,4135001,0.0,0.0,0.0,0.0,14.0,22.60343674404762,20.428886111904763,0.0,35.8,31.0,66.0,0.0,27.0,54.0,0.0,0.0,0.0,0.0,0.0,20.0,True
2020-05-15 21:00:00,4135001,0.0,0.0,0.0,0.0,20.0,22.186489316666666,20.739117483333334,0.0,34.2,35.0,38.0,0.0,21.0,23.0,0.0,0.0,0.0,0.0,0.0,18.7,True
2020-05-15 22:00:00,4135001,0.0,0.0,0.0,0.0,22.0,22.13324119047619,20.882504382142855,0.0,33.2,38.0,19.0,0.0,19.0,1.0,0.0,0.0,0.0,0.0,0.0,17.1,True
2020-05-15 23:00:00,4135001,0.0,0.0,0.0,0.0,22.0,22.23601830769231,21.241316538461536,0.0,32.3,44.0,28.0,0.0,16.0,15.0,0.0,0.0,0.0,0.0,0.0,13.4,True
2020-05-16 00:00:00,4135001,,,0.0,0.0,,,,,,,,,,,0.0,,,,,,False
2020-05-16 01:00:00,4135001,,,0.0,0.0,,,,,,,,,,,0.0,,,,,,False
2020-05-16 02:00:00,4135001,0.0,0.0,0.0,0.0,21.5,21.594316733333333,19.80222738333333,0.0,30.2,54.0,13.0,0.0,6.0,7.0,0.0,0.0,0.0,0.0,0.0,8.1,True
2020-05-16 03:00:00,4135001,0.0,0.0,0.0,0.0,22.0,21.707953366666665,20.25878603333333,0.0,29.6,56.0,35.0,0.0,6.0,32.0,0.0,0.0,0.0,0.0,0.0,8.1,True
2020-05-16 04:00:00,4135001,0.0,0.0,0.0,0.0,22.0,21.92854975595238,20.762247840476192,0.0,29.1,59.0,12.0,0.0,6.0,7.0,0.0,0.0,0.0,0.0,0.0,7.9,True
2020-05-16 05:00:00,4135001,0.0,0.0,0.0,0.0,22.0,21.9089015,20.61456405,3.679236605e-05,28.8,61.0,12.0,0.0,41.0,94.0,0.0,0.0,0.0,0.0,0.0,1.9,True
2020-05-16 06:00:00,4135001,1187.89999997275,12243.7946423825,1187.89999997275,12243.7946423825,22.0,21.977285575,21.018062401190473,0.039656076961309475,29.5,59.0,97.0,0.0,9.0,97.0,0.0,17.0,3.0,14.0,30.5,3.0,True
2020-05-16 07:00:00,4135001,5082.67142855,51823.142857,5082.67142855,51823.142857,22.0,22.867214584523808,25.23972486785714,0.16622843759523806,30.8,52.0,98.0,0.0,1.0,98.0,0.0,154.0,63.0,91.0,236.1,4.5,True
2020-05-16 08:00:00,4135001,11535.70089285,117655.1383935,11535.70089285,117655.1383935,22.0,24.810612966666664,34.82467651666667,0.3835834596666667,32.6,44.0,97.0,0.0,1.0,98.0,0.0,342.0,175.0,167.0,356.1,4.2,True
2020-05-16 09:00:00,4135001,13702.236607175,139872.272321,13702.236607175,139872.272321,22.0,26.480266933333333,39.938825566666665,0.4604658103333333,34.4,38.0,96.0,0.0,1.0,96.0,0.0,568.0,377.0,191.0,547.7,4.6,True
2020-05-16 10:00:00,4135001,17335.01562495,177144.178573,17335.01562495,177144.178573,22.0,28.15197038809524,47.41450148333333,0.552785017345238,36.1,35.0,99.0,0.0,6.0,99.0,0.0,752.0,560.0,192.0,663.5,6.4,True
2020-05-16 11:00:00,4135001,17061.490624949998,174324.15625125,17061.490624949998,174324.15625125,22.0,29.51412865,47.71051726666666,0.5584641586666665,37.6,32.0,84.0,0.0,5.0,84.0,0.0,863.0,658.0,205.0,694.2,7.4,True
2020-05-16 12:00:00,4135001,20465.747767475,209359.486607,20465.747767475,209359.486607,22.0,30.643568545238097,50.86235429761904,0.6954473704761904,38.9,29.0,12.0,0.0,5.0,9.0,0.0,936.0,755.0,181.0,760.5,8.2,True
2020-05-16 13:00:00,4135001,18734.008036,191531.34821575,18734.008036,191531.34821575,22.0,31.490084383333333,50.48822185,0.6139163518333333,40.0,27.0,22.0,0.0,21.0,2.0,0.0,880.0,689.0,191.0,706.0,9.4,True
2020-05-16 14:00:00,4135001,15922.526785675,162633.84375075,15922.526785675,162633.84375075,22.0,32.0017147202381,47.24071738690476,0.5202818691071428,40.2,26.0,47.0,0.0,33.0,28.0,0.0,701.0,478.0,223.0,532.2,6.8,True
2020-05-16 15:00:00,4135001,11875.821428625,121146.90625025,11875.821428625,121146.90625025,22.0,32.34811151666666,43.648819533333324,0.3836832741666666,40.1,26.0,88.0,0.0,88.0,4.0,0.0,595.0,424.0,171.0,554.3,6.1,True
2020-05-16 16:00:00,4135001,5959.491071425,60720.352679,5959.491071425,60720.352679,22.0,31.945855309523807,36.14177540119047,0.18631905705952378,35.2,38.0,100.0,0.0,5.0,100.0,0.4,350.0,219.0,131.0,374.1,14.3,True
2020-05-16 17:00:00,4135001,2952.0566964275,30230.60714335,2952.0566964275,30230.60714335,22.0,31.40916235,32.052246016666665,0.0932087213833333,36.9,32.0,100.0,0.0,40.0,100.0,0.0,195.0,82.0,113.0,220.6,20.7,True
2020-05-16 18:00:00,4135001,275.2883928625,2849.151785625,275.2883928625,2849.151785625,22.0,29.379739349999998,26.67844488333333,0.008846148554976651,36.7,30.0,100.0,0.0,34.0,100.0,0.0,55.0,14.0,41.0,91.7,13.1,True
2020-05-16 19:00:00,4135001,0.0,0.0,0.0,0.0,22.0,27.773843579761902,25.173710835714285,0.0,36.3,31.0,100.0,0.0,31.0,100.0,0.0,0.0,0.0,0.0,0.0,12.0,True
2020-05-16 20:00:00,4135001,0.0,0.0,0.0,0.0,22.0,26.609752547619046,24.006616385714285,0.0,34.6,37.0,100.0,0.0,70.0,99.0,0.0,0.0,0.0,0.0,0.0,16.9,True
2020-05-16 21:00:00,4135001,0.0,0.0,0.0,0.0,22.0,25.508788466666665,22.83895318333333,0.0,33.9,40.0,100.0,0.0,14.0,100.0,0.0,0.0,0.0,0.0,0.0,9.0,True
2020-05-16 22:00:00,4135001,0.0,0.0,0.0,0.0,22.0,24.74963269761905,22.099702804761904,0.0,33.0,42.0,100.0,0.0,12.0,100.0,0.0,0.0,0.0,0.0,0.0,2.9,True
2020-05-16 23:00:00,4135001,0.0,0.0,0.0,0.0,22.0,24.370390283333332,22.0790273,0.0,33.3,42.0,100.0,5.0,11.0,100.0,0.0,0.0,0.0,0.0,0.0,3.1,True
2020-05-17 00:00:00,4135001,0.0,0.0,0.0,0.0,22.0,24.0033637,21.570909944047617,0.0,31.6,49.0,100.0,8.0,14.0,100.0,0.4,0.0,0.0,0.0,0.0,3.9,True
2020-05-17 01:00:00,4135001,0.0,0.0,0.0,0.0,22.0,23.773983484375,21.613145309375,0.0,31.0,53.0,100.0,5.0,9.0,100.0,0.0,0.0,0.0,0.0,0.0,7.2,True
2020-05-17 02:00:00,4135001,0.0,0.0,0.0,0.0,22.0,23.40926451547619,21.333184027380955,0.0,30.4,55.0,100.0,4.0,8.0,100.0,0.0,0.0,0.0,0.0,0.0,7.3,True
2020-05-17 03:00:00,4135001,0.0,0.0,0.0,0.0,22.0,23.106247950000004,21.16272228333333,0.0,30.0,56.0,100.0,1.0,5.0,100.0,0.0,0.0,0.0,0.0,0.0,5.5,True
2020-05-17 04:00:00,4135001,0.0,0.0,0.0,0.0,22.0,22.825052916666667,20.967664583333335,0.0,29.4,57.0,99.0,0.0,3.0,99.0,0.0,0.0,0.0,0.0,0.0,3.6,True
2020-05-17 05:00:00,4135001,0.0,0.0,0.0,0.0,22.0,22.56940003452381,21.014346436904763,8.33637205e-05,29.9,57.0,76.0,0.0,8.0,100.0,0.0,0.0,0.0,0.0,0.0,1.1,True
2020-05-17 06:00:00,4135001,777.219642865,8020.19196425,777.219642865,8020.19196425,22.0,22.780542049999998,21.898464,0.029804955638333325,30.0,58.0,100.0,0.0,14.0,100.0,0.0,19.0,2.0,17.0,20.3,4.4,True
2020-05-17 07:00:00,4135001,5937.74821435,60543.3660715,5937.74821435,60543.3660715,22.0,23.785956519047616,27.036007041666664,0.21195417485238088,30.9,56.0,100.0,0.0,8.0,100.0,0.0,148.0,56.0,92.0,209.4,4.8,True
2020-05-17 08:00:00,4135001,12564.4558036,128218.37499975,12564.4558036,128218.37499975,22.0,25.97143091666667,39.30826661666667,0.43525991499999994,32.4,52.0,100.0,0.0,7.0,100.0,0.0,351.0,206.0,145.0,418.9,4.8,True
2020-05-17 09:00:00,4135001,17692.66473235,180816.81696525,17692.66473235,180816.81696525,22.0,28.375963504761906,47.53485876190476,0.6042784054880952,34.1,48.0,100.0,1.0,12.0,100.0,0.0,543.0,366.0,177.0,531.7,7.1,True
2020-05-17 10:00:00,4135001,22159.221429125,226837.57142975,22159.221429125,226837.57142975,22.0,30.33595685,51.79666196666666,0.7530183226666667,35.6,43.0,99.0,1.0,6.0,99.0,0.0,703.0,468.0,235.0,554.6,7.4,True
2020-05-17 11:00:00,4135001,25013.164582875,256402.05356899998,25013.164582875,256402.05356899998,22.0,31.88541513452381,60.1113761095238,0.9144147961666667,36.9,38.0,99.0,0.0,3.0,99.0,0.0,747.0,500.0,247.0,527.7,8.4,True
2020-05-17 12:00:00,4135001,20181.87008905,206562.37946475,20181.87008905,206562.37946475,22.0,33.05976041666667,56.041961300000004,0.7314588040000001,38.5,33.0,100.0,0.0,23.0,100.0,0.0,865.0,570.0,295.0,574.3,10.0,True
2020-05-17 13:00:00,4135001,16702.277678325,170837.45982125,16702.277678325,170837.45982125,22.0,33.680019560714285,50.87901851904762,0.5605612115714285,38.9,31.0,100.0,0.0,47.0,100.0,0.0,656.0,291.0,365.0,298.3,10.8,True
2020-05-17 14:00:00,4135001,15158.1178571,154940.383927,15158.1178571,154940.383927,22.0,34.24005043333334,48.93140163333333,0.5259670066666666,38.6,30.0,100.0,0.0,53.0,100.0,0.0,503.0,219.0,284.0,243.9,11.4,True
2020-05-17 15:00:00,4135001,15370.110267850001,157003.941963,15370.110267850001,157003.941963,22.0,34.98917440952381,49.21295312023809,0.5185228104285714,38.5,30.0,100.0,0.0,33.0,100.0,0.0,471.0,174.0,297.0,227.4,12.4,True
2020-05-17 16:00:00,4135001,10250.1885417,104515.54315525,10250.1885417,104515.54315525,22.0,31.174709830952377,38.86334765595238,0.3352452847619047,37.9,31.0,100.0,0.0,48.0,100.0,0.0,272.0,84.0,188.0,143.4,11.7,True
2020-05-17 17:00:00,4135001,3198.65133921,32734.812500625,3198.65133921,32734.812500625,22.0,27.844508734523806,30.243215540476193,0.10356787474523806,36.5,35.0,100.0,0.0,28.0,100.0,0.0,124.0,18.0,106.0,48.3,14.0,True
2020-05-17 18:00:00,4135001,238.1571428575,2465.74107145,238.1571428575,2465.74107145,22.0,26.157002700000003,25.36307478333333,0.008707614050644949,35.1,38.0,100.0,0.0,30.0,100.0,0.0,42.0,4.0,38.0,26.1,7.9,True
2020-05-17 19:00:00,4135001,0.0,0.0,0.0,0.0,22.0,25.89215509285714,24.07597265119048,0.0,34.4,39.0,100.0,0.0,48.0,100.0,0.0,0.0,0.0,0.0,0.0,5.7,True
2020-05-17 20:00:00,4135001,0.0,0.0,0.0,0.0,22.0,25.4372325,24.018703249999998,0.0,34.1,41.0,100.0,0.0,11.0,100.0,0.0,0.0,0.0,0.0,0.0,2.2,True
2020-05-17 21:00:00,4135001,0.0,0.0,0.0,0.0,22.0,22.672175189285714,21.616323048809523,0.0,33.3,44.0,100.0,0.0,3.0,100.0,0.0,0.0,0.0,0.0,0.0,8.0,True
2020-05-17 22:00:00,4135001,0.0,0.0,0.0,0.0,22.0,21.282171183333332,20.5714665,0.0,32.7,46.0,100.0,0.0,7.0,100.0,0.0,0.0,0.0,0.0,0.0,7.6,True
2020-05-17 23:00:00,4135001,0.0,0.0,0.0,0.0,22.0,21.229909388095237,20.605397145238094,0.0,30.7,55.0,100.0,7.0,46.0,100.0,1.2,0.0,0.0,0.0,0.0,7.6,True
2020-05-18 00:00:00,4135001,0.0,0.0,0.0,0.0,22.0,21.119113166666665,20.534996016666668,0.0,27.7,73.0,100.0,0.0,22.0,100.0,3.2,0.0,0.0,0.0,0.0,10.8,True
2020-05-18 01:00:00,4135001,0.0,0.0,0.0,0.0,22.0,21.017826299999996,20.409069783333333,0.0,28.0,69.0,100.0,2.0,25.0,100.0,0.0,0.0,0.0,0.0,0.0,6.7,True
2020-05-18 02:00:00,4135001,0.0,0.0,0.0,0.0,22.0,21.079607952380954,20.260328083333334,0.0,28.1,68.0,100.0,0.0,25.0,100.0,0.0,0.0,0.0,0.0,0.0,7.7,True
2020-05-18 03:00:00,4135001,0.0,0.0,0.0,0.0,22.0,21.342248533333333,20.76537223333333,0.0,28.3,64.0,100.0,1.0,23.0,100.0,0.0,0.0,0.0,0.0,0.0,11.9,True
2020-05-18 04:00:00,4135001,0.0,0.0,0.0,0.0,22.0,21.161303357142856,20.12031880119048,0.0,28.2,63.0,100.0,3.0,22.0,100.0,0.0,0.0,0.0,0.0,0.0,11.6,True
2020-05-18 05:00:00,4135001,0.0,0.0,0.0,0.0,22.0,21.146922449999998,19.957759616666667,0.000129991415833325,28.5,68.0,99.0,0.0,14.0,88.0,0.0,0.0,0.0,0.0,0.0,15.3,True
2020-05-18 06:00:00,4135001,1253.0294643197499,12914.10714305,1253.0294643197499,12914.10714305,22.0,21.505703271428573,21.206793042857143,0.042866835285238075,28.8,67.0,84.0,0.0,18.0,81.0,0.0,18.0,4.0,14.0,40.4,14.5,True
2020-05-18 07:00:00,4135001,5165.076785775,52668.316964000005,5165.076785775,52668.316964000005,22.0,22.459750416666665,26.47023108333333,0.16711463099999999,30.3,63.0,52.0,0.0,20.0,41.0,0.0,140.0,64.0,76.0,238.9,14.8,True
2020-05-18 08:00:00,4135001,3438.9758928749998,35185.27232075,3438.9758928749998,35185.27232075,22.0,23.406023174999998,26.899411533333332,0.10386008539404758,32.2,57.0,100.0,0.0,23.0,100.0,0.0,330.0,214.0,116.0,435.0,16.5,True
2020-05-18 09:00:00,4135001,3503.555803525,35815.709821,3503.555803525,35815.709821,22.0,23.757182816666663,27.298904366666665,0.10537978321666665,34.3,49.0,100.0,0.0,12.0,100.0,0.0,518.0,348.0,170.0,505.6,19.2,True
2020-05-18 10:00:00,4135001,6910.933928575,70465.79017825,6910.933928575,70465.79017825,22.0,24.01112490595238,28.96312941547619,0.20958487426666667,36.4,40.0,100.0,1.0,14.0,100.0,0.0,717.0,523.0,194.0,620.0,19.4,True
2020-05-18 11:00:00,4135001,13432.91875005,137114.0401795,13432.91875005,137114.0401795,22.0,25.126056416666664,38.40726119999999,0.42150088016666665,37.7,36.0,100.0,8.0,14.0,100.0,0.0,785.0,551.0,234.0,581.7,19.9,True
2020-05-18 12:00:00,4135001,17865.010267849997,182556.72321425,17865.010267849997,182556.72321425,22.0,26.44752098333333,44.38732865,0.577475432,38.6,33.0,100.0,0.0,47.0,100.0,0.0,798.0,531.0,267.0,535.2,20.8,True
2020-05-18 13:00:00,4135001,22601.800892875,231447.5044655,22601.800892875,231447.5044655,22.0,27.343820420238092,47.82486024404762,0.7671310242380952,31.8,62.0,100.0,3.0,61.0,100.0,8.4,677.0,400.0,277.0,410.1,30.4,True
2020-05-18 14:00:00,4135001,14792.533482025,151118.61606975,14792.533482025,151118.61606975,22.0,27.673273199999997,43.68171495,0.48995834299999996,33.3,52.0,100.0,0.0,13.0,100.0,10.4,420.0,113.0,307.0,125.8,13.2,True
2020-05-18 15:00:00,4135001,16316.691964325,166665.67857125,16316.691964325,166665.67857125,22.0,27.475132788095237,42.912243978571425,0.531226582,35.8,39.0,100.0,0.0,8.0,100.0,0.0,362.0,86.0,276.0,112.4,13.8,True
2020-05-18 16:00:00,4135001,9050.29107145,92227.2142855,9050.29107145,92227.2142855,22.0,27.395660899999996,36.44824796666666,0.29153992883333335,36.5,37.0,100.0,0.0,11.0,100.0,0.0,314.0,78.0,236.0,133.1,10.8,True
2020-05-18 17:00:00,4135001,3096.951339275,31702.4508924,3096.951339275,31702.4508924,22.0,26.212608055952384,28.593954072619045,0.09719897547023806,35.5,39.0,100.0,0.0,24.0,100.0,0.0,155.0,21.0,134.0,56.3,18.2,True
2020-05-18 18:00:00,4135001,314.65758928500003,3255.7098214000002,314.65758928500003,3255.7098214000002,22.0,24.89978798333333,24.199809283333334,0.01165390506784995,33.9,43.0,100.0,0.0,33.0,100.0,0.0,46.0,6.0,40.0,39.1,10.7,True
2020-05-18 19:00:00,4135001,0.0,0.0,0.0,0.0,22.0,24.479608666666664,23.07689513333333,0.0,33.0,45.0,100.0,0.0,34.0,100.0,0.0,0.0,0.0,0.0,0.0,7.6,True
2020-05-18 20:00:00,4135001,0.0,0.0,0.0,0.0,22.0,24.11428349166667,22.052794784523805,0.0,32.6,47.0,100.0,0.0,26.0,100.0,0.0,0.0,0.0,0.0,0.0,15.4,True
2020-05-18 21:00:00,4135001,0.0,0.0,0.0,0.0,22.0,23.57697143333333,21.436995449999998,0.0,32.2,49.0,100.0,0.0,14.0,100.0,0.0,0.0,0.0,0.0,0.0,13.8,True
2020-05-18 22:00:00,4135001,0.0,0.0,0.0,0.0,22.0,22.91703935238095,20.783325619047616,0.0,32.0,52.0,100.0,0.0,3.0,100.0,0.0,0.0,0.0,0.0,0.0,15.8,True
2020-05-18 23:00:00,4135001,0.0,0.0,0.0,0.0,22.0,22.7539302,20.8525065,0.0,31.3,56.0,100.0,0.0,7.0,100.0,0.0,0.0,0.0,0.0,0.0,15.7,True
2020-05-19 00:00:00,4135001,0.0,0.0,0.0,0.0,22.0,22.569811802380947,20.528161026190475,0.0,30.5,59.0,100.0,0.0,18.0,100.0,0.0,0.0,0.0,0.0,0.0,18.6,True
2020-05-19 01:00:00,4135001,0.0,0.0,0.0,0.0,22.0,22.628986116666667,20.65906688333333,0.0,30.1,61.0,100.0,0.0,14.0,100.0,0.0,0.0,0.0,0.0,0.0,19.4,True
2020-05-19 02:00:00,4135001,0.0,0.0,0.0,0.0,22.0,22.84524666309524,20.79563029642857,0.0,29.6,63.0,100.0,0.0,11.0,100.0,0.0,0.0,0.0,0.0,0.0,20.5,True
2020-05-19 03:00:00,4135001,0.0,0.0,0.0,0.0,22.0,23.018200716666666,20.81359565,0.0,29.2,65.0,100.0,0.0,4.0,100.0,0.0,0.0,0.0,0.0,0.0,21.7,True
2020-05-19 04:00:00,4135001,0.0,0.0,0.0,0.0,22.0,23.190629279761904,20.87247735357143,0.0,28.9,66.0,100.0,0.0,1.0,100.0,0.0,0.0,0.0,0.0,0.0,20.9,True
2020-05-19 05:00:00,4135001,0.0,0.0,0.0,0.0,22.0,23.258594249999998,21.1526632,7.957945421665e-05,28.2,73.0,100.0,0.0,1.0,100.0,0.0,0.0,0.0,0.0,0.0,20.6,True
2020-05-19 06:00:00,4135001,530.88125000625,5473.937499955,530.88125000625,5473.937499955,22.0,23.410224386904762,22.44525894047619,0.018353297481666624,28.4,70.0,100.0,0.0,1.0,100.0,0.0,18.0,1.0,17.0,10.1,20.2,True
2020-05-19 07:00:00,4135001,5957.144196475,60717.258929,5957.144196475,60717.258929,22.0,24.59851998333333,28.17446443333333,0.19582242541666664,29.6,65.0,100.0,0.0,1.0,100.0,0.0,154.0,59.0,95.0,219.9,25.0,True
2020-05-19 08:00:00,4135001,6887.954910725,70196.040179,6887.954910725,70196.040179,22.0,25.443725348809522,32.419492394047616,0.22415173608809524,31.4,56.0,100.0,0.0,0.0,100.0,0.0,311.0,126.0,185.0,256.0,28.6,True
2020-05-19 09:00:00,4135001,14587.594642825,148969.14285675,14587.594642825,148969.14285675,22.0,26.864864566666668,42.09147131666666,0.4959170546666666,33.6,47.0,100.0,0.0,0.0,100.0,0.0,519.0,271.0,248.0,393.8,28.5,True
2020-05-19 10:00:00,4135001,15944.082589275,162951.29464325,15944.082589275,162951.29464325,22.0,27.75621028333333,43.61470402619047,0.5493137353452381,35.8,38.0,100.0,0.0,0.0,100.0,0.0,713.0,445.0,268.0,527.6,27.6,True
2020-05-19 11:00:00,4135001,15517.661706166667,158632.928573,9449.437946325,96695.6339295,22.0,28.25326722777778,45.474864930555555,0.5319547189999999,37.5,33.0,100.0,2.0,2.0,100.0,0.0,816.0,501.0,315.0,529.1,25.399999999999995,True
2020-05-19 12:00:00,4135001,22905.2583333,234472.66666649998,11452.62916665,117236.33333324999,22.0,29.79805053333333,50.2430749,0.787080141,38.8,28.0,100.0,0.0,6.0,100.0,0.0,828.0,508.0,320.0,512.2,25.5,True
2020-05-19 13:00:00,4135001,18939.955803625002,193630.392862,18939.955803625002,193630.392862,22.0,29.900670966666667,48.4894446,0.6253125728333334,39.6,24.0,100.0,0.0,48.0,100.0,0.0,752.0,404.0,348.0,414.3,24.9,True
2020-05-19 14:00:00,4135001,20651.58035695,211182.11606875,20651.58035695,211182.11606875,22.0,30.17277315595238,49.776135800000006,0.6901497009404761,39.1,24.0,100.0,0.0,34.0,100.0,0.0,515.0,213.0,302.0,237.2,23.6,True
2020-05-19 15:00:00,4135001,13673.59910715,139575.25000025,13673.59910715,139575.25000025,22.0,29.950729866666663,42.92621055,0.4474687416666666,39.7,18.0,100.0,0.0,33.0,100.0,0.0,384.0,127.0,257.0,165.9,21.4,True
2020-05-19 16:00:00,4135001,10035.907142875,102334.9419635,10035.907142875,102334.9419635,20.0,29.67801833452381,39.509916108333336,0.3611488084523809,39.1,19.0,100.0,0.0,43.0,100.0,0.0,268.0,56.0,212.0,95.5,24.1,True
2020-05-19 17:00:00,4135001,2762.6129464225,28242.808035875,2762.6129464225,28242.808035875,18.0,28.363814249999997,31.20082445,0.11051163686666665,38.3,23.0,100.0,0.0,32.0,100.0,0.0,135.0,33.0,102.0,88.3,21.3,True
2020-05-19 18:00:00,4135001,0.43437499999999996,4.5,0.43437499999999996,4.5,18.0,23.316263140476188,22.243057317857144,0.00047997434626663335,37.3,24.0,100.0,0.0,27.0,100.0,0.0,49.0,7.0,42.0,45.5,15.5,True
2020-05-19 19:00:00,4135001,0.0,0.0,0.0,0.0,18.0,22.499559583333333,20.559704566666667,0.0,36.2,25.0,100.0,0.0,15.0,100.0,0.0,0.0,0.0,0.0,0.0,13.7,True
2020-05-19 20:00:00,4135001,0.0,0.0,0.0,0.0,22.0,23.130025716666665,20.503182483333333,0.0,32.6,43.0,100.0,0.0,45.0,100.0,0.0,0.0,0.0,0.0,0.0,25.8,True
2020-05-19 21:00:00,4135001,0.0,0.0,0.0,0.0,22.0,23.948110770238095,21.387568289285714,0.0,32.2,50.0,100.0,0.0,2.0,100.0,0.0,0.0,0.0,0.0,0.0,22.1,True
2020-05-19 22:00:00,4135001,0.0,0.0,0.0,0.0,22.0,23.58156378333333,21.291150949999995,0.0,31.5,53.0,82.0,0.0,14.0,81.0,0.0,0.0,0.0,0.0,0.0,22.4,True
2020-05-19 23:00:00,4135001,0.0,0.0,0.0,0.0,22.0,22.89346925357143,20.42818446904762,0.0,30.7,58.0,100.0,0.0,2.0,100.0,0.0,0.0,0.0,0.0,0.0,24.4,True
2020-05-20 00:00:00,4135001,0.0,0.0,0.0,0.0,22.0,22.290050266666668,20.111283866666664,0.0,30.1,61.0,100.0,0.0,1.0,100.0,0.0,0.0,0.0,0.0,0.0,21.6,True
2020-05-20 01:00:00,4135001,0.0,0.0,0.0,0.0,22.0,22.161183444047616,19.887477813095238,0.0,29.5,63.0,100.0,0.0,0.0,100.0,0.0,0.0,0.0,0.0,0.0,20.7,True
2020-05-20 02:00:00,4135001,0.0,0.0,0.0,0.0,22.0,22.01137848333333,19.463808066666665,0.0,28.9,67.0,100.0,0.0,0.0,100.0,0.0,0.0,0.0,0.0,0.0,21.1,True
2020-05-20 03:00:00,4135001,0.0,0.0,0.0,0.0,22.0,22.012319247619047,19.452436186904762,0.0,28.2,71.0,100.0,0.0,0.0,100.0,0.0,0.0,0.0,0.0,0.0,21.9,True
2020-05-20 04:00:00,4135001,0.0,0.0,0.0,0.0,22.0,22.122256033333333,19.4709178,0.0,27.6,72.0,99.0,0.0,0.0,99.0,0.0,0.0,0.0,0.0,0.0,20.0,True
2020-05-20 05:00:00,4135001,0.0,0.0,0.0,0.0,22.0,21.846556798809523,18.907921072619047,3.684209000000001e-06,27.6,71.0,97.0,0.0,11.0,97.0,0.0,0.0,0.0,0.0,0.0,17.0,True
2020-05-20 06:00:00,4135001,1177.1825893015,12141.892857127501,1177.1825893015,12141.892857127501,22.0,21.80262003333333,19.76662095,0.04088675475666662,27.8,69.0,100.0,1.0,15.0,100.0,0.0,20.0,3.0,17.0,30.2,17.9,True
2020-05-20 07:00:00,4135001,6402.7839286,65241.0758935,6402.7839286,65241.0758935,22.0,23.197775357142856,25.18499513452381,0.23003979838095234,28.7,66.0,100.0,0.0,17.0,100.0,0.0,154.0,59.0,95.0,219.6,21.8,True
2020-05-20 08:00:00,4135001,13415.479464375,136932.58928625,13415.479464375,136932.58928625,22.0,25.34270525,36.64516196666667,0.45933566699999995,30.5,58.0,100.0,0.0,3.0,100.0,0.0,354.0,200.0,154.0,406.3,22.7,True
2020-05-20 09:00:00,4135001,18595.89732145,190053.18750025,18595.89732145,190053.18750025,22.0,27.10947146904762,44.00745019523809,0.6307187538452381,32.8,48.0,100.0,0.0,0.0,100.0,0.0,560.0,344.0,216.0,499.9,21.0,True
2020-05-20 10:00:00,4135001,23186.894196524998,237273.35714,23186.894196524998,237273.35714,22.0,28.52478485,50.13947648333333,0.7963303183333332,35.1,39.0,99.0,0.0,0.0,99.0,0.0,700.0,416.0,284.0,493.4,21.3,True
2020-05-20 11:00:00,4135001,25946.05267875,266004.2232125,25946.05267875,266004.2232125,22.0,29.782175633333335,54.193612216666665,0.9001110031666666,37.2,33.0,99.0,0.0,1.0,99.0,0.0,854.0,597.0,257.0,630.7,21.5,True
2020-05-20 12:00:00,4135001,27325.8986605,280237.6294625,27325.8986605,280237.6294625,22.0,31.023028686904766,58.387927010714286,0.9690397647261905,38.9,27.0,99.0,0.0,14.0,99.0,0.0,915.0,658.0,257.0,663.6,21.0,True
2020-05-20 13:00:00,4135001,25460.979226,261007.75118,6204.0004465,63585.383925,22.0,31.45943844242424,56.55488405757576,0.9001322504545453,39.7,22.0,99.0,0.0,44.0,98.0,0.0,810.0,549.0,261.0,563.2,18.4,True
2020-05-20 14:00:00,4135001,,,0.0,0.0,,,,,,,,,,,0.0,,,,,,False
2020-05-20 15:00:00,4135001,,,0.0,0.0,,,,,,,,,,,0.0,,,,,,False
2020-05-20 16:00:00,4135001,,,0.0,0.0,,,,,,,,,,,0.0,,,,,,False
2020-05-20 17:00:00,4135001,3660.5080356999997,37390.4642855,1830.2540178499999,18695.23214275,22.0,29.150322616666664,31.4666188,0.12404832316666665,39.3,17.0,97.0,0.0,19.0,98.0,0.0,238.0,130.0,108.0,347.1,13.4,True
2020-05-20 18:00:00,4135001,660.2093750015,6813.3794642525,660.2093750015,6813.3794642525,22.0,27.77857989642857,26.925524027380952,0.022829525131273766,37.2,19.0,98.0,0.0,12.0,98.0,0.0,67.0,18.0,49.0,116.7,5.6,True
2020-05-20 19:00:00,4135001,0.0,0.0,0.0,0.0,22.0,26.233910533333333,23.549506649999998,0.0,35.3,21.0,95.0,0.0,6.0,94.0,0.0,0.0,0.0,0.0,0.0,6.8,True
2020-05-20 20:00:00,4135001,0.0,0.0,0.0,0.0,22.0,25.394888816666665,22.467924566666667,0.0,34.9,21.0,95.0,0.0,25.0,94.0,0.0,0.0,0.0,0.0,0.0,8.5,True
2020-05-20 21:00:00,4135001,0.0,0.0,0.0,0.0,22.0,24.73416100119048,21.87433841547619,0.0,34.7,24.0,95.0,0.0,27.0,94.0,0.0,0.0,0.0,0.0,0.0,14.7,True
2020-05-20 22:00:00,4135001,0.0,0.0,0.0,0.0,22.0,24.19025290595238,21.44324423333333,0.0,33.2,36.0,98.0,0.0,4.0,98.0,0.0,0.0,0.0,0.0,0.0,18.4,True
2020-05-20 23:00:00,4135001,,,0.0,0.0,,,,,,,,,,,0.0,,,,,,False
2020-05-21 00:00:00,4135001,,,0.0,0.0,,,,,,,,,,,0.0,,,,,,False
2020-05-21 01:00:00,4135001,,,0.0,0.0,,,,,,,,,,,0.0,,,,,,False
2020-05-21 02:00:00,4135001,,,0.0,0.0,,,,,,,,,,,0.0,,,,,,False
2020-05-21 03:00:00,4135001,,,0.0,0.0,,,,,,,,,,,0.0,,,,,,False
2020-05-21 04:00:00,4135001,,,0.0,0.0,,,,,,,,,,,0.0,,,,,,False
2020-05-21 05:00:00,4135001,,,0.0,0.0,,,,,,,,,,,0.0,,,,,,False
2020-05-21 06:00:00,4135001,,,0.0,0.0,,,,,,,,,,,0.0,,,,,,False
2020-05-21 07:00:00,4135001,7494.9,76297.85,1873.725,19074.4625,22.0,23.530553636363635,30.40324263636364,0.3223960490909091,28.8,57.0,89.0,0.0,0.0,89.0,0.0,164.0,85.0,79.0,315.9,21.3,True
2020-05-21 08:00:00,4135001,12920.261517925,131879.82886875002,12920.261517925,131879.82886875002,22.0,24.739467366666666,37.702160066666664,0.44325642666666665,30.7,51.0,90.0,0.0,0.0,90.0,0.0,385.0,264.0,121.0,536.3,20.0,True
2020-05-21 09:00:00,4135001,19776.097767825,202196.5133915,19776.097767825,202196.5133915,22.0,27.047764673809525,48.870910553571434,0.7028915417023809,33.2,43.0,75.0,0.0,0.0,75.0,0.0,595.0,448.0,147.0,651.2,19.5,True
2020-05-21 10:00:00,4135001,17933.296249625,183555.5806545,17933.296249625,183555.5806545,22.0,28.462232999999998,50.964982083333325,0.6937580926666667,36.0,35.0,82.0,0.0,0.0,82.0,0.0,782.0,623.0,159.0,739.2,19.1,True
2020-05-21 11:00:00,4135001,25497.74330315,261345.745528,25497.74330315,261345.745528,22.0,29.85705540714286,57.81069410833334,0.9209442712142858,38.0,29.0,86.0,0.0,0.0,86.0,0.0,905.0,736.0,169.0,777.8,18.7,True
2020-05-21 12:00:00,4135001,21382.785714625003,218951.116072,21382.785714625003,218951.116072,22.0,30.723835833333332,54.708423483333334,0.776878259,39.5,25.0,92.0,0.0,41.0,88.0,0.0,933.0,756.0,177.0,762.7,16.9,True
2020-05-21 13:00:00,4135001,23835.03464285,244251.835417,23835.03464285,244251.835417,22.0,31.539038739285715,55.88179280119048,0.8500099465595238,40.0,22.0,69.0,0.0,44.0,46.0,0.0,737.0,485.0,252.0,497.6,15.0,True
2020-05-21 14:00:00,4135001,18067.868303850002,184863.97768050001,18067.868303850002,184863.97768050001,22.0,31.86687515,50.3283804,0.6115290695,40.5,19.0,37.0,0.0,29.0,13.0,0.0,670.0,475.0,195.0,529.1,13.6,True
2020-05-21 15:00:00,4135001,15037.573958425,153595.61458225,15037.573958425,153595.61458225,22.0,32.12127010714286,47.7096035654762,0.5086676949523808,40.6,18.0,44.0,0.0,43.0,2.0,0.0,541.0,361.0,180.0,471.5,12.1,True
2020-05-21 16:00:00,4135001,7633.7669643,77729.41964175,7633.7669643,77729.41964175,22.0,30.945326766666668,37.849356533333335,0.2450269709,40.2,18.0,59.0,0.0,47.0,30.0,0.0,357.0,225.0,132.0,383.0,13.6,True
2020-05-21 17:00:00,4135001,1519.7816964325,15672.65178565,1519.7816964325,15672.65178565,22.0,29.28367758333333,29.507903570238096,0.04725485009166665,40.0,16.0,74.0,0.0,14.0,0.0,0.0,177.0,89.0,88.0,237.1,11.6,True
2020-05-21 18:00:00,4135001,207.67723214,2150.290178575,207.67723214,2150.290178575,16.5,27.549890116666667,26.0536448,0.0082264502778333,38.1,18.0,12.0,0.0,12.0,0.0,0.0,71.0,31.0,40.0,200.3,8.0,True
2020-05-21 19:00:00,4135001,0.0,0.0,0.0,0.0,14.0,26.273561976190475,24.026944217857142,0.0,36.4,20.0,26.0,0.0,11.0,18.0,0.0,0.0,0.0,0.0,0.0,8.0,True
2020-05-21 20:00:00,4135001,0.0,0.0,0.0,0.0,20.0,25.228687,22.96982275,0.0,35.6,22.0,10.0,0.0,10.0,0.0,0.0,0.0,0.0,0.0,0.0,10.3,True
2020-05-21 21:00:00,4135001,0.0,0.0,0.0,0.0,22.0,24.483799055952378,22.159342921428568,0.0,34.9,24.0,33.0,0.0,8.0,27.0,0.0,0.0,0.0,0.0,0.0,11.2,True
2020-05-21 22:00:00,4135001,0.0,0.0,0.0,0.0,22.0,24.138509666666668,21.587924216666664,0.0,33.8,26.0,39.0,0.0,7.0,35.0,0.0,0.0,0.0,0.0,0.0,12.8,True
2020-05-21 23:00:00,4135001,0.0,0.0,0.0,0.0,22.0,23.91243719404762,21.195494763095237,0.0,33.0,36.0,5.0,0.0,5.0,1.0,0.0,0.0,0.0,0.0,0.0,15.2,True
2020-05-22 00:00:00,4135001,0.0,0.0,0.0,0.0,22.0,23.62829435,21.216041533333332,0.0,32.0,44.0,3.0,0.0,3.0,1.0,0.0,0.0,0.0,0.0,0.0,16.9,True
2020-05-22 01:00:00,4135001,0.0,0.0,0.0,0.0,22.0,23.507252583333333,22.099617711904763,0.0,30.8,52.0,2.0,0.0,2.0,0.0,0.0,0.0,0.0,0.0,0.0,19.1,True
2020-05-22 02:00:00,4135001,0.0,0.0,0.0,0.0,22.0,23.42935159880952,22.314399926190475,0.0,29.8,57.0,1.0,0.0,1.0,0.0,0.0,0.0,0.0,0.0,0.0,20.9,True
2020-05-22 03:00:00,4135001,0.0,0.0,0.0,0.0,22.0,23.117065416666666,21.4549265,0.0,28.9,62.0,1.0,0.0,1.0,0.0,0.0,0.0,0.0,0.0,0.0,19.3,True
2020-05-22 04:00:00,4135001,0.0,0.0,0.0,0.0,22.0,22.972063497619047,21.38420957857143,0.0,28.4,63.0,1.0,0.0,1.0,0.0,0.0,0.0,0.0,0.0,0.0,20.2,True
2020-05-22 05:00:00,4135001,0.0,0.0,0.0,0.0,22.0,22.8479095,21.399191316666666,0.000266826762333325,28.0,64.0,28.0,0.0,0.0,27.0,0.0,0.0,0.0,0.0,0.0,19.1,True
2020-05-22 06:00:00,4135001,1534.4258928975,15809.584821225,1534.4258928975,15809.584821225,22.0,23.095605360714284,22.636385639285713,0.05194381590547615,27.9,64.0,47.0,0.0,0.0,47.0,0.0,22.0,6.0,16.0,60.1,20.0,True
2020-05-22 07:00:00,4135001,7574.01517855,77194.209822,7574.01517855,77194.209822,22.0,24.11722005,29.693450783333333,0.27283301596666665,28.8,63.0,18.0,0.0,0.0,18.0,0.0,175.0,97.0,78.0,360.1,19.5,True
2020-05-22 08:00:00,4135001,8745.7433035,89159.94970225,8745.7433035,89159.94970225,22.0,25.20296444761905,34.49204114404762,0.30174501195238096,30.9,54.0,37.0,0.0,0.0,37.0,0.0,394.0,277.0,117.0,562.6,18.1,True
2020-05-22 09:00:00,4135001,12165.643125025,124128.29732175,12165.643125025,124128.29732175,22.0,26.615702399999996,38.09819853333333,0.3933977091666666,33.3,45.0,0.0,0.0,0.0,0.0,0.0,607.0,465.0,142.0,676.0,17.2,True
2020-05-22 10:00:00,4135001,16376.926339225,167473.47321175,16376.926339225,167473.47321175,22.0,27.921672322619045,43.117950545238095,0.5765076142380952,35.6,37.0,0.0,0.0,0.0,0.0,0.0,783.0,626.0,157.0,743.0,17.1,True
2020-05-22 11:00:00,4135001,22024.643392375,225595.53601,22024.643392375,225595.53601,22.0,29.524861666666666,51.96473235,0.8021581256666666,37.8,30.0,0.0,0.0,0.0,0.0,0.0,905.0,738.0,167.0,780.3,16.8,True
2020-05-22 12:00:00,4135001,23474.306250125,240477.205358,23474.306250125,240477.205358,22.0,30.977001095238094,57.60786207380953,0.8808289983690476,39.6,25.0,7.0,0.0,7.0,0.0,0.0,961.0,792.0,169.0,799.3,14.7,True
2020-05-22 13:00:00,4135001,22485.00074445,230033.28423325001,22485.00074445,230033.28423325001,22.0,31.67726688333333,56.1729512,0.787116728,40.4,22.0,42.0,0.0,42.0,0.0,0.0,843.0,653.0,190.0,670.2,12.1,True
2020-05-22 14:00:00,4135001,21292.280356625,217947.15625175,21292.280356625,217947.15625175,22.0,32.286646835714286,54.683532088095234,0.7392159658571429,40.7,18.0,43.0,0.0,43.0,0.0,0.0,671.0,449.0,222.0,500.2,8.0,True
2020-05-22 15:00:00,4135001,13405.663392925,136862.18749975,13405.663392925,136862.18749975,22.0,32.47474150833334,48.41206835119048,0.4652432358452381,40.8,17.0,45.0,0.0,27.0,26.0,0.0,562.0,412.0,150.0,538.0,4.8,True
2020-05-22 16:00:00,4135001,5463.324553625,55670.5714295,5463.324553625,55670.5714295,22.0,30.537190799999998,36.172486766666665,0.17767499149999993,40.9,16.0,53.0,0.0,41.0,22.0,0.0,398.0,272.0,126.0,462.6,2.3,True
2020-05-22 17:00:00,4135001,2206.550000045,22655.46875015,2206.550000045,22655.46875015,22.0,29.199906978571427,30.77111201904762,0.0724919405928571,40.4,15.0,92.0,0.0,5.0,42.0,0.0,232.0,132.0,100.0,351.0,9.1,True
2020-05-22 18:00:00,4135001,209.00446428825,2164.2008928725,209.00446428825,2164.2008928725,19.0,28.147688216666662,27.059440116666664,0.008356646485766625,38.5,16.0,6.0,0.0,6.0,0.0,0.0,76.0,33.0,43.0,212.7,6.8,True
2020-05-22 19:00:00,4135001,0.0,0.0,0.0,0.0,10.0,27.256123366666664,25.642492216666664,0.0,36.4,18.0,8.0,0.0,7.0,1.0,0.0,0.0,0.0,0.0,0.0,6.6,True
2020-05-22 20:00:00,4135001,0.0,0.0,0.0,0.0,16.0,26.699791504761905,24.99967506428571,0.0,36.6,17.0,7.0,0.0,7.0,0.0,0.0,0.0,0.0,0.0,0.0,10.7,True
2020-05-22 21:00:00,4135001,0.0,0.0,0.0,0.0,22.0,26.03650515,25.042627433333337,0.0,35.6,19.0,95.0,0.0,5.0,94.0,0.0,0.0,0.0,0.0,0.0,9.2,True
2020-05-22 22:00:00,4135001,0.0,0.0,0.0,0.0,22.0,23.57489425357143,22.621067716666666,0.0,33.6,22.0,92.0,0.0,4.0,91.0,0.0,0.0,0.0,0.0,0.0,6.7,True
2020-05-22 23:00:00,4135001,0.0,0.0,0.0,0.0,22.0,21.793151350000002,20.4367803,0.0,34.4,22.0,55.0,0.0,4.0,54.0,0.0,0.0,0.0,0.0,0.0,6.6,True
2020-05-23 00:00:00,4135001,0.0,0.0,0.0,0.0,22.0,21.655995233333336,20.53416766904762,0.0,32.1,24.0,75.0,0.0,2.0,75.0,0.0,0.0,0.0,0.0,0.0,8.9,True
2020-05-23 01:00:00,4135001,0.0,0.0,0.0,0.0,22.0,21.533191416666668,20.373434383333333,0.0,30.7,32.0,60.0,0.0,1.0,60.0,0.0,0.0,0.0,0.0,0.0,11.6,True
2020-05-23 02:00:00,4135001,0.0,0.0,0.0,0.0,22.0,21.813507476190477,20.54169314047619,0.0,30.0,42.0,17.0,0.0,0.0,17.0,0.0,0.0,0.0,0.0,0.0,13.7,True
2020-05-23 03:00:00,4135001,0.0,0.0,0.0,0.0,22.0,21.943901016666665,20.74042658333333,0.0,29.4,51.0,64.0,0.0,0.0,63.0,0.0,0.0,0.0,0.0,0.0,12.6,True
2020-05-23 04:00:00,4135001,0.0,0.0,0.0,0.0,22.0,22.073265483333333,21.118209609523806,0.0,28.6,58.0,35.0,0.0,0.0,35.0,0.0,0.0,0.0,0.0,0.0,12.6,True
2020-05-23 05:00:00,4135001,0.0,0.0,0.0,0.0,22.0,21.92008673333333,21.012809266666665,0.0,28.8,69.0,13.0,0.0,0.0,28.0,0.0,0.0,0.0,0.0,0.0,13.7,True
2020-05-23 06:00:00,4135001,1419.49333332,14655.7000001,354.87333333,3663.925000025,22.0,22.344629916666666,22.08666241666667,0.0454442841666666,29.2,67.0,25.0,0.0,0.0,25.0,0.0,22.0,6.0,16.0,60.0,14.1,True
2020-05-23 07:00:00,4135001,5404.6254465249995,55093.129464975005,5404.6254465249995,55093.129464975005,22.0,22.96647359642857,26.694234520238098,0.17861670604285715,30.6,61.0,1.0,0.0,0.0,1.0,0.0,175.0,97.0,78.0,359.8,17.0,True
2020-05-23 08:00:00,4135001,14317.512500025001,146172.9910715,14317.512500025001,146172.9910715,22.0,25.194889933333332,39.68144375,0.49443552649999994,32.8,52.0,7.0,0.0,0.0,7.0,0.0,395.0,279.0,116.0,566.7,17.3,True
2020-05-23 09:00:00,4135001,18474.21607135,188845.16071225,18474.21607135,188845.16071225,22.0,27.368390041666668,46.074149996428574,0.6512008897500001,35.1,43.0,10.0,0.0,0.0,10.0,0.0,609.0,469.0,140.0,682.1,16.4,True
2020-05-23 10:00:00,4135001,19569.261160825,200174.94642825,19569.261160825,200174.94642825,22.0,28.205914766666666,48.53599695,0.6851064511666667,37.3,36.0,43.0,0.0,0.0,43.0,0.0,783.0,628.0,155.0,745.7,13.6,True
2020-05-23 11:00:00,4135001,26037.875892625,266946.08481425,26037.875892625,266946.08481425,22.0,29.71130791547619,57.357519714285715,0.9394699098928572,39.4,28.0,21.0,0.0,20.0,2.0,0.0,903.0,737.0,166.0,779.5,10.9,True
2020-05-23 12:00:00,4135001,25121.8383922,257417.16518275,25121.8383922,257417.16518275,22.0,31.02895253333333,61.49207671666666,0.9243867435,40.5,23.0,36.0,0.0,36.0,0.0,0.0,849.0,643.0,206.0,649.2,6.4,True
2020-05-23 13:00:00,4135001,25208.152678500002,258336.611615,25208.152678500002,258336.611615,22.0,32.14111893333333,58.826104266666675,0.9026499993333333,41.1,19.0,31.0,0.0,24.0,10.0,0.0,785.0,556.0,229.0,570.8,1.9,True
2020-05-23 14:00:00,4135001,17793.86473235,181874.62946125,17793.86473235,181874.62946125,22.0,32.77395768095238,53.2906561797619,0.6069630438690476,41.3,18.0,37.0,0.0,37.0,0.0,0.0,712.0,542.0,170.0,603.9,3.0,True
2020-05-23 15:00:00,4135001,16103.974107125,164504.035714,16103.974107125,164504.035714,22.0,32.92367098333334,47.997737599999994,0.5139724243333333,41.2,18.0,33.0,0.0,33.0,2.0,0.0,570.0,406.0,164.0,530.0,3.9,True
2020-05-23 16:00:00,4135001,11821.058482225,120579.47321425,11821.058482225,120579.47321425,22.0,32.53408778452381,45.21551344523809,0.4057750891666666,41.0,18.0,29.0,0.0,29.0,2.0,0.0,378.0,253.0,125.0,430.0,5.5,True
2020-05-23 17:00:00,4135001,5242.64999995,53440.52678475,5242.64999995,53440.52678475,22.0,30.469380116666667,34.91620233333333,0.1779255627333333,40.7,17.0,33.0,0.0,24.0,9.0,0.0,214.0,123.0,91.0,326.4,3.1,True
2020-05-23 18:00:00,4135001,1021.16919644725,10505.616071415,1021.16919644725,10505.616071415,22.0,28.780811283333335,29.0618039202381,0.03479947948210235,39.0,19.0,22.0,0.0,22.0,0.0,0.0,66.0,27.0,39.0,173.5,5.3,True
2020-05-23 19:00:00,4135001,0.0,0.0,0.0,0.0,22.0,27.485154666666666,25.809593166666666,0.0,37.6,21.0,19.0,0.0,16.0,3.0,0.0,0.0,0.0,0.0,0.0,5.7,True
2020-05-23 20:00:00,4135001,0.0,0.0,0.0,0.0,22.0,26.647221166666668,24.925855791666667,0.0,37.4,21.0,18.0,0.0,11.0,8.0,0.0,0.0,0.0,0.0,0.0,6.4,True
2020-05-23 21:00:00,4135001,0.0,0.0,0.0,0.0,22.0,26.12653675555556,23.968815799999998,0.0,35.3,24.0,14.0,0.0,13.0,1.0,0.0,0.0,0.0,0.0,0.0,8.2,True
2020-05-23 22:00:00,4135001,0.0,0.0,0.0,0.0,22.0,25.5640054,23.316331433333332,0.0,34.1,25.0,15.0,0.0,15.0,0.0,0.0,0.0,0.0,0.0,0.0,7.6,True
2020-05-23 23:00:00,4135001,0.0,0.0,0.0,0.0,22.0,24.940095873809526,22.538089322619047,0.0,33.9,34.0,13.0,0.0,7.0,7.0,0.0,0.0,0.0,0.0,0.0,10.0,True
2020-05-24 00:00:00,4135001,0.0,0.0,0.0,0.0,22.0,24.45264805833333,21.839049876190476,0.0,31.9,55.0,66.0,0.0,24.0,56.0,0.0,0.0,0.0,0.0,0.0,4.3,True
2020-05-24 01:00:00,4135001,0.0,0.0,0.0,0.0,22.0,24.30246935,22.170725360714286,0.0,31.2,62.0,100.0,0.0,100.0,67.0,0.0,0.0,0.0,0.0,0.0,4.0,True
2020-05-24 02:00:00,4135001,0.0,0.0,0.0,0.0,22.0,24.419165049999997,22.345417716666667,0.0,31.3,62.0,83.0,0.0,56.0,63.0,0.0,0.0,0.0,0.0,0.0,3.3,True
2020-05-24 03:00:00,4135001,0.0,0.0,0.0,0.0,22.0,23.98014059047619,21.35209923214286,0.0,31.3,49.0,83.0,0.0,62.0,58.0,0.0,0.0,0.0,0.0,0.0,12.2,True
2020-05-24 04:00:00,4135001,0.0,0.0,0.0,0.0,22.0,23.8138509,21.240207416666667,0.0,30.0,61.0,73.0,0.0,14.0,69.0,0.0,0.0,0.0,0.0,0.0,14.1,True
2020-05-24 05:00:00,4135001,0.0,0.0,0.0,0.0,22.0,23.419822979761907,20.33128835833333,0.00015498005066665,30.4,60.0,26.0,0.0,6.0,2.0,0.0,0.0,0.0,0.0,0.0,11.5,True
2020-05-24 06:00:00,4135001,1304.501785728,13442.8973214525,1304.501785728,13442.8973214525,22.0,23.54794005,21.682673700000002,0.04433136856833332,30.3,64.0,2.0,0.0,2.0,0.0,0.0,21.0,6.0,15.0,59.9,16.5,True
2020-05-24 07:00:00,4135001,6160.5107142,62765.47321425,6160.5107142,62765.47321425,22.0,25.14631604404762,29.491129690476185,0.2370869135833333,30.8,61.0,11.0,0.0,1.0,10.0,0.0,172.0,95.0,77.0,352.1,17.2,True
2020-05-24 08:00:00,4135001,11964.18437495,122069.767857,11964.18437495,122069.767857,22.0,26.496342466666665,37.10426285,0.4083468753333333,32.6,52.0,15.0,0.0,0.0,14.0,0.0,386.0,269.0,117.0,546.4,17.1,True
2020-05-24 09:00:00,4135001,15553.22142865,158875.5,15553.22142865,158875.5,22.0,27.571660245238093,42.08941777857143,0.5164013111666667,34.7,44.0,0.0,0.0,0.0,0.0,0.0,598.0,456.0,142.0,663.4,16.6,True
2020-05-24 10:00:00,4135001,19757.70089295,202236.102677,19757.70089295,202236.102677,22.0,28.8105489,46.63701471666667,0.6915071745,36.9,37.0,0.0,0.0,0.0,0.0,0.0,776.0,619.0,157.0,735.3,15.5,True
2020-05-24 11:00:00,4135001,24207.755803725002,248070.4999985,24207.755803725002,248070.4999985,22.0,30.448671817857143,56.750689767857146,0.8648312350833333,38.8,31.0,7.0,0.0,7.0,0.0,0.0,895.0,728.0,167.0,770.3,14.8,True
2020-05-24 12:00:00,4135001,25845.58482125,264963.24108,25845.58482125,264963.24108,22.0,31.738319266666664,60.107316333333344,0.958445879,40.0,27.0,13.0,0.0,13.0,0.0,0.0,896.0,719.0,177.0,726.2,12.1,True
2020-05-24 13:00:00,4135001,24292.331249825,248994.7187485,24292.331249825,248994.7187485,22.0,32.94483433928571,60.45155063928571,0.8748722549404762,40.8,24.0,36.0,0.0,36.0,0.0,0.0,853.0,677.0,176.0,695.2,8.7,True
2020-05-24 14:00:00,4135001,20013.441517975,204776.3392795,20013.441517975,204776.3392795,22.0,33.60884705,56.511063083333326,0.7526318096666667,40.8,22.0,61.0,0.0,60.0,0.0,0.0,663.0,501.0,162.0,558.2,6.8,True
2020-05-24 15:00:00,4135001,11661.825,119056.46428575,11661.825,119056.46428575,22.0,33.40508370119048,48.11556207738094,0.40361039308333335,40.4,22.0,44.0,0.0,40.0,7.0,0.0,421.0,262.0,159.0,342.0,5.4,True
2020-05-24 16:00:00,4135001,8487.37455355,86548.04910775,8487.37455355,86548.04910775,22.0,32.883561150000006,40.08480376666667,0.28074439149999997,40.1,22.0,84.0,0.0,63.0,61.0,0.0,324.0,190.0,134.0,322.6,6.0,True
2020-05-24 17:00:00,4135001,5102.262499949999,52047.343749675,5102.262499949999,52047.343749675,22.0,32.16733534166667,36.56946771190476,0.18004262501071425,39.9,20.0,84.0,0.0,44.0,3.0,0.0,143.0,61.0,82.0,161.5,11.0,True
2020-05-24 18:00:00,4135001,603.7580357100001,6242.07589285,603.7580357100001,6242.07589285,22.0,29.9501348,28.740227266666665,0.0212878470783333,38.9,22.0,33.0,0.0,32.0,2.0,0.0,61.0,25.0,36.0,160.2,9.4,True
2020-05-24 19:00:00,4135001,0.0,0.0,0.0,0.0,22.0,28.246910939285712,26.278824442857143,0.0,37.9,23.0,32.0,0.0,31.0,1.0,0.0,0.0,0.0,0.0,0.0,7.3,True
2020-05-24 20:00:00,4135001,0.0,0.0,0.0,0.0,22.0,27.084617083333335,25.64338745,0.0,37.4,24.0,28.0,0.0,28.0,0.0,0.0,0.0,0.0,0.0,0.0,7.6,True
2020-05-24 21:00:00,4135001,0.0,0.0,0.0,0.0,22.0,25.790709704761905,23.78835332857143,0.0,37.0,25.0,20.0,0.0,20.0,0.0,0.0,0.0,0.0,0.0,0.0,11.1,True
2020-05-24 22:00:00,4135001,0.0,0.0,0.0,0.0,22.0,24.66484481666667,23.21441288333333,0.0,34.9,38.0,21.0,0.0,21.0,0.0,0.0,0.0,0.0,0.0,0.0,18.2,True
2020-05-24 23:00:00,4135001,0.0,0.0,0.0,0.0,22.0,24.108015670238093,22.946120139285714,0.0,32.2,66.0,15.0,0.0,15.0,0.0,0.0,0.0,0.0,0.0,0.0,15.5,True
2020-05-25 00:00:00,4135001,0.0,0.0,0.0,0.0,22.0,23.67953598333333,22.616472950000002,0.0,31.6,68.0,3.0,0.0,3.0,0.0,0.0,0.0,0.0,0.0,0.0,13.4,True
2020-05-25 01:00:00,4135001,0.0,0.0,0.0,0.0,22.0,23.793860658333337,22.630734195238094,0.0,30.9,70.0,3.0,0.0,3.0,0.0,0.0,0.0,0.0,0.0,0.0,10.6,True
2020-05-25 02:00:00,4135001,0.0,0.0,0.0,0.0,22.0,23.673393216666664,22.514745033333334,0.0,30.5,72.0,2.0,0.0,2.0,0.0,0.0,0.0,0.0,0.0,0.0,7.7,True
2020-05-25 03:00:00,4135001,0.0,0.0,0.0,0.0,22.0,23.54819785238095,22.266695639285714,0.0,30.3,73.0,1.0,0.0,1.0,0.0,0.0,0.0,0.0,0.0,0.0,4.7,True
2020-05-25 04:00:00,4135001,0.0,0.0,0.0,0.0,22.0,23.433653266666667,22.146270266666665,0.0,30.0,71.0,2.0,1.0,1.0,0.0,0.0,0.0,0.0,0.0,0.0,5.6,True
2020-05-25 05:00:00,4135001,0.0,0.0,0.0,0.0,16.0,23.202136799999995,21.25744831111111,0.0,29.399999999999995,76.0,67.0,18.0,0.0,69.0,0.0,0.0,0.0,0.0,0.0,3.0,True
2020-05-25 06:00:00,4135001,1232.5553571225,12699.15178545,1232.5553571225,12699.15178545,19.0,23.18727401043956,21.829703397985348,0.045310666757051254,30.3,67.0,40.0,10.0,0.0,35.0,0.0,22.0,6.0,16.0,59.8,13.1,True
2020-05-25 07:00:00,4135001,5681.5236606749995,57915.049107,5681.5236606749995,57915.049107,22.0,24.136750783333333,26.885045816666665,0.20911412983333327,31.2,62.0,35.0,1.0,1.0,34.0,0.0,168.0,88.0,80.0,326.0,17.0,True
2020-05-25 08:00:00,4135001,12655.096875025,129168.553572,12655.096875025,129168.553572,22.0,25.43542060952381,37.58152262738095,0.4371036139642857,32.8,54.0,53.0,0.0,0.0,53.0,0.0,382.0,264.0,118.0,536.4,16.3,True
2020-05-25 09:00:00,4135001,19789.4129465,202310.96874774998,19789.4129465,202310.96874774998,22.0,27.852421016666668,48.59190018333334,0.6916181106666667,34.8,46.0,18.0,0.0,1.0,17.0,0.0,597.0,456.0,141.0,663.7,15.8,True
2020-05-25 10:00:00,4135001,23527.5549109,240899.696445,23527.5549109,240899.696445,22.0,29.32791857142857,54.91318447857143,0.847770457404762,36.9,39.0,35.0,0.0,0.0,35.0,0.0,772.0,615.0,157.0,730.9,14.3,True
2020-05-25 11:00:00,4135001,26121.4129465,267855.2187375,26121.4129465,267855.2187375,22.0,30.99183553333333,59.55268804999999,0.937201793,38.6,33.0,3.0,0.0,3.0,0.0,0.0,879.0,710.0,169.0,751.6,11.6,True
2020-05-25 12:00:00,4135001,26869.81517925,275571.2321375,26869.81517925,275571.2321375,22.0,32.07275245833333,59.16123945,0.9656088658214286,39.9,29.0,11.0,0.0,11.0,0.0,0.0,912.0,735.0,177.0,742.6,8.7,True
2020-05-25 13:00:00,4135001,25356.0965775,259910.805055,25356.0965775,259910.805055,22.0,33.239346947619055,60.15347582142858,0.9008903854404762,40.5,26.0,33.0,0.0,33.0,0.0,0.0,847.0,664.0,183.0,682.0,6.6,True
2020-05-25 14:00:00,4135001,22260.9071423,227790.63392475,22260.9071423,227790.63392475,22.0,33.67912736190476,57.409194773809524,0.7910178290357142,40.7,24.0,39.0,0.0,39.0,0.0,0.0,729.0,527.0,202.0,587.2,5.8,True
2020-05-25 15:00:00,4135001,19038.2294644,194605.223216,19038.2294644,194605.223216,22.0,34.38076933333333,53.31247406666666,0.6416658786666667,40.4,24.0,58.0,0.0,58.0,0.0,0.0,525.0,355.0,170.0,463.2,4.8,True
2020-05-25 16:00:00,4135001,8237.63303565,84115.2187505,8237.63303565,84115.2187505,22.0,33.8930327202381,42.99851833690476,0.2697621424880952,40.2,24.0,58.0,0.0,58.0,0.0,0.0,290.0,170.0,120.0,288.4,6.4,True
2020-05-25 17:00:00,4135001,1756.8915178525,18102.263393325,1756.8915178525,18102.263393325,22.0,32.05434566666667,32.11992231666667,0.0575928573833333,38.2,31.0,43.0,0.0,52.0,0.0,0.0,174.0,95.0,79.0,251.0,13.0,True
2020-05-25 18:00:00,4135001,366.91071429125003,3797.26339298,366.91071429125003,3797.26339298,22.0,28.304531366666666,26.886455283333333,0.013207775823766648,37.6,31.0,42.0,0.0,42.0,0.0,0.0,52.0,21.0,31.0,134.2,9.9,True
2020-05-25 19:00:00,4135001,0.0,0.0,0.0,0.0,22.0,26.57933547142857,24.093908222619046,0.0,37.0,33.0,30.0,0.0,30.0,0.0,0.0,0.0,0.0,0.0,0.0,7.9,True
2020-05-25 20:00:00,4135001,0.0,0.0,0.0,0.0,22.0,26.232587133333332,23.692628983333336,0.0,36.2,36.0,41.0,0.0,30.0,16.0,0.0,0.0,0.0,0.0,0.0,4.0,True
2020-05-25 21:00:00,4135001,0.0,0.0,0.0,0.0,22.0,25.446367851190473,24.726612794047618,0.0,35.3,38.0,31.0,0.0,26.0,6.0,0.0,0.0,0.0,0.0,0.0,3.4,True
2020-05-25 22:00:00,4135001,0.0,0.0,0.0,0.0,22.0,22.493630466666662,21.512481183333332,0.0,34.3,48.0,36.0,0.0,22.0,19.0,0.0,0.0,0.0,0.0,0.0,15.5,True
2020-05-25 23:00:00,4135001,0.0,0.0,0.0,0.0,22.0,22.473452433333335,20.000045323809523,0.0,32.4,65.0,54.0,0.0,17.0,44.0,0.0,0.0,0.0,0.0,0.0,14.8,True
2020-05-26 00:00:00,4135001,0.0,0.0,0.0,0.0,22.0,22.256281033333334,19.902349383333334,0.0,31.9,66.0,70.0,0.0,14.0,66.0,0.0,0.0,0.0,0.0,0.0,14.1,True
2020-05-26 01:00:00,4135001,0.0,0.0,0.0,0.0,22.0,22.222414649999997,19.679908892857142,0.0,31.1,68.0,75.0,0.0,14.0,71.0,0.0,0.0,0.0,0.0,0.0,14.1,True
2020-05-26 02:00:00,4135001,0.0,0.0,0.0,0.0,22.0,21.800504066666665,19.28382668333333,0.0,30.6,70.0,77.0,0.0,18.0,72.0,0.0,0.0,0.0,0.0,0.0,14.0,True
2020-05-26 03:00:00,4135001,0.0,0.0,0.0,0.0,22.0,21.364649516666667,19.117106083333333,0.0,30.2,71.0,47.0,0.0,13.0,40.0,0.0,0.0,0.0,0.0,0.0,10.5,True
2020-05-26 04:00:00,4135001,0.0,0.0,0.0,0.0,22.0,21.312706444047617,19.006534258333335,0.0,29.7,73.0,21.0,0.0,11.0,12.0,0.0,0.0,0.0,0.0,0.0,2.5,True
2020-05-26 05:00:00,4135001,0.0,0.0,0.0,0.0,22.0,22.070155316666664,19.539565016666664,0.00020635903135,28.9,78.0,12.0,0.0,3.0,0.0,0.0,0.0,0.0,0.0,0.0,1.1,True
2020-05-26 06:00:00,4135001,1324.3334821815,13645.008928525,1324.3334821815,13645.008928525,22.0,22.783858596428573,21.118755901190475,0.043703293967857125,29.5,74.0,1.0,0.0,1.0,0.0,0.0,21.0,6.0,15.0,59.8,1.8,True
2020-05-26 07:00:00,4135001,6427.474107125,65477.084821,6427.474107125,65477.084821,22.0,24.205434099999998,27.84069116666667,0.2439782858333333,30.8,68.0,1.0,0.0,1.0,0.0,0.0,171.0,94.0,77.0,348.1,2.4,True
2020-05-26 08:00:00,4135001,13564.181250025,138459.0982145,13564.181250025,138459.0982145,22.0,26.271270117857142,39.95716410952381,0.4789968870119048,33.0,59.0,26.0,26.0,0.0,0.0,0.0,384.0,266.0,118.0,540.6,6.6,True
2020-05-26 09:00:00,4135001,19556.60892865,199921.44196475,19556.60892865,199921.44196475,22.0,27.801093966666667,49.629906283333334,0.6919608188333333,35.1,49.0,13.0,13.0,0.0,0.0,0.0,567.0,407.0,160.0,592.6,7.4,True
2020-05-26 10:00:00,4135001,23340.60580445,239061.10714725,23340.60580445,239061.10714725,22.0,29.53407568690476,56.541919428571425,0.8427738709166666,37.0,41.0,0.0,0.0,0.0,0.0,0.0,760.0,595.0,165.0,707.5,8.0,True
2020-05-26 11:00:00,4135001,21834.221874725,223633.370532,21834.221874725,223633.370532,22.0,30.40919703333333,55.491460716666666,0.778270831,38.8,35.0,2.0,2.0,1.0,0.0,0.0,886.0,716.0,170.0,758.3,7.0,True
2020-05-26 12:00:00,4135001,23205.121427525,237794.357139,23205.121427525,237794.357139,22.0,31.46684990119047,56.57650733333333,0.8239350104880954,40.0,30.0,20.0,0.0,20.0,0.0,0.0,901.0,713.0,188.0,720.7,6.4,True
2020-05-26 13:00:00,4135001,21401.853571375003,219226.4151815,21401.853571375003,219226.4151815,22.0,32.67045833333333,57.48449853333333,0.7622425405,40.8,28.0,23.0,0.0,23.0,0.0,0.0,819.0,624.0,195.0,641.0,6.1,True
2020-05-26 14:00:00,4135001,12641.716071325001,129100.59821475,12641.716071325001,129100.59821475,22.0,32.70317200595238,49.08159946309524,0.42751056750000005,41.2,26.0,43.0,0.0,43.0,0.0,0.0,739.0,519.0,220.0,578.3,5.6,True
2020-05-26 15:00:00,4135001,13133.687946475,134056.13392875,13133.687946475,134056.13392875,22.0,32.6998913,44.827407816666664,0.427828956,40.2,27.0,47.0,0.0,47.0,0.0,0.0,503.0,317.0,186.0,413.5,2.8,True
2020-05-26 16:00:00,4135001,12265.25178565,125153.61160775,12265.25178565,125153.61160775,22.0,33.224596244047625,44.473493015476194,0.41015728260714285,37.3,37.0,86.0,0.0,84.0,41.0,0.0,313.0,188.0,125.0,318.7,20.4,True
2020-05-26 17:00:00,4135001,3434.7571428449996,35152.491071175,3434.7571428449996,35152.491071175,22.0,31.72510988333333,35.14305228333333,0.11505909359999997,37.1,34.0,19.0,0.0,33.0,1.0,0.4,155.0,80.0,75.0,210.9,8.4,True
2020-05-26 18:00:00,4135001,241.129017855,2495.51339285,241.129017855,2495.51339285,18.25,28.967409116666666,27.80243660357143,0.016023397816785676,36.7,35.0,35.0,0.0,35.0,0.0,0.0,64.0,26.0,38.0,165.7,5.6,True
2020-05-26 19:00:00,4135001,0.0,0.0,0.0,0.0,16.0,27.47797595,25.4549042,0.0,36.1,36.0,30.0,0.0,29.0,1.0,0.0,1.0,0.0,1.0,0.0,2.7,True
2020-05-26 20:00:00,4135001,0.0,0.0,0.0,0.0,21.75,26.134843472619046,23.28577411190476,0.0,35.6,38.0,28.0,0.0,28.0,0.0,0.0,0.0,0.0,0.0,0.0,13.6,True
2020-05-26 21:00:00,4135001,0.0,0.0,0.0,0.0,22.0,26.575712683333336,25.1851711,0.0,34.3,42.0,22.0,0.0,22.0,0.0,0.0,0.0,0.0,0.0,0.0,13.0,True
2020-05-26 22:00:00,4135001,0.0,0.0,0.0,0.0,22.0,25.930998569047617,23.940487891666667,0.0,33.9,44.0,21.0,0.0,21.0,0.0,0.0,0.0,0.0,0.0,0.0,10.7,True
2020-05-26 23:00:00,4135001,0.0,0.0,0.0,0.0,22.0,24.0982615,22.991171283333333,0.0,34.0,44.0,29.0,0.0,15.0,17.0,0.0,0.0,0.0,0.0,0.0,1.1,True
2020-05-27 00:00:00,4135001,0.0,0.0,0.0,0.0,22.0,23.3974126,21.77005198333333,0.0,32.9,49.0,44.0,0.0,12.0,37.0,0.0,0.0,0.0,0.0,0.0,4.0,True
2020-05-27 01:00:00,4135001,0.0,0.0,0.0,0.0,22.0,23.560330661904764,22.106003558333335,0.0,32.1,53.0,62.0,0.0,9.0,59.0,0.0,0.0,0.0,0.0,0.0,4.5,True
2020-05-27 02:00:00,4135001,0.0,0.0,0.0,0.0,22.0,23.543554166666667,21.594501816666664,0.0,32.4,49.0,64.0,0.0,8.0,61.0,0.0,0.0,0.0,0.0,0.0,5.6,True
2020-05-27 03:00:00,4135001,0.0,0.0,0.0,0.0,22.0,24.049561879761903,21.850401072619047,0.0,32.0,50.0,33.0,0.0,7.0,28.0,0.0,0.0,0.0,0.0,0.0,9.5,True
2020-05-27 04:00:00,4135001,0.0,0.0,0.0,0.0,22.0,23.567823233333332,21.50969335,0.0,31.1,57.0,20.0,0.0,5.0,16.0,0.0,0.0,0.0,0.0,0.0,12.7,True
2020-05-27 05:00:00,4135001,0.0,0.0,0.0,0.0,22.0,23.443279973809524,21.55644231428571,0.000210134299583325,30.6,62.0,6.0,0.0,2.0,17.0,0.0,0.0,0.0,0.0,0.0,13.1,True
2020-05-27 06:00:00,4135001,1531.3783036125,15736.505356900001,1531.3783036125,15736.505356900001,22.0,23.434353133333335,22.373884033333333,0.0528227298966666,30.8,62.0,5.0,0.0,2.0,3.0,0.0,22.0,6.0,16.0,59.7,12.6,True
2020-05-27 07:00:00,4135001,6052.281220275,61663.9851185,6052.281220275,61663.9851185,22.0,25.02574100238095,28.334441775000002,0.2180529917928571,31.7,59.0,1.0,0.0,1.0,0.0,0.0,170.0,93.0,77.0,344.3,12.7,True
2020-05-27 08:00:00,4135001,12545.611458375,128013.54613100001,12545.611458375,128013.54613100001,22.0,26.89609325,39.139409416666666,0.4510691605,33.1,54.0,1.0,0.0,1.0,0.0,0.0,384.0,268.0,116.0,544.8,13.5,True
2020-05-27 09:00:00,4135001,17945.839821524998,183446.8860115,17945.839821524998,183446.8860115,22.0,28.434631160714286,48.02500499880953,0.6405595882261905,35.0,46.0,0.0,0.0,0.0,0.0,0.0,594.0,453.0,141.0,659.9,13.3,True
2020-05-27 10:00:00,4135001,16245.633928475,166038.12559525,16245.633928475,166038.12559525,22.0,29.26446335357143,47.43523615039682,0.5742018994642857,37.0,40.0,3.0,1.0,1.0,2.0,0.0,767.0,609.0,158.0,724.5,12.6,True
2020-05-27 11:00:00,4135001,21970.96324455,225038.9940485,21970.96324455,225038.9940485,22.0,30.834396783333332,55.76013176666666,0.7790673806666666,38.7,35.0,4.0,1.0,3.0,1.0,0.0,874.0,705.0,169.0,747.0,11.2,True
2020-05-27 12:00:00,4135001,18676.310714025,191100.004465,18676.310714025,191100.004465,22.0,32.10466298452381,56.908168005952376,0.7092874103809523,40.3,30.0,21.0,0.0,21.0,0.0,0.0,907.0,733.0,174.0,741.1,10.3,True
2020-05-27 13:00:00,4135001,12322.686309525001,125779.4389875,12322.686309525001,125779.4389875,22.0,32.43146921666666,46.49787123333333,0.41788405583333327,41.2,27.0,41.0,0.0,41.0,0.0,0.0,831.0,650.0,181.0,667.9,9.2,True
2020-05-27 14:00:00,4135001,12308.646577399999,125656.81398875,12308.646577399999,125656.81398875,22.0,32.59225887619048,45.443716183333336,0.4015431301071428,41.1,27.0,36.0,0.0,36.0,0.0,0.0,672.0,478.0,194.0,532.6,9.0,True
2020-05-27 15:00:00,4135001,12875.821874925,131440.67857,12875.821874925,131440.67857,22.0,32.44795675,45.466436816666665,0.4216070968333333,40.8,26.0,34.0,0.0,34.0,0.0,0.0,559.0,387.0,172.0,504.7,7.6,True
2020-05-27 16:00:00,4135001,10559.175000025,107729.0133935,10559.175000025,107729.0133935,22.0,31.952802416666664,42.38717346666667,0.3573314593333333,40.6,26.0,42.0,0.0,40.0,4.0,0.0,382.0,254.0,128.0,430.2,5.9,True
2020-05-27 17:00:00,4135001,3200.1374999225,32744.772321700002,3200.1374999225,32744.772321700002,22.0,30.329792817857143,32.77524199761904,0.1025679821928571,40.2,27.0,100.0,0.0,44.0,0.0,0.0,206.0,116.0,90.0,305.2,6.5,True
2020-05-27 18:00:00,4135001,192.477976195,1993.0119047500002,192.477976195,1993.0119047500002,13.0,28.609951233333334,27.283312483333333,0.008164154678716624,39.3,28.0,59.0,0.0,59.0,0.0,0.0,65.0,27.0,38.0,171.6,5.4,True
2020-05-27 19:00:00,4135001,0.0,0.0,0.0,0.0,16.0,25.774399152380948,24.552107155952378,2.2388488500000003e-05,38.0,31.0,47.0,0.0,44.0,16.0,0.0,1.0,0.0,1.0,0.0,9.4,True
2020-05-27 20:00:00,4135001,0.0,0.0,0.0,0.0,22.0,22.932962016666664,21.31111145,0.0,36.9,34.0,36.0,0.0,31.0,25.0,0.0,0.0,0.0,0.0,0.0,9.2,True
2020-05-27 21:00:00,4135001,0.0,0.0,0.0,0.0,22.0,23.142256983333333,20.944196340476193,0.0,33.4,44.0,45.0,0.0,26.0,33.0,0.4,0.0,0.0,0.0,0.0,17.4,True
2020-05-27 22:00:00,4135001,0.0,0.0,0.0,0.0,22.0,22.9103566,20.810649083333335,0.0,31.9,50.0,19.0,0.0,14.0,12.0,0.0,0.0,0.0,0.0,0.0,12.1,True
2020-05-27 23:00:00,4135001,0.0,0.0,0.0,0.0,22.0,23.37074884047619,22.25171458690476,0.0,32.0,51.0,6.0,0.0,6.0,0.0,0.0,0.0,0.0,0.0,0.0,13.7,True
2020-05-28 00:00:00,4135001,0.0,0.0,0.0,0.0,22.0,23.19194895,21.79885555,0.0,31.8,52.0,77.0,0.0,22.0,72.0,0.0,0.0,0.0,0.0,0.0,11.9,True
2020-05-28 01:00:00,4135001,0.0,0.0,0.0,0.0,22.0,22.686305513095242,20.505794563095236,0.0,31.3,55.0,79.0,0.0,0.0,79.0,0.0,0.0,0.0,0.0,0.0,16.5,True
2020-05-28 02:00:00,4135001,0.0,0.0,0.0,0.0,22.0,22.488680483333333,20.582993516666665,0.0,30.9,60.0,85.0,0.0,0.0,85.0,0.0,0.0,0.0,0.0,0.0,15.2,True
2020-05-28 03:00:00,4135001,0.0,0.0,0.0,0.0,22.0,22.53689301071428,20.824554935714286,0.0,30.9,60.0,83.0,0.0,1.0,83.0,0.0,0.0,0.0,0.0,0.0,15.6,True
2020-05-28 04:00:00,4135001,0.0,0.0,0.0,0.0,22.0,22.55685975,20.30698295,0.0,30.4,62.0,82.0,0.0,1.0,82.0,0.0,0.0,0.0,0.0,0.0,18.7,True
2020-05-28 05:00:00,4135001,0.0,0.0,0.0,0.0,22.0,21.908114364285712,19.698901740476188,9.601054955355e-05,30.0,64.0,73.0,0.0,6.0,82.0,0.0,0.0,0.0,0.0,0.0,17.7,True
2020-05-28 06:00:00,4135001,1434.31250002,14769.763392674999,1434.31250002,14769.763392674999,22.0,21.92193748333333,20.221685366666666,0.04666067406166663,30.0,62.0,86.0,0.0,11.0,84.0,0.0,21.0,5.0,16.0,49.8,17.8,True
2020-05-28 07:00:00,4135001,6635.57410715,67588.19196475,6635.57410715,67588.19196475,22.0,23.865807154761903,29.029136160714287,0.2569155761904761,31.0,58.0,89.0,0.0,13.0,87.0,0.0,168.0,84.0,84.0,311.0,19.2,True
2020-05-28 08:00:00,4135001,13567.5625,138493.165179,13567.5625,138493.165179,22.0,26.17351325,40.094587583333336,0.47830720149999995,32.5,51.0,88.0,0.0,9.0,86.0,0.0,345.0,207.0,138.0,421.0,18.4,True
2020-05-28 09:00:00,4135001,19467.4785714,199006.62797725,19467.4785714,199006.62797725,22.0,28.09045187738095,47.17867031428572,0.6823496627857143,34.7,43.0,88.0,0.0,6.0,88.0,0.0,550.0,390.0,160.0,568.4,16.9,True
2020-05-28 10:00:00,4135001,21559.129017749998,220704.30356975,21559.129017749998,220704.30356975,22.0,29.4413844,52.86690923333333,0.7955459541666666,37.1,35.0,84.0,0.0,0.0,84.0,0.0,735.0,521.0,214.0,620.1,15.7,True
2020-05-28 11:00:00,4135001,26246.422320550002,269129.62500125,26246.422320550002,269129.62500125,22.0,30.84940593333333,57.15824271666666,0.9349086853333333,39.3,29.0,79.0,0.0,0.0,79.0,0.0,888.0,710.0,178.0,752.6,14.8,True
2020-05-28 12:00:00,4135001,25799.924821875,264488.81041275,25799.924821875,264488.81041275,22.0,32.12130267976191,59.072737697023804,0.9252549583571428,40.9,25.0,21.0,0.0,20.0,2.0,0.0,945.0,775.0,170.0,783.9,12.9,True
2020-05-28 13:00:00,4135001,21679.9477675,222093.93303825002,21679.9477675,222093.93303825002,22.0,32.98781219761905,55.49942768452381,0.7852678075595237,41.6,22.0,21.0,0.0,21.0,0.0,0.0,842.0,652.0,190.0,670.1,10.5,True
2020-05-28 14:00:00,4135001,16358.20949415,167251.4196435,16358.20949415,167251.4196435,22.0,33.08978283534798,49.67862443415751,0.5528901629587911,42.1,21.0,31.0,0.0,31.0,0.0,0.0,749.0,576.0,173.0,641.9,8.5,True
2020-05-28 15:00:00,4135001,17641.11622025,180285.114582,17641.11622025,180285.114582,22.0,33.341209398809525,49.676019859523805,0.6084723951785714,42.2,20.0,30.0,0.0,30.0,1.0,0.0,549.0,385.0,164.0,501.9,7.0,True
2020-05-28 16:00:00,4135001,8319.532589275,84814.973214,8319.532589275,84814.973214,22.0,32.781076955952386,40.46794176904762,0.2835528989761905,41.6,20.0,82.0,0.0,45.0,71.0,0.0,389.0,254.0,135.0,429.9,4.4,True
2020-05-28 17:00:00,4135001,4142.4606547675,42292.388393175,4142.4606547675,42292.388393175,22.0,32.15466739285714,35.455530852380946,0.1415586949714285,40.9,19.0,78.0,0.0,30.0,87.0,0.0,191.0,103.0,88.0,270.4,12.9,True
2020-05-28 18:00:00,4135001,428.19336309525,4430.475892862501,428.19336309525,4430.475892862501,22.0,29.92789463333333,29.45733794404762,0.016315329101269024,39.8,20.0,89.0,0.0,46.0,81.0,0.0,68.0,25.0,43.0,158.4,9.1,True
2020-05-28 19:00:00,4135001,0.0,0.0,0.0,0.0,22.0,27.704796766666664,26.4528289,0.0,38.8,21.0,82.0,0.0,29.0,76.0,0.0,1.0,0.0,1.0,0.0,7.2,True
2020-05-28 20:00:00,4135001,0.0,0.0,0.0,0.0,22.0,26.810803644047617,25.272813367857143,0.0,38.1,22.0,79.0,0.0,42.0,66.0,0.0,0.0,0.0,0.0,0.0,7.4,True
2020-05-28 21:00:00,4135001,0.0,0.0,0.0,0.0,22.0,23.45720641062271,22.29331460989011,0.0,37.5,22.0,68.0,0.0,44.0,45.0,0.0,0.0,0.0,0.0,0.0,10.8,True
2020-05-28 22:00:00,4135001,0.0,0.0,0.0,0.0,22.0,20.972577899999997,19.999423166666666,0.0,36.4,25.0,66.0,0.0,42.0,43.0,0.0,0.0,0.0,0.0,0.0,13.7,True
2020-05-28 23:00:00,4135001,,,0.0,0.0,,,,,,,,,,,0.0,,,,,,False
2020-05-29 00:00:00,4135001,,,0.0,0.0,,,,,,,,,,,0.0,,,,,,False
2020-05-29 01:00:00,4135001,,,0.0,0.0,,,,,,,,,,,0.0,,,,,,False
2020-05-29 02:00:00,4135001,,,0.0,0.0,,,,,,,,,,,0.0,,,,,,False
2020-05-29 03:00:00,4135001,,,0.0,0.0,,,,,,,,,,,0.0,,,,,,False
2020-05-29 04:00:00,4135001,,,0.0,0.0,,,,,,,,,,,0.0,,,,,,False
2020-05-29 05:00:00,4135001,,,0.0,0.0,,,,,,,,,,,0.0,,,,,,False
2020-05-29 06:00:00,4135001,2151.15583332,22093.599206900002,1613.36687499,16570.199405175,22.0,21.008914966666662,21.026031716666665,0.06903451244047613,29.2,68.0,60.0,0.0,0.0,60.0,0.0,22.0,5.0,17.0,49.70000000000001,20.2,True
2020-05-29 07:00:00,4135001,4785.124553525,48803.526786,4785.124553525,48803.526786,22.0,21.931272933333332,26.33282368333333,0.15142690999999994,30.3,63.0,51.0,0.0,0.0,51.0,0.0,172.0,92.0,80.0,340.6,20.5,True
2020-05-29 08:00:00,4135001,9812.829464375,100009.5089285,9812.829464375,100009.5089285,22.0,23.39789618214286,33.85840351071428,0.32145518480952373,32.0,55.0,54.0,0.0,0.0,54.0,0.0,389.0,273.0,116.0,555.5,20.4,True
2020-05-29 09:00:00,4135001,16628.970089325,169914.4598215,16628.970089325,169914.4598215,22.0,25.397425883333334,45.4178661,0.5679020458333334,34.2,47.0,20.0,0.0,0.0,20.0,0.0,599.0,460.0,139.0,670.8,19.3,True
2020-05-29 10:00:00,4135001,23695.1483639,242739.06696974998,23695.1483639,242739.06696974998,22.0,27.648535149999997,55.300663633333336,0.8429225341666666,36.4,40.0,0.0,0.0,0.0,0.0,0.0,772.0,617.0,155.0,734.7,17.5,True
2020-05-29 11:00:00,4135001,23900.585268125,244910.41518225,23900.585268125,244910.41518225,22.0,29.19579075238095,56.95102501547619,0.8802125378333333,38.4,33.0,75.0,0.0,20.0,69.0,0.0,891.0,727.0,164.0,771.0,15.5,True
2020-05-29 12:00:00,4135001,24912.453125,255278.9017925,24912.453125,255278.9017925,22.0,30.176429749999997,60.04765275,0.8647957854999999,39.7,28.0,43.0,0.0,21.0,28.0,0.0,885.0,704.0,181.0,712.3,13.0,True
2020-05-29 13:00:00,4135001,23608.236607175,241837.0267745,23608.236607175,241837.0267745,22.0,31.295939158333333,60.91278727738096,0.845985537952381,40.2,26.0,32.0,0.0,23.0,14.0,0.0,712.0,477.0,235.0,490.3,9.4,True
2020-05-29 14:00:00,4135001,17724.811160775,181146.70535875,17724.811160775,181146.70535875,22.0,31.693425566666665,52.09330603333333,0.6152179005,41.1,23.0,14.0,0.0,14.0,1.0,0.0,770.0,572.0,198.0,637.4,5.7,True
2020-05-29 15:00:00,4135001,15882.94375005,162219.34821475,15882.94375005,162219.34821475,22.0,32.364440694047616,50.30777927619047,0.5346083614404763,41.3,21.0,18.0,0.0,18.0,1.0,0.0,627.0,464.0,163.0,604.7,4.1,True
2020-05-29 16:00:00,4135001,11271.644196375,114942.41517875,11271.644196375,114942.41517875,22.0,31.69114228333333,44.245344,0.37517764783333335,41.3,21.0,20.0,0.0,19.0,1.0,0.0,441.0,319.0,122.0,539.4,4.5,True
2020-05-29 17:00:00,4135001,4135.4892856675,42245.63839255,4135.4892856675,42245.63839255,22.0,29.33880534404762,33.465077347619044,0.13573970194166665,40.9,19.0,42.0,0.0,24.0,0.0,0.0,230.0,138.0,92.0,361.6,6.5,True
2020-05-29 18:00:00,4135001,306.054166665,3165.34077385,306.054166665,3165.34077385,16.0,27.61383406666667,26.880474816666666,0.011695278211499974,39.3,20.0,62.0,0.0,46.0,31.0,0.0,64.0,27.0,37.0,170.6,4.0,True
2020-05-29 19:00:00,4135001,0.0,0.0,0.0,0.0,10.0,26.084994549999998,23.946111099999996,0.0,38.1,21.0,62.0,0.0,43.0,36.0,0.0,1.0,0.0,1.0,0.0,5.2,True
2020-05-29 20:00:00,4135001,0.0,0.0,0.0,0.0,22.0,25.5755309,24.111533569047616,0.0,37.7,23.0,70.0,0.0,62.0,36.0,0.0,0.0,0.0,0.0,0.0,6.4,True
2020-05-29 21:00:00,4135001,0.0,0.0,0.0,0.0,22.0,25.522905449999996,24.20298665,0.0,37.0,26.0,49.0,0.0,47.0,24.0,0.0,0.0,0.0,0.0,0.0,14.5,True
2020-05-29 22:00:00,4135001,0.0,0.0,0.0,0.0,22.0,23.568339184523808,22.436549014285717,0.0,35.5,33.0,49.0,0.0,44.0,26.0,0.0,0.0,0.0,0.0,0.0,22.9,True
2020-05-29 23:00:00,4135001,0.0,0.0,0.0,0.0,22.0,21.53329725,20.767105583333333,0.0,32.5,49.0,41.0,0.0,34.0,17.0,0.0,0.0,0.0,0.0,0.0,16.4,True
2020-05-30 00:00:00,4135001,0.0,0.0,0.0,0.0,22.0,21.439897183333333,20.64846945,0.0,31.5,53.0,23.0,0.0,22.0,0.0,0.0,0.0,0.0,0.0,0.0,14.8,True
2020-05-30 01:00:00,4135001,0.0,0.0,0.0,0.0,22.0,21.296016308333332,20.396275138095238,0.0,30.9,55.0,14.0,0.0,14.0,0.0,0.0,0.0,0.0,0.0,0.0,14.0,True
2020-05-30 02:00:00,4135001,0.0,0.0,0.0,0.0,22.0,21.320394366666665,20.566225116666665,0.0,30.5,57.0,25.0,0.0,25.0,0.0,0.0,0.0,0.0,0.0,0.0,11.8,True
2020-05-30 03:00:00,4135001,0.0,0.0,0.0,0.0,22.0,21.389394447619047,20.53873051904762,0.0,30.3,59.0,58.0,0.0,58.0,0.0,0.0,0.0,0.0,0.0,0.0,13.0,True
2020-05-30 04:00:00,4135001,0.0,0.0,0.0,0.0,22.0,21.39213915,20.47306675,0.0,30.0,60.0,44.0,0.0,44.0,3.0,0.0,0.0,0.0,0.0,0.0,17.0,True
2020-05-30 05:00:00,4135001,0.0,0.0,0.0,0.0,22.0,21.251900301190474,20.09265811547619,0.000263558286696425,29.0,65.0,50.0,0.0,26.0,36.0,0.0,0.0,0.0,0.0,0.0,14.8,True
2020-05-30 06:00:00,4135001,1222.040624985,12593.723214425001,1222.040624985,12593.723214425001,22.0,21.31949308333333,20.67088216666667,0.041216641256666624,29.1,67.0,16.0,0.0,12.0,8.0,0.0,20.0,5.0,15.0,49.7,15.3,True
2020-05-30 07:00:00,4135001,4445.184821425,45354.21875,4445.184821425,45354.21875,22.0,22.297559616666664,25.089831483333334,0.14200059901666665,30.4,62.0,18.0,0.0,7.0,16.0,0.0,157.0,78.0,79.0,288.8,15.8,True
2020-05-30 08:00:00,4135001,7798.385714275,79375.91964400001,7798.385714275,79375.91964400001,22.0,23.444931727380954,32.405807847619045,0.25941299097619047,32.4,53.0,31.0,0.0,5.0,30.0,0.0,370.0,244.0,126.0,496.7,14.8,True
2020-05-30 09:00:00,4135001,10843.975000024999,110561.9464285,10843.975000024999,110561.9464285,22.0,24.622521916666663,35.2279668,0.34362687649999996,34.7,44.0,43.0,0.0,8.0,40.0,0.0,581.0,429.0,152.0,625.9,15.4,True
2020-05-30 10:00:00,4135001,10595.431696374999,108028.69642925,10595.431696374999,108028.69642925,22.0,24.88764245,31.512654929761904,0.3168655618809524,36.7,36.0,27.0,0.0,6.0,25.0,0.0,747.0,570.0,177.0,679.1,13.8,True
2020-05-30 11:00:00,4135001,17975.58125015,183769.2008925,17975.58125015,183769.2008925,22.0,25.755790733333335,42.120661383333335,0.5818618121666665,38.4,32.0,12.0,0.0,4.0,11.0,0.0,884.0,710.0,174.0,753.3,11.2,True
2020-05-30 12:00:00,4135001,24941.030802775,255547.58482400002,24941.030802775,255547.58482400002,22.0,27.99384397261905,60.94857968571428,0.9612937132380953,39.6,28.0,26.0,0.0,25.0,1.0,0.0,927.0,738.0,189.0,747.0,8.7,True
2020-05-30 13:00:00,4135001,22955.246875124998,235061.99999500002,22955.246875124998,235061.99999500002,22.0,29.08103338333333,54.5196696,0.8225208319999999,40.0,27.0,25.0,0.0,25.0,0.0,0.0,829.0,640.0,189.0,658.0,6.8,True
2020-05-30 14:00:00,4135001,23375.386606975,239307.517857,23375.386606975,239307.517857,22.0,30.095827720238095,53.460254739285716,0.8136779358571429,40.5,25.0,34.0,0.0,34.0,0.0,0.0,705.0,518.0,187.0,577.2,7.1,True
2020-05-30 15:00:00,4135001,18361.28705355,187645.883929,18361.28705355,187645.883929,22.0,30.723655733333334,48.354659516666665,0.6186222878333333,40.3,25.0,27.0,0.0,27.0,0.0,0.0,562.0,398.0,164.0,518.5,7.9,True
2020-05-30 16:00:00,4135001,11219.797767875,114430.129465,11219.797767875,114430.129465,22.0,30.917674051190474,41.179524063095236,0.38102523015476186,39.9,26.0,35.0,0.0,35.0,0.0,0.0,395.0,263.0,132.0,444.3,7.9,True
2020-05-30 17:00:00,4135001,4755.8383928675,48512.062501,4755.8383928675,48512.062501,22.0,30.121506716666666,33.593877133333336,0.16869172773333332,34.5,42.0,43.0,0.0,30.0,40.0,0.0,228.0,133.0,95.0,347.7,18.4,True
2020-05-30 18:00:00,4135001,521.6120535705,5389.3392857075,521.6120535705,5389.3392857075,22.0,28.32141115,26.549042733333337,0.017683775219999975,34.2,40.0,55.0,0.0,45.0,26.0,0.0,56.0,16.0,40.0,100.8,10.3,True
2020-05-30 19:00:00,4135001,0.0,0.0,0.0,0.0,22.0,26.63507949404762,23.769341951190476,0.0,33.5,43.0,51.0,3.0,35.0,33.0,0.0,1.0,0.0,1.0,0.0,9.2,True
2020-05-30 20:00:00,4135001,0.0,0.0,0.0,0.0,22.0,25.23827765,23.3354121,0.0,33.3,44.0,31.0,2.0,16.0,22.0,0.0,0.0,0.0,0.0,0.0,5.7,True
2020-05-30 21:00:00,4135001,0.0,0.0,0.0,0.0,22.0,23.70420788690476,21.58626489047619,0.0,33.0,46.0,20.0,0.0,2.0,20.0,0.0,0.0,0.0,0.0,0.0,5.0,True
2020-05-30 22:00:00,4135001,0.0,0.0,0.0,0.0,22.0,23.27743681666667,21.23468588333333,0.0,32.7,50.0,14.0,0.0,2.0,12.0,0.0,0.0,0.0,0.0,0.0,10.0,True
2020-05-30 23:00:00,4135001,0.0,0.0,0.0,0.0,22.0,23.261721625,21.30975289761905,0.0,32.0,53.0,11.0,0.0,8.0,4.0,0.0,0.0,0.0,0.0,0.0,8.1,True
2020-05-31 00:00:00,4135001,0.0,0.0,0.0,0.0,22.0,23.431380716666666,21.772142483333333,0.0,31.4,55.0,11.0,0.0,11.0,1.0,0.0,0.0,0.0,0.0,0.0,8.8,True
2020-05-31 01:00:00,4135001,0.0,0.0,0.0,0.0,22.0,23.643260585714287,22.202290557142856,0.0,31.0,56.0,15.0,0.0,15.0,0.0,0.0,0.0,0.0,0.0,0.0,9.6,True
2020-05-31 02:00:00,4135001,0.0,0.0,0.0,0.0,22.0,23.256448883333334,21.4475063,0.0,30.8,56.0,28.0,0.0,28.0,0.0,0.0,0.0,0.0,0.0,0.0,8.2,True
2020-05-31 03:00:00,4135001,0.0,0.0,0.0,0.0,22.0,22.811892746428573,21.01503390238095,0.0,30.4,57.0,35.0,0.0,35.0,0.0,0.0,0.0,0.0,0.0,0.0,6.5,True
2020-05-31 04:00:00,4135001,0.0,0.0,0.0,0.0,22.0,22.364622999999998,20.756352733333333,0.0,30.2,58.0,30.0,0.0,30.0,0.0,0.0,0.0,0.0,0.0,0.0,6.4,True
2020-05-31 05:00:00,4135001,0.0,0.0,0.0,0.0,22.0,22.032395588095238,20.565469147619048,0.00032375399767855,30.5,58.0,2.0,0.0,98.0,31.0,0.0,0.0,0.0,0.0,0.0,8.2,True
2020-05-31 06:00:00,4135001,1286.56294646375,13261.65178549,1286.56294646375,13261.65178549,22.0,22.255024816666666,21.75386655,0.042268592586666626,29.9,62.0,77.0,0.0,70.0,57.0,1.6,6.0,1.0,5.0,10.0,4.7,True
2020-05-31 07:00:00,4135001,3645.934821475,37290.308036250004,3645.934821475,37290.308036250004,22.0,22.9230814,24.47139335,0.11429403971666666,30.6,58.0,78.0,0.0,76.0,36.0,0.0,84.0,34.0,50.0,125.9,7.8,True
2020-05-31 08:00:00,4135001,9469.008482075,96534.93303525,9469.008482075,96534.93303525,22.0,24.12895488452381,31.152774017857148,0.3103530583928571,30.0,62.0,78.0,0.0,76.0,25.0,0.4,217.0,83.0,134.0,169.1,11.5,True
2020-05-31 09:00:00,4135001,14569.51026785,148798.25446425,14569.51026785,148798.25446425,22.0,25.89544733333333,42.324756066666666,0.481262297,31.1,59.0,100.0,0.0,99.0,29.0,0.0,298.0,110.0,188.0,160.6,11.2,True
2020-05-31 10:00:00,4135001,20735.7522326,212297.28571675002,20735.7522326,212297.28571675002,22.0,27.450291425000003,47.239492523809524,0.7364355854880953,31.2,57.0,100.0,0.0,100.0,54.0,0.0,223.0,9.0,214.0,10.7,10.5,True
2020-05-31 11:00:00,4135001,20510.125000275002,209977.477677,20510.125000275002,209977.477677,22.0,28.540163149999998,48.55766298333333,0.6111365016666666,32.5,51.0,93.0,0.0,91.0,89.0,0.0,357.0,29.0,328.0,30.8,8.8,True
2020-05-31 12:00:00,4135001,20129.71607115,206075.74107125,20129.71607115,206075.74107125,22.0,29.561058302380953,51.63714665595238,0.7024086472023809,33.6,47.0,95.0,0.0,45.0,93.0,0.0,416.0,91.0,325.0,92.1,6.5,True
2020-05-31 13:00:00,4135001,14119.450000025001,144359.91071425,14119.450000025001,144359.91071425,22.0,30.263973466666666,50.67387648333333,0.5152410561833333,34.8,43.0,76.0,1.0,17.0,75.0,0.0,538.0,259.0,279.0,266.3,2.9,True
2020-05-31 14:00:00,4135001,12751.49464285,130455.4151805,12751.49464285,130455.4151805,22.0,30.321678633333335,46.48818968333333,0.4501184893333333,36.8,37.0,71.0,0.0,18.0,67.0,0.0,692.0,435.0,257.0,484.7,0.8,True
2020-05-31 15:00:00,4135001,5693.608035775,58006.54910725,5693.608035775,58006.54910725,22.0,27.558802710714286,31.797078135714287,0.17393400943095236,37.0,36.0,79.0,0.0,9.0,78.0,0.0,647.0,471.0,176.0,613.4,0.7,True
2020-05-31 16:00:00,4135001,4728.608035725,48207.36160775,4728.608035725,48207.36160775,22.0,27.780120883333332,32.202238066666666,0.1453450151166666,35.2,42.0,87.0,0.0,19.0,85.0,0.4,426.0,269.0,157.0,454.0,9.7,True
2020-05-31 17:00:00,4135001,3335.9723214,34114.7321425,3335.9723214,34114.7321425,22.0,28.025526807142857,30.392372797619046,0.10592595277857139,36.5,35.0,96.0,0.0,23.0,86.0,0.0,203.0,85.0,118.0,221.8,6.6,True
2020-05-31 18:00:00,4135001,509.0508928535,5258.50446431,509.0508928535,5258.50446431,22.0,27.0164485,26.382060733333333,0.017317528404499974,35.5,37.0,91.0,0.0,27.0,89.0,0.0,64.0,20.0,44.0,125.7,8.8,True
2020-05-31 19:00:00,4135001,0.0,0.0,0.0,0.0,21.25,25.682224060714283,23.658965822619045,0.0,34.5,40.0,92.0,0.0,17.0,91.0,0.0,1.0,0.0,1.0,0.0,10.5,True
2020-05-31 20:00:00,4135001,0.0,0.0,0.0,0.0,21.25,24.8379374,22.272830183333333,0.0,33.5,45.0,90.0,0.0,12.0,90.0,0.0,0.0,0.0,0.0,0.0,3.5,True
2020-05-31 21:00:00,4135001,0.0,0.0,0.0,0.0,22.0,24.232111375,22.053939670238094,0.0,32.8,48.0,83.0,0.0,14.0,81.0,0.0,0.0,0.0,0.0,0.0,5.8,True
2020-05-31 22:00:00,4135001,0.0,0.0,0.0,0.0,22.0,23.76321355,21.650489816666664,0.0,32.1,49.0,87.0,2.0,10.0,86.0,0.0,0.0,0.0,0.0,0.0,5.0,True
2020-05-31 23:00:00,4135001,0.0,0.0,0.0,0.0,22.0,23.566329366666665,21.389177933333333,0.0,31.2,52.0,88.0,10.0,13.0,87.0,0.0,0.0,0.0,0.0,0.0,2.5,True
2020-06-01 00:00:00,4135001,0.0,0.0,0.0,0.0,22.0,22.984830366666664,20.318536004761903,0.0,29.6,59.0,95.0,23.0,38.0,94.0,0.4,0.0,0.0,0.0,0.0,15.2,True
2020-06-01 01:00:00,4135001,0.0,0.0,0.0,0.0,22.0,22.402358516666666,20.1491374,0.0,28.3,70.0,96.0,0.0,9.0,96.0,0.4,0.0,0.0,0.0,0.0,11.5,True
2020-06-01 02:00:00,4135001,0.0,0.0,0.0,0.0,22.0,21.9681661,20.016897077380953,0.0,28.3,70.0,99.0,15.0,16.0,99.0,0.0,0.0,0.0,0.0,0.0,9.1,True
2020-06-01 03:00:00,4135001,0.0,0.0,0.0,0.0,22.0,21.612367283333334,19.589257216666667,0.0,28.1,72.0,99.0,16.0,23.0,99.0,0.0,0.0,0.0,0.0,0.0,11.1,True
2020-06-01 04:00:00,4135001,0.0,0.0,0.0,0.0,22.0,21.450485383333334,19.756565020238096,0.0,27.8,73.0,99.0,2.0,11.0,99.0,0.0,0.0,0.0,0.0,0.0,11.2,True
2020-06-01 05:00:00,4135001,0.0,0.0,0.0,0.0,22.0,21.266458083333333,19.484783416666666,3.654130565e-05,25.7,90.0,99.0,1.0,23.0,99.0,0.0,0.0,0.0,0.0,0.0,7.5,True
2020-06-01 06:00:00,4135001,1626.0625000205,16703.3214286625,1626.0625000205,16703.3214286625,22.0,21.744154307142857,21.155460257142856,0.0547979956238095,26.4,84.0,99.0,0.0,17.0,98.0,0.0,14.0,1.0,13.0,10.0,7.3,True
2020-06-01 07:00:00,4135001,7743.6352678,78906.473214,7743.6352678,78906.473214,22.0,23.563298083333333,27.238455183333333,0.27861487283333325,27.8,73.0,98.0,2.0,11.0,98.0,0.0,137.0,47.0,90.0,174.2,7.9,True
2020-06-01 08:00:00,4135001,13150.122321474999,134205.5535715,13150.122321474999,134205.5535715,22.0,25.508490966666667,38.459726933333336,0.4616985471666666,29.5,64.0,84.0,0.0,4.0,84.0,0.0,320.0,142.0,178.0,289.4,6.0,True
2020-06-01 09:00:00,4135001,14251.8558036,145525.55357125,14251.8558036,145525.55357125,22.0,26.95265453452381,43.46012772619048,0.48206835892857136,31.5,56.0,89.0,1.0,1.0,89.0,0.0,535.0,313.0,222.0,457.2,4.3,True
2020-06-01 10:00:00,4135001,21428.87276745,219397.42857075,21428.87276745,219397.42857075,22.0,28.692367533333332,52.271818499999995,0.7905447196666667,33.5,49.0,92.0,15.0,11.0,92.0,0.0,713.0,465.0,248.0,554.6,5.0,True
2020-06-01 11:00:00,4135001,20818.55535625,213190.35714600002,20818.55535625,213190.35714600002,22.0,29.727355910714287,55.17149921904761,0.7429766296190475,35.0,44.0,92.0,10.0,23.0,90.0,0.4,838.0,585.0,253.0,621.2,5.6,True
2020-06-01 12:00:00,4135001,12748.7294643,130133.955357,12748.7294643,130133.955357,22.0,29.500049866666668,46.198145616666665,0.4600924206666666,36.0,41.0,95.0,5.0,20.0,94.0,0.0,826.0,583.0,243.0,590.5,3.6,True
2020-06-01 13:00:00,4135001,17466.475893225,178636.15118875,17466.475893225,178636.15118875,22.0,28.72519416062271,42.48186363956044,0.5849628438763735,37.0,37.0,24.0,19.0,14.0,7.0,0.0,850.0,618.0,232.0,635.6,3.7,True
2020-06-01 14:00:00,4135001,7646.552678525,77979.44196475,7646.552678525,77979.44196475,22.0,27.03158118333333,33.09719545,0.2352925498333333,37.3,36.0,22.0,13.0,18.0,4.0,0.0,740.0,529.0,211.0,589.4,4.5,True
2020-06-01 15:00:00,4135001,4363.589732075,44546.04017775,4363.589732075,44546.04017775,22.0,26.699546175,30.1194295,0.1295021397130952,37.4,34.0,67.0,1.0,45.0,43.0,0.0,593.0,420.0,173.0,546.8,5.4,True
2020-06-01 16:00:00,4135001,3763.094196475,38416.78125075,3763.094196475,38416.78125075,22.0,26.692817199999997,29.121524049999998,0.1140604543166666,35.5,40.0,83.0,0.0,37.0,79.0,0.0,406.0,259.0,147.0,436.8,15.5,True
2020-06-01 17:00:00,4135001,1968.433928605,20271.16071435,1968.433928605,20271.16071435,22.0,25.831221066666664,26.855030783333333,0.061864866366666625,34.3,44.0,86.0,3.0,25.0,70.0,0.0,197.0,101.0,96.0,263.0,6.6,True
2020-06-01 18:00:00,4135001,446.8950892875,4621.29017855,446.8950892875,4621.29017855,22.0,25.282939439285713,24.450792613095235,0.015798149495473774,32.0,53.0,95.0,10.0,58.0,93.0,0.4,64.0,21.0,43.0,131.6,4.1,True
2020-06-01 19:00:00,4135001,0.0,0.0,0.0,0.0,22.0,24.5138815,22.595769766666667,0.0,30.5,58.0,99.0,17.0,20.0,98.0,0.0,1.0,0.0,1.0,0.0,3.7,True
2020-06-01 20:00:00,4135001,0.0,0.0,0.0,0.0,22.0,23.856714479761905,21.55836550714286,0.0,28.3,76.0,100.0,33.0,73.0,100.0,7.6,0.0,0.0,0.0,0.0,10.7,True
2020-06-01 21:00:00,4135001,0.0,0.0,0.0,0.0,22.0,23.464800999999998,21.038550816666667,0.0,27.2,82.0,100.0,0.0,33.0,100.0,8.4,0.0,0.0,0.0,0.0,7.4,True
2020-06-01 22:00:00,4135001,0.0,0.0,0.0,0.0,22.0,22.970588082142857,20.370118630952376,0.0,27.1,83.0,100.0,14.0,24.0,100.0,0.8,0.0,0.0,0.0,0.0,8.6,True
2020-06-01 23:00:00,4135001,0.0,0.0,0.0,0.0,22.0,22.2660253,20.106944866666666,0.0,26.6,86.0,100.0,11.0,19.0,100.0,2.0,0.0,0.0,0.0,0.0,7.6,True
2020-06-02 00:00:00,4135001,0.0,0.0,0.0,0.0,22.0,22.528203366666666,20.202085383333333,0.0,25.3,92.0,100.0,95.0,68.0,100.0,12.8,0.0,0.0,0.0,0.0,5.2,True
2020-06-02 01:00:00,4135001,0.0,0.0,0.0,0.0,22.0,21.91399434404762,20.039730632142856,0.0,25.1,92.0,100.0,0.0,17.0,100.0,2.0,0.0,0.0,0.0,0.0,6.4,True
2020-06-02 02:00:00,4135001,0.0,0.0,0.0,0.0,22.0,21.589045716666668,19.653283599999998,0.0,25.0,94.0,100.0,2.0,7.0,100.0,1.2,0.0,0.0,0.0,0.0,6.7,True
2020-06-02 03:00:00,4135001,0.0,0.0,0.0,0.0,22.0,21.306182786904763,19.64173472380952,0.0,25.0,94.0,100.0,4.0,18.0,100.0,0.8,0.0,0.0,0.0,0.0,4.0,True
2020-06-02 04:00:00,4135001,0.0,0.0,0.0,0.0,22.0,21.497141499999998,19.961939433333335,0.0,25.1,94.0,100.0,14.0,9.0,100.0,0.8,0.0,0.0,0.0,0.0,4.2,True
2020-06-02 05:00:00,4135001,0.0,0.0,0.0,0.0,22.0,21.683181952380952,20.178020113095236,1.9480226825e-05,25.0,92.0,100.0,2.0,13.0,100.0,0.0,0.0,0.0,0.0,0.0,5.1,True
2020-06-02 06:00:00,4135001,943.308482146,9741.58035716,943.308482146,9741.58035716,22.0,21.949030599999997,21.57059075,0.03209249082499997,25.7,89.0,99.0,6.0,17.0,99.0,0.0,17.0,1.0,16.0,10.0,5.8,True
2020-06-02 07:00:00,4135001,4245.05848215,43334.142857,4245.05848215,43334.142857,22.0,23.107134245238097,25.21412415357143,0.13364666476190473,27.3,79.0,84.0,0.0,9.0,83.0,0.0,136.0,35.0,101.0,129.8,4.7,True
2020-06-02 08:00:00,4135001,15104.83660715,154268.13839325,15104.83660715,154268.13839325,22.0,25.130929483333333,41.071773316666665,0.5237007351666667,29.2,67.0,95.0,0.0,10.0,95.0,0.0,339.0,189.0,150.0,385.5,6.5,True
2020-06-02 09:00:00,4135001,18801.330357175,192279.04464575,18801.330357175,192279.04464575,22.0,26.693789716666668,46.8221156,0.6472665915,31.0,59.0,98.0,0.0,8.0,98.0,0.0,540.0,357.0,183.0,521.8,7.5,True
2020-06-02 10:00:00,4135001,17603.222321425,179900.20089275,17603.222321425,179900.20089275,22.0,27.368866341666667,45.2529863702381,0.5826241637023809,32.5,52.0,97.0,2.0,3.0,97.0,0.0,650.0,369.0,281.0,440.3,8.9,True
2020-06-02 11:00:00,4135001,15477.872767875,158101.8169645,15477.872767875,158101.8169645,22.0,27.563664199999998,42.76973325,0.5013793961666666,34.2,46.0,84.0,1.0,2.0,84.0,0.0,853.0,628.0,225.0,667.2,9.8,True
2020-06-02 12:00:00,4135001,20288.8071423,207536.22768125,20288.8071423,207536.22768125,22.0,27.71823013809524,44.20994412619048,0.6776177424285714,35.2,43.0,65.0,3.0,3.0,65.0,0.0,895.0,691.0,204.0,700.1,8.9,True
2020-06-02 13:00:00,4135001,25382.695536175,260093.0892825,25382.695536175,260093.0892825,22.0,27.834460999999997,48.0804741,0.8504542575,36.0,41.0,45.0,7.0,8.0,42.0,0.0,848.0,658.0,190.0,676.9,9.8,True
2020-06-02 14:00:00,4135001,17136.671874975,175189.33035775,17136.671874975,175189.33035775,22.0,27.184618510714287,41.95883473452381,0.5611298656904762,36.0,39.0,99.0,13.0,99.0,8.0,0.0,767.0,559.0,208.0,622.8,13.4,True
2020-06-02 15:00:00,4135001,13213.721874974999,134887.1651785,13213.721874974999,134887.1651785,22.0,26.59697525,37.748958216666665,0.4122924611666666,30.0,69.0,93.0,18.0,70.0,83.0,18.4,500.0,321.0,179.0,417.8,16.0,True
2020-06-02 16:00:00,4135001,10513.118749975,107219.23214275,10513.118749975,107219.23214275,22.0,26.347669091666667,35.557502414285715,0.33210542024999995,31.5,60.0,91.0,0.0,33.0,89.0,0.8,344.0,171.0,173.0,288.1,9.4,True
2020-06-02 17:00:00,4135001,3151.72767861,32250.544642474997,3151.72767861,32250.544642474997,22.0,25.281263249999995,27.36232605,0.10264171891666662,31.2,55.0,92.0,0.0,29.0,60.0,0.0,162.0,53.0,109.0,137.7,6.5,True
2020-06-02 18:00:00,4135001,304.52083333275,3152.206845235,304.52083333275,3152.206845235,16.0,24.56919361785714,23.74849149761905,0.013941355773309475,30.8,58.0,73.0,0.0,25.0,69.0,0.0,71.0,24.0,47.0,150.0,4.6,True
2020-06-02 19:00:00,4135001,0.0,0.0,0.0,0.0,22.0,24.2131485,22.17606356666667,0.0,29.8,66.0,61.0,6.0,24.0,54.0,0.0,1.0,0.0,1.0,0.0,5.3,True
2020-06-02 20:00:00,4135001,0.0,0.0,0.0,0.0,22.0,23.62470751666666,20.995983622619043,0.0,29.2,69.0,87.0,4.0,9.0,86.0,0.0,0.0,0.0,0.0,0.0,7.9,True
2020-06-02 21:00:00,4135001,0.0,0.0,0.0,0.0,22.0,23.079214,20.379448483333334,0.0,28.6,72.0,89.0,11.0,5.0,88.0,0.0,0.0,0.0,0.0,0.0,2.9,True
2020-06-02 22:00:00,4135001,0.0,0.0,0.0,0.0,22.0,23.093489583333334,20.9638403,0.0,28.5,74.0,88.0,8.0,3.0,88.0,0.0,0.0,0.0,0.0,0.0,3.6,True
2020-06-02 23:00:00,4135001,0.0,0.0,0.0,0.0,22.0,23.123945164285715,21.195636552380954,0.0,28.0,78.0,94.0,6.0,4.0,94.0,0.0,0.0,0.0,0.0,0.0,4.3,True
2020-06-03 00:00:00,4135001,0.0,0.0,0.0,0.0,22.0,22.850776649999997,20.616782099999998,0.0,27.8,79.0,92.0,18.0,5.0,91.0,0.0,0.0,0.0,0.0,0.0,8.9,True
2020-06-03 01:00:00,4135001,0.0,0.0,0.0,0.0,22.0,22.831480598809524,21.478441560714288,0.0,28.1,65.0,89.0,0.0,3.0,88.0,0.0,0.0,0.0,0.0,0.0,12.8,True
2020-06-03 02:00:00,4135001,0.0,0.0,0.0,0.0,22.0,22.61596733333333,21.177245083333332,0.0,27.4,64.0,92.0,0.0,1.0,92.0,0.0,0.0,0.0,0.0,0.0,12.4,True
2020-06-03 03:00:00,4135001,0.0,0.0,0.0,0.0,22.0,22.439410432142857,20.765211595238092,0.0,26.9,67.0,93.0,0.0,6.0,92.0,0.0,0.0,0.0,0.0,0.0,11.6,True
2020-06-03 04:00:00,4135001,0.0,0.0,0.0,0.0,22.0,22.340443383333334,20.830812566666665,0.0,26.7,68.0,87.0,0.0,3.0,87.0,0.0,0.0,0.0,0.0,0.0,11.5,True
2020-06-03 05:00:00,4135001,0.0,0.0,0.0,0.0,22.0,22.117304358333335,20.948890871428567,4.17164965e-05,26.9,67.0,93.0,1.0,92.0,97.0,0.0,0.0,0.0,0.0,0.0,7.8,True
2020-06-03 06:00:00,4135001,1016.53080357325,10490.696428555,1016.53080357325,10490.696428555,22.0,21.953793366666666,21.335348516666667,0.03381855074166663,27.7,64.0,99.0,0.0,88.0,98.0,0.0,16.0,2.0,14.0,19.9,7.2,True
2020-06-03 07:00:00,4135001,5256.778571475,53602.00892775,5256.778571475,53602.00892775,22.0,23.079577583333332,27.482461549999996,0.17199302316666665,28.6,61.0,98.0,0.0,54.0,97.0,0.0,105.0,6.0,99.0,22.3,8.0,True
2020-06-03 08:00:00,4135001,9943.351339325,101328.107143,9943.351339325,101328.107143,22.0,24.923908964285715,33.83705548214286,0.3200839641071428,29.8,56.0,98.0,0.0,77.0,94.0,0.0,260.0,74.0,186.0,151.0,10.8,True
2020-06-03 09:00:00,4135001,13076.4705357,133456.22321375,13076.4705357,133456.22321375,22.0,25.899281816666665,36.72769868333333,0.41729276699999995,31.2,52.0,94.0,0.0,0.0,94.0,0.0,484.0,260.0,224.0,380.3,12.9,True
2020-06-03 10:00:00,4135001,16980.487946575,173542.0625005,16980.487946575,173542.0625005,22.0,26.565269708333332,39.5705625297619,0.5521217240833334,33.0,47.0,89.0,1.0,0.0,89.0,0.0,735.0,516.0,219.0,616.1,15.5,True
2020-06-03 11:00:00,4135001,23031.450893375,235762.85714475,23031.450893375,235762.85714475,22.0,28.122532133333333,48.67207953333333,0.8002929516666666,34.5,42.0,47.0,32.0,5.0,26.0,0.0,854.0,637.0,217.0,677.0,20.4,True
2020-06-03 12:00:00,4135001,23224.566964999998,237770.46875125,23224.566964999998,237770.46875125,22.0,28.475724885714286,49.95710241547619,0.7716695621071429,35.8,38.0,90.0,33.0,80.0,64.0,0.0,816.0,545.0,271.0,552.4,16.9,True
2020-06-03 13:00:00,4135001,21237.59702355,217258.4196395,21237.59702355,217258.4196395,22.0,28.593501008333334,49.010610891666666,0.7192448333333333,35.8,37.0,100.0,10.0,100.0,75.0,0.0,595.0,312.0,283.0,321.0,17.1,True
2020-06-03 14:00:00,4135001,16377.019196550002,167535.5133945,16377.019196550002,167535.5133945,17.5,28.26539969940476,47.92546264761904,0.6967310637738096,34.3,42.0,44.0,0.0,41.0,20.0,0.0,417.0,117.0,300.0,130.3,20.6,True
2020-06-03 15:00:00,4135001,19062.454017775002,195032.13839500002,19062.454017775002,195032.13839500002,22.0,28.5670726,47.0080409,0.646814382,35.4,39.0,88.0,3.0,85.0,33.0,0.0,523.0,320.0,203.0,416.3,18.9,True
2020-06-03 16:00:00,4135001,8594.765625,87633.70089275,8594.765625,87633.70089275,22.0,26.978599591666665,34.23532392380952,0.27376210434523807,34.0,41.0,97.0,0.0,37.0,96.0,0.4,318.0,169.0,149.0,284.5,17.7,True
2020-06-03 17:00:00,4135001,6224.529464175001,63524.57142875,6224.529464175001,63524.57142875,22.0,26.421655833333332,31.89054815,0.2217487387666666,33.1,44.0,100.0,6.0,50.0,90.0,0.0,206.0,99.0,107.0,256.7,21.3,True
2020-06-03 18:00:00,4135001,601.0982142865,6211.049107145001,601.0982142865,6211.049107145001,22.0,25.085260533333333,24.184896366666667,0.022805963434249964,31.9,49.0,89.0,3.0,20.0,88.0,0.0,69.0,19.0,50.0,118.4,18.2,True
2020-06-03 19:00:00,4135001,0.0,0.0,0.0,0.0,22.0,24.131776848809523,21.645084016666665,0.0,31.0,52.0,88.0,1.0,36.0,86.0,0.0,1.0,0.0,1.0,0.0,15.1,True
2020-06-03 20:00:00,4135001,0.0,0.0,0.0,0.0,22.0,23.6723486,21.310227949999998,0.0,30.6,54.0,93.0,1.0,24.0,92.0,0.0,0.0,0.0,0.0,0.0,15.6,True
2020-06-03 21:00:00,4135001,0.0,0.0,0.0,0.0,22.0,23.408221411904762,20.900538526190473,0.0,30.1,55.0,91.0,0.0,28.0,89.0,0.0,0.0,0.0,0.0,0.0,15.4,True
2020-06-03 22:00:00,4135001,0.0,0.0,0.0,0.0,22.0,23.290399649999998,21.26498268333333,0.0,29.6,57.0,90.0,0.0,14.0,89.0,0.0,0.0,0.0,0.0,0.0,15.2,True
2020-06-03 23:00:00,4135001,0.0,0.0,0.0,0.0,22.0,23.295533875,21.83589478928571,0.0,28.9,58.0,90.0,0.0,2.0,90.0,0.0,0.0,0.0,0.0,0.0,16.0,True
2020-06-04 00:00:00,4135001,0.0,0.0,0.0,0.0,22.0,23.231469716666666,21.85238645,0.0,28.3,60.0,89.0,0.0,0.0,89.0,0.0,0.0,0.0,0.0,0.0,15.9,True
2020-06-04 01:00:00,4135001,0.0,0.0,0.0,0.0,22.0,22.940034534523807,20.832421529761906,0.0,27.7,62.0,91.0,0.0,0.0,91.0,0.0,0.0,0.0,0.0,0.0,15.8,True
2020-06-04 02:00:00,4135001,0.0,0.0,0.0,0.0,22.0,22.937562516666667,21.219248483333335,0.0,27.2,65.0,95.0,0.0,0.0,95.0,0.0,0.0,0.0,0.0,0.0,14.3,True
2020-06-04 03:00:00,4135001,0.0,0.0,0.0,0.0,22.0,22.204723166666668,19.6024134,0.0,26.7,67.0,95.0,0.0,0.0,95.0,0.0,0.0,0.0,0.0,0.0,13.5,True
2020-06-04 04:00:00,4135001,0.0,0.0,0.0,0.0,22.0,21.809643576190474,19.32744831547619,0.0,26.4,70.0,89.0,0.0,1.0,89.0,0.0,0.0,0.0,0.0,0.0,11.6,True
2020-06-04 05:00:00,4135001,0.0,0.0,0.0,0.0,22.0,22.2581395,20.129351866666667,0.00010663811675,26.6,70.0,89.0,0.0,66.0,94.0,0.0,0.0,0.0,0.0,0.0,9.5,True
2020-06-04 06:00:00,4135001,1278.90223213925,13175.620535665,1278.90223213925,13175.620535665,22.0,22.431216054761904,20.975051858333334,0.04403581026333332,26.6,76.0,98.0,0.0,82.0,95.0,3.6,17.0,2.0,15.0,20.0,12.6,True
2020-06-04 07:00:00,4135001,5570.7785714500005,56793.99107175,5570.7785714500005,56793.99107175,22.0,23.503319299999998,26.530427583333335,0.20374435226666662,27.3,72.0,95.0,0.0,35.0,94.0,0.0,77.0,14.0,63.0,52.0,11.9,True
2020-06-04 08:00:00,4135001,11562.5191964,117944.3348215,11562.5191964,117944.3348215,22.0,25.29721652857143,37.50783156904762,0.3930512096666666,29.0,64.0,93.0,0.0,62.0,90.0,0.0,280.0,124.0,156.0,253.3,15.8,True
2020-06-04 09:00:00,4135001,14879.25669645,151993.93749975,14879.25669645,151993.93749975,22.0,26.806169150000002,42.16953125,0.4725451148333333,29.6,62.0,76.0,0.0,47.0,65.0,0.4,410.0,189.0,221.0,276.6,14.8,True
2020-06-04 10:00:00,4135001,21361.051339225,218788.63839675,21361.051339225,218788.63839675,22.0,27.872224930952378,47.245024469047614,0.749098090952381,31.0,57.0,92.0,17.0,30.0,90.0,0.0,485.0,213.0,272.0,254.5,18.2,True
2020-06-04 11:00:00,4135001,21364.83526785,218699.53124774998,21364.83526785,218699.53124774998,22.0,28.961748816666667,51.57386715,0.7456370488333333,33.5,47.0,97.0,10.0,36.0,96.0,0.0,754.0,485.0,269.0,515.7,19.2,True
2020-06-04 12:00:00,4135001,21519.171875699998,220391.3616105,21519.171875699998,220391.3616105,22.0,29.532184038095238,51.94037626190476,0.7650117286904762,34.3,45.0,98.0,7.0,10.0,98.0,0.0,745.0,429.0,316.0,434.9,16.1,True
2020-06-04 13:00:00,4135001,23619.621429275,241942.14284699998,23619.621429275,241942.14284699998,22.0,29.98561805,53.26506921666667,0.8593581025000001,35.6,40.0,99.0,1.0,24.0,99.0,0.0,792.0,491.0,301.0,505.2,15.2,True
2020-06-04 14:00:00,4135001,17518.933482175,179152.0535675,17518.933482175,179152.0535675,22.0,29.24605255,45.208319016666664,0.5764752508333333,34.9,40.0,100.0,3.0,31.0,100.0,0.8,716.0,432.0,284.0,481.2,21.3,True
2020-06-04 15:00:00,4135001,19626.6017855,200771.8883935,19626.6017855,200771.8883935,22.0,28.925448861904762,47.22052300833333,0.6612217138809524,35.3,38.0,100.0,0.0,11.0,100.0,0.0,593.0,324.0,269.0,421.3,20.8,True
2020-06-04 16:00:00,4135001,13083.04017855,133540.549107,13083.04017855,133540.549107,22.0,28.24327695,40.68523606666667,0.4319029835,34.5,41.0,99.0,1.0,22.0,99.0,0.4,409.0,223.0,186.0,375.0,21.8,True
2020-06-04 17:00:00,4135001,6913.1727679,70400.517857,6913.1727679,70400.517857,22.0,27.320749080952382,33.09117673095238,0.24109593660238093,34.4,38.0,99.0,0.0,12.0,96.0,0.0,207.0,79.0,128.0,204.4,17.8,True
2020-06-04 18:00:00,4135001,645.91235119525,6663.2976190625,645.91235119525,6663.2976190625,19.0,25.75932925,25.139221266666667,0.024459627928666627,33.6,40.0,100.0,2.0,14.0,100.0,0.0,73.0,22.0,51.0,136.7,18.4,True
2020-06-04 19:00:00,4135001,0.0,0.0,0.0,0.0,10.0,24.637524204761903,21.840617316666666,0.0,32.3,46.0,100.0,0.0,2.0,100.0,0.0,1.0,0.0,1.0,0.0,17.3,True
2020-06-04 20:00:00,4135001,0.0,0.0,0.0,0.0,22.0,24.02648058333334,21.313891633333334,0.0,31.4,50.0,98.0,0.0,1.0,98.0,0.0,0.0,0.0,0.0,0.0,15.5,True
2020-06-04 21:00:00,4135001,0.0,0.0,0.0,0.0,22.0,23.462045330952378,20.814181263095236,0.0,30.6,54.0,92.0,0.0,3.0,92.0,0.0,0.0,0.0,0.0,0.0,13.7,True
2020-06-04 22:00:00,4135001,0.0,0.0,0.0,0.0,22.0,23.07879283333333,20.279772383333334,0.0,30.1,55.0,93.0,0.0,4.0,93.0,0.0,0.0,0.0,0.0,0.0,13.3,True
2020-06-04 23:00:00,4135001,0.0,0.0,0.0,0.0,22.0,22.397249322619047,19.55560314285714,0.0,29.7,57.0,94.0,0.0,1.0,94.0,0.0,0.0,0.0,0.0,0.0,14.8,True
2020-06-05 00:00:00,4135001,0.0,0.0,0.0,0.0,22.0,22.39559265,19.928119416666664,0.0,29.2,59.0,96.0,0.0,1.0,96.0,0.0,0.0,0.0,0.0,0.0,15.1,True
2020-06-05 01:00:00,4135001,0.0,0.0,0.0,0.0,22.0,22.16502695357143,19.480210070238098,0.0,28.5,61.0,86.0,0.0,2.0,86.0,0.0,0.0,0.0,0.0,0.0,13.0,True
2020-06-05 02:00:00,4135001,0.0,0.0,0.0,0.0,22.0,21.97895713333333,19.529925600000002,0.0,27.9,64.0,13.0,1.0,3.0,10.0,0.0,0.0,0.0,0.0,0.0,12.6,True
2020-06-05 03:00:00,4135001,0.0,0.0,0.0,0.0,22.0,21.904109513095236,19.62372155595238,0.0,27.4,67.0,64.0,0.0,4.0,62.0,0.0,0.0,0.0,0.0,0.0,13.3,True
2020-06-05 04:00:00,4135001,0.0,0.0,0.0,0.0,22.0,21.686428333333332,19.438721783333335,0.0,26.9,70.0,4.0,0.0,2.0,2.0,0.0,0.0,0.0,0.0,0.0,13.0,True
2020-06-05 05:00:00,4135001,0.0,0.0,0.0,0.0,22.0,21.584485778571427,19.565233453571427,0.00021200332714285,26.9,69.0,1.0,0.0,0.0,36.0,0.0,0.0,0.0,0.0,0.0,13.0,True
2020-06-05 06:00:00,4135001,1251.48973217075,12876.0937499225,1251.48973217075,12876.0937499225,22.0,21.837783266666666,20.352920066666666,0.041433380634999975,27.3,68.0,60.0,0.0,0.0,59.0,0.0,20.0,4.0,16.0,40.0,14.1,True
2020-06-05 07:00:00,4135001,4231.051785725,43194.62053575,4231.051785725,43194.62053575,22.0,22.847301061904762,25.119723141666668,0.14063198527142853,28.3,64.0,59.0,0.0,0.0,59.0,0.0,150.0,61.0,89.0,226.9,17.0,True
2020-06-05 08:00:00,4135001,12103.00535715,123550.7187505,12103.00535715,123550.7187505,22.0,24.485236633333333,34.69560836666667,0.4327397011666666,29.8,58.0,73.0,0.0,2.0,72.0,0.0,355.0,203.0,152.0,415.0,18.0,True
2020-06-05 09:00:00,4135001,17026.040624825,174046.9598255,17026.040624825,174046.9598255,22.0,26.727168250000002,45.35476793333334,0.5630597573333332,31.7,51.0,72.0,0.0,2.0,72.0,0.0,575.0,429.0,146.0,628.4,18.0,True
2020-06-05 10:00:00,4135001,20072.999107825002,205457.51339575,20072.999107825002,205457.51339575,22.0,27.71860523690476,48.83224894166667,0.6770821471428571,33.4,46.0,75.0,3.0,11.0,72.0,0.0,750.0,592.0,158.0,707.7,17.6,True
2020-06-05 11:00:00,4135001,23655.979018525002,242368.48214550002,23655.979018525002,242368.48214550002,22.0,28.28674625,55.77718448333333,0.8991218703333335,34.3,42.0,80.0,7.0,23.0,74.0,0.4,806.0,605.0,201.0,643.6,17.6,True
2020-06-05 12:00:00,4135001,9908.3946428,100980.31696525,9908.3946428,100980.31696525,22.0,26.245739795238094,35.846553439285714,0.3128115066071428,35.1,40.0,25.0,0.0,20.0,11.0,0.4,833.0,628.0,205.0,636.9,16.6,True
2020-06-05 13:00:00,4135001,21420.004463924997,219299.236614,21420.004463924997,219299.236614,22.0,26.30506895,45.04044856666667,0.7189348643333333,36.0,38.0,98.0,0.0,18.0,97.0,0.0,799.0,542.0,257.0,557.8,16.2,True
2020-06-05 14:00:00,4135001,21716.605357525,222368.558038,21716.605357525,222368.558038,22.0,29.209935145238095,52.47157316190476,0.7509132963333333,36.4,37.0,95.0,20.0,22.0,93.0,0.0,666.0,412.0,254.0,458.9,16.2,True
2020-06-05 15:00:00,4135001,15494.025000075,158394.08035675,15494.025000075,158394.08035675,22.0,29.28798618333333,45.0863526,0.5207533706666667,36.2,37.0,100.0,8.0,20.0,100.0,0.0,512.0,333.0,179.0,432.8,16.9,True
2020-06-05 16:00:00,4135001,13274.6767856,135488.0267865,13274.6767856,135488.0267865,22.0,29.130685427380953,41.64445941904762,0.4470425226071428,35.6,39.0,99.0,0.0,18.0,99.0,0.0,392.0,202.0,190.0,339.3,16.3,True
2020-06-05 17:00:00,4135001,7514.90357145,76561.888393,7514.90357145,76561.888393,22.0,28.2909881,34.9216233,0.25661569166666665,35.1,38.0,99.0,0.0,9.0,100.0,0.0,222.0,111.0,111.0,286.6,14.5,True
2020-06-05 18:00:00,4135001,974.363541626,10031.9627973925,974.363541626,10031.9627973925,20.0,26.69215889404762,27.17154075,0.03681270003851185,34.3,40.0,99.0,2.0,35.0,99.0,0.0,73.0,20.0,53.0,123.9,17.2,True
2020-06-05 19:00:00,4135001,0.0,0.0,0.0,0.0,16.0,24.90590915,22.389537583333336,0.0,32.9,45.0,98.0,4.0,24.0,98.0,0.0,1.0,0.0,1.0,0.0,11.9,True
2020-06-05 20:00:00,4135001,0.0,0.0,0.0,0.0,22.0,24.14407631190476,21.354980260714285,0.0,32.7,47.0,97.0,7.0,24.0,96.0,0.0,0.0,0.0,0.0,0.0,12.8,True
2020-06-05 21:00:00,4135001,0.0,0.0,0.0,0.0,22.0,23.5107015,20.58587483333333,0.0,32.0,50.0,96.0,2.0,27.0,95.0,0.0,0.0,0.0,0.0,0.0,13.8,True
2020-06-05 22:00:00,4135001,0.0,0.0,0.0,0.0,22.0,23.00879798095238,20.060521051190477,0.0,31.6,51.0,95.0,0.0,14.0,95.0,0.0,0.0,0.0,0.0,0.0,14.2,True
2020-06-05 23:00:00,4135001,0.0,0.0,0.0,0.0,22.0,22.545445733333334,19.709701983333336,0.0,30.9,53.0,97.0,0.0,11.0,97.0,0.0,0.0,0.0,0.0,0.0,14.8,True
2020-06-06 00:00:00,4135001,0.0,0.0,0.0,0.0,22.0,22.37295531428571,19.634243596428572,0.0,30.1,56.0,97.0,0.0,8.0,97.0,0.0,0.0,0.0,0.0,0.0,14.4,True
2020-06-06 01:00:00,4135001,0.0,0.0,0.0,0.0,22.0,22.143518016666665,19.52920833333333,0.0,29.3,60.0,97.0,0.0,6.0,97.0,0.0,0.0,0.0,0.0,0.0,16.6,True
2020-06-06 02:00:00,4135001,0.0,0.0,0.0,0.0,22.0,21.873258933333332,19.42582145,0.0,28.6,64.0,97.0,0.0,5.0,97.0,0.0,0.0,0.0,0.0,0.0,17.3,True
2020-06-06 03:00:00,4135001,0.0,0.0,0.0,0.0,22.0,21.529000213095237,19.15860366904762,0.0,27.9,67.0,95.0,0.0,3.0,95.0,0.0,0.0,0.0,0.0,0.0,17.7,True
2020-06-06 04:00:00,4135001,0.0,0.0,0.0,0.0,22.0,21.295664933333335,18.964003016666666,0.0,27.3,69.0,94.0,1.0,3.0,94.0,0.0,0.0,0.0,0.0,0.0,17.0,True
2020-06-06 05:00:00,4135001,0.0,0.0,0.0,0.0,22.0,20.677156399999998,18.29242399880952,0.000262526357,27.2,70.0,59.0,1.0,1.0,91.0,0.0,0.0,0.0,0.0,0.0,16.2,True
2020-06-06 06:00:00,4135001,1474.725892855,15165.834821724999,1474.725892855,15165.834821724999,22.0,21.130987516666668,19.592870033333334,0.0505171043733333,27.4,70.0,92.0,0.0,3.0,92.0,0.0,21.0,4.0,17.0,40.1,18.7,True
2020-06-06 07:00:00,4135001,7763.867410675,79070.6964285,7763.867410675,79070.6964285,22.0,23.242579954761908,28.398200604761904,0.3046097639166666,28.5,65.0,91.0,0.0,0.0,91.0,0.0,169.0,86.0,83.0,320.4,18.7,True
2020-06-06 08:00:00,4135001,12759.042857100001,130215.81249975,12759.042857100001,130215.81249975,22.0,25.549276266666666,40.33330388333333,0.4566014915,30.2,58.0,91.0,0.0,0.0,91.0,0.0,380.0,254.0,126.0,519.9,17.1,True
2020-06-06 09:00:00,4135001,13555.2321429,138431.1383935,13555.2321429,138431.1383935,22.0,26.76387909880952,40.62179940357143,0.47652023594047616,32.2,49.0,86.0,3.0,5.0,86.0,0.0,578.0,405.0,173.0,593.7,15.5,True
2020-06-06 10:00:00,4135001,19772.46428585,202466.035715,19772.46428585,202466.035715,22.0,28.044093316666665,49.55097761666667,0.6890630695,33.8,43.0,69.0,10.0,9.0,67.0,0.0,718.0,521.0,197.0,623.2,15.9,True
2020-06-06 11:00:00,4135001,18350.3406245,187875.97768425,18350.3406245,187875.97768425,22.0,29.33593665595238,49.92544553214286,0.6319854227499999,35.1,39.0,45.0,17.0,11.0,39.0,0.0,791.0,585.0,206.0,622.6,14.6,True
2020-06-06 12:00:00,4135001,19198.5035715,196551.906247,19198.5035715,196551.906247,22.0,29.723899816666666,49.31684701666667,0.7225126698333333,36.2,35.0,24.0,19.0,9.0,4.0,0.0,863.0,672.0,191.0,681.7,13.8,True
2020-06-06 13:00:00,4135001,18900.3008931,193528.50446625,18900.3008931,193528.50446625,22.0,28.60822363452381,44.48139603452381,0.644815158,37.3,33.0,38.0,8.0,38.0,0.0,0.0,854.0,648.0,206.0,666.9,15.2,True
2020-06-06 14:00:00,4135001,14231.3772329,145643.06696425,14231.3772329,145643.06696425,22.0,27.339747133333333,42.28642523333333,0.47592235883333334,37.4,32.0,39.0,0.0,33.0,9.0,0.0,728.0,510.0,218.0,568.0,14.8,True
2020-06-06 15:00:00,4135001,8988.941071475001,91580.419643,8988.941071475001,91580.419643,22.0,26.07960898690476,31.382009366666665,0.27226939810714285,37.6,32.0,37.0,2.0,37.0,7.0,0.0,581.0,374.0,207.0,485.8,14.1,True
2020-06-06 16:00:00,4135001,3691.929910775,37787.02232125,3691.929910775,37787.02232125,22.0,25.835363216666668,28.91799015,0.1116237712666666,37.0,33.0,67.0,2.0,59.0,19.0,0.0,402.0,253.0,149.0,424.5,15.9,True
2020-06-06 17:00:00,4135001,1253.97232143,12942.513392825,1253.97232143,12942.513392825,22.0,24.603566916666665,25.134492033333334,0.03815083184999995,36.7,31.0,78.0,0.0,20.0,43.0,0.0,226.0,112.0,114.0,288.5,15.2,True
2020-06-06 18:00:00,4135001,142.43303571925,1475.6964285549998,142.43303571925,1475.6964285549998,13.0,23.903491442857142,23.231367176190474,0.006865693646476175,35.8,32.0,100.0,0.0,100.0,35.0,0.0,76.0,31.0,45.0,191.5,16.6,True
2020-06-06 19:00:00,4135001,0.0,0.0,0.0,0.0,16.0,23.05416055,21.832463516666667,0.0,34.3,36.0,66.0,0.0,35.0,49.0,0.0,1.0,0.0,1.0,0.0,18.8,True
2020-06-06 20:00:00,4135001,0.0,0.0,0.0,0.0,22.0,22.33755772142857,20.381677938095237,0.0,34.0,37.0,68.0,0.0,23.0,59.0,0.0,0.0,0.0,0.0,0.0,14.5,True
2020-06-06 21:00:00,4135001,0.0,0.0,0.0,0.0,22.0,22.205919933333334,20.434828683333333,0.0,33.3,39.0,85.0,0.0,35.0,80.0,0.0,0.0,0.0,0.0,0.0,14.0,True
2020-06-06 22:00:00,4135001,0.0,0.0,0.0,0.0,22.0,22.155004283333334,20.229067033333333,0.0,32.0,46.0,97.0,4.0,23.0,96.0,0.0,0.0,0.0,0.0,0.0,20.1,True
2020-06-06 23:00:00,4135001,0.0,0.0,0.0,0.0,22.0,22.13166079285714,20.211067936904765,0.0,30.8,54.0,99.0,0.0,22.0,99.0,0.0,0.0,0.0,0.0,0.0,19.8,True
2020-06-07 00:00:00,4135001,0.0,0.0,0.0,0.0,22.0,22.172480333333333,20.4849584,0.0,30.0,58.0,100.0,0.0,17.0,100.0,0.0,0.0,0.0,0.0,0.0,21.3,True
2020-06-07 01:00:00,4135001,0.0,0.0,0.0,0.0,22.0,22.246113760714287,20.77359950595238,0.0,29.1,60.0,99.0,0.0,18.0,99.0,0.0,0.0,0.0,0.0,0.0,21.6,True
2020-06-07 02:00:00,4135001,0.0,0.0,0.0,0.0,22.0,22.066873166666667,20.415523233333335,0.0,28.3,64.0,92.0,0.0,13.0,91.0,0.0,0.0,0.0,0.0,0.0,20.9,True
2020-06-07 03:00:00,4135001,0.0,0.0,0.0,0.0,22.0,21.903646795238096,20.21529535952381,0.0,27.6,67.0,93.0,0.0,9.0,93.0,0.0,0.0,0.0,0.0,0.0,19.1,True
2020-06-07 04:00:00,4135001,0.0,0.0,0.0,0.0,22.0,21.937317416666666,20.360091133333334,0.0,27.0,69.0,95.0,0.0,1.0,95.0,0.0,0.0,0.0,0.0,0.0,19.1,True
2020-06-07 05:00:00,4135001,0.0,0.0,0.0,0.0,22.0,22.104030721428572,20.759086596428574,6.1158156675525e-05,27.0,69.0,94.0,0.0,8.0,91.0,0.0,0.0,0.0,0.0,0.0,18.0,True
2020-06-07 06:00:00,4135001,1460.5549107,15006.9687499775,1460.5549107,15006.9687499775,22.0,22.097016366666665,21.656446816666662,0.04991347621333327,27.2,69.0,98.0,0.0,5.0,98.0,0.0,20.0,5.0,15.0,50.2,18.4,True
2020-06-07 07:00:00,4135001,4404.36919645,44927.200891500004,4404.36919645,44927.200891500004,22.0,22.537069216666666,26.026079316666667,0.1408685824166666,28.3,64.0,95.0,0.0,3.0,95.0,0.0,163.0,77.0,86.0,287.3,17.6,True
2020-06-07 08:00:00,4135001,8392.256696475,85438.633929,8392.256696475,85438.633929,22.0,23.161128522619048,30.484799019047617,0.2624469832023809,30.1,57.0,97.0,0.0,2.0,97.0,0.0,371.0,235.0,136.0,481.5,16.9,True
2020-06-07 09:00:00,4135001,16523.571874975,168808.392857,16523.571874975,168808.392857,22.0,24.37360893333333,40.382001716666664,0.5319708848333333,32.1,49.0,98.0,1.0,1.0,98.0,0.0,574.0,398.0,176.0,583.9,17.8,True
2020-06-07 10:00:00,4135001,19974.54732105,204367.361608,19974.54732105,204367.361608,22.0,25.578311978571428,43.940603214285716,0.6711461439166666,33.9,42.0,99.0,6.0,7.0,99.0,0.0,746.0,564.0,182.0,675.1,20.3,True
2020-06-07 11:00:00,4135001,25593.988393075,262237.874995,25593.988393075,262237.874995,22.0,27.546876483333335,55.65297193333333,0.9060520798333332,35.0,38.0,99.0,8.0,11.0,98.0,0.0,777.0,548.0,229.0,583.5,19.8,True
2020-06-07 12:00:00,4135001,24268.216518175002,248901.90178575,24268.216518175002,248901.90178575,22.0,28.78057265,58.29784398333333,1.01170257725,36.4,34.0,76.0,16.0,16.0,70.0,0.0,880.0,644.0,236.0,653.5,17.5,True
2020-06-07 13:00:00,4135001,17341.53973185,177710.397318,17341.53973185,177710.397318,22.0,29.982181766666663,54.788882516666675,0.8305941268333333,37.0,33.0,96.0,0.0,15.0,96.0,0.0,843.0,625.0,218.0,643.3,18.5,True
2020-06-07 14:00:00,4135001,15918.724999869999,162822.8214276,15918.724999869999,162822.8214276,22.0,30.146266776190476,47.408270103571425,0.5641124195119047,37.0,32.0,97.0,0.0,14.0,97.0,0.0,747.0,553.0,194.0,615.7,19.1,True
2020-06-07 15:00:00,4135001,16338.513839325002,167013.8839285,16338.513839325002,167013.8839285,22.0,30.261759416666667,45.48479053333334,0.5349026459999999,37.2,31.0,97.0,0.0,20.0,97.0,0.0,655.0,476.0,179.0,618.0,19.5,True
2020-06-07 16:00:00,4135001,11828.953124925,120714.94196425,11828.953124925,120714.94196425,22.0,29.898538538095238,40.54269408690476,0.39542794771428563,37.0,31.0,99.0,0.0,36.0,98.0,0.0,446.0,290.0,156.0,486.1,20.2,True
2020-06-07 17:00:00,4135001,5443.10267865,55513.66517875,5443.10267865,55513.66517875,22.0,28.366089349999996,32.9798356,0.18299867814999998,36.7,30.0,98.0,0.0,43.0,99.0,0.0,196.0,86.0,110.0,221.0,17.8,True
2020-06-07 18:00:00,4135001,546.53437500225,5646.99553574,546.53437500225,5646.99553574,22.0,26.166535141666667,25.184501426190476,0.01839550919466664,35.3,33.0,98.0,0.0,49.0,97.0,0.0,65.0,21.0,44.0,129.3,20.1,True
2020-06-07 19:00:00,4135001,0.0,0.0,0.0,0.0,22.0,24.838899683333334,22.560077933333332,0.0,33.2,40.0,98.0,1.0,28.0,97.0,0.0,1.0,0.0,1.0,0.0,20.1,True
2020-06-07 20:00:00,4135001,0.0,0.0,0.0,0.0,22.0,24.070846689285716,22.097435150000003,0.0,32.8,41.0,98.0,0.0,33.0,97.0,0.0,0.0,0.0,0.0,0.0,19.4,True
2020-06-07 21:00:00,4135001,0.0,0.0,0.0,0.0,22.0,23.6971705,22.110029066666666,0.0,31.7,48.0,98.0,0.0,27.0,97.0,0.0,0.0,0.0,0.0,0.0,18.0,True
2020-06-07 22:00:00,4135001,0.0,0.0,0.0,0.0,22.0,23.200513158333333,21.377294566666666,0.0,31.1,50.0,97.0,0.0,24.0,96.0,0.0,0.0,0.0,0.0,0.0,18.4,True
2020-06-07 23:00:00,4135001,0.0,0.0,0.0,0.0,22.0,23.2523081,21.9663025,0.0,30.5,51.0,92.0,0.0,38.0,88.0,0.0,0.0,0.0,0.0,0.0,17.3,True
2020-06-08 00:00:00,4135001,0.0,0.0,0.0,0.0,22.0,23.1135085,21.86410755357143,0.0,30.2,53.0,95.0,1.0,57.0,91.0,0.0,0.0,0.0,0.0,0.0,16.9,True
2020-06-08 01:00:00,4135001,0.0,0.0,0.0,0.0,22.0,22.606850652380952,20.955526729761907,0.0,29.7,54.0,92.0,2.0,45.0,88.0,0.0,0.0,0.0,0.0,0.0,19.1,True
2020-06-08 02:00:00,4135001,0.0,0.0,0.0,0.0,22.0,22.44120888333333,21.1601827,0.0,28.9,57.0,89.0,2.0,24.0,88.0,0.0,0.0,0.0,0.0,0.0,17.6,True
2020-06-08 03:00:00,4135001,0.0,0.0,0.0,0.0,22.0,22.15589973690476,20.98212627261905,0.0,28.3,60.0,88.0,1.0,17.0,86.0,0.0,0.0,0.0,0.0,0.0,18.4,True
2020-06-08 04:00:00,4135001,0.0,0.0,0.0,0.0,22.0,22.009183013095235,20.700276610714283,0.0,27.7,63.0,78.0,5.0,13.0,75.0,0.0,0.0,0.0,0.0,0.0,18.4,True
2020-06-08 05:00:00,4135001,0.0,0.0,0.0,0.0,22.0,21.58335928333333,20.21429193333333,0.000258923946833325,27.6,66.0,94.0,6.0,33.0,55.0,0.0,0.0,0.0,0.0,0.0,17.0,True
2020-06-08 06:00:00,4135001,1335.2325892742501,13760.17857149,1335.2325892742501,13760.17857149,22.0,21.622181305952378,21.28217550714286,0.044062588126190426,27.7,66.0,33.0,4.0,24.0,24.0,0.0,17.0,3.0,14.0,30.2,18.2,True
2020-06-08 07:00:00,4135001,5304.911160775,54098.196429,5304.911160775,54098.196429,22.0,22.593312066666666,26.222001566666663,0.18647552311666662,28.5,63.0,35.0,0.0,16.0,31.0,0.0,135.0,60.0,75.0,224.3,20.0,True
2020-06-08 08:00:00,4135001,10864.101785675,110775.79464325,10864.101785675,110775.79464325,22.0,24.218138339285712,35.08357694642857,0.36298589090476185,30.2,56.0,31.0,0.0,8.0,29.0,0.0,340.0,210.0,130.0,430.8,20.5,True
2020-06-08 09:00:00,4135001,20800.929583025,212857.30595125002,20800.929583025,212857.30595125002,22.0,26.628920790750914,46.91917336327839,0.7135166228891942,32.3,47.0,61.0,5.0,4.0,59.0,0.0,559.0,393.0,166.0,577.1,20.5,True
2020-06-08 10:00:00,4135001,24631.8142852,252458.55357025,24631.8142852,252458.55357025,22.0,28.18635006547619,52.06436005,0.8618694146666667,33.8,41.0,60.0,7.0,7.0,58.0,0.0,630.0,373.0,257.0,446.8,19.1,True
2020-06-08 11:00:00,4135001,23454.44955325,240268.30357175,23454.44955325,240268.30357175,22.0,28.779726116666666,50.16498105,0.8080811234999999,35.8,35.0,29.0,8.0,7.0,27.0,0.0,779.0,570.0,209.0,607.2,18.4,True
2020-06-08 12:00:00,4135001,20679.603124825,211581.84374875,20679.603124825,211581.84374875,22.0,29.15430167380952,47.460909765476195,0.7173900709761905,37.1,31.0,79.0,1.0,19.0,78.0,0.0,864.0,654.0,210.0,663.8,17.9,True
2020-06-08 13:00:00,4135001,19683.317857000002,201499.3348205,19683.317857000002,201499.3348205,22.0,29.94881073333333,50.545794666666666,0.7360743284999999,38.0,29.0,82.0,0.0,23.0,80.0,0.0,868.0,651.0,217.0,670.1,18.2,True
2020-06-08 14:00:00,4135001,22100.31339245,226268.5892875,22100.31339245,226268.5892875,22.0,30.673969560714283,52.703012975,0.7593683400714284,38.4,27.0,91.0,0.0,15.0,91.0,0.0,774.0,569.0,205.0,633.4,18.7,True
2020-06-08 15:00:00,4135001,17899.21473195,182963.05803725,17899.21473195,182963.05803725,22.0,30.7856949,47.27726593333333,0.5980849598333333,38.0,26.0,97.0,0.0,14.0,97.0,0.0,620.0,412.0,208.0,534.6,19.3,True
2020-06-08 16:00:00,4135001,10276.65625005,104861.0758925,10276.65625005,104861.0758925,22.0,29.022301683333335,38.10209493333334,0.34019435093333333,37.7,26.0,99.0,0.0,17.0,99.0,0.0,410.0,215.0,195.0,360.0,17.7,True
2020-06-08 17:00:00,4135001,4757.149553575,48557.285714,4757.149553575,48557.285714,22.0,28.64792483095238,33.119577172619046,0.17113327968095235,37.0,26.0,99.0,0.0,9.0,100.0,0.0,220.0,85.0,135.0,217.9,17.3,True
2020-06-08 18:00:00,4135001,734.1723214225,7579.2455357,734.1723214225,7579.2455357,22.0,27.128252733333333,26.393591266666668,0.029386261824549974,36.3,26.0,99.0,0.0,8.0,99.0,0.0,59.0,6.0,53.0,36.8,15.5,True
2020-06-08 19:00:00,4135001,0.0,0.0,0.0,0.0,22.0,25.502021895238094,23.008134266666666,0.0,35.4,29.0,99.0,0.0,20.0,99.0,0.0,1.0,0.0,1.0,0.0,20.0,True
2020-06-08 20:00:00,4135001,0.0,0.0,0.0,0.0,22.0,24.325386566666666,21.137207099999998,0.0,34.1,34.0,97.0,0.0,16.0,96.0,0.0,0.0,0.0,0.0,0.0,18.1,True
2020-06-08 21:00:00,4135001,0.0,0.0,0.0,0.0,22.0,23.514334935714285,20.59146790357143,0.0,33.5,37.0,62.0,0.0,21.0,57.0,0.0,0.0,0.0,0.0,0.0,18.1,True
2020-06-08 22:00:00,4135001,0.0,0.0,0.0,0.0,22.0,23.191221499999997,20.74686283333333,0.0,32.7,41.0,72.0,0.0,5.0,71.0,0.0,0.0,0.0,0.0,0.0,17.8,True
2020-06-08 23:00:00,4135001,0.0,0.0,0.0,0.0,22.0,22.757581100000003,20.227443466666667,0.0,32.1,43.0,99.0,0.0,3.0,99.0,0.0,0.0,0.0,0.0,0.0,17.3,True
2020-06-09 00:00:00,4135001,0.0,0.0,0.0,0.0,22.0,22.21815481785714,19.386306176190473,0.0,31.2,47.0,97.0,0.0,3.0,97.0,0.0,0.0,0.0,0.0,0.0,20.2,True
2020-06-09 01:00:00,4135001,0.0,0.0,0.0,0.0,22.0,21.845899433333333,19.4871241,0.0,30.2,53.0,100.0,0.0,4.0,100.0,0.0,0.0,0.0,0.0,0.0,20.9,True
2020-06-09 02:00:00,4135001,0.0,0.0,0.0,0.0,22.0,21.417404016666666,19.188193397619045,0.0,29.4,57.0,96.0,0.0,3.0,96.0,0.0,0.0,0.0,0.0,0.0,20.2,True
2020-06-09 03:00:00,4135001,0.0,0.0,0.0,0.0,22.0,21.314007566666668,19.31135761666667,0.0,28.7,60.0,95.0,0.0,2.0,95.0,0.0,0.0,0.0,0.0,0.0,19.1,True
2020-06-09 04:00:00,4135001,0.0,0.0,0.0,0.0,22.0,21.305073658333335,19.688138424999998,0.0,28.1,63.0,98.0,0.0,2.0,98.0,0.0,0.0,0.0,0.0,0.0,17.3,True
2020-06-09 05:00:00,4135001,0.0,0.0,0.0,0.0,22.0,21.213012083333332,19.413201899999997,0.00024562206666665,27.9,65.0,93.0,0.0,5.0,99.0,0.0,0.0,0.0,0.0,0.0,15.5,True
2020-06-09 06:00:00,4135001,1562.6325893475,16069.825892275,1562.6325893475,16069.825892275,22.0,21.63425604047619,20.333628392857143,0.0510595843721428,27.8,66.0,93.0,0.0,2.0,93.0,0.0,17.0,1.0,16.0,10.1,18.4,True
2020-06-09 07:00:00,4135001,5485.152678525,55905.65624975,5485.152678525,55905.65624975,22.0,23.286785799999997,26.704984083333336,0.2188101443333333,28.4,63.0,95.0,0.0,1.0,95.0,0.0,139.0,47.0,92.0,176.1,20.8,True
2020-06-09 08:00:00,4135001,14015.081696425,143080.91517875,14015.081696425,143080.91517875,22.0,25.326538988095237,39.06813579166667,0.5008473409404761,30.0,57.0,94.0,0.0,1.0,94.0,0.0,340.0,164.0,176.0,336.8,21.2,True
2020-06-09 09:00:00,4135001,18931.923214324997,193654.2053605,18931.923214324997,193654.2053605,22.0,27.49978385,47.00158256666666,0.6641447218333333,31.7,49.0,100.0,0.0,0.0,100.0,0.0,486.0,238.0,248.0,349.8,19.9,True
2020-06-09 10:00:00,4135001,21352.606249375,218745.92857275,21352.606249375,218745.92857275,22.0,28.362417516666667,48.03990076666666,0.7577397655,33.5,43.0,92.0,0.0,0.0,92.0,0.0,619.0,271.0,348.0,324.8,18.1,True
2020-06-09 11:00:00,4135001,23540.416071525,241195.87054550002,23540.416071525,241195.87054550002,22.0,29.966948682142856,54.44581669404762,0.8505517691666667,35.5,37.0,100.0,7.0,1.0,100.0,0.0,818.0,532.0,286.0,567.0,16.9,True
2020-06-09 12:00:00,4135001,20290.960267399998,207736.41071875,20290.960267399998,207736.41071875,22.0,30.39640711666667,51.21747753333333,0.7240576521666666,37.0,32.0,100.0,4.0,12.0,100.0,0.0,852.0,553.0,299.0,561.4,17.1,True
2020-06-09 13:00:00,4135001,21207.922767475,217150.60268399998,21207.922767475,217150.60268399998,22.0,31.08761780952381,54.871484561904765,0.7595741170595238,37.8,30.0,100.0,0.0,8.0,100.0,0.0,800.0,500.0,300.0,514.7,18.1,True
2020-06-09 14:00:00,4135001,15664.21339295,160050.3303575,15664.21339295,160050.3303575,22.0,30.82582395,45.61594095,0.5113312998333334,38.2,28.0,100.0,0.0,14.0,100.0,0.0,726.0,413.0,313.0,459.7,19.1,True
2020-06-09 15:00:00,4135001,17430.4790179,178091.71428625,17430.4790179,178091.71428625,22.0,30.56048666785714,45.45718743690476,0.5725845436071428,38.1,27.0,82.0,0.0,6.0,81.0,0.0,647.0,438.0,209.0,568.0,19.2,True
2020-06-09 16:00:00,4135001,11499.323660675,117290.7410705,11499.323660675,117290.7410705,22.0,29.87070465,40.18490073333333,0.3819170283333333,37.6,28.0,100.0,0.0,3.0,100.0,0.0,430.0,229.0,201.0,383.0,18.8,True
2020-06-09 17:00:00,4135001,5098.8642857,51998.584821,5098.8642857,51998.584821,22.0,28.407150461904763,32.63908220357143,0.17041512511904758,37.0,27.0,100.0,0.0,1.0,100.0,0.0,232.0,89.0,143.0,227.7,16.2,True
2020-06-09 18:00:00,4135001,729.79508928775,7531.437500030001,729.79508928775,7531.437500030001,22.0,26.797197966666666,26.31715188333333,0.025389615769499975,36.1,28.0,100.0,0.0,2.0,100.0,0.0,88.0,31.0,57.0,189.0,12.3,True
2020-06-09 19:00:00,4135001,0.0,0.0,0.0,0.0,22.0,25.348752933333333,23.06225128333333,0.0,35.2,30.0,100.0,0.0,11.0,100.0,0.0,1.0,0.0,1.0,0.0,11.9,True
2020-06-09 20:00:00,4135001,0.0,0.0,0.0,0.0,22.0,24.574884576190478,22.17879730595238,0.0,34.3,37.0,99.0,0.0,24.0,100.0,0.0,0.0,0.0,0.0,0.0,23.0,True
2020-06-09 21:00:00,4135001,0.0,0.0,0.0,0.0,22.0,23.80950415,21.434218866666665,0.0,33.0,46.0,100.0,0.0,16.0,100.0,0.0,0.0,0.0,0.0,0.0,23.1,True
2020-06-09 22:00:00,4135001,0.0,0.0,0.0,0.0,22.0,23.161783222619043,20.728371841666664,0.0,31.7,52.0,97.0,0.0,13.0,97.0,0.0,0.0,0.0,0.0,0.0,20.2,True
2020-06-09 23:00:00,4135001,0.0,0.0,0.0,0.0,22.0,22.867057850000002,20.602625083333333,0.0,31.2,54.0,93.0,0.0,4.0,93.0,0.0,0.0,0.0,0.0,0.0,19.5,True
2020-06-10 00:00:00,4135001,0.0,0.0,0.0,0.0,22.0,22.758794563095236,20.860187471428567,0.0,30.5,56.0,81.0,0.0,8.0,81.0,0.0,0.0,0.0,0.0,0.0,19.1,True
2020-06-10 01:00:00,4135001,0.0,0.0,0.0,0.0,22.0,22.508951333333332,20.679177866666667,0.0,29.9,57.0,93.0,0.0,12.0,93.0,0.0,0.0,0.0,0.0,0.0,19.1,True
2020-06-10 02:00:00,4135001,0.0,0.0,0.0,0.0,22.0,22.356467066666667,20.652160657142858,0.0,29.3,59.0,94.0,0.0,7.0,93.0,0.0,0.0,0.0,0.0,0.0,17.7,True
2020-06-10 03:00:00,4135001,0.0,0.0,0.0,0.0,22.0,22.183734066666666,20.131546016666668,0.0,28.8,61.0,97.0,0.0,23.0,96.0,0.0,0.0,0.0,0.0,0.0,18.4,True
2020-06-10 04:00:00,4135001,0.0,0.0,0.0,0.0,22.0,21.90007886547619,19.83379872857143,0.0,28.4,63.0,98.0,0.0,11.0,98.0,0.0,0.0,0.0,0.0,0.0,17.6,True
2020-06-10 05:00:00,4135001,0.0,0.0,0.0,0.0,22.0,21.864237483333334,19.47839096666667,6.262212005e-05,27.8,68.0,100.0,2.0,99.0,98.0,0.0,0.0,0.0,0.0,0.0,11.2,True
2020-06-10 06:00:00,4135001,1458.8169642705,15013.482142685,1458.8169642705,15013.482142685,22.0,22.073455464285715,20.550800032142856,0.0490059701880952,28.4,65.0,100.0,4.0,99.0,99.0,0.0,6.0,0.0,6.0,0.0,14.8,True
2020-06-10 07:00:00,4135001,6520.9986607,66422.584821,6520.9986607,66422.584821,22.0,23.614835616666667,28.175078300000003,0.25514380124999997,28.7,64.0,100.0,1.0,36.0,100.0,0.0,63.0,2.0,61.0,7.5,18.2,True
2020-06-10 08:00:00,4135001,9372.570535750001,95532.65625100001,9372.570535750001,95532.65625100001,22.0,25.168664566666667,34.65823966666666,0.30697492083333333,29.3,62.0,100.0,0.0,60.0,100.0,0.4,178.0,14.0,164.0,28.8,18.8,True
2020-06-10 09:00:00,4135001,15421.483035674999,157507.87499975,15421.483035674999,157507.87499975,22.0,26.777984578571427,42.20284340476191,0.5224034428333333,29.4,62.0,100.0,0.0,99.0,100.0,0.8,228.0,9.0,219.0,13.2,18.3,True
2020-06-10 10:00:00,4135001,13166.725892800001,134397.9107145,13166.725892800001,134397.9107145,22.0,27.34746453333333,39.37138826666666,0.43475638233333336,29.9,60.0,100.0,0.0,96.0,100.0,0.4,190.0,0.0,190.0,0.0,16.2,True
2020-06-10 11:00:00,4135001,16401.389285675,167702.48661025,16401.389285675,167702.48661025,22.0,28.17276197142857,42.79893903690476,0.57247193425,32.7,48.0,100.0,5.0,76.0,100.0,0.0,373.0,92.0,281.0,98.1,14.4,True
2020-06-10 12:00:00,4135001,25414.3049111,260498.58928050002,25414.3049111,260498.58928050002,22.0,30.229449916666663,53.94891523333333,0.9085489426666666,35.1,41.0,100.0,96.0,85.0,100.0,0.0,473.0,150.0,323.0,152.3,13.8,True
2020-06-10 13:00:00,4135001,20616.375893174998,210985.44196825,20616.375893174998,210985.44196825,22.0,31.03364382142857,50.17854783809524,0.6970009455595237,31.8,51.0,100.0,15.0,100.0,100.0,0.8,228.0,14.0,214.0,14.4,16.6,True
2020-06-10 14:00:00,4135001,12594.222767874999,128725.861607425,12594.222767874999,128725.861607425,22.0,30.1143702,43.11079375,0.4316771927,32.2,49.0,100.0,0.0,100.0,100.0,0.4,186.0,1.0,185.0,1.1,13.4,True
2020-06-10 15:00:00,4135001,7590.844642825,77326.857143,7590.844642825,77326.857143,22.0,24.486214266666668,27.86704661666667,0.22153852199999996,32.9,46.0,100.0,0.0,100.0,100.0,0.0,190.0,16.0,174.0,20.7,8.0,True
2020-06-10 16:00:00,4135001,8498.70535715,86599.57142825,8498.70535715,86599.57142825,22.0,26.141634301190475,33.990552408333336,0.26582140836904755,34.3,40.0,100.0,0.0,99.0,100.0,0.0,223.0,31.0,192.0,51.8,9.7,True
2020-06-10 17:00:00,4135001,4067.878571375,41575.2285715,4067.878571375,41575.2285715,22.0,25.937685836904762,29.63778898095238,0.13037452608928568,34.1,42.0,100.0,0.0,99.0,100.0,0.0,134.0,23.0,111.0,58.7,8.1,True
2020-06-10 18:00:00,4135001,360.0562499975,3721.334821425,360.0562499975,3721.334821425,22.0,25.129089883333336,24.85434473333333,0.012292385500756625,32.9,44.0,100.0,8.0,99.0,100.0,0.0,20.0,0.0,20.0,0.0,4.1,True
2020-06-10 19:00:00,4135001,0.0,0.0,0.0,0.0,22.0,24.549957720238094,23.20375764166667,0.0,30.3,58.0,100.0,6.0,100.0,100.0,2.0,0.0,0.0,0.0,0.0,15.1,True
2020-06-10 20:00:00,4135001,0.0,0.0,0.0,0.0,22.0,22.99427545,21.79700108333333,0.0,26.2,87.0,100.0,0.0,83.0,100.0,4.8,0.0,0.0,0.0,0.0,10.8,True
2020-06-10 21:00:00,4135001,0.0,0.0,0.0,0.0,22.0,22.327392033333332,21.0959442,0.0,26.1,89.0,99.0,6.0,71.0,99.0,2.4,0.0,0.0,0.0,0.0,12.7,True
2020-06-10 22:00:00,4135001,0.0,0.0,0.0,0.0,22.0,22.040985173809524,20.644512442857142,0.0,25.6,89.0,100.0,43.0,86.0,100.0,13.6,0.0,0.0,0.0,0.0,13.6,True
2020-06-10 23:00:00,4135001,0.0,0.0,0.0,0.0,22.0,22.347103966666666,21.13925985,0.0,25.1,93.0,100.0,0.0,96.0,100.0,3.2,0.0,0.0,0.0,0.0,13.0,True
2020-06-11 00:00:00,4135001,0.0,0.0,0.0,0.0,22.0,22.525041579761904,21.602324559523808,0.0,25.0,94.0,100.0,1.0,90.0,100.0,5.6,0.0,0.0,0.0,0.0,11.5,True
2020-06-11 01:00:00,4135001,0.0,0.0,0.0,0.0,22.0,22.265796416666667,21.026558399999995,0.0,25.5,93.0,100.0,1.0,100.0,100.0,3.6,0.0,0.0,0.0,0.0,15.0,True
2020-06-11 02:00:00,4135001,0.0,0.0,0.0,0.0,22.0,21.931037454761906,20.556466183333335,0.0,25.3,91.0,100.0,0.0,100.0,100.0,5.6,0.0,0.0,0.0,0.0,18.4,True
2020-06-11 03:00:00,4135001,0.0,0.0,0.0,0.0,22.0,21.452965316666667,19.779945833333333,0.0,24.9,91.0,100.0,3.0,61.0,100.0,20.4,0.0,0.0,0.0,0.0,16.3,True
2020-06-11 04:00:00,4135001,0.0,0.0,0.0,0.0,22.0,21.14273433333333,19.58994848333333,0.0,24.7,91.0,100.0,4.0,94.0,100.0,28.4,0.0,0.0,0.0,0.0,19.9,True
2020-06-11 05:00:00,4135001,0.0,0.0,0.0,0.0,22.0,21.783436602380952,20.24134335952381,0.0,24.7,90.0,100.0,1.0,98.0,100.0,26.8,0.0,0.0,0.0,0.0,18.7,True
2020-06-11 06:00:00,4135001,554.908482145,5739.5535714,554.908482145,5739.5535714,22.0,21.869262716666665,21.006458016666667,0.018401740781216626,24.8,91.0,100.0,4.0,94.0,100.0,6.0,4.0,0.0,4.0,0.0,16.3,True
2020-06-11 07:00:00,4135001,2938.8772320775,30115.303571625,2938.8772320775,30115.303571625,22.0,22.273554324999996,24.035769315476188,0.08835739327142852,25.0,92.0,100.0,11.0,83.0,100.0,5.6,24.0,0.0,24.0,0.0,15.3,True
2020-06-11 08:00:00,4135001,6422.15312505,65413.45089375,6422.15312505,65413.45089375,22.0,23.4075262,28.960121683333334,0.19355011783333329,25.3,91.0,100.0,1.0,46.0,100.0,2.4,79.0,0.0,79.0,0.0,16.6,True
2020-06-11 09:00:00,4135001,9281.66696435,94531.3973215,9281.66696435,94531.3973215,22.0,24.411663926190474,32.80928360476191,0.27648252465476186,27.2,78.0,100.0,13.0,37.0,100.0,0.8,261.0,15.0,246.0,22.1,21.3,True
2020-06-11 10:00:00,4135001,12063.0950893,123085.040178,12063.0950893,123085.040178,22.0,25.266601116666664,35.924667400000004,0.3660450811666667,28.1,71.0,100.0,14.0,25.0,100.0,0.4,316.0,20.0,296.0,24.0,24.0,True
2020-06-11 11:00:00,4135001,16460.245982125,168136.1651785,16460.245982125,168136.1651785,22.0,26.567492651190477,40.45465890119047,0.5188194190357143,28.6,68.0,100.0,11.0,30.0,100.0,0.8,347.0,17.0,330.0,18.1,24.2,True
2020-06-11 12:00:00,4135001,17189.8758929,175645.035714,17189.8758929,175645.035714,22.0,27.466146833333333,42.314748716666664,0.5472910138333332,29.2,65.0,100.0,7.0,30.0,100.0,0.8,422.0,60.0,362.0,60.9,24.6,True
2020-06-11 13:00:00,4135001,13628.22455355,139105.9821435,13628.22455355,139105.9821435,22.0,27.918365460714284,39.61847077857143,0.43242682958333334,29.4,65.0,100.0,13.0,73.0,100.0,0.4,424.0,62.0,362.0,63.8,23.3,True
2020-06-11 14:00:00,4135001,17578.945982225,179723.120535,17578.945982225,179723.120535,22.0,28.583396399999998,43.02808161666666,0.5636008111666666,29.5,64.0,100.0,12.0,72.0,100.0,0.4,365.0,29.0,336.0,32.3,22.7,True
2020-06-11 15:00:00,4135001,14656.357142875,149649.6517855,14656.357142875,149649.6517855,22.0,28.480347441666666,40.425334054761905,0.4715987040833334,29.9,60.0,100.0,7.0,79.0,100.0,0.4,354.0,45.0,309.0,58.3,21.5,True
2020-06-11 16:00:00,4135001,8647.669196425,88071.50000025,8647.669196425,88071.50000025,22.0,27.56247355,34.20432856666667,0.2742958811666666,29.2,63.0,100.0,6.0,94.0,100.0,0.0,182.0,9.0,173.0,15.0,19.1,True
2020-06-11 17:00:00,4135001,3595.7986607225,36768.089286475,3595.7986607225,36768.089286475,22.0,26.461340452380952,27.63071820357143,0.1146073834940476,27.2,75.0,100.0,0.0,100.0,100.0,1.2,79.0,2.0,77.0,5.1,12.2,True
2020-06-11 18:00:00,4135001,525.8973214272501,5435.35267859,525.8973214272501,5435.35267859,22.0,25.42377875,24.50555833333333,0.01794951076063332,25.9,86.0,100.0,2.0,100.0,100.0,3.2,17.0,0.0,17.0,0.0,12.6,True
2020-06-11 19:00:00,4135001,0.0,0.0,0.0,0.0,22.0,24.488889714285715,22.760087241666668,0.0,25.5,88.0,100.0,2.0,100.0,100.0,3.6,0.0,0.0,0.0,0.0,14.8,True
2020-06-11 20:00:00,4135001,0.0,0.0,0.0,0.0,22.0,24.028420516666664,22.709218333333332,0.0,25.2,89.0,100.0,1.0,100.0,100.0,2.8,0.0,0.0,0.0,0.0,17.0,True
2020-06-11 21:00:00,4135001,0.0,0.0,0.0,0.0,22.0,23.733483454761902,22.32604291666667,0.0,25.0,89.0,100.0,1.0,99.0,100.0,2.8,0.0,0.0,0.0,0.0,19.2,True
2020-06-11 22:00:00,4135001,0.0,0.0,0.0,0.0,22.0,23.529424516666666,22.297038233333332,0.0,24.8,90.0,100.0,3.0,98.0,100.0,2.0,0.0,0.0,0.0,0.0,18.2,True
2020-06-11 23:00:00,4135001,0.0,0.0,0.0,0.0,22.0,23.10866839761905,21.318999002380952,0.0,24.6,90.0,100.0,1.0,99.0,100.0,2.0,0.0,0.0,0.0,0.0,18.4,True
2020-06-12 00:00:00,4135001,0.0,0.0,0.0,0.0,22.0,22.73296511666667,20.826138816666667,0.0,24.4,90.0,100.0,1.0,100.0,100.0,2.4,0.0,0.0,0.0,0.0,18.3,True
2020-06-12 01:00:00,4135001,0.0,0.0,0.0,0.0,22.0,22.503370099999998,20.597662316666664,0.0,24.2,90.0,100.0,0.0,98.0,93.0,1.6,0.0,0.0,0.0,0.0,18.4,True
2020-06-12 02:00:00,4135001,0.0,0.0,0.0,0.0,22.0,22.112153954761908,19.809947642857143,0.0,24.3,87.0,99.0,3.0,96.0,90.0,0.4,0.0,0.0,0.0,0.0,19.6,True
2020-06-12 03:00:00,4135001,0.0,0.0,0.0,0.0,22.0,21.935560066666664,20.363659616666666,0.0,24.6,84.0,100.0,4.0,100.0,97.0,0.0,0.0,0.0,0.0,0.0,19.1,True
2020-06-12 04:00:00,4135001,0.0,0.0,0.0,0.0,22.0,21.207211536904765,19.839463833333333,0.0,24.1,88.0,99.0,3.0,66.0,98.0,7.2,0.0,0.0,0.0,0.0,19.1,True
2020-06-12 05:00:00,4135001,0.0,0.0,0.0,0.0,22.0,20.97530618333333,19.94784795,3.054787016665e-05,24.1,90.0,100.0,3.0,100.0,98.0,5.6,0.0,0.0,0.0,0.0,17.0,True
2020-06-12 06:00:00,4135001,649.146875005,6706.995535725,649.146875005,6706.995535725,22.0,21.204113885714285,20.784369932142855,0.022397749931428526,24.7,87.0,100.0,7.0,96.0,100.0,0.4,6.0,0.0,6.0,0.0,18.1,True
2020-06-12 07:00:00,4135001,2262.571428545,23272.78125,2262.571428545,23272.78125,22.0,21.87899125,23.279086266666667,0.07000617758333327,25.5,82.0,100.0,10.0,100.0,95.0,0.0,87.0,6.0,81.0,22.6,15.5,True
2020-06-12 08:00:00,4135001,6386.948214325,65074.56250025,6386.948214325,65074.56250025,22.0,22.86823837142857,26.416740860714285,0.19635275482619047,26.5,76.0,100.0,17.0,99.0,97.0,0.0,152.0,13.0,139.0,26.8,16.6,True
2020-06-12 09:00:00,4135001,12252.843303599999,125028.12499975,12252.843303599999,125028.12499975,22.0,24.160982716666663,34.18779911666667,0.3871360715,27.9,68.0,100.0,17.0,99.0,97.0,0.0,330.0,70.0,260.0,103.2,27.5,True
2020-06-12 10:00:00,4135001,15273.406696525,155981.35714275,15273.406696525,155981.35714275,22.0,25.27437393333333,37.5711939,0.47523355216666663,28.9,64.0,100.0,8.0,99.0,98.0,0.0,414.0,116.0,298.0,139.3,25.7,True
2020-06-12 11:00:00,4135001,18107.113839550002,185077.0089295,18107.113839550002,185077.0089295,22.0,25.786635447619048,39.33133492738095,0.5655293546190476,29.9,60.0,99.0,13.0,94.0,97.0,0.0,543.0,224.0,319.0,239.1,28.5,True
2020-06-12 12:00:00,4135001,17443.41562515,178261.06249774998,17443.41562515,178261.06249774998,22.0,26.994655366666667,43.928805049999994,0.5645970471666667,30.7,57.0,99.0,13.0,96.0,99.0,0.0,543.0,215.0,328.0,218.4,26.7,True
2020-06-12 13:00:00,4135001,18163.8196428,185620.5848215,18163.8196428,185620.5848215,22.0,27.63316981547619,42.95851310238095,0.5862300068928571,30.6,56.0,100.0,11.0,96.0,99.0,0.0,270.0,55.0,215.0,56.6,23.0,True
2020-06-12 14:00:00,4135001,15329.362946475001,156552.6562495,15329.362946475001,156552.6562495,22.0,28.428166749999995,42.22785031666667,0.5014357275,32.1,50.0,71.0,2.0,38.0,63.0,0.0,518.0,192.0,326.0,213.5,22.7,True
2020-06-12 15:00:00,4135001,11339.917857100001,115666.45535850001,11339.917857100001,115666.45535850001,22.0,28.014284216666667,37.09369973333334,0.36149809033333324,32.7,46.0,67.0,1.0,40.0,51.0,0.0,461.0,243.0,218.0,314.6,27.0,True
2020-06-12 16:00:00,4135001,5911.611607125,60261.5892865,5911.611607125,60261.5892865,22.0,27.193767227380953,31.725922185714285,0.1871705016785714,32.0,46.0,100.0,10.0,61.0,100.0,0.0,350.0,164.0,186.0,273.3,27.0,True
2020-06-12 17:00:00,4135001,4019.62500005,41039.834820749995,4019.62500005,41039.834820749995,22.0,26.49310765,29.16198683333333,0.13427443369999997,29.1,60.0,100.0,0.0,99.0,96.0,0.0,210.0,95.0,115.0,241.3,18.7,True
2020-06-12 18:00:00,4135001,682.6406250015,7045.464285742501,682.6406250015,7045.464285742501,22.0,25.755933405952376,25.660721013095237,0.02349574911090475,28.7,59.0,97.0,0.0,92.0,93.0,0.0,28.0,4.0,24.0,23.9,21.5,True
2020-06-12 19:00:00,4135001,0.0,0.0,0.0,0.0,22.0,24.2223378,22.774534149999997,0.0,28.5,59.0,99.0,0.0,68.0,99.0,0.0,1.0,0.0,1.0,0.0,22.7,True
2020-06-12 20:00:00,4135001,0.0,0.0,0.0,0.0,22.0,22.96686036904762,21.42827103809524,0.0,28.1,60.0,99.0,0.0,30.0,99.0,0.0,0.0,0.0,0.0,0.0,22.9,True
2020-06-12 21:00:00,4135001,0.0,0.0,0.0,0.0,22.0,22.59302066666666,20.9935512,0.0,27.6,62.0,92.0,0.0,28.0,91.0,0.0,0.0,0.0,0.0,0.0,19.5,True
2020-06-12 22:00:00,4135001,0.0,0.0,0.0,0.0,22.0,22.584700483333332,21.03625695,0.0,27.2,65.0,91.0,0.0,19.0,90.0,0.0,0.0,0.0,0.0,0.0,18.6,True
2020-06-12 23:00:00,4135001,0.0,0.0,0.0,0.0,22.0,22.21718703095238,20.114653471428575,0.0,26.7,68.0,95.0,0.0,29.0,93.0,0.0,0.0,0.0,0.0,0.0,19.8,True
2020-06-13 00:00:00,4135001,0.0,0.0,0.0,0.0,22.0,21.701989716666667,19.495899016666666,0.0,26.3,70.0,99.0,0.0,26.0,99.0,0.0,0.0,0.0,0.0,0.0,20.0,True
2020-06-13 01:00:00,4135001,0.0,0.0,0.0,0.0,22.0,21.68842464761905,19.623036913095238,0.0,26.0,71.0,100.0,0.0,45.0,100.0,0.0,0.0,0.0,0.0,0.0,18.9,True
2020-06-13 02:00:00,4135001,0.0,0.0,0.0,0.0,22.0,21.822737133333334,19.762785333333333,0.0,25.8,73.0,100.0,0.0,80.0,100.0,0.0,0.0,0.0,0.0,0.0,16.8,True
2020-06-13 03:00:00,4135001,0.0,0.0,0.0,0.0,22.0,21.781371533333335,19.868782516666666,0.0,25.8,74.0,100.0,2.0,17.0,100.0,0.0,0.0,0.0,0.0,0.0,17.0,True
2020-06-13 04:00:00,4135001,0.0,0.0,0.0,0.0,22.0,21.69727224642857,19.722943289285713,0.0,25.6,76.0,100.0,1.0,3.0,100.0,0.0,0.0,0.0,0.0,0.0,15.7,True
2020-06-13 05:00:00,4135001,0.0,0.0,0.0,0.0,22.0,21.543674166666666,19.0950724,3.788455441665e-05,25.4,75.0,100.0,3.0,27.0,100.0,0.0,0.0,0.0,0.0,0.0,13.2,True
2020-06-13 06:00:00,4135001,1136.936607131,11725.1651785375,1136.936607131,11725.1651785375,22.0,21.272034783333332,19.21184407857143,0.0384122577863095,25.9,73.0,100.0,1.0,1.0,100.0,0.0,18.0,2.0,16.0,20.4,14.6,True
2020-06-13 07:00:00,4135001,6519.605803525,66425.879464,6519.605803525,66425.879464,22.0,23.1917958,27.83526715,0.2518656206666666,27.1,68.0,100.0,0.0,1.0,100.0,0.0,152.0,54.0,98.0,204.2,15.2,True
2020-06-13 08:00:00,4135001,13890.1857143,141800.8616075,13890.1857143,141800.8616075,22.0,25.419445270238093,38.712062025,0.4791953015357143,28.7,62.0,97.0,0.0,3.0,97.0,0.0,365.0,224.0,141.0,462.6,19.5,True
2020-06-13 09:00:00,4135001,17806.6915181,182030.892858,17806.6915181,182030.892858,22.0,26.764800016666666,44.02969241666666,0.6189681961666667,30.5,55.0,99.0,51.0,0.0,98.0,0.0,564.0,397.0,167.0,585.7,24.4,True
2020-06-13 10:00:00,4135001,22417.38705315,229636.093743,22417.38705315,229636.093743,22.0,27.988473895238094,48.33210565,0.7443630204880952,31.5,51.0,100.0,85.0,0.0,98.0,0.0,613.0,352.0,261.0,423.0,27.0,True
2020-06-13 11:00:00,4135001,26293.791964575,269585.35714725003,26293.791964575,269585.35714725003,22.0,29.2146815,52.766694483333325,0.9127773248333332,32.8,46.0,100.0,99.0,35.0,98.0,0.0,674.0,363.0,311.0,387.6,27.3,True
2020-06-13 12:00:00,4135001,25740.473660675,263819.03124075,25740.473660675,263819.03124075,22.0,29.62840785,52.8716558,0.9087373986666666,33.6,44.0,99.0,22.0,34.0,99.0,0.0,739.0,380.0,359.0,386.1,25.7,True
2020-06-13 13:00:00,4135001,18726.96205355,191561.28125075,18726.96205355,191561.28125075,22.0,27.835066158333333,43.91590064642857,0.6149967932738095,34.5,40.0,98.0,1.0,30.0,98.0,0.4,754.0,443.0,311.0,456.0,24.6,True
2020-06-13 14:00:00,4135001,22933.938392775,234825.928573,22933.938392775,234825.928573,22.0,26.7730265,46.322812883333334,0.7757860681666666,34.7,40.0,79.0,0.0,12.0,76.0,0.0,724.0,451.0,273.0,501.4,24.7,True
2020-06-13 15:00:00,4135001,18132.038392225,185373.0312525,18132.038392225,185373.0312525,22.0,27.83805475952381,45.3850103797619,0.6130801912738094,34.9,40.0,74.0,0.0,18.0,68.0,0.0,633.0,462.0,171.0,597.6,24.7,True
2020-06-13 16:00:00,4135001,8396.755803525,85643.6741075,8396.755803525,85643.6741075,22.0,27.133029666666665,35.93918756666666,0.27057432126666664,33.8,45.0,80.0,1.0,21.0,76.0,0.0,464.0,326.0,138.0,542.6,25.9,True
2020-06-13 17:00:00,4135001,3006.7325893425,30778.281250599997,3006.7325893425,30778.281250599997,22.0,25.961310349999998,28.668762166666664,0.09959299146666663,32.8,47.0,81.0,4.0,18.0,71.0,0.0,246.0,138.0,108.0,349.7,22.9,True
2020-06-13 18:00:00,4135001,506.66383928275,5238.58928574,506.66383928275,5238.58928574,22.0,24.95196490595238,24.575008909523806,0.0189512714778809,31.7,51.0,83.0,2.0,22.0,79.0,0.0,80.0,29.0,51.0,172.3,18.6,True
2020-06-13 19:00:00,4135001,0.0,0.0,0.0,0.0,22.0,23.988856000000002,22.067519150000003,0.0,30.9,54.0,65.0,0.0,9.0,62.0,0.0,2.0,0.0,2.0,0.0,18.8,True
2020-06-13 20:00:00,4135001,0.0,0.0,0.0,0.0,22.0,23.662334609523807,22.223281880952378,0.0,30.1,57.0,87.0,0.0,13.0,86.0,0.0,0.0,0.0,0.0,0.0,16.6,True
2020-06-13 21:00:00,4135001,0.0,0.0,0.0,0.0,22.0,22.99429991666667,20.873369949999997,0.0,29.5,59.0,77.0,0.0,11.0,75.0,0.0,0.0,0.0,0.0,0.0,18.8,True
2020-06-13 22:00:00,4135001,0.0,0.0,0.0,0.0,22.0,22.49749228452381,20.088200229761902,0.0,28.6,63.0,94.0,0.0,66.0,88.0,0.0,0.0,0.0,0.0,0.0,17.0,True
2020-06-13 23:00:00,4135001,0.0,0.0,0.0,0.0,22.0,22.250949666666667,20.15772093333333,0.0,28.1,65.0,84.0,0.0,18.0,83.0,0.0,0.0,0.0,0.0,0.0,16.8,True
2020-06-14 00:00:00,4135001,0.0,0.0,0.0,0.0,22.0,22.364489396428574,20.929689051190472,0.0,27.4,69.0,94.0,0.0,0.0,94.0,0.0,0.0,0.0,0.0,0.0,16.9,True
2020-06-14 01:00:00,4135001,0.0,0.0,0.0,0.0,22.0,22.522592116666665,20.96172083333333,0.0,27.0,71.0,87.0,2.0,2.0,86.0,0.0,0.0,0.0,0.0,0.0,17.2,True
2020-06-14 02:00:00,4135001,0.0,0.0,0.0,0.0,22.0,22.59330848333333,21.34575046666667,0.0,26.6,74.0,61.0,1.0,4.0,59.0,0.0,0.0,0.0,0.0,0.0,17.8,True
2020-06-14 03:00:00,4135001,0.0,0.0,0.0,0.0,22.0,22.213901822619047,20.44610273452381,0.0,26.3,76.0,85.0,1.0,5.0,84.0,0.0,0.0,0.0,0.0,0.0,16.8,True
2020-06-14 04:00:00,4135001,0.0,0.0,0.0,0.0,22.0,22.24291536666667,20.48833115,0.0,26.1,76.0,88.0,0.0,6.0,87.0,0.0,0.0,0.0,0.0,0.0,15.4,True
2020-06-14 05:00:00,4135001,0.0,0.0,0.0,0.0,22.0,22.425866078571428,21.21107796904762,0.00012697346816665,26.3,74.0,74.0,1.0,17.0,82.0,0.0,0.0,0.0,0.0,0.0,14.8,True
2020-06-14 06:00:00,4135001,1127.83482140875,11627.84821405,1127.83482140875,11627.84821405,22.0,22.673936016666666,22.5474747,0.03927021215999995,26.9,72.0,92.0,3.0,27.0,90.0,0.0,18.0,4.0,14.0,41.0,14.8,True
2020-06-14 07:00:00,4135001,6836.839285775,69640.93303575,6836.839285775,69640.93303575,22.0,23.539026454761906,27.99460284642857,0.2248918093023809,28.1,68.0,77.0,3.0,33.0,66.0,0.0,136.0,60.0,76.0,227.5,15.9,True
2020-06-14 08:00:00,4135001,9812.787499925,99358.660714,9812.787499925,99358.660714,22.0,23.92623707261905,30.69432553214286,0.3150319813214285,29.2,64.0,88.0,4.0,21.0,86.0,0.0,296.0,139.0,157.0,287.5,18.1,True
2020-06-14 09:00:00,4135001,16365.016071349999,167170.92410725,16365.016071349999,167170.92410725,22.0,25.385868849999998,39.45294201666667,0.5309906034999999,31.2,57.0,92.0,48.0,29.0,87.0,0.0,535.0,335.0,200.0,494.7,25.7,True
2020-06-14 10:00:00,4135001,20554.06383935,210268.85714075,20554.06383935,210268.85714075,22.0,26.335831154761905,41.428593069047615,0.6667824055357143,31.7,56.0,94.0,55.0,32.0,92.0,0.0,510.0,267.0,243.0,321.1,24.6,True
2020-06-14 11:00:00,4135001,17371.242410775,177645.94643050001,17371.242410775,177645.94643050001,22.0,26.699971583333333,43.935606,0.5948154585,32.6,54.0,99.0,29.0,27.0,99.0,0.0,574.0,245.0,329.0,261.7,22.7,True
2020-06-14 12:00:00,4135001,14370.6017858,146766.5267855,14370.6017858,146766.5267855,22.0,25.13180071190476,36.79865377857143,0.4847506312857142,34.2,48.0,97.0,17.0,14.0,96.0,0.0,690.0,398.0,292.0,404.5,21.7,True
2020-06-14 13:00:00,4135001,20411.994196475,208910.03571675,20411.994196475,208910.03571675,22.0,26.239474983333334,42.76769806666667,0.7362318888333335,35.1,44.0,96.0,21.0,13.0,95.0,0.0,749.0,461.0,288.0,474.5,22.3,True
2020-06-14 14:00:00,4135001,20642.760714275,211340.34821725,20642.760714275,211340.34821725,22.0,27.688987264285714,52.58246293214286,0.78646324,32.6,52.0,98.0,10.0,43.0,97.0,0.4,702.0,477.0,225.0,530.2,25.1,True
2020-06-14 15:00:00,4135001,16711.580357075,170822.51786025,16711.580357075,170822.51786025,22.0,27.223824583333332,43.08104865,0.5412266708333332,34.8,45.0,93.0,0.0,17.0,93.0,0.0,499.0,279.0,220.0,360.7,22.0,True
2020-06-14 16:00:00,4135001,8099.366071475,82568.29017825,8099.366071475,82568.29017825,22.0,26.579945410714284,34.31413820595238,0.2599797173857143,32.4,54.0,98.0,23.0,41.0,97.0,0.4,411.0,239.0,172.0,397.3,22.6,True
2020-06-14 17:00:00,4135001,2699.0589285475,27629.147321625,2699.0589285475,27629.147321625,22.0,25.7598145,28.107562749999996,0.08749107396666665,33.9,46.0,93.0,13.0,27.0,99.0,0.0,189.0,74.0,115.0,187.1,22.7,True
2020-06-14 18:00:00,4135001,374.17767857275,3873.6116070999997,374.17767857275,3873.6116070999997,22.0,25.09665415238095,24.65346915,0.014002664403833324,32.6,50.0,98.0,0.0,24.0,97.0,0.0,73.0,24.0,49.0,141.7,19.7,True
2020-06-14 19:00:00,4135001,0.0,0.0,0.0,0.0,22.0,24.473612483333334,23.046341433333332,0.0,31.9,52.0,99.0,3.0,27.0,99.0,0.0,2.0,0.0,2.0,0.0,23.9,True
2020-06-14 20:00:00,4135001,0.0,0.0,0.0,0.0,22.0,23.930111683333333,22.554721083333334,0.0,30.9,56.0,99.0,0.0,22.0,98.0,0.0,0.0,0.0,0.0,0.0,22.7,True
2020-06-14 21:00:00,4135001,0.0,0.0,0.0,0.0,22.0,23.858401570238094,22.933454108333333,0.0,30.0,59.0,100.0,0.0,16.0,99.0,0.0,0.0,0.0,0.0,0.0,21.9,True
2020-06-14 22:00:00,4135001,0.0,0.0,0.0,0.0,22.0,23.60763445,21.96377408333333,0.0,29.1,63.0,99.0,0.0,14.0,99.0,0.0,0.0,0.0,0.0,0.0,21.4,True
2020-06-14 23:00:00,4135001,0.0,0.0,0.0,0.0,22.0,23.39518747857143,21.881439001190476,0.0,28.4,67.0,99.0,0.0,13.0,99.0,0.0,0.0,0.0,0.0,0.0,20.2,True
2020-06-15 00:00:00,4135001,0.0,0.0,0.0,0.0,22.0,23.17727401666667,22.4160075,0.0,27.8,69.0,100.0,0.0,15.0,100.0,0.0,0.0,0.0,0.0,0.0,19.7,True
2020-06-15 01:00:00,4135001,0.0,0.0,0.0,0.0,22.0,22.683383729761903,21.862138829761907,0.0,27.3,71.0,98.0,0.0,13.0,98.0,0.0,0.0,0.0,0.0,0.0,20.7,True
2020-06-15 02:00:00,4135001,0.0,0.0,0.0,0.0,22.0,22.07839958333333,20.950921666666666,0.0,27.1,72.0,98.0,4.0,11.0,98.0,0.0,0.0,0.0,0.0,0.0,19.7,True
2020-06-15 03:00:00,4135001,0.0,0.0,0.0,0.0,22.0,22.139472383333334,21.214069185714287,0.0,26.8,74.0,99.0,5.0,15.0,98.0,0.0,0.0,0.0,0.0,0.0,17.9,True
2020-06-15 04:00:00,4135001,0.0,0.0,0.0,0.0,22.0,21.752773066666663,20.757487983333334,0.0,26.7,74.0,98.0,5.0,21.0,98.0,0.0,0.0,0.0,0.0,0.0,17.8,True
2020-06-15 05:00:00,4135001,0.0,0.0,0.0,0.0,22.0,21.457321683333333,19.974140916666663,0.000138091058833325,26.5,75.0,97.0,1.0,18.0,88.0,0.0,0.0,0.0,0.0,0.0,17.8,True
2020-06-15 06:00:00,4135001,1596.8004464045002,16413.486607135,1596.8004464045002,16413.486607135,22.0,21.864438232142856,21.866377639285716,0.05340242310476185,27.1,73.0,95.0,3.0,21.0,93.0,0.0,19.0,4.0,15.0,41.1,17.5,True
2020-06-15 07:00:00,4135001,5313.6325893,54186.88839375,5313.6325893,54186.88839375,22.0,23.327520749999998,27.728564483333336,0.17837619309999997,28.2,68.0,95.0,1.0,15.0,94.0,0.0,143.0,57.0,86.0,216.7,18.1,True
2020-06-15 08:00:00,4135001,15477.934821449999,158070.5535705,15477.934821449999,158070.5535705,22.0,25.43203509285714,40.25820238809524,0.5269713745357142,29.6,63.0,98.0,55.0,21.0,96.0,0.0,321.0,175.0,146.0,362.5,23.1,True
2020-06-15 09:00:00,4135001,18573.986607125,189894.008929,18573.986607125,189894.008929,22.0,26.448857116666666,43.63112078333333,0.63095456,31.1,56.0,97.0,43.0,3.0,96.0,0.0,490.0,270.0,220.0,399.1,26.7,True
2020-06-15 10:00:00,4135001,22049.1977683,225788.8750045,22049.1977683,225788.8750045,22.0,27.585544560714286,47.14695884880952,0.7617215733214285,32.7,49.0,99.0,96.0,2.0,98.0,0.0,602.0,268.0,334.0,322.5,28.5,True
2020-06-15 11:00:00,4135001,18917.753125075,193557.24106924998,18917.753125075,193557.24106924998,22.0,28.4831101,46.80040133333333,0.6443778265,33.2,47.0,100.0,88.0,65.0,99.0,0.0,472.0,100.0,372.0,106.9,27.4,True
2020-06-15 12:00:00,4135001,15093.7415177,154216.51339425,15093.7415177,154216.51339425,22.0,28.692966716666668,42.4967612,0.5056802166666666,34.2,43.0,99.0,6.0,49.0,99.0,0.0,542.0,160.0,382.0,162.6,26.3,True
2020-06-15 13:00:00,4135001,12361.334821575001,126232.14732399999,12361.334821575001,126232.14732399999,22.0,28.603203098809523,41.174695952380944,0.40782484079761905,34.6,43.0,99.0,8.0,49.0,99.0,0.0,657.0,287.0,370.0,295.4,26.1,True
2020-06-15 14:00:00,4135001,14634.194643025001,149544.312501,14634.194643025001,149544.312501,22.0,27.346833866666667,38.91272168333333,0.45539307149999997,34.8,43.0,99.0,2.0,13.0,99.0,0.4,612.0,286.0,326.0,317.8,24.4,True
2020-06-15 15:00:00,4135001,13136.47812505,134090.17410675,13136.47812505,134090.17410675,22.0,28.044850154761903,40.24195003452381,0.42675306820238096,34.5,44.0,98.0,4.0,17.0,98.0,0.0,536.0,250.0,286.0,323.0,24.6,True
2020-06-15 16:00:00,4135001,6383.350446475,65021.013393,6383.350446475,65021.013393,22.0,27.397171016666665,33.26382648333333,0.2007640328333333,34.0,46.0,98.0,0.0,15.0,98.0,0.0,324.0,112.0,212.0,186.0,22.4,True
2020-06-15 17:00:00,4135001,4163.5575893,42535.870536250004,4163.5575893,42535.870536250004,22.0,26.92583765,31.03985451666667,0.1345007618333333,34.1,43.0,99.0,0.0,7.0,99.0,0.0,214.0,76.0,138.0,191.7,20.9,True
2020-06-15 18:00:00,4135001,419.0035714245,4332.8928570675,419.0035714245,4332.8928570675,22.0,26.042686801190477,26.302699702380952,0.015338376328333299,33.2,46.0,99.0,3.0,8.0,99.0,0.0,82.0,20.0,62.0,117.4,21.1,True
2020-06-15 19:00:00,4135001,0.0,0.0,0.0,0.0,22.0,23.049438016666663,21.76602726666667,5.017568066666667e-06,32.2,49.0,97.0,0.0,10.0,97.0,0.0,2.0,0.0,2.0,0.0,22.7,True
2020-06-15 20:00:00,4135001,0.0,0.0,0.0,0.0,22.0,23.362708494047617,22.209552420238097,0.0,31.4,53.0,97.0,0.0,11.0,97.0,0.0,0.0,0.0,0.0,0.0,20.3,True
2020-06-15 21:00:00,4135001,0.0,0.0,0.0,0.0,22.0,23.037701316666666,21.173170449999997,0.0,30.6,56.0,98.0,0.0,10.0,98.0,0.0,0.0,0.0,0.0,0.0,21.4,True
2020-06-15 22:00:00,4135001,0.0,0.0,0.0,0.0,22.0,23.300877503571428,22.095660177380953,0.0,29.7,59.0,98.0,0.0,2.0,98.0,0.0,0.0,0.0,0.0,0.0,19.6,True
2020-06-15 23:00:00,4135001,0.0,0.0,0.0,0.0,22.0,23.623521433333337,22.98429001666667,0.0,29.0,63.0,100.0,0.0,2.0,100.0,0.0,0.0,0.0,0.0,0.0,16.7,True
2020-06-16 00:00:00,4135001,0.0,0.0,0.0,0.0,22.0,22.819655816666668,21.487865683333332,0.0,28.4,65.0,100.0,0.0,4.0,100.0,0.0,0.0,0.0,0.0,0.0,16.1,True
2020-06-16 01:00:00,4135001,0.0,0.0,0.0,0.0,22.0,22.677045014285714,21.159931083333333,0.0,28.0,67.0,100.0,0.0,9.0,100.0,0.0,0.0,0.0,0.0,0.0,14.9,True
2020-06-16 02:00:00,4135001,0.0,0.0,0.0,0.0,22.0,22.599575816666665,21.715682966666666,0.0,27.6,69.0,100.0,0.0,8.0,100.0,0.0,0.0,0.0,0.0,0.0,14.9,True
2020-06-16 03:00:00,4135001,0.0,0.0,0.0,0.0,22.0,22.44809547857143,21.156207827380953,0.0,27.3,70.0,100.0,0.0,1.0,100.0,0.0,0.0,0.0,0.0,0.0,15.0,True
2020-06-16 04:00:00,4135001,0.0,0.0,0.0,0.0,22.0,22.5892745,21.692397616666668,0.0,27.1,71.0,100.0,2.0,5.0,100.0,0.0,0.0,0.0,0.0,0.0,13.6,True
2020-06-16 05:00:00,4135001,0.0,0.0,0.0,0.0,22.0,22.602972416666667,21.779056333333333,1.122602905e-05,27.4,68.0,100.0,4.0,36.0,100.0,0.0,0.0,0.0,0.0,0.0,12.4,True
2020-06-16 06:00:00,4135001,1007.6312499967501,10386.6875002425,1007.6312499967501,10386.6875002425,22.0,22.712142269047618,22.528300682142856,0.0338722054270833,27.9,67.0,100.0,3.0,38.0,100.0,0.0,13.0,0.0,13.0,0.0,12.7,True
2020-06-16 07:00:00,4135001,5485.895089325,55950.73214175,5485.895089325,55950.73214175,22.0,23.447478733333334,27.176502,0.1833863181333333,28.6,64.0,100.0,1.0,81.0,100.0,0.0,88.0,11.0,77.0,41.9,14.2,True
2020-06-16 08:00:00,4135001,11403.921428574999,116306.1071425,11403.921428574999,116306.1071425,22.0,24.73534229047619,34.93801041309524,0.3733144428333333,29.5,61.0,100.0,0.0,77.0,100.0,0.0,197.0,30.0,167.0,62.2,18.2,True
2020-06-16 09:00:00,4135001,15462.96875,157928.45535675,15462.96875,157928.45535675,22.0,25.881101449999996,39.426921549999996,0.5148283631666667,30.6,57.0,100.0,0.0,40.0,100.0,0.0,318.0,42.0,276.0,62.1,19.6,True
2020-06-16 10:00:00,4135001,21218.446875424997,217117.94196525,21218.446875424997,217117.94196525,22.0,27.19592757857143,47.33734603571429,0.7038898375119047,32.0,51.0,100.0,78.0,12.0,100.0,0.0,448.0,100.0,348.0,120.4,26.6,True
2020-06-16 11:00:00,4135001,18009.6062496,184149.79017825,18009.6062496,184149.79017825,22.0,27.977483183333337,47.303330116666665,0.6148964543333333,32.3,50.0,100.0,53.0,2.0,100.0,0.0,354.0,39.0,315.0,41.7,25.4,True
2020-06-16 12:00:00,4135001,12566.981696449999,128304.06696475,12566.981696449999,128304.06696475,22.0,27.883197851190474,41.74386970238095,0.40949925899999995,33.6,46.0,100.0,34.0,12.0,100.0,0.0,495.0,94.0,401.0,95.6,23.9,True
2020-06-16 13:00:00,4135001,14088.895089375,143867.74107075,14088.895089375,143867.74107075,22.0,28.181815616666665,42.46433366666667,0.4535981916666667,33.4,45.0,100.0,26.0,35.0,100.0,0.0,387.0,36.0,351.0,37.1,25.3,True
2020-06-16 14:00:00,4135001,15113.261607075001,154432.19642599998,15113.261607075001,154432.19642599998,22.0,28.77689892142857,43.287313980952376,0.4946941069523809,34.0,45.0,100.0,22.0,31.0,100.0,0.0,502.0,123.0,379.0,136.6,26.0,True
2020-06-16 15:00:00,4135001,10940.11388895,111555.918651,10940.11388895,111555.918651,22.0,28.149570699999998,38.320228033333336,0.3470823206666666,33.3,47.0,100.0,1.0,8.0,100.0,0.0,333.0,66.0,267.0,85.2,23.7,True
2020-06-16 16:00:00,4135001,7184.6205357,73231.258929,7184.6205357,73231.258929,22.0,27.782330266666666,34.336136575,0.23613957660714283,33.4,46.0,100.0,0.0,6.0,100.0,0.0,331.0,76.0,255.0,126.0,24.9,True
2020-06-16 17:00:00,4135001,3301.30401781,33767.5892865,3301.30401781,33767.5892865,22.0,26.632721516666667,28.817044116666665,0.10939043101666665,33.3,44.0,100.0,0.0,15.0,100.0,0.0,158.0,20.0,138.0,50.4,21.4,True
2020-06-16 18:00:00,4135001,593.0232142787501,6126.83035714,593.0232142787501,6126.83035714,22.0,25.51785120595238,24.724150036904764,0.020178637374047587,32.7,45.0,100.0,0.0,21.0,100.0,0.0,56.0,5.0,51.0,29.2,19.1,True
2020-06-16 19:00:00,4135001,0.0,0.0,0.0,0.0,22.0,24.601711483333336,22.94106293333333,0.0,31.8,49.0,100.0,0.0,15.0,100.0,0.0,2.0,0.0,2.0,0.0,21.3,True
2020-06-16 20:00:00,4135001,0.0,0.0,0.0,0.0,22.0,23.775777633333334,21.432883200000003,0.0,31.0,52.0,98.0,0.0,21.0,98.0,0.0,0.0,0.0,0.0,0.0,23.3,True
2020-06-16 21:00:00,4135001,0.0,0.0,0.0,0.0,22.0,23.438153320238097,21.46493974285714,0.0,30.3,55.0,98.0,1.0,32.0,97.0,0.0,0.0,0.0,0.0,0.0,19.1,True
2020-06-16 22:00:00,4135001,0.0,0.0,0.0,0.0,22.0,22.936378949999998,20.77158915,0.0,29.7,58.0,99.0,0.0,33.0,99.0,0.0,0.0,0.0,0.0,0.0,17.8,True
2020-06-16 23:00:00,4135001,0.0,0.0,0.0,0.0,22.0,22.93180405357143,21.328507840476192,0.0,29.1,61.0,99.0,0.0,29.0,99.0,0.0,0.0,0.0,0.0,0.0,18.4,True
2020-06-17 00:00:00,4135001,0.0,0.0,0.0,0.0,22.0,22.846617083333335,21.3537969,0.0,28.6,62.0,99.0,0.0,23.0,99.0,0.0,0.0,0.0,0.0,0.0,16.7,True
2020-06-17 01:00:00,4135001,0.0,0.0,0.0,0.0,22.0,22.70078012738095,21.291285702380954,0.0,28.1,64.0,99.0,0.0,13.0,99.0,0.0,0.0,0.0,0.0,0.0,15.2,True
2020-06-17 02:00:00,4135001,0.0,0.0,0.0,0.0,22.0,22.669676716666665,21.595478783333334,0.0,27.7,65.0,100.0,0.0,11.0,100.0,0.0,0.0,0.0,0.0,0.0,14.4,True
2020-06-17 03:00:00,4135001,0.0,0.0,0.0,0.0,22.0,22.807959297619043,22.40489265714286,0.0,27.4,66.0,100.0,0.0,3.0,100.0,0.0,0.0,0.0,0.0,0.0,13.6,True
2020-06-17 04:00:00,4135001,0.0,0.0,0.0,0.0,22.0,22.6337062,21.78957065,0.0,27.2,67.0,100.0,4.0,6.0,100.0,0.0,0.0,0.0,0.0,0.0,13.2,True
2020-06-17 05:00:00,4135001,0.0,0.0,0.0,0.0,22.0,22.145908099999996,21.368874599999998,0.0,27.4,67.0,99.0,3.0,5.0,100.0,0.0,0.0,0.0,0.0,0.0,11.1,True
2020-06-17 06:00:00,4135001,441.624107143,4548.339285715,219.3125,2258.625,22.0,22.015593156593408,21.877037258241756,0.02409500400321425,27.8,65.0,99.0,5.0,6.0,99.0,0.0,12.0,1.0,11.0,10.4,11.5,True
2020-06-17 07:00:00,4135001,5672.172767875,57797.16964325,5672.172767875,57797.16964325,22.0,22.88926995,27.37764788333333,0.1832724854833333,28.4,63.0,100.0,6.0,15.0,100.0,0.0,84.0,3.0,81.0,11.5,12.6,True
2020-06-17 08:00:00,4135001,8210.82812495,83552.62053625,8210.82812495,83552.62053625,22.0,24.123298365476188,31.94510546309524,0.25843967573809523,29.3,60.0,100.0,1.0,100.0,100.0,0.0,207.0,28.0,179.0,58.2,17.7,True
2020-06-17 09:00:00,4135001,12425.151339275,126797.4955355,12425.151339275,126797.4955355,22.0,25.1595343,35.887899166666664,0.38853449083333336,29.0,61.0,100.0,0.0,96.0,100.0,0.0,124.0,3.0,121.0,4.4,19.0,True
2020-06-17 10:00:00,4135001,14456.520089275,147595.07142875,14456.520089275,147595.07142875,22.0,26.073765203571426,39.44395437142857,0.4612407089166667,30.5,56.0,100.0,16.0,29.0,100.0,0.0,344.0,45.0,299.0,54.2,21.2,True
2020-06-17 11:00:00,4135001,18258.048214324997,186699.63839500002,18258.048214324997,186699.63839500002,22.0,27.000588,41.90951625,0.611262627,31.9,50.0,100.0,41.0,12.0,100.0,0.0,429.0,77.0,352.0,82.3,24.0,True
2020-06-17 12:00:00,4135001,24023.68973255,246067.8705415,24023.68973255,246067.8705415,22.0,28.7729528,51.182367366666675,0.8368484455,33.6,45.0,100.0,77.0,27.0,100.0,0.0,643.0,223.0,420.0,226.8,24.6,True
2020-06-17 13:00:00,4135001,18241.05714285,186492.8616075,18241.05714285,186492.8616075,22.0,28.77205324404762,43.960901871428575,0.587629486095238,34.0,42.0,100.0,56.0,24.0,100.0,0.0,435.0,106.0,329.0,109.1,20.3,True
2020-06-17 14:00:00,4135001,15344.71026785,156749.5758925,15344.71026785,156749.5758925,22.0,28.689971966666665,42.2812987,0.4926753458333333,34.4,43.0,100.0,35.0,80.0,99.0,0.0,608.0,264.0,344.0,293.1,26.5,True
2020-06-17 15:00:00,4135001,4637.74910721,47399.97767825,4637.74910721,47399.97767825,22.0,26.42654375357143,31.00547588928571,0.14068963479523808,32.2,48.0,100.0,0.0,89.0,100.0,0.8,211.0,19.0,192.0,24.5,23.1,True
2020-06-17 16:00:00,4135001,5294.725,54000.4330355,5294.725,54000.4330355,22.0,24.049744599999997,27.60725191666667,0.15627379444999998,32.5,47.0,100.0,0.0,20.0,100.0,0.0,240.0,41.0,199.0,67.9,25.0,True
2020-06-17 17:00:00,4135001,2766.84794638,28397.772321875,2766.84794638,28397.772321875,22.0,24.210150170887445,26.24752226601732,0.0866563529958874,32.1,52.0,100.0,0.0,9.0,100.0,0.0,198.0,39.0,159.0,98.0,17.0,True
2020-06-17 18:00:00,4135001,543.57232143,5620.299107195,543.57232143,5620.299107195,22.0,23.897948291666665,23.64455114047619,0.01810780976573806,30.9,55.0,96.0,4.0,47.0,94.0,0.4,68.0,10.0,58.0,58.1,16.6,True
2020-06-17 19:00:00,4135001,0.0,0.0,0.0,0.0,22.0,23.3677755,22.418034866666666,0.0,29.8,60.0,94.0,2.0,24.0,94.0,0.0,1.0,0.0,1.0,0.0,10.6,True
2020-06-17 20:00:00,4135001,0.0,0.0,0.0,0.0,22.0,22.918253675,21.024839270238097,0.0,29.3,62.0,95.0,1.0,13.0,94.0,0.0,0.0,0.0,0.0,0.0,9.2,True
2020-06-17 21:00:00,4135001,0.0,0.0,0.0,0.0,22.0,22.9815333,21.7355113,0.0,29.0,63.0,100.0,4.0,12.0,100.0,0.0,0.0,0.0,0.0,0.0,12.7,True
2020-06-17 22:00:00,4135001,0.0,0.0,0.0,0.0,22.0,22.271178683333332,21.060298116666665,0.0,28.6,64.0,100.0,0.0,24.0,100.0,0.0,0.0,0.0,0.0,0.0,16.9,True
2020-06-17 23:00:00,4135001,0.0,0.0,0.0,0.0,22.0,22.004218177380952,20.815292605952383,0.0,28.0,67.0,96.0,0.0,14.0,96.0,0.0,0.0,0.0,0.0,0.0,17.2,True
